detail_url,product_name,product_price,discount_rate,final_price,brand_name,brand_image,category,category_sub,product_images_1,product_images_2,product_images_3,product_images_4,product_code,heart_cnt,numof_views,total_sales,review_cnt,review_rating,review1,review2,review3,review4,review5
https://www.musinsa.com/products/4697060,[송이송이 PICK]88 피그먼트 후디-오프화이트,"74,000원",41%,"43,900원",필루미네이트,https://image.musinsa.com/mfile_s01/_brand/free_medium/filluminate.png?20240624122453,상의,후드 티셔츠,https://image.msscdn.net/thumbnails/images/prd_img/20250103/4697060/detail_4697060_17391719686694_big.jpg?w=1200,https://image.msscdn.net/thumbnails/images/prd_img/20250103/4697060/detail_4697060_17376250927902_big.jpg?w=1200,없음,https://image.msscdn.net/thumbnails/images/goods_img/20250103/4697060/4697060_17391730162897_big.jpg?w=1200,hoodie_0001,"1,249",1.1만 회 이상 (최근 1개월),없음,후기 10개,4.7,색깔이 너무 이쁘게 잘 빠졌네요 잘 입고 다닐꺼같아요.,"겨울에 입기에는 얇지만 봄, 가을에 입기에 적절하고 핏도 괜찮아요!",생각보다 후들ㅜ들한ㅌ재질인데 색이 너무 예뻐요 화면과 같아요,"생각보다 소재가 얇아서 흐물흐물해요…봄, 가을에 입기에 좋을 것 같고 옷 자체는 예쁩니다. 핏도 괜찮아요",우선 오프화이트라는 컬러가 너무 이쁘고 독특해서 맘에 들어요. 적당히 힙한 사이즈로 나와서 어디다가 툭걸쳐도 정말 예쁘네요.
https://www.musinsa.com/products/4721704,MIGHTY TIGER LOGO HOOD SWEAT_3%MELANGE GRAY,"94,000원",10%,"84,600원",아웃스탠딩,https://image.musinsa.com/mfile_s01/_brand/free_medium/outstanding.png?20200730105116,상의,후드 티셔츠,https://image.msscdn.net/thumbnails/images/goods_img/20250115/4721704/4721704_17388916228216_big.jpg?w=1200,https://image.msscdn.net/thumbnails/images/prd_img/20250115/4721704/detail_4721704_17388916376343_big.jpg?w=1200,https://image.msscdn.net/thumbnails/images/prd_img/20250115/4721704/detail_4721704_17388916315292_big.jpg?w=1200,https://image.msscdn.net/thumbnails/images/prd_img/20250115/4721704/detail_4721704_17388916337808_big.jpg?w=1200,hoodie_0002,214,3.3천 회 이상 (최근 1개월),없음,없음,없음,없음,없음,없음,없음,없음
https://www.musinsa.com/products/4721708,MIGHTY TIGER LOGO HOOD SWEAT_BLACK,"94,000원",10%,"84,600원",아웃스탠딩,https://image.musinsa.com/mfile_s01/_brand/free_medium/outstanding.png?20200730105116,상의,후드 티셔츠,https://image.msscdn.net/thumbnails/images/goods_img/20250115/4721708/4721708_17388913080784_big.jpg?w=1200,https://image.msscdn.net/thumbnails/images/prd_img/20250115/4721708/detail_4721708_17388913278498_big.jpg?w=1200,https://image.msscdn.net/thumbnails/images/prd_img/20250115/4721708/detail_4721708_17388913229151_big.jpg?w=1200,https://image.msscdn.net/thumbnails/images/prd_img/20250115/4721708/detail_4721708_17388913248927_big.jpg?w=1200,hoodie_0003,107,2천 회 이상 (최근 1개월),없음,없음,없음,없음,없음,없음,없음,없음
https://www.musinsa.com/products/4721705,MIGHTY TIGER LOGO HOOD SWEAT_NAVY,"94,000원",10%,"84,600원",아웃스탠딩,https://image.musinsa.com/mfile_s01/_brand/free_medium/outstanding.png?20200730105116,상의,후드 티셔츠,https://image.msscdn.net/thumbnails/images/goods_img/20250115/4721705/4721705_17388914267360_big.jpg?w=1200,https://image.msscdn.net/thumbnails/images/prd_img/20250115/4721705/detail_4721705_17388914873439_big.jpg?w=1200,https://image.msscdn.net/thumbnails/images/prd_img/20250115/4721705/detail_4721705_17388914817790_big.jpg?w=1200,https://image.msscdn.net/thumbnails/images/prd_img/20250115/4721705/detail_4721705_17388914861135_big.jpg?w=1200,hoodie_0004,119,1.9천 회 이상 (최근 1개월),없음,없음,없음,없음,없음,없음,없음,없음
https://www.musinsa.com/products/4345043,T-Logo Hoodie Heather Grey,"95,000원",30%,"66,500원",디스이즈네버댓,https://image.musinsa.com/mfile_s01/_brand/free_medium/thisisneverthat.png?20240122174353,상의,후드 티셔츠,https://image.msscdn.net/thumbnails/images/goods_img/20240820/4345043/4345043_17248088394803_big.jpg?w=1200,https://image.msscdn.net/thumbnails/images/prd_img/20240820/4345043/detail_4345043_17248088470943_big.jpg?w=1200,https://image.msscdn.net/thumbnails/images/prd_img/20240820/4345043/detail_4345043_17248088482699_big.jpg?w=1200,https://image.msscdn.net/thumbnails/images/prd_img/20240820/4345043/detail_4345043_17248088518192_big.jpg?w=1200,hoodie_0005,"12,796",9만 회 이상 (최근 1개월),3.1천 개 이상,후기 251개,4.9,원피리미리씨를 손민수하기 위해 샀는데 계속 입고 다니고 있어요,대학생 언니보고 중1딸아이가 자기도 입고 싶다고 해서 구매했는데 이쁘다고 이리저리 거울보는 모습에 귀엽습니다~,팔 길이 때문에 s랑 고민했는데 m사길 잘한 거 같네용 ㅎㅎ 얼른 추워져서 입고 싶네요 !!,좋아용 모자깊어서좋아용 아늑해요 에어팟끼고 모자쓰고 후드모자쓰고 다니면 대중교통에서도 아늑함을느낄수잇어요 근데모자가 좀힘이잇어서? 부피가잇어서? 머리는 묶고입는게나음 앞으로 쏟아놓거나,진짜 이쁘고 색감이 지려요 일반 후드티의 회색이 아닙니다
https://www.musinsa.com/products/4744124,BLEACHED PULL-OVER HOODIE_WASHED BLACK,"148,000원",30%,"103,600원",미스치프,https://image.msscdn.net/mfile_s01/_brand/free_medium/mischief.png?1738715687512,상의,후드 티셔츠,https://image.msscdn.net/thumbnails/images/goods_img/20250124/4744124/4744124_17385505555472_big.jpg?w=1200,없음,없음,https://image.msscdn.net/thumbnails/images/prd_img/20250124/4744124/detail_4744124_17385505603143_big.jpg?w=1200,hoodie_0006,"1,440",2만 회 이상 (최근 1개월),없음,후기 6개,4.8,😎미스치프감성이 충만한 후드✨️ 🖤실제로 보면 베이지브라운톤의 워싱이 더 잘보이는데 워싱장인이 워싱하셨나...진짜 멋있어요! 🖤160에게는 M사이즈도 충분히 오버핏 나오지만 소매 시보리를 믿고 더더 오버핏 원하시면 L로 가셔도 좋을 것 같아요! 🖤츄리닝이랑 편하게 입어도 예쁘고 날씨가 따뜻해지면 룩북처럼 입고 싶어요🥰,빛바랜 느낌이 멋져요 큼직하게 입을수 있어여 로고도 굳,선물용인데 워싱이 들어가서 빈티지스럽고 너무 예쁩니다. 로고가 포인트가 되어서 좋아요.,미스치프감성이 충만한 후드 실제로 보면 워싱이 더 멋스럽고 핏도 진짜 예뻐요. 츄리닝이랑 편하게 입다가 날씨가 따뜻해지면 룩북처럼 입고 싶어요.,비싸서 고민하긴 했지만 맘에들어요! 생각보다 얇았어요 무거울가봐 걱정했는데 오히려 좋아용 굿굿!!!!
https://www.musinsa.com/products/4307044,헬로 월드 LOVE 후드티_네이비,"85,000원",15%,"72,250원",밈더워드로브,https://image.msscdn.net/mfile_s01/_brand/free_medium/mimthewardrobe.png?1730455159578,상의,후드 티셔츠,https://image.msscdn.net/thumbnails/images/prd_img/20240807/4307044/detail_4307044_17261216766173_big.jpg?w=1200,https://image.msscdn.net/thumbnails/images/prd_img/20240807/4307044/detail_4307044_17248318991202_big.jpg?w=1200,없음,https://image.msscdn.net/thumbnails/images/goods_img/20240807/4307044/4307044_17290490557539_big.jpg?w=1200,hoodie_0007,"5,642",1.7만 회 이상 (최근 1개월),1천 개 이상,후기 134개,4.9,핏도 너무 예쁘고 안에 셔츠 레이어드 해서 입으면 왕 예뻐요 모두 사세요,핏이 딱 예쁜핏이고 착용감이 좋아요 색갈도 맘에 들었어요,"체험단 밈더위드로브_헬로 월드 LOVE 후드티 [네이비, 사이즈 3]착용 후기입니다.  ✔️사이즈팁 - 키 173 기준 3사이즈 착용해도 크롭한 기장감 - 전체적인 핏은 세미오버핏으로, 정사이즈로 착용해서 완전 크롭 기장 & 딱 떨어지는 핏으로 착용했을 때 가장 예쁜 디자인인 것 같습니다. 편하게 착용하고 싶다면 3사이즈로 가셔도 과하지 않은 오버핏으로 착용 가능합니다  ✔️디자인 - 푸른끼 적은 어두운 네이비 컬러 - 전면부의 커다란 화이트&레드 컬러의 귀여운 프린팅 덕분에 캐주얼한 무드가 강한 제품 - 후드끈 없이 아일렛디테일만 있어서 좀 더 깔끔한 느낌으로 착용 가능 - 후드 크기는 오버핏은 아니지만, 쓰지 않았을 때 쉐입이 예쁘게 잡히고 후드가 무거워서 넥라인이 뒤로 쏠리는 현상이 적었음  ✔️원단 - 봄/가을엔 단품으로, 겨울에는 이너로 착용 가능한 두께감 - 얇지도, 두껍지도 않은 정석적인 쭈리원단이라 적당히 핏이 잡히면서도 갑갑하지 않습니다  ✔️코디팁 - 적당한 크롭 기장이기 때문에, 제 착용샷처럼 단독으로 착용해도 예쁘고, 셔츠&티셔츠를 이너로 레이어링해도 예쁩니다. 밑단 쭈리가 짱짱한 디자인이 아니라 레이어드 이너가 찝혀 올라가는 현상이 적었습니다. - 그레이, 블랙, 다크브라운, 크림, 연청/중청 등 다양한 컬러의 하의와 잘 어울립니다.  ✔️총평 세미오버핏&크롭한 기장감의 쭈리 후드티 캐주얼한 무드로 포인트 줄 수 있는 후드티를 찾는 분들께 추천",너무 편하게 잘입고 있는 후디 부해보이지 않고 기장감도 적당하고 와이드한 팬츠랑 같이 매치했을때 더더욱 분위기있어보여서 넘 마음에 들어요 소재감도 좋고 탄탄하고 세탁해도 변형 없네오 162기준으로 기장감 딱 좋고 데일리하게 입기 정말 좋습니다 ~~~!!! 패턴도 넘 귀여워요ε(´･●_･｀)з,2사이즈인데도 길이가 생각보다 안 길어서 좋았고 귀여워요!!
https://www.musinsa.com/products/4265248,그래피티 로고 후드티_네이비,"49,800원",42%,"28,900원",어나더 아카이브,https://image.musinsa.com/mfile_s01/_brand/free_medium/anotherarchive.png?20220819175620,상의,후드 티셔츠,https://image.msscdn.net/thumbnails/images/prd_img/20240722/4265248/detail_4265248_17243380430712_big.jpg?w=1200,https://image.msscdn.net/thumbnails/images/prd_img/20240722/4265248/detail_4265248_17243380463127_big.jpg?w=1200,없음,https://image.msscdn.net/thumbnails/images/goods_img/20240722/4265248/4265248_17243380383879_big.jpg?w=1200,hoodie_0008,"24,967",9만 회 이상 (최근 1개월),9.6천 개 이상,후기 945개,4.8,"중학생입니다. 교복이 남색인데... 교복 대신 입을 수 있는 옷이 남색이라서, 여러 메이커들 남색 후드티중에 아이가 직접 골랐어요. 딱 잘어울리고 예뻐요. 키에 비해서 너무 마른체형이라, 옷을 크게 입어서 체형을 보완하는 편입니다. L사이즈 잘입고있어요.",후드티가 하나도 없어서😢 무신사 앱을 켜서 후드티를 찾아 보고 있는데 제 마음속에 바로 pick❗️되어서 샀는데 배송도 빠르게 오구 착용 해봤는데 기모인지 엄청 따뜻했어요❗️ 새벽근무 인데 제 애착 옷이 되지 않을까 싶어요😍,굿굿 짧지도 않고 조음 키키 다들 사세여 가을에 입기 딱임,따듯하고 디자인도 이뻐용 ~ m사이즈라 조금 크지만 겨울이라 히트텍 입고 입음 좋아용,세일할 때 잘 산 것 같아요 모자 핏도 좋아서 이뻐요
https://www.musinsa.com/products/4599344,[SET] 피그먼트 워싱 셋업 - 3Color,"161,000원",47%,"84,900원",에스이에스티,https://image.msscdn.net/mfile_s01/_brand/free_medium/selfesteem.png?20200608153142,상의,후드 티셔츠,없음,없음,없음,https://image.msscdn.net/thumbnails/images/goods_img/20241108/4599344/4599344_17310416492575_big.jpg?w=1200,hoodie_0009,"1,516",1.3만 회 이상 (최근 1개월),없음,후기 42개,4.5,한달후기 디자인이 예뻐요 편하게 동네마실 할때 굿입니다,생각한 색상 보다는 좀 색이 덜 빠진 느낌이에요 .. 블루보다는 네이비에 가까운색이예요 그래도 옷 재질도 좋고 넘 편하네요!! 전 넘 무거운 면옷 보단 이정도 두께의 면옷이 입고 관리기도 편하고 좋은것 같아요 ㅋㅋ,생각한 색상 보다는 좀 색이 덜 빠진 느낌이에요 .. 블루보다는 네이비에 가까운색이예요 그래도 옷 재질도 좋고 넘 편하네요!! 전 넘 무거운 면옷 보단 이정도 두께의 면옷이 입고 관리기도 편하고 좋은것 같아요 ㅋㅋ,옷을 받고 후드에 달린 끈을 당기는데 끈 아래쪽 핀이 바로 떨어져서 끈을 그냥 뺐어요ㅠㅠ  옷 안 쪽 천이 피부에 다으면 좀 따가운 까끌까끌한 천이에요.  세탁을 몇 번 행궈서 했는데도 손에 검게 물이베는.. 그레이색 바지랑 같이 세탁했는데 때 탄 것처럼 물이들었어요.  할인하는 이유가 있네요~~~,바지가 좀 펄럭펄럭 느낌이긴한데 적응이 잘 안되긴 하지만 허허 위에는 이쁨
https://www.musinsa.com/products/4458372,MWL STRING HOODIE - MELANGE,"72,000원",30%,"50,400원",팬쇼,https://image.msscdn.net/mfile_s01/_brand/free_medium/fanshow.png?1730452256652,상의,후드 티셔츠,https://image.msscdn.net/thumbnails/images/prd_img/20240924/4458372/detail_4458372_17273218244407_big.jpg?w=1200,https://image.msscdn.net/thumbnails/images/prd_img/20240924/4458372/detail_4458372_17273218275565_big.jpg?w=1200,없음,https://image.msscdn.net/thumbnails/images/goods_img/20240924/4458372/4458372_17273218171010_big.jpg?w=1200,hoodie_0010,"5,394",3만 회 이상 (최근 1개월),없음,후기 42개,4.9,오버핏 편하게 나오고 밑단 스트링이라 좋아요 근데이제 안감이 이너티에 많이 묻어나오는,한달후기 사이즈가 넉넉해서 남편이랑 같이 입고있어요 따뜻해요,보풀은 좀 생기는 듯한데 가격 대비 원단이나 두께 색감 핏이 예뻐서 동생이 좋아해요. 솔직히 저도 탐남 ㅋㅋ,오버핏 편하게 나오고 밑단 스트링조절이라 편해요 근데 이제 안감이 이너티에 엄청 묻어나오는..,옷 스타일이 다양하게 표현 가능해서 좋고 그렇게 많이 두껍지않아서 좋아요
https://www.musinsa.com/products/4342731,심볼로고 배색 래글런 트랙 후드티 GHT-481,"49,900원",25%,"37,400원",고스트리퍼블릭,https://image.musinsa.com/mfile_s01/_brand/free_medium/ghostrepublic.png?20221013171800,상의,후드 티셔츠,https://image.msscdn.net/thumbnails/images/prd_img/20240819/4342731/detail_4342731_17297384076291_big.jpg?w=1200,https://image.msscdn.net/thumbnails/images/prd_img/20240819/4342731/detail_4342731_17294789129124_big.jpg?w=1200,없음,https://image.msscdn.net/thumbnails/images/goods_img/20240819/4342731/4342731_17297383983482_big.jpg?w=1200,hoodie_0011,"11,655",5만 회 이상 (최근 1개월),3.5천 개 이상,후기 302개,4.7,꾸안꾸 느낌으로 멋스럽네요 핏좋고 소재도 부드러워요 착용감도 좋고 색상 다른 걸로 하나 더 사고 싶네요,굉장히 아름다워요 뷰티풀합니다 뷰티풀라잎뷰티풀데이.. 하지만 카레를 흘려버린. 굉장히 안타까운. 카레이슈,"체험단 남동생이 입어야 딱 괜찮을 거 같아서 줬는데 예쁘네용~ 편하게 입기 좋은 거 같아요! 170정도에 75키로인데 딱 정핏으로 맞네요!! 좀 더 큰 사이즈는 오버핏으로 입기 좋을 거 같아요! 같은 체형을 가진 분들은 참고하세요! 다른 색도 많던데 더 살 의향 있어용~ 트레이닝 바지에 입는 게 제일 잘어울리는 거 같고, 그렇다고 청바지랑 입는게 안 어울리진 않더라고요!! 어디에나 잘 어울리는 옷 감사히 잘 입을게요~ 그리고 길이는 아까 말했듯이 정핏이라 허리라인 살짝 아래에 위치하네요! 고스트 리퍼블릭!! 애용할게요ㅎㅎ 굿굿!!!",세탁을 한후 빡쳐서 ~검정색 몸판에서 나온 기모가 흰색팔..모자에 가득~그리고 색상이물들어서 회색이 되었습니다 그냥 물빨래만 했을뿐인데~,너무 이쁘네용 #데일리룩 #캐주얼 #후드티 #후드티코디 #가을
https://www.musinsa.com/products/4683265,[송이송이 PICK]FLM 스티치 로고 후디-스카이블루,"64,000원",45%,"34,900원",필루미네이트,https://image.musinsa.com/mfile_s01/_brand/free_medium/filluminate.png?20240624122453,상의,후드 티셔츠,https://image.msscdn.net/thumbnails/images/goods_img/20241227/4683265/4683265_17391719305604_big.jpg?w=1200,https://image.msscdn.net/thumbnails/images/prd_img/20241227/4683265/detail_4683265_17391719496695_big.jpg?w=1200,https://image.msscdn.net/thumbnails/images/prd_img/20241227/4683265/detail_4683265_17376252409242_big.jpg?w=1200,https://image.msscdn.net/thumbnails/images/prd_img/20241227/4683265/detail_4683265_17376257654516_big.jpg?w=1200,hoodie_0012,562,6.7천 회 이상 (최근 1개월),없음,없음,없음,없음,없음,없음,없음,없음
https://www.musinsa.com/products/4440029,BIG TYPO HOODIE GREY,"74,000원",20%,"59,200원",아메스 월드와이드,https://image.msscdn.net/mfile_s01/_brand/free_medium/amesworldwide.png?1730455523530,상의,후드 티셔츠,https://image.msscdn.net/thumbnails/images/prd_img/20240913/4440029/detail_4440029_17373351576421_big.jpg?w=1200,https://image.msscdn.net/thumbnails/images/prd_img/20240913/4440029/detail_4440029_17373351692957_big.jpg?w=1200,없음,https://image.msscdn.net/thumbnails/images/goods_img/20240913/4440029/4440029_17302623518017_big.jpg?w=1200,hoodie_0013,"36,980",8만 회 이상 (최근 1개월),5.7천 개 이상,후기 625개,4.8,"개인적으로 후드티 모자핏, 질감, 핏 굉장히 중요하게 보는데 적당한 시보리로 라인감 살리고 기모 부들부들에다가 폭닥하게 덮이는 모자. 그리고 귀여운 글씨가 이 후드T의 kick이네요.",다른 후기들 저럼 목이 좁긴 한데 입고 벗을 때 말고는 딱히 불편하진 않아요 기모도 따뜻하고 팔기장도 길고 좋으네요.,목이 좀 답답해요 디자인은 예쁘고 따뜻한데 후드가 좀 무거워요 그게 좀 아쉽네요,여자친구랑 커플로 맞췄는데 너무 예뻐요:) 어깨부분이 조금 올라오는데 구매하실때 참고하셔요 목부분도 다른 후드티에 비해 짱짱하게 잡아줘서 좋고 기모가 있어서 겨울에 입기에 따숩네요^^,레터링도 귀엽고 덩치 커보이긴한데 이런 느낌 좋아해서 맘에들어요! 기모도 있어서 올 겨울 교복템 될 거 같은 느낌?!
https://www.musinsa.com/products/4361189,LONELY/LOVELY FLUFF HOODIE CHARCOAL-NAVY,없음,없음,"168,000원",노앙,https://image.msscdn.net/mfile_s01/_brand/free_medium/nohant.png?20200608153142,상의,후드 티셔츠,https://image.msscdn.net/thumbnails/images/goods_img/20240822/4361189/4361189_17245661634938_big.jpg?w=1200,https://image.msscdn.net/thumbnails/images/prd_img/20240822/4361189/detail_4361189_17245661730925_big.jpg?w=1200,https://image.msscdn.net/thumbnails/images/prd_img/20240822/4361189/detail_4361189_17245661738193_big.jpg?w=1200,https://image.msscdn.net/thumbnails/images/prd_img/20240822/4361189/detail_4361189_17245661785845_big.jpg?w=1200,hoodie_0014,876,3.7천 회 이상 (최근 1개월),없음,후기 53개,4.9,색깔이 너무 맘에듭니다!!! 사이즈도 적당하구요! 다른색 또 구매할려구요!,말모죠 퀄리티 좋고 예쁩니다 저번에 사이즈 없어 미듐으로 샀다가 라지로 시켜봤는데 폼 넓고 또 다른 맛이네요 좋아요,이후드 핏이 일단 너무 좋고 색감이 너무이쁩니다,"이번에 맨투맨제품과 같이 노앙 제품 처음 구매해봤는데, 소재 핏 칼라감 너무 만족했습니다. 핏이랑 소재가 진짜 마음에 들어요! 후드 끈 없는걸 개인적으로 좋아하는데 만족쿠100임미다",노앙 후드 항상 잘입고있어요 핏이 예쁘고 컬러도 예뻐요
https://www.musinsa.com/products/4456834,1996 아치 그래픽 오버핏 배색 후드티셔츠 네이비,"49,800원",40%,"29,880원",언탭트 스튜디오,https://image.msscdn.net/mfile_s01/_brand/free_medium/untapped.png?1730708272814,상의,후드 티셔츠,https://image.msscdn.net/thumbnails/images/prd_img/20240924/4456834/detail_4456834_17271530543191_big.jpg?w=1200,https://image.msscdn.net/thumbnails/images/prd_img/20240924/4456834/detail_4456834_17271530551427_big.jpg?w=1200,없음,https://image.msscdn.net/thumbnails/images/goods_img/20240924/4456834/4456834_17314751955244_big.jpg?w=1200,hoodie_0015,883,5.6천 회 이상 (최근 1개월),없음,후기 28개,4.6,좋긴한데 옷밑에 벤딩 부분이 약해서 조금 아쉬워요.,생각보다 크지않고 165키에도 딱 맞습니다 특유의 톡톡튀는 느낌이 잘느껴져서 좋았어요,디자인 맘에들고 특히 쌀쌀한 가을 아님 봄때 입으면 좋을것 같습니다,조금 얇아서 봄에 입기 좋을 것 같고 색감도 나쁘지않음,배송도 빠르고 제품도 퀄리티가 상당합니다. 마음에 쏙 듭니다. 강츄!!!
https://www.musinsa.com/products/4421601,크랙 프린팅 로고 후드 - 그레이,"75,000원",20%,"60,000원",구빈,https://image.musinsa.com/mfile_s01/_brand/free_medium/gubin.png?20230914173849,상의,후드 티셔츠,https://image.msscdn.net/thumbnails/images/goods_img/20240909/4421601/4421601_17262069599679_big.jpg?w=1200,https://image.msscdn.net/thumbnails/images/prd_img/20240909/4421601/detail_4421601_17262069677869_big.jpg?w=1200,https://image.msscdn.net/thumbnails/images/prd_img/20240909/4421601/detail_4421601_17262069689461_big.jpg?w=1200,https://image.msscdn.net/thumbnails/images/prd_img/20240909/4421601/detail_4421601_17262069767646_big.jpg?w=1200,hoodie_0016,"1,387",3.8천 회 이상 (최근 1개월),없음,후기 21개,4.9,박성호 손민수로 샀어요!후기보니까 저랑 비슷한분들은 다들 m사셨길래 저도 m을 샀는데 생각보다 많이 큽니당 오버핏 수준이아니라 엉덩이를 다덮고 팔길이도 길어서 두번 접으면 겨우 손이 나올정도에요. 그래도 디자인이나 재질도 좋고 청바지랑 입으면 예뻐서 교환은 따로 하지않고 입기로 했습니다 저랑 스펙 비슷하신분들은 꼭 s사세요!,박성호 손민수 한건데 넘 이뻐요ㅎㅎ 원햇던 핏이고 모자도 넉넉해서 좋아요,체험단 먼저 택배가 도착했을 때 포장지를 보고 놀랐습니다 종이?느낌에 포장지인데 뜯기도 편하고 깔끔하고 뜯기도 전부터 기분이 좋아지는 느낌입니다!  저는 M을 선택했는데 제 키를 생각안하고 선택했나봅니다.. ㅜㅜ 158 에겐 기장이 조금 깁니다 그래도 오버핏으로 예쁘게 입을 수 있을 것 같아요 😁 팔부분도 부피가 넉넉해서 가오리 느낌의 오버핏으로 예쁘게 입을 수 있을 것 같습니다  로고에 크랙 프린팅으로 빈티지 느낌이 너무 예쁩니다 마침 후드티의 계절이라 후드티를 살 생각이었는데 체험단으로 구빈 후드티에 당첨되어 영광입니다 🍀🙌🏻  전체적으로 너무 다 마음에 들어서 앞으로도 구빈 이라는 브랜드를 애용하게 될 것 같습니다 🙆🏻‍♀️ 감사합니다 ~~!!,체험단 사진과 똑같습니다 아니 그이상으로 맘에듭니당 키179 몸무게77 라지사이즈 가슴단면이 꽤 크게 나왔는데 딱 자연스러운 오버핏으로 떨어지고요 전면 데미지스러운 프린팅이 빈티지함을 한층 더 강조합니다 제가 찍은 착샷은 그레이 컬러가 좀 옅게 나왔는데 실제 색상은 모델샷에 훨씬 더가깝습니다 전면 하단 주머니에 찡? 포인트도 예쁘고 주머니도 활용도가 너무 좋습니당 무게감은 보통 후드티 정도고 한여름빼고는 두루두루 계속해서 잘 입을수 있을것 같아요 후드티 안에 하얀 티셔츠 같이 입어주면 딱입니다 강추합니다 파랑도 예쁜데 그레이가 찐입니다,체험단 후기에 앞서 체험단에 선정해주신 분들께 감사드립니다:)  일단 사이즈는 적당히 오버핏입니다. 가슴이나 팔의 폭이 여유가 있어요. 원래 입으시던 사이즈로 시키시면 오버핏으로 입을 수 있고 딱 맞게 입고 싶으시면 한 사이즈 작게 시키시면 되겠습니다.  디자인은 예쁩니다. 무난한 회색 후드에 크랙 프린팅이 되어 있어서 빈티지하면서도 힙한 느낌이 나요. 보통 프린팅 로고는 세탁하다보면 뜯어지는 경우가 있는데 이 후드는 그런 걱정은 안해도 될거 같아요. 회색 배경에 버건디 글자도 조합이 좋은 것 같아요.  그런데 옷에 공장 특유의 냄새가 다른 새옷에 비해 많이 납니다. 한 번 빨아입으면 좀 괜찮을 것 같네요. 배송은 조금 늦은 편이었으나 문제 될 정도는 아니었습니다.  코디할 때는 평소에 캐주얼하게 입기도 좋고 꾸안꾸 느낌으로도 좋을 것 같아요. 파라슈트 팬츠나 조거 팬츠랑 잘 어울릴 듯 하네요. 와이드 팬츠라면 웬만하면 잘 어울릴 건 같아요
https://www.musinsa.com/products/4412404,뉴웨이브 메트로라인 기모 후드 버건디 YKHD1495,"65,900원",40%,"39,800원",페플,https://image.musinsa.com/mfile_s01/_brand/free_medium/fp142muji.png?20220517173446,상의,후드 티셔츠,없음,없음,없음,https://image.msscdn.net/thumbnails/images/goods_img/20240905/4412404/4412404_17255304296209_big.jpg?w=1200,hoodie_0017,"4,760",1.1만 회 이상 (최근 1개월),1.7천 개 이상,후기 152개,4.9,완전이쁨오버핏으로 좋아요 기모도 따뜻합니다,따뜻한 기모 소재의 후드티로 버건디 색상이 너무 예쁘게 나온 제품입니다 이곳저곳 아무렇게나 입어도 다 잘어울려요 강추👍,엄청 자주 입고 다니고 너무 편해서 어딜 가든 입을 수 있어서 좋은 거 같다,색갈도 예쁘고 편해서 좋아요 기모도있어서 너무너무 따뜻해요,"처음 왔을때 먼지가 있고, 냄새가 조금 났지만 그 외에는 너무 만족스럽습니다~!"
https://www.musinsa.com/products/4339019,스페이스 빌런 체크 후드 멜란지화이트,"79,000원",35%,"51,350원",후드후드,https://image.msscdn.net/mfile_s01/_brand/free_medium/hoodhood.png?1730454920852,상의,후드 티셔츠,https://image.msscdn.net/thumbnails/images/prd_img/20240816/4339019/detail_4339019_17249966485393_big.jpg?w=1200,https://image.msscdn.net/thumbnails/images/prd_img/20240816/4339019/detail_4339019_17249966493869_big.jpg?w=1200,없음,https://image.msscdn.net/thumbnails/images/goods_img/20240816/4339019/4339019_17249966402000_big.jpg?w=1200,hoodie_0018,"3,591",1.4만 회 이상 (최근 1개월),없음,후기 50개,4.8,이한이 손민수템인데 저한테는 안어울리네요.. 그래도 이뻐요!!,사이즈도 딱 맞아서 좋고 이한이 손민수 해서 기분이 좋네요 모자 포인트도 넘 좋아요 😻,제 최애가 입어서 손민수 했는데 진짜 너무 예뻐용 ㅎㅎ,"살가말가 망설이다가 타임세일해서 바로 구매햇어요~ 색감 너무이쁘고 후드 체크 포인트 좋아요! 사이즈도 오버핏맘에들지마 밑단 시보리 좀만더 짱짱했으면,,","살가말가 망설이다가 타임세일해서 바로 구매햇어요~ 색감 너무이쁘고 후드 체크 포인트 좋아요! 사이즈도 오버핏맘에들지마 밑단 시보리 좀만더 짱짱했으면,,"
https://www.musinsa.com/products/4355506,Stripe Hoodie Tee Burgundy,"65,000원",25%,"48,750원",스컬프터,https://image.musinsa.com/mfile_s01/_brand/free_medium/sculptor.png?20240126133440,상의,후드 티셔츠,https://image.msscdn.net/thumbnails/images/prd_img/20240821/4355506/detail_4355506_17313049259648_big.jpg?w=1200,https://image.msscdn.net/thumbnails/images/prd_img/20240821/4355506/detail_4355506_17313049261859_big.jpg?w=1200,없음,https://image.msscdn.net/thumbnails/images/goods_img/20240821/4355506/4355506_17313049251238_big.jpg?w=1200,hoodie_0019,"7,035",2만 회 이상 (최근 1개월),없음,후기 179개,4.8,줄무늬옷 살때 옆면 줄 라인 맞는걸 중요시여기는데... 스컬프터 실망이네용;; 이런후기를 봤다면 안샀을텐데 가격이 싸지도 않은데 이런퀄리티라니...반품 귀차나서 그냥 입어요,스컬프터가.. 핏은 정말 잘뽑는거같습니다.. 너무 예뻐요 요즘 최애옷,이런 색감 딱 좋아해서 잘 산 것 같다는 생각이 들어요 ㅎㅎ 개강하면 입고 다녀야겠어유,"상세컷만 봤을때도 마음에 들었는데 역시나 입어봤는데 예쁘네요 여기저기 매치하기도 편하고, 흔치않은 버건디 컬러라서 더 좋은거같아요",사이즈는 그냥 기장만 보시면 될 것 같아요 누가 입어도 그냥 히트택이 돼요
https://www.musinsa.com/products/4342727,타이푼 스포티 배색 후드티 GHT-482,"49,900원",25%,"37,400원",고스트리퍼블릭,https://image.musinsa.com/mfile_s01/_brand/free_medium/ghostrepublic.png?20221013171800,상의,후드 티셔츠,https://image.msscdn.net/thumbnails/images/prd_img/20240819/4342727/detail_4342727_17289532191211_big.jpg?w=1200,https://image.msscdn.net/thumbnails/images/prd_img/20240819/4342727/detail_4342727_17258431896073_big.jpg?w=1200,없음,https://image.msscdn.net/thumbnails/images/goods_img/20240819/4342727/4342727_17289532339728_big.jpg?w=1200,hoodie_0020,"6,228",3만 회 이상 (최근 1개월),1.2천 개 이상,후기 142개,4.9,요즘은 디자인이 튀지 않고 약간의 포인트만 되는거에 꽂혀서 이것저것 주문중인데 그 중 가장 마음에 드는게 요거인거 같아요! 배색의 디자인이 튀지 않고 어떤옷이든 휘뚜루마뚜루 잘 어울려요! 특히 진청이랑 입으면 넘 이뿌고요! 사이즈 넉넉히 했더니 오버핏하게 떨어지는게 핏감 넘 마음에 듭니다~ 완전 추천이에요!,"체험단 1. 사이즈 키 186에 체격이 조금 있는 편으로 평상시에 상의 XL-2XL입는데 이 제품 2XL는 넉넉하게 잘 맞았어요. 평상시에 팔길이에 좀 예민한데 팔길이도 넉넉해서 좋았습니다!  2. 재질 포근하고 편한 원단이에요. 안에 아무것도 안입고 입은적도 있는데 안에 아무것도 받쳐입지 않아도 까끌거리지 않고 부드러워서 완전 편했어요👍 쭈리원단은 조금 루즈하게 떨어지는 편이라, 각잡힌걸 원하시는 분들은 기모원단으로 구입하시는 걸 추천 드려요.  3. 디자인 배색이 너무 맘에 들었고, 꾸민듯 편하게 입을 때 너무 좋은 것 같아요😊 검정색도 사고 싶어졌어요.  배송도 빠르고 디자인도 딱 제스타일이라 전반적으로 맘에 들었습니다! 간절기에 입기에는 더할 나위없는 제품인거 같아요! 체험해볼 수 있는 좋은 기회를 주셔서 감사합니다😊",팔기장 넉넉하니 좋아요! 롱슬리브 대신 종종 입는데 롱스커트랑도 잘어울립니다. 품은 너무 넓지도 않고 핏이 마음에 드네요!,생각보다 더 얇긴한데 안에 반팔티랑 입으니까 딱 좋았어요!! 너무 부해보이지 않고 만족스럽습니다🥰,한달후기 편하게입기 좋고 무난하게 입기 좋으면서 가성비 좋아요
https://www.musinsa.com/products/4430476,"미니 스타 후디,블랙","85,000원",30%,"59,500원",오피쉬,https://image.musinsa.com/mfile_s01/_brand/free_medium/oafish.png?20240104160438,상의,후드 티셔츠,https://image.msscdn.net/thumbnails/images/goods_img/20240911/4430476/4430476_17260768986856_big.jpg?w=1200,https://image.msscdn.net/thumbnails/images/prd_img/20240911/4430476/detail_4430476_17260769111987_big.jpg?w=1200,https://image.msscdn.net/thumbnails/images/prd_img/20240911/4430476/detail_4430476_17260769118977_big.jpg?w=1200,https://image.msscdn.net/thumbnails/images/prd_img/20240911/4430476/detail_4430476_17260769139284_big.jpg?w=1200,hoodie_0021,"16,588",5만 회 이상 (최근 1개월),1.4천 개 이상,후기 200개,4.7,후드 너무 귀여워요. 특이하게 스웨터? 같은 재질이네요. 안에 기모로 되어 있어서 따뜻하고 겨울에도 입을 수 있는 후드티입니다. 모자에 끈이 달려있지 않아서 깔끔해요. 2사이즈 했는데 길이나 핏은 적당한 핏이고 1해도 됐을 거 같아요. 오피쉬 후드 맛집이네요. 굳,안에 기모가 앞뒤로 얇게 들어있는데 부들부들하고 엄청 따수워요!! 그리고 별 왕창 박혀 있는게 진짜 귀엽습니다… 친구가 잠옷이냐고 물어보긴 했는데 귀여우면 됐죠 뭐…,안감이 기모라 넘 따뜻하고 부드러워서 맨살에 입어도 안 불편했어욤 ❤️❤️,귀엽습니다 길이도 적당해요 따뜻해용,갑자기 입원하게 되느냐고 손을 자주 씻다보니 핸드크림을 못가져가서 손이 악건조할때 이옷을 입게 되었는데 난 보호자였다 손이 닿는곳에 뜯기고 보풀 생기고 너무 속상
https://www.musinsa.com/products/4331059,[Tiger Collection] 타이거 버킷 후디 BLACK,"239,000원",30%,"167,300원",말본 골프,https://image.musinsa.com/mfile_s01/_brand/free_medium/malbongolf.png?20210804102653,스포츠/레저,상의,https://image.msscdn.net/thumbnails/images/goods_img/20240814/4331059/4331059_17236167511321_big.jpg?w=1200,없음,없음,https://image.msscdn.net/thumbnails/images/prd_img/20240814/4331059/detail_4331059_17236167518971_big.jpg?w=1200,hoodie_0022,6,없음,없음,후기 1개,없음,역시 골프웨어는 말본입니다……!!!!! 평상복으로 입어도 좋고 사이즈도 딱 알맞네요,없음,없음,없음,없음
https://www.musinsa.com/products/4723717,TCM so hoodie (black),"89,000원",10%,"80,100원",더콜디스트모먼트,https://image.musinsa.com/mfile_s01/_brand/free_medium/thecoldestmoment.png?20200710145248,상의,후드 티셔츠,https://image.msscdn.net/thumbnails/images/goods_img/20250116/4723717/4723717_17387151242830_big.jpg?w=1200,https://image.msscdn.net/thumbnails/images/prd_img/20250116/4723717/detail_4723717_17387151313974_big.jpg?w=1200,https://image.msscdn.net/thumbnails/images/prd_img/20250116/4723717/detail_4723717_17387151321662_big.jpg?w=1200,https://image.msscdn.net/thumbnails/images/prd_img/20250116/4723717/detail_4723717_17387151337784_big.jpg?w=1200,hoodie_0023,315,1.2천 회 이상 (최근 1개월),없음,없음,없음,없음,없음,없음,없음,없음
https://www.musinsa.com/products/4375688,DTF 스탠다드 유니버시티스웨츠 후디 블랙 화이트,"49,000원",27%,"35,800원",리브레너,https://image.musinsa.com/mfile_s01/_brand/free_medium/rebrenner.png?20220930124641,상의,후드 티셔츠,https://image.msscdn.net/thumbnails/images/goods_img/20240827/4375688/4375688_17247432246843_big.jpg?w=1200,없음,없음,https://image.msscdn.net/thumbnails/images/prd_img/20240827/4375688/detail_4375688_17247432294685_big.jpg?w=1200,hoodie_0024,"6,703",4만 회 이상 (최근 1개월),3.3천 개 이상,후기 199개,4.7,"배송이 빠르고 디자인이 마음에 들어 샀는데, 입어보니 편하고 마음에 들어요",옷이 깔끔하고 편하게 입기 좋습니다.중딩 딸 주려고 구매했어요,사이즈 딱 적당하고 재질이 얇아서 잠바 안에 입기 편한고 같습니다 뚜껍고 따뜻한 재질은 아니니 참고 하셔요,깔끔하고 예뻐요! 무난하게 입기 좋을 것 같습니다,디자인 이쁘고 간편하게 입기에 편해요~! 봄 가을에 입기 좋습니다.
https://www.musinsa.com/products/4397049,[4COLOR] DOODLE HEART HOODIE,"79,000원",20%,"63,200원",메종미네드,https://image.musinsa.com/mfile_s01/_brand/free_medium/maisonmined.png?20240126133232,상의,후드 티셔츠,https://image.msscdn.net/thumbnails/images/prd_img/20240903/4397049/detail_4397049_17355447958793_big.jpg?w=1200,https://image.msscdn.net/thumbnails/images/prd_img/20240903/4397049/detail_4397049_17355447965004_big.jpg?w=1200,없음,https://image.msscdn.net/thumbnails/images/goods_img/20240903/4397049/4397049_17355447799203_big.jpg?w=1200,hoodie_0025,"10,355",2만 회 이상 (최근 1개월),3.9천 개 이상,후기 432개,4.9,"🏷 배송 : 오후 늦게 주문했는데 약 2일 소요 되었습니다!  🏷 원단 : 촉감은 부드럽고 안쪽도 꺼칠한 느낌이 없고, 지금 날씨에는 이것만 입고 조금 더 추워지면 이너로 아우터랑 같이 입기 좋은 두께감👍  🏷 사이즈 & 착용감 등 : L 사이즈 구매해서 입었는데, 핏도 원하는 느낌이고 기장도 적당한 기장감에 안에 레이어드해서 입으면 이쁘더라고요👍 안감도 꺼칠한 느낌은 없어서 안에 따로 입지 않아도 신경쓰이거나 불편한 부분은 없을 것 같습니다👍 프린팅도 너무 심심하지 않은데 부담스러울 정도도 아니였고 무엇보다 버건디 컬러가 진짜 이쁩니다!!!!! 가격대도 적당하게 구입해서 다른 컬러도 구입해볼까 고민될 만큼 만족합니다!!!",L사이즈로 왔는데 괜찮아요 크게 입을게요 색도 이쁘고 조합하기 쉬울거같아요,24.10.14,배송은 넘느리지만 옷은 가볍고 화면보다 진한 벽돌색이라 고급스럽고 이뻐요 169에 55중딩 마른남 s사이즈 길이 짧은거 같아 m사이즈 했는데 길이는 딱좋은데 품이랑 팔길이가 좀기네요 S사이즈가 딱맞을거같네요 마른남성 여성분들은 무조건 s사이즈 가야되요 다른 브랜드 한사이즈 오버 같아요,주문한지 2일만에 도착했어요. 주말간 날씨 너무 좋아서 바로 착용했습다~  ✅배송 : 2일 ✅원단 : 지금(가을) 입기 딱 좋은 소재 ✅사이즈\착용감: L사이즈 구매했는데 약간 크롭하여 다리가 길어보이고 버건디 컬러가 가을철 포인트 주기 너무 좋은 컬러같아요  ✅ 지금 할인에 쿠폰까지 먹여서 저렴하게 구입했어요.! 다른 컬러로 구입 예정입니다 ㅎㅎ  메종미네드 최고❗️
https://www.musinsa.com/products/4460025,FLYING CATS HOODIE light heather gray,"99,000원",30%,"69,300원",엘엠씨,https://image.musinsa.com/mfile_s01/_brand/free_medium/lmc.png?20220610163914,상의,후드 티셔츠,https://image.msscdn.net/thumbnails/images/prd_img/20240924/4460025/detail_4460025_17292303924169_big.jpg?w=1200,https://image.msscdn.net/thumbnails/images/prd_img/20240924/4460025/detail_4460025_17272455591360_big.jpg?w=1200,없음,https://image.msscdn.net/thumbnails/images/goods_img/20240924/4460025/4460025_17297344262539_big.jpg?w=1200,hoodie_0026,746,2.5천 회 이상 (최근 1개월),없음,후기 26개,없음,"체험단 174, 72 스펙에 M사이즈를 착용했는데, 기장도 딱 적당하고 소매길이도 손바닥 아랫부분까지 커버되서 딱 좋았습니다😁 착용감은 좀 얇다고 생각할 수 있는데, 막상 입어보면 안쪽에 기모인지는 모르겠는데, 옷 안쪽면이 까슬까슬하지않고 따뜻하면서도 부드러워서 너무 좋았어요✨️ 뒷면에 LMC 시그니처 프린팅도 너무 힙하잖아?....지구본 모양에 고양이 그림이 너무나도 이쁘죠?? 옷 앞부분에는 깔끔하게 LMC로고가 미니멀하게 들어가있었어요! 겨울철에는 아우터 안에 입어도 좋을 듯 합니다🫧  조만간 또 다른 옷도 구매해봐야겠어요💪",고양이가 너무 귀여워요. 아들 선물로 사줬더니 좋아하네요.,디자인도 진짜 예쁜거같아요 코디하기도 쉽고p,한달후기 잘 입고 있어요 예쁘고 기모 버전도 구매해보고 싶음,한달후기 가족여행가서 단체티로 맞췄는데 정말좋았어요 ㅎㅎ
https://www.musinsa.com/products/4421709,피그먼트 헤비 스웨트 후디_Charcoal,"99,900원",35%,"64,900원",맨인스토어 프로덕트,https://image.musinsa.com/mfile_s01/_brand/free_medium/maninstore.png?20240108135743,상의,후드 티셔츠,없음,없음,없음,https://image.msscdn.net/thumbnails/images/goods_img/20240909/4421709/4421709_17367435119776_big.jpg?w=1200,hoodie_0027,"5,492",5만 회 이상 (최근 1개월),2.4천 개 이상,후기 185개,4.8,이런 ssibal 이거 중고 상품 입니까? 마감처리 왜 이따구? 여기저기 실밥 다 튀어 나와있네 새상품 받고 기분 더러운적 오랜만인듯 ^1부럴것,두툼하고 좋습니다 색상도 피그먼드로 잘빠졋고 다만,이물질이 묻은 제품을 받아서 교환 받았더니 이번엔 마감 불량이네요 옷은 이쁜데 품질이 굉장히 별로입니다.,"후드티 정면 주머니에 얼굴이 좀 크게 있는데 그냥 예쁘고 마감도 괜찮아서 감안하고 입으려구요,,, 재고에 신경 좀 써 주세요. 디자인은 예쁜데 얼룩이 안지워지면 맘이 좀 아프겠네요",너무 이뻐요 다른색도 사고 싶습니다. 친구가 손민수 해감..
https://www.musinsa.com/products/4465425,워커 웜 후드 브라운 HYHD4657,"63,600원",31%,"43,900원",퍼스텝,https://image.musinsa.com/mfile_s01/_brand/free_medium/perstep.png?20230926180845,상의,후드 티셔츠,없음,없음,없음,https://image.msscdn.net/thumbnails/images/goods_img/20240926/4465425/4465425_17273135158732_big.jpg?w=1200,hoodie_0028,"1,082",1.5천 회 이상 (최근 1개월),없음,후기 45개,4.8,한달후기 요즘 넘 자주 입고 다녀요 색상도 넘 예쁘고 옷도 변형없이 탄탄한 소재가 맘에들어요,한달후기 고민 많이 하고 구매하였는데 너무 마음에 드네요 감사합니다 ㅎㅎ,한달후기 옷도 따둣하고 재질도 좋아서 겨울에도 입기 좋아요!,큼ㅜ 통이랑 길이 다 커서 건조기 돌림 그니까 좀 입을만함,가격대에 비해 퀄리티 괜찮네요 ! 재질도 괜찮아서 오래 입을 수 있을 것 같아요 !
https://www.musinsa.com/products/4429387,Wrap Half Zip Hoodie - Melange Grey & Oatmeal,없음,없음,"129,000원",앵글런,https://image.musinsa.com/mfile_s01/_brand/free_medium/anglan.png?20201106180309,상의,후드 티셔츠,https://image.msscdn.net/thumbnails/images/goods_img/20240911/4429387/4429387_17267954350283_big.jpg?w=1200,https://image.msscdn.net/thumbnails/images/prd_img/20240911/4429387/detail_4429387_17267954730057_big.jpg?w=1200,https://image.msscdn.net/thumbnails/images/prd_img/20240911/4429387/detail_4429387_17267954741903_big.jpg?w=1200,https://image.msscdn.net/thumbnails/images/prd_img/20240911/4429387/detail_4429387_17267954784945_big.jpg?w=1200,hoodie_0029,97,350회 이상 (최근 1개월),없음,후기 2개,없음,한달후기 후드 넘 귀엽고 예뻐요 오버핏도 맘에 들고 완전 잘 입고댕김,기다린 보람이 있어요 완잔 예쁩니다 지금 입기 딱인듯해요오,없음,없음,없음
https://www.musinsa.com/products/4367044,890G 머드 다잉 후드-더스키 버건디-,"126,700원",50%,"63,300원",소버먼트,https://image.musinsa.com/mfile_s01/_brand/free_medium/sovermentwithlomort.png?20201105164327,상의,후드 티셔츠,없음,없음,없음,https://image.msscdn.net/thumbnails/images/goods_img/20240823/4367044/4367044_17250161736617_big.jpg?w=1200,hoodie_0030,"1,166",6.6천 회 이상 (최근 1개월),없음,후기 34개,4.9,소버먼트 후드티 고민많이했는데 생각한느낌인거같아요 두툼해서 여름제외하고 많이입을듯 합니다,색상 ㄱㅊ고 짱짱함 나쁘지 않음 가격도 뭐 나름 ㄱㅊ은듯함,"한달후기 다른 버건디들은 좀 쨍해서 어두운 버건디를 찾고 있었는데, 검정 워싱이 들어가서 너무 예뻐요~ 면이 두툼해요~ 세미 오버핏인데, 핏에 비에 총장이 조금 크롭하게 느껴져요~","다른 버건디들은 좀 쨍해서 어두운 버건디를 찾고 있었는데, 검정 워싱이 들어가서 너무 예뻐요~ 면이 두툼해요~ 세미 오버핏인데, 핏에 비에 총장이 조금 크롭하게 느껴져요~",배송도빠르고상품도좋아요 처음 접해보는데 다른리뷰처럼 묵지하니좋습니다
https://www.musinsa.com/products/4324653,MOVING SYMBOL HOODIE_BLACK(NG2EFUM416A),"79,000원",20%,"63,200원",나이스고스트클럽,https://image.msscdn.net/mfile_s01/_brand/free_medium/niceghostclub.png?1730455267007,상의,후드 티셔츠,https://image.msscdn.net/thumbnails/images/prd_img/20240813/4324653/detail_4324653_17237787349536_big.jpg?w=1200,https://image.msscdn.net/thumbnails/images/prd_img/20240813/4324653/detail_4324653_17237787352035_big.jpg?w=1200,없음,https://image.msscdn.net/thumbnails/images/goods_img/20240813/4324653/4324653_17237787341588_big.jpg?w=1200,hoodie_0031,"3,515",7.1천 회 이상 (최근 1개월),없음,후기 27개,없음,"배송도 빠르고, 핏이랑 프린팅도 이쁘고 좋습니다",제 키에 오버핏을 좋아하신다면 고민하지 마시고 L사이즈로 주문하시길 바래요,생각보다 사이즈다 엄청 크더라고요 교환하기 귀찮기도 하고 못입을 정도는 아니라 그냥 입기로 했어요 재질이 무척 마음에 들어요,샀는데 넘 예뽀서 애인도 선물해 준 후드티… 🥰 은은하게 빛나는 듯한 프린팅도 이쁘고 예쁜 후드티 핏이라 마음에 드네요 껴입으면 겨울용 간절기까지 휘뚤마뚤 가능할 것 가턴… ///_/// 추천합니당!!,샀는데 넘 예뻐서 애인 것두 사주었어요… 애인두 넘 마음에 들어하쉼 커플룩이 되어버렷잖아~~….🥰 프린팅 은은하게 빛나는 거 같다구~~ 예쁘다고 하심
https://www.musinsa.com/products/4348548,Int Prty Hoodie (White)_K24ZB765,"85,000원",30%,"59,900원",네스티킥,https://image.msscdn.net/mfile_s01/_brand/free_medium/nastykick.png?20200608153142,상의,후드 티셔츠,https://image.msscdn.net/thumbnails/images/goods_img/20240820/4348548/4348548_17254243088219_big.jpg?w=1200,https://image.msscdn.net/thumbnails/images/prd_img/20240820/4348548/detail_4348548_17254243159932_big.jpg?w=1200,https://image.msscdn.net/thumbnails/images/prd_img/20240820/4348548/detail_4348548_17248260964301_big.jpg?w=1200,https://image.msscdn.net/thumbnails/images/prd_img/20240820/4348548/detail_4348548_17248261043376_big.jpg?w=1200,hoodie_0032,"15,471",1.4만 회 이상 (최근 1개월),1.8천 개 이상,후기 229개,4.8,"완전 쌩화이트 색상에 핏, 디자인까지 다 너무 맘에 들어요",핏이 원하능 핏이 아니라 슬펐어요 길이가 짧은편이예요,예쁜데 건조기돌렷더니 오버핏으로입으려고햇던데 확 줄어버려서 정핏도아니고뭐도아닌그런핏이되어버림… 건조기절대돌리지마세요 ㅠ,무겁지 않고 얇은 후드티에요! 시보리 짱짱하고 기엽네요 근데 입으니까 생각보다 프린팅이 좀 큰 느낌? 저렴하게 사서 좋아요! 근데 옷 냄새가 넘 심해ㅜㅜ,한달후기 빨래 몇번 돌려도 실밥 몇개 말고는 처음이랑 똑같은 컨디션
https://www.musinsa.com/products/4424295,[SET] 스포티 래글런 후드티 2종 세트,"99,800원",40%,"59,900원",고스트리퍼블릭,https://image.musinsa.com/mfile_s01/_brand/free_medium/ghostrepublic.png?20221013171800,상의,후드 티셔츠,https://image.msscdn.net/thumbnails/images/goods_img/20240910/4424295/4424295_17259443483593_big.jpg?w=1200,https://image.msscdn.net/thumbnails/images/prd_img/20240910/4424295/detail_4424295_17259443736468_big.jpg?w=1200,https://image.msscdn.net/thumbnails/images/prd_img/20240910/4424295/detail_4424295_17259443746121_big.jpg?w=1200,https://image.msscdn.net/thumbnails/images/prd_img/20240910/4424295/detail_4424295_17259444140172_big.jpg?w=1200,hoodie_0033,987,6.2천 회 이상 (최근 1개월),없음,후기 30개,4.9,올해 내가 산 후드 중에 제일 마음에 든다. 사세요 여러분!,딸이랑 커플로 구매했는데 디자인이 이쁘고 따뜻하고 편합니다,"배송 빠르고, 포장상태 좋고, 질 톡톡해요 근데 L사이즈가 좀 작아요 ㅠ 결론은 딱맞아서 아쉬움 일반 여성옷 사이즈인듯 ㅠ 다행히 하나는 XL여서 오버핏 될듯",딸아이가 디자인이 맘에 들어해 선물로 구매했습니다 만족하며 즐겨 입는거 같습니다,사이즈 잘 맞고 디자인 무난해서 자주 입게되네요.
https://www.musinsa.com/products/4353527,ANGELDEM 오버핏 후드 티셔츠 6 COLORS [기모],"49,800원",30%,"34,800원",프라임에이트,https://image.musinsa.com/mfile_s01/_brand/free_medium/primate.png?20240202165942,상의,후드 티셔츠,https://image.msscdn.net/thumbnails/images/goods_img/20240821/4353527/4353527_17250031813514_big.jpg?w=1200,https://image.msscdn.net/thumbnails/images/prd_img/20240821/4353527/detail_4353527_17250031895734_big.jpg?w=1200,https://image.msscdn.net/thumbnails/images/prd_img/20240821/4353527/detail_4353527_17250031926634_big.jpg?w=1200,https://image.msscdn.net/thumbnails/images/prd_img/20240821/4353527/detail_4353527_17250032026196_big.jpg?w=1200,hoodie_0034,"12,898",8만 회 이상 (최근 1개월),6.2천 개 이상,후기 433개,4.8,완전 카키로 색chill 해져서 입는 순간 chillguy이가 되버렸다.. 생각보다 어두웠고 더 오버핏 원할려면 L로 가는게 맞다,다른건 다 좋은데 안에 기모가 계속 묻어 나와요 몇번 빠니까 덜 하긴 하네요,디자인 예쁘고 소재 탄탄한데 사이즈가 지이이인짜 큼 저랑 비슷한 스펙이신분들은 더 작은 사이즈로 사세요…,옷도 예쁘고 모자핏도 잘 떨어져서 좋아요. 그리고 옷이 엄청 부드러워서 입기 편해요.,색깔 너무 이쁘고 시보리도 짱짱해서 좋아요 상세사이즈보다 살짝 커요!!
https://www.musinsa.com/products/4735388,Overdyed Embroidery Hoodie Dusty Pink,없음,없음,"119,000원",디스이즈네버댓,https://image.musinsa.com/mfile_s01/_brand/free_medium/thisisneverthat.png?20240122174353,상의,후드 티셔츠,https://image.msscdn.net/thumbnails/images/goods_img/20250122/4735388/4735388_17386557163522_big.jpg?w=1200,https://image.msscdn.net/thumbnails/images/prd_img/20250122/4735388/detail_4735388_17386557217027_big.jpg?w=1200,https://image.msscdn.net/thumbnails/images/prd_img/20250122/4735388/detail_4735388_17386557228519_big.jpg?w=1200,https://image.msscdn.net/thumbnails/images/prd_img/20250122/4735388/detail_4735388_17386557248201_big.jpg?w=1200,hoodie_0035,111,300회 이상 (최근 1개월),없음,없음,없음,없음,없음,없음,없음,없음
https://www.musinsa.com/products/4307553,W NEW CLASSIC LOGO HOODIE oatmeal,없음,없음,"109,000원",마리떼,https://image.musinsa.com/mfile_s01/_brand/free_medium/marithefrancoisgirbaud.png?20210127142317,상의,후드 티셔츠,없음,없음,없음,https://image.msscdn.net/thumbnails/images/goods_img/20240808/4307553/4307553_17235127317260_big.jpg?w=1200,hoodie_0036,"3,070",1.8만 회 이상 (최근 1개월),없음,후기 95개,4.9,뭔가 .. 옷이 어정쩡함 10만원의 퀄리티가 아닌듯함,매장에서 입어보고 구매합니다 소재도 너무 만족해요,#크롭후드티#가을교복#후드티#여자후드티#겨울쿨톤코디 평소에 아이보리 옷중에 노란끼 들어간게 잘 안어울리는 겨울쿨톤 입니다. 그래서 로고 컬러가 묘한 챠콜색이라 맘에 들었구 작은 키를 보완시킬 크롭한 기장도 차분한 아이보리컬로도 맘에 딱 드네요. 키크시면 좀 짧을수도 있겠네요. 기모 도톰하게 들어간 똑같은 디자인도 판매해주셨으면 좋겠어요~~,한달후기 휘뚜루마뚜루 입고 다니기 좋아요 좀 짧은거 같긴한데 편합니다,"너무 예뻐요. 사이즈랑 색상 모두 만족해요. 쿠폰 사용하여 저렴하게 구입했어요,"
https://www.musinsa.com/products/4496910,KITTY TAG HOODIE - CHARCOAL,"109,000원",10%,"98,100원",브라운브레스,https://image.msscdn.net/mfile_s01/_brand/free_medium/brownbreath.png?20200608153142,상의,후드 티셔츠,https://image.msscdn.net/thumbnails/images/prd_img/20241008/4496910/detail_4496910_17289757241057_big.jpg?w=1200,https://image.msscdn.net/thumbnails/images/prd_img/20241008/4496910/detail_4496910_17289757249134_big.jpg?w=1200,없음,https://image.msscdn.net/thumbnails/images/goods_img/20241008/4496910/4496910_17289739830990_big.jpg?w=1200,hoodie_0037,"2,026",9.4천 회 이상 (최근 1개월),없음,후기 32개,4.9,꼭 한 번 사고 싶었지만 할인 폭도 적고 비싼 편(?)이라 보류하다가 이번에 샀어요  실망시키지 않아요,브라운 브레스 반팔티를 너무 잘 입어서 후드티도 한번은 사봐야지 하다가 이제서야 사보네요  티와 마찬가지로 질도 좋고 이뻐요,흑ㅠㅠ 진짜로 너무이뻐요!! 진짜 제 인생 후드티입니다 생각보다 옷이 좀 얇앗는데 그래두 진짜 너무이뻐요,한달후기 생각보다 얇음 근데 탄탄하고 착용감 좋음 왜케 비쌀까.. 했는데 생각보다 괜찮음~,한달후기 재질이 너무 좋아요. 부드럽고 톡톡하고 빨아도 보풀이나 뒤틀림 없구요. 사이즈도 살짝 여유있게 딱 좋아요.
https://www.musinsa.com/products/4320233,[SET] 트라이벌 배색 오버핏 후드 트레이닝 셋업 오트밀,"119,000원",20%,"95,200원",모즈모즈,https://image.msscdn.net/mfile_s01/_brand/free_medium/mozmoz.png?20200608153142,상의,후드 티셔츠,https://image.msscdn.net/thumbnails/images/prd_img/20240812/4320233/detail_4320233_17236074466893_big.jpg?w=1200,https://image.msscdn.net/thumbnails/images/prd_img/20240812/4320233/detail_4320233_17236074477488_big.jpg?w=1200,없음,https://image.msscdn.net/thumbnails/images/goods_img/20240812/4320233/4320233_17244000882020_big.jpg?w=1200,hoodie_0038,488,1.5천 회 이상 (최근 1개월),없음,후기 15개,4.9,가격대비 만족스러워서 다른 색상도 구매하고 싶네요~,"세트라 고민 없이 막 집어 입을 수 있어서 좋아요 생각보다 얇아서 봄, 가을에나 단독으로 입으면 더 예쁠 거 같아요",C hi nbdft I bcdssthhvjkkj,세트 옷을 편하게 잘 입어서 구매했어요. 상의는 사이즈가 괜찮은데 바지는 사이즈 제일 작게 해도 크더라구요ㅋㅋ 거의 가슴밑까지 끌어올려서 입습니다ㅋㅋ,생각보다 사이즈가 커요! 여자분들은 둘 다 1사이즈 해도 다 입을 수 있을 것 같아요
https://www.musinsa.com/products/4277689,Swift Symbol Dying Hoodie Sand,"119,000원",20%,"95,200원",아이돈워너셀,https://image.musinsa.com/mfile_s01/_brand/free_medium/idontwannasell.png?20240219180627,상의,후드 티셔츠,https://image.msscdn.net/thumbnails/images/goods_img/20240726/4277689/4277689_17319128938078_big.jpg?w=1200,https://image.msscdn.net/thumbnails/images/prd_img/20240726/4277689/detail_4277689_17242483898113_big.jpg?w=1200,https://image.msscdn.net/thumbnails/images/prd_img/20240726/4277689/detail_4277689_17242483905604_big.jpg?w=1200,https://image.msscdn.net/thumbnails/images/prd_img/20240726/4277689/detail_4277689_17242483976257_big.jpg?w=1200,hoodie_0039,707,800회 이상 (최근 1개월),없음,후기 21개,4.9,한달후기 큰맘먹고 평소 즐겨보던 브랜드 옷 구매하게 되었는데 너무 맘에 들고 좋네요,한달후기 색감이 실물이 훨씬 이쁘고 재질이 탄탄해서 좋아요,한달후기 이렇게 좋은 옷을.. 매일 입고 다니고 있음 코디하기 좋음,색감도 이쁘고 핏이 넉넉하니 아주 편해요 시보리가 짱짱해서 좋아요,색이 굉장히 오묘하니 이뻐요 오트밀과 베이지 사이의 색상! 가격이 비싼 감이 있지만 잘 입을 것 같아요
https://www.musinsa.com/products/4440284,스트라이프 스냅 버튼 후드티 (그레이),"109,000원",15%,"92,650원",허그유어스킨,https://image.musinsa.com/mfile_s01/_brand/free_medium/hugyourskin.png?20240820134344,상의,후드 티셔츠,https://image.msscdn.net/thumbnails/images/goods_img/20240913/4440284/4440284_17307037689979_big.jpg?w=1200,https://image.msscdn.net/thumbnails/images/prd_img/20240913/4440284/detail_4440284_17307037749812_big.jpg?w=1200,https://image.msscdn.net/thumbnails/images/prd_img/20240913/4440284/detail_4440284_17307037759244_big.jpg?w=1200,https://image.msscdn.net/thumbnails/images/prd_img/20240913/4440284/detail_4440284_17307037770688_big.jpg?w=1200,hoodie_0040,"1,723",2.9천 회 이상 (최근 1개월),없음,후기 14개,4.8,옷이 너무 귀여워용 근데 목부분이 좀 없어보여서 잘 입어야대용…. 그리고 좀추워요 목부분이 … 그치만 부들부들해서 계속 만지고싶고 입으면 너무 귀여워지는 옷이에영 소매도 길어서 조아요 ㅎㅎ,"한달후기 아우터 안에 얇은 이너 입는거 좋아해서 구매했는데 너무 예쁘고 착용감도 좋고, 가벼워서 잘 입고 있어요! 검정도 같이 가지고 있는데 저는 갠적으로 회색이 더 예쁜것 같아요 ㅎㅎ",색감도 예쁘고 핏도 귀여움 처음엔 비싸다고 생각했는데 재질 좋아서 만족,한달후기 옷이 너무 귀여워요ㅎㅎ 근데 생각보다 얇아서 초가을에만 단독으로 입을 수 있을것 같아요,"후기가 좋길래 궁금해봤는데 핏도 너무 예쁘고 디테일도 좋고, 소재도 좋은것 같아요! 너무 무거운 후드는 싫어하는데 가벼우면서 디테일 많아서 하나만 입어도 포인트가 됩니다! 진짜 마음에 들어서 다른 옷들도 더 구매해보려구요!"
https://www.musinsa.com/products/4279980,S.P.L HOODIE - MELANGE,없음,없음,"92,000원",노매뉴얼,https://image.msscdn.net/mfile_s01/_brand/free_medium/nomanual.png?20200608153142,상의,후드 티셔츠,https://image.msscdn.net/thumbnails/images/goods_img/20240729/4279980/4279980_17231769868035_big.jpg?w=1200,https://image.msscdn.net/thumbnails/images/prd_img/20240729/4279980/detail_4279980_17235997004424_big.jpg?w=1200,https://image.msscdn.net/thumbnails/images/prd_img/20240729/4279980/detail_4279980_17235997012790_big.jpg?w=1200,https://image.msscdn.net/thumbnails/images/prd_img/20240729/4279980/detail_4279980_17235997026724_big.jpg?w=1200,hoodie_0041,460,1.5천 회 이상 (최근 1개월),없음,후기 8개,없음,소재 탄탄하고 디자인 예뻐요! 모자 목 부분이 많이 올라와 잇어서 모자 썻을때 머리카락을 못 뺀다는 단점이 잇지만.. 핏이 예쁘니 참고 입을게여,무엇보다 핏이 예쁘게 떨어지고 옷 자체에 두께도 마음에 들어요!,우선 흔하지않고 예쁘다는게 가장 큰 장점인 거 같아요 예쁜 후드티 찾다가 구매했는데 꼭 고민하시는 분들 있으면 사세요 후회 안합니다!,한달후기 핏도 이쁘고 자주 데일리로 사용하기 좋어요 많이 애용합니다,후드각도 괜찮고 전체적인 핏 여유롭게 떨어지고 예쁩네여~~
https://www.musinsa.com/products/4747156,Waffle Balaclava Hoodie blue,"115,000원",5%,"109,250원",더왈드,https://image.msscdn.net/mfile_s01/_brand/free_medium/thewarld.png?1735007599436,상의,후드 티셔츠,https://image.msscdn.net/thumbnails/images/goods_img/20250130/4747156/4747156_17382363655546_big.jpg?w=1200,https://image.msscdn.net/thumbnails/images/prd_img/20250130/4747156/detail_4747156_17382363666149_big.png?w=1200,https://image.msscdn.net/thumbnails/images/prd_img/20250130/4747156/detail_4747156_17382363668930_big.jpg?w=1200,https://image.msscdn.net/thumbnails/images/prd_img/20250130/4747156/detail_4747156_17382363675965_big.jpg?w=1200,hoodie_0042,110,1.3천 회 이상 (최근 1개월),없음,없음,없음,없음,없음,없음,없음,없음
https://www.musinsa.com/products/4723699,TCM missing hoodie (grey),"92,000원",10%,"82,800원",더콜디스트모먼트,https://image.musinsa.com/mfile_s01/_brand/free_medium/thecoldestmoment.png?20200710145248,상의,후드 티셔츠,https://image.msscdn.net/thumbnails/images/goods_img/20250116/4723699/4723699_17387151751477_big.jpg?w=1200,https://image.msscdn.net/thumbnails/images/prd_img/20250116/4723699/detail_4723699_17387152679970_big.jpg?w=1200,https://image.msscdn.net/thumbnails/images/prd_img/20250116/4723699/detail_4723699_17387152687279_big.jpg?w=1200,https://image.msscdn.net/thumbnails/images/prd_img/20250116/4723699/detail_4723699_17387152705160_big.jpg?w=1200,hoodie_0043,161,550회 이상 (최근 1개월),없음,없음,없음,없음,없음,없음,없음,없음
https://www.musinsa.com/products/4474407,테일러 코튼 스웻 후드 티셔츠 네이비,"129,000원",25%,"96,750원",신앤리,https://image.musinsa.com/mfile_s01/_brand/free_medium/ssinandlee.png?20220415170116,상의,후드 티셔츠,https://image.msscdn.net/thumbnails/images/prd_img/20240929/4474407/detail_4474407_17276324459610_big.jpg?w=1200,https://image.msscdn.net/thumbnails/images/prd_img/20240929/4474407/detail_4474407_17276324468675_big.jpg?w=1200,없음,https://image.msscdn.net/thumbnails/images/goods_img/20240929/4474407/4474407_17276324366066_big.jpg?w=1200,hoodie_0044,"6,032",3만 회 이상 (최근 1개월),없음,후기 8개,4.9,끼야호🕺🕺💃💜👍👍🌝🌝🤘🤘원래 무신사 타임세일충이라 큰 맘 먹고 구매했는데 너무너무너무너무 맘에 듭니다 원단도 흐물거리는 면 아니고 뻣뻣(?)한 소재의 면이라 더 좋아요,탄탄한 재질에 앞에 단추가 있어서 새로운 느낌의 후드에요,기장도 크기도 적당하고 색깔도 이쁩니다 마음에 들어요,한달후기 트레이닝 셋업으로 구매했는데 평상시 데님에도 잘 입고 다니고 있어요~,끼야호🕺🕺💃💜👍👍🌝🌝🤘🤘원래 무신사 타임세일충이라 큰 맘 먹고 구매했는데 너무너무너무너무 맘에 듭니다 원단도 흐물거리는 면 아니고 뻣뻣(?)한 소재의 면이라 더 좋아요
https://www.musinsa.com/products/4422948,스프레드 그래피티 로고 오버핏 후드 티셔츠 블랙,"89,000원",60%,"35,900원",엔피스튜디오,https://image.musinsa.com/mfile_s01/_brand/free_medium/nastypalm.png?20230823161649,상의,후드 티셔츠,https://image.msscdn.net/thumbnails/images/goods_img/20240909/4422948/4422948_17276713170128_big.jpg?w=1200,https://image.msscdn.net/thumbnails/images/prd_img/20240909/4422948/detail_4422948_17270735617379_big.jpg?w=1200,없음,https://image.msscdn.net/thumbnails/images/prd_img/20240909/4422948/detail_4422948_17276713232590_big.jpg?w=1200,hoodie_0045,532,350회 이상 (최근 1개월),없음,후기 5개,4.6,한달후기 무난합니다 아이가 잘입고다녀요 아이가 사달라고 했어요,오버핏으로 딱 이쁘게 핏이 떨어지네요. 아주 마음에 듭니다.,옷 안이 부드럽고 따뜻하게 입을 수 있음 그리고 겨울때 편하게 할 수 있는 게 제일 좋음,중학생아들이 너무좋아했어요 실물핏이 더이쁘네요,실측이랑 같은 거 같아요. 디자인 뚜렷하고 총장 72정도 레이어드 티에 입으면 예쁘게 떨어질 듯합니다.
https://www.musinsa.com/products/4466415,루즈핏 크루넥 후드 티셔츠 Cream,"79,000원",10%,"71,100원",챔피온,https://image.msscdn.net/mfile_s01/_brand/free_medium/champion.png?20200608153142,상의,후드 티셔츠,없음,없음,없음,https://image.msscdn.net/thumbnails/images/goods_img/20240926/4466415/4466415_17377033805647_big.jpg?w=1200,hoodie_0046,76,200회 이상 (최근 1개월),없음,후기 4개,없음,"우선 사이즈가 딱 맞아서 오버핏 느낌을 제대로 살릴 수 있었고, 너무 크거나 작지 않아서 체형에 자연스럽게 어울렸어요. 컬러도 깔끔하면서도 세련된 색감으로 어디에나 매치하기 좋아요. 베이직한 느낌이지만 동시에 스타일리시한 포인트가 되어줘서 데일리룩으로 완벽합니다. 챔피온 브랜드라 그런지 소재와 마감 모두 믿고 입을 수 있는 퀄리티입니더 오래 입어도 변형이 없을 것 같은 튼튼함이 느껴졌어요. 역시 챔피온답습니다! 활용도가 높은 후드티 찾고 있다면 강력 추천합니다!","한달후기 색감: 은은한 크림 컬러가 정말 매력적이에요. 다양한 코디에 잘 어울릴 듯! 핏: 여유 있는 루즈핏이라 체형 커버도 되고, 스타일리시해 보임 퀄리티: 소재도 부드럽고, 마감도 깔끔해서 퀄리티 만족스러움  편안하면서도 센스 있는 데일리룩 완성하기에 딱 좋은 아이템입니다!","우선 사이즈가 딱 맞아서 오버핏 느낌을 제대로 살릴 수 있었고, 너무 크거나 작지 않아서 체형에 자연스럽게 어울렸어요. 컬러도 깔끔하면서도 세련된 색감으로 어디에나 매치하기 좋아요. 베이직한 느낌이지만 동시에 스타일리시한 포인트가 되어줘서 데일리룩으로 완벽합니다.  챔피온 브랜드라 그런지 소재와 마감 모두 믿고 입을 수 있는 퀄리티입니더 오래 입어도 변형이 없을 것 같은 튼튼함이 느껴졌어요. 역시 챔피온답습니다!  활용도가 높은 후드티 찾고 있다면 강력 추천합니다!",가볍고 색감도 딱 원하던 색감이라 너무 마음에 듭니다. 챔피온 와펜이 팔에만 있어서 깔끔해서 더 좋은 것 같습니다. 언제든지 편하게 입을 것 같습니다~,없음
https://www.musinsa.com/products/4345042,T-Logo Hoodie Black,"95,000원",30%,"66,500원",디스이즈네버댓,https://image.musinsa.com/mfile_s01/_brand/free_medium/thisisneverthat.png?20240122174353,상의,후드 티셔츠,https://image.msscdn.net/thumbnails/images/goods_img/20240820/4345042/4345042_17248088811417_big.jpg?w=1200,https://image.msscdn.net/thumbnails/images/prd_img/20240820/4345042/detail_4345042_17248088873653_big.jpg?w=1200,https://image.msscdn.net/thumbnails/images/prd_img/20240820/4345042/detail_4345042_17248088885435_big.jpg?w=1200,https://image.msscdn.net/thumbnails/images/prd_img/20240820/4345042/detail_4345042_17248088912951_big.jpg?w=1200,hoodie_0047,"4,094",3만 회 이상 (최근 1개월),1.2천 개 이상,후기 102개,4.8,180에 78킬로 아들한테 사이즈 딱입니다 디자인좋고 만듬세좋네요 아주맘에듬,한달후기 옷이 튼튼해서 자주 입고 세탁해도 손상 없습니다! 이 점이 너무 좋아용,털이 너무 많이 빠져요 ㅠ 빨래 여러번 돌렸는데 여전히 그냥 기모 털 쭉쭉 빠지네요 그거 말곤 괜찮아요 정사이즈보다 조듬 더 큰거같아요,핏 탄탄하고 후드티의 정석 느낌입니다 다른 색도 사고싶어요,역시 짱짱하니 좋아요 이젠 저렴이 여러개보단 적당한 가격 있는거 하나가 좋은거같아요
https://www.musinsa.com/products/4385282,BASIC LOGO HOODIE NAVY,"79,000원",20%,"63,200원",아메스 월드와이드,https://image.msscdn.net/mfile_s01/_brand/free_medium/amesworldwide.png?1730455523530,상의,후드 티셔츠,https://image.msscdn.net/thumbnails/images/goods_img/20240829/4385282/4385282_17268101879334_big.jpg?w=1200,https://image.msscdn.net/thumbnails/images/prd_img/20240829/4385282/detail_4385282_17268100653980_big.jpg?w=1200,https://image.msscdn.net/thumbnails/images/prd_img/20240829/4385282/detail_4385282_17268100664373_big.jpg?w=1200,https://image.msscdn.net/thumbnails/images/prd_img/20240829/4385282/detail_4385282_17268100685713_big.jpg?w=1200,hoodie_0048,"5,044",1.3만 회 이상 (최근 1개월),없음,후기 62개,4.8,한달후기 한번 빨았는데도 옷 주머니에 손을 넣고다니면… 손톱 안에 먼지가 들어가요ㅠㅠ 때낀거마냥.. 그거빼곤 다 좋아요진짜..,남자친구랑 같이 입으려고 샀어요!ㅎㅎ 아직 안줬는데 색도 예쁘네요!,시보리 짱짱하고 너무 오버하지않고 사이즈 딱 좋네요 만족합니다 !,무난하고 예쁩니당 어느 하의에나 다 어울리는 것 같아서 좋아요,찐한 네이비색에 전면 로고가 박힌게 매력적입니다
https://www.musinsa.com/products/4439591,CGP 아치 로고 후드티_스카이블루,"69,000원",10%,"62,100원",코드그라피,https://image.msscdn.net/mfile_s01/_brand/free_medium/codegraphy.png?1733796001765,상의,후드 티셔츠,https://image.msscdn.net/thumbnails/images/goods_img/20240913/4439591/4439591_17291427425835_big.jpg?w=1200,https://image.msscdn.net/thumbnails/images/prd_img/20240913/4439591/detail_4439591_17261975391518_big.jpg?w=1200,https://image.msscdn.net/thumbnails/images/prd_img/20240913/4439591/detail_4439591_17261975411332_big.jpg?w=1200,https://image.msscdn.net/thumbnails/images/prd_img/20240913/4439591/detail_4439591_17291476010306_big.jpg?w=1200,hoodie_0049,"1,558",9.4천 회 이상 (최근 1개월),없음,후기 15개,4.9,키가 작은 편이라 S샀는데 어깨선이 조금 내려오는 것 빼고는 크게 불편함 없음! 색 밝고 예뻐서 기분 좋아짐🥰,한달후기 색깔도 예쁘고 옷 편하고 좋아요 잘 입고 있어요. 히,디자인도 마음에들고 배송도 빨라서 너무 좋았어요 잘쓰겠습니다~,상품소개 사진과 모두 동일해요 넘 예뻐요 봄에 예쁠 것 같아요,사이즈도 넉넉하고 색이 예뻐서 커플로 입을겸 하나 사줬는데 잘 어울려서 맘에 들어오
https://www.musinsa.com/products/4696322,넘버볼 후드티 [네이비],"79,000원",25%,"59,250원",낫온리포투데이,https://image.msscdn.net/mfile_s01/_brand/free_medium/notonlyfortoday.png?1727142157428,상의,후드 티셔츠,https://image.msscdn.net/thumbnails/images/prd_img/20250103/4696322/detail_4696322_17367397311423_big.jpg?w=1200,https://image.msscdn.net/thumbnails/images/prd_img/20250103/4696322/detail_4696322_17367397375695_big.jpg?w=1200,없음,https://image.msscdn.net/thumbnails/images/goods_img/20250103/4696322/4696322_17367397252713_big.jpg?w=1200,hoodie_0050,198,4.4천 회 이상 (최근 1개월),없음,후기 5개,없음,이 후드티 다른색 샀었는데 새로운 색이 나와서 구매했습니다 ㅎㅎ 일단 후드각이 잘 나와서 이쁘게 잡아준다는 느낌이 있어요! 핏은 세미오버핏으로 너무 오버하지 않아 좋습니다. 그리고 시보리가 짱짱해서 늘어져보이지 않아요. 이너로 입기도 좋아서 코트랑 매치해도 괜찮은 것 같아요 @@ 추천합니다 ㅎㅎ,원단이 부드럽고 디자인이 세련되어 어떤 코디에도 잘 어울려요!,디자인도 좋고 무엇보다 키가 좀 작은데 사이즈가 살짝 오버핏이여서 너무 좋은거 같아요 ㅎㅎ,기모가 없어서 탄탄해서 마음에 들고 좋네요~ 배송도 빨라서 좋앙ᆢㄷ,배송이 진짜 빠르고 실물이 더 예뻐요. 색감도 좀더 청끼나는 네이비라 맘에듭니다.
https://www.musinsa.com/products/4474408,테일러 코튼 스웻 후드 티셔츠 블랙,"129,000원",25%,"96,750원",신앤리,https://image.musinsa.com/mfile_s01/_brand/free_medium/ssinandlee.png?20220415170116,상의,후드 티셔츠,https://image.msscdn.net/thumbnails/images/prd_img/20240929/4474408/detail_4474408_17276323698377_big.jpg?w=1200,https://image.msscdn.net/thumbnails/images/prd_img/20240929/4474408/detail_4474408_17276323706360_big.jpg?w=1200,없음,https://image.msscdn.net/thumbnails/images/goods_img/20240929/4474408/4474408_17276323573284_big.jpg?w=1200,hoodie_0051,909,9천 회 이상 (최근 1개월),없음,후기 12개,4.9,정떤남자와 송떤남자가 입은 걸 보고 홀린듯이 손민수 했습니다. 디자인 ㄹㅇ 느좋이라 따라사길 너무 잘햇구요 팬츠까지 사서 세트로 입고다녀야겟음 굿굿,너무마음에들ㅇ요 빠른 배송도적당히빠르고포장상태도너무좋으네요,진짜로 마음에 드는옷 오랜만에 산거 같아요 배송도 빠르고 진짜 최고,취소와 재결제를 반복해서 진짜 고민하다가 샀는데 일단 옷은 특이해서 맘에 들어요 근데 새옷인데 뭔가 얼룩덜룩 묻어이씀,오버핏으로 입고싶어서 남자사이즈로 시켰는데 딱 좋아요! 단추는 2-3개정도 풀고입는게 예뻐요~~
https://www.musinsa.com/products/4446128,Banana Boy Hoodie (Brown)_K24ZB767,"85,000원",30%,"59,900원",네스티킥,https://image.msscdn.net/mfile_s01/_brand/free_medium/nastykick.png?20200608153142,상의,후드 티셔츠,https://image.msscdn.net/thumbnails/images/goods_img/20240919/4446128/4446128_17267416149330_big.jpg?w=1200,https://image.msscdn.net/thumbnails/images/prd_img/20240919/4446128/detail_4446128_17267416206092_big.jpg?w=1200,https://image.msscdn.net/thumbnails/images/prd_img/20240919/4446128/detail_4446128_17267416245586_big.jpg?w=1200,https://image.msscdn.net/thumbnails/images/prd_img/20240919/4446128/detail_4446128_17267416320670_big.jpg?w=1200,hoodie_0052,"11,720",2만 회 이상 (최근 1개월),2천 개 이상,후기 249개,4.8,XL는 너무 클 것 같아서 L로 샀는데 제가 원하던 기장이고요 오버핏이길 바랐는데 딱 원하던 핏이어서 엄청 만족입니다 프린팅이 너무너무 귀엽고 색도 예뻐요 배송오자마자 제 최애 후드티가 됐어요..!,한달후기 오버핏 후드티가 아니라 작은 차이지만 l 사이즈 입어야 조금 더 널널한 핏 나올 듯 소매랑 밑밴딩이 짱짱하고 기장이 길지 않아요 색감 너무 이뽀구 프린팅도 커요,두꺼운후드 기대한사람은 좀 아쉽네요 생각보다 얇고 오버핏 진짜 아니어서 한사이즈씩 큰걸로 사세요….s입는사람이 m사도 딱맞아요…,엄마의 만류를 뿌리치고 L사이즈로 샀는데 엄청 오버핏은 아니에요 적당한 오버핏이어서 이뻐요 프린팅도 귀여움 옷은 좀 얇은 편이에요,한달후기 일단 한달동안 제 최애후드티로써 감히 말씀드리자면 일단 너무 귀여워요 뒤에 있는 포인트가 진짜 깨물어주고 싶구요 한달동안 겨울에 추워 죽을 거 같아도 얘만 입고 다녔어요 모두에게 자랑하고 싶은 후드티입니다 색도 진한 브라운이라서 피부에 형광등키게 만들어주는 색이에요
https://www.musinsa.com/products/4724776,송지오옴므 오토그래프 어시메트릭 후드 레드 SH2TS215RD,없음,없음,"429,000원",송지오,https://image.musinsa.com/mfile_s01/_brand/free_medium/songzio.png?20240529120520,상의,후드 티셔츠,없음,없음,없음,https://image.msscdn.net/thumbnails/images/goods_img/20250116/4724776/4724776_17373374634539_big.jpg?w=1200,hoodie_0053,1,150회 이상 (최근 1개월),없음,없음,없음,없음,없음,없음,없음,없음
https://www.musinsa.com/products/4725152,투톤아치 후드_그레이,"79,000원",25%,"59,000원",예일,https://image.musinsa.com/mfile_s01/_brand/free_medium/yale.png?20231222111830,상의,후드 티셔츠,https://image.msscdn.net/thumbnails/images/goods_img/20250116/4725152/4725152_17370095025574_big.jpg?w=1200,https://image.msscdn.net/thumbnails/images/prd_img/20250116/4725152/detail_4725152_17370095064337_big.png?w=1200,https://image.msscdn.net/thumbnails/images/prd_img/20250116/4725152/detail_4725152_17370095089354_big.png?w=1200,https://image.msscdn.net/thumbnails/images/prd_img/20250116/4725152/detail_4725152_17370095187302_big.jpg?w=1200,hoodie_0054,"1,013",2만 회 이상 (최근 1개월),없음,후기 9개,4.9,편하고 좋습니다. 회색 후드티 필요했는데 딱 좋아요.,원하던 색깔에 원하던 재질이여서 너무나도 만족합니다! 무엇보다도 가운데에 예일이 너무 예뻐요,진짜 이뻐서 좋앗는데 완전 봄가을때 입으면 좋을거가튼 재질인듯?? 완전 이쁘긴함!!,너무너무 이뻐요 귀엽고 핏도 이뻐요 디자인이 생각보다 글씨가 커서 좋아요,배송도 빠르고 어머니 생신 선물로 사드렸는데 이쁘다구 너무 좋아하시네요 예일 옷 잘 만드네요 번창하세요
https://www.musinsa.com/products/4716800,IM PUFF HOOD TEE(BLACK),"69,000원",20%,"55,200원",러브이즈트루,https://image.musinsa.com/mfile_s01/_brand/free_medium/luvistrue.png?20201208110338,상의,후드 티셔츠,https://image.msscdn.net/thumbnails/images/goods_img/20250113/4716800/4716800_17370115931235_big.jpg?w=1200,https://image.msscdn.net/thumbnails/images/prd_img/20250113/4716800/detail_4716800_17370116323708_big.jpg?w=1200,https://image.msscdn.net/thumbnails/images/prd_img/20250113/4716800/detail_4716800_17370116331775_big.jpg?w=1200,https://image.msscdn.net/thumbnails/images/prd_img/20250113/4716800/detail_4716800_17370116352747_big.jpg?w=1200,hoodie_0055,359,3.9천 회 이상 (최근 1개월),없음,없음,없음,없음,없음,없음,없음,없음
https://www.musinsa.com/products/4650380,[무료반품]피그먼트 아플리케 스타로고 후드티_다크그레이,"69,000원",20%,"54,900원",게인스보로,https://image.musinsa.com/mfile_s01/_brand/free_medium/gainsboro.png?20200929171808,상의,후드 티셔츠,https://image.msscdn.net/thumbnails/images/prd_img/20241205/4650380/detail_4650380_17333615244416_big.jpg?w=1200,https://image.msscdn.net/thumbnails/images/prd_img/20241205/4650380/detail_4650380_17333666802732_big.jpg?w=1200,없음,https://image.msscdn.net/thumbnails/images/goods_img/20241205/4650380/4650380_17333614735788_big.jpg?w=1200,hoodie_0056,547,6.9천 회 이상 (최근 1개월),없음,후기 6개,4.8,"체험단 제가 잘못 눌러서 S사이즈를 선택해버렸기 때문에 살짝 작아보이는 감은 있지만, 옷은 죄가 없습니다 너무 예뻐요..^_ㅠ 캐쥬얼하게 바지랑 입는 것도 좋지만, 치마에다가 입으면 얼마나 귀엽게요.. 🥹 싼 원단 가져다가 만드는 얇은 후드티가 많아서 평소에 후드티 잘 안 샀는데, 이건 디테일도 예쁘고 소재도 짱짱하고 도톰하니 너무 좋았어요!! 곧 개강철이고, 가격도 학생분들이 사시에 부담없을 가격이니 저처럼 가방이랑 치마랑 매치하면 남들과 다른 센스있는 개강룩으로 입을 수 있을 것 같습니다✌️ 굿 초이스하세요~!","체험단 1. 재질 - 겉감은 피그먼트 재질로 소재 특성 상 옷에 무게가 약간 있기는 합니다만 색이 굉장히 이쁘게 빠졌고, 빈티지한 느낌으로 슬렉스를 제외하고는 어느 바지에도 잘 어울릴 만한 디자인을 가지고 있습니다. - 안감은 기모 재질로 세탁 없이 2일 간 착용하였음에도 속옷에 보풀이 뭍어 나오지 않아 안감 기모 재질도 퀄리티도 상당한 것으로 보입니다.  2. 디자인 - 피그먼트 재질이기에 옷이 어느 정도 빳빳한 형태를 가지고 있기 때문에 체형을 잘 잡아주며, 핏이 이쁘게 떨어집니다. - 전면 프린팅 로고는 힙한 느낌을 잘 살려주며, 프린팅 색이 엄청 밝아서 튀거나 반대로 엄청 어두워서 안보이는 그런 수준이 아닌 딱 절적한 색상으로 포인트로 들어가 옷과 잘 어우러 집니다. 특히 프린팅 퀄리티가 좋아 세탁 몇 번 한다고 떨어져 나가거나 하는 일은 절대 없을 것 같습니다.  3. 사이즈 - 평소 오버핏을 즐겨 입으신다면 한사이즈 업을 추천드리고 정핏은 평소 사이즈 그대로 선택하시면 적절 할 것으로 보입니다. - 아쉬운 부분이라면 사이즈가 2XL까지는 나왔으면 하는 바램이 있습니다.  4. 총평 - 안감이 기모 소재라 굉장히 따뜻해서 F/W 시즌에 입기 딱 좋은 후드티 입니다. - 정장 슬렉스 바지만 아니라면 어느 바지에도 잘 어울립니다. (특히 로고 포인트가 이쁨) - 피그먼트 소재라 빈티지 느낌을 잘 살려주고 또 색상이 정말 이쁘게 잘 빠졌습니다","체험단 먼저 게인스보로 제품의 체험단으로 선정되어 감사합니다. 일단 총장이 짧아서 굉장히 마음에 드네요. 174/60 제 스펙에 사진과 같은 실루엣이 나오고요. 기모라서 겨울에 이너로 입기 따뜻할것 같고 겨울을 제외한 봄, 가을에 단품으로 가볍게 입기 상당히 좋을것 같습니다. 가운데 로고가 심심하지 않게 포인트를 줘서 좋고 무엇보다 피그먼트 후드티라 상당히 만족스럽습니다.  남녀공용으로 나온거라 와이프랑 같이 입을 예정이고 나머지 다른 색상도 추가로 구매할까 생각중입니다. 올 겨울의 마무리는 게인스보로 기모 후드티와 함께 마무리 잘 해보겠습니다",후드가 생각보다 크고요.적당한 오버핏이고 예뻐요.,m사이즈 품절이라 s로 샀는데 기장이 좀 짧아요~ 키 156cm 기준이요! 그래도 적당히 입을만해용
https://www.musinsa.com/products/4720429,[기모선택] Stamp Heavy Terry Hoodie,없음,없음,"54,900원",비바라비다,https://image.musinsa.com/mfile_s01/_brand/free_medium/vivalavida.png?20240724113548,상의,후드 티셔츠,https://image.msscdn.net/thumbnails/images/goods_img/20250115/4720429/4720429_17376964582560_big.jpg?w=1200,https://image.msscdn.net/thumbnails/images/prd_img/20250115/4720429/detail_4720429_17376964673243_big.jpg?w=1200,https://image.msscdn.net/thumbnails/images/prd_img/20250115/4720429/detail_4720429_17376964680849_big.jpg?w=1200,https://image.msscdn.net/thumbnails/images/prd_img/20250115/4720429/detail_4720429_17376964696579_big.jpg?w=1200,hoodie_0057,76,650회 이상 (최근 1개월),없음,후기 3개,없음,디자인 재질 모두 만족스러워요!!! 돈이 아깝지 않네욘 아무때나 편하게 입기 좋은것 같습니닿ㅎ,핏이 너무 예뻐요ㅠ 캐주얼하게 어디에나 잘 어울리는 후드 핏 이네요! 원단도 부드럽고 편하게 잘 입고 다닐것 같아요!,기모가 부드러워서 좋아요 소매 시보리도 짱짱해서 오버핏 낭낭하게 나오는게 느좋이에요,없음,없음
https://www.musinsa.com/products/4345039,T-Logo Hoodie Dark Grey,"95,000원",30%,"66,500원",디스이즈네버댓,https://image.musinsa.com/mfile_s01/_brand/free_medium/thisisneverthat.png?20240122174353,상의,후드 티셔츠,https://image.msscdn.net/thumbnails/images/goods_img/20240820/4345039/4345039_17248090287069_big.jpg?w=1200,https://image.msscdn.net/thumbnails/images/prd_img/20240820/4345039/detail_4345039_17248090372047_big.jpg?w=1200,https://image.msscdn.net/thumbnails/images/prd_img/20240820/4345039/detail_4345039_17248090380149_big.jpg?w=1200,https://image.msscdn.net/thumbnails/images/prd_img/20240820/4345039/detail_4345039_17248090395926_big.jpg?w=1200,hoodie_0058,"3,831",1.6만 회 이상 (최근 1개월),없음,후기 74개,4.9,마른 184? 한테 딱맞아요 커플티 주고 담날에 헤어져서 잘 몰라요 흥..,탄탄하고 사이즈 잘 떨어지고 색감이랑 두께감도 너무 좋음,한달후기 좀 쭈글쭈글하게 나오긴했는데 레터링 색이 포인트되고 러블리하게 이뻐요!  소재는 탄탄하고 보시는 것처럼 시보리는 조금 강한편이에요! 그래도 작은 사이즈는 아니어서 불편하거나 그런거 없이 손이 잘가는 아이템이었어요!  사이즈는 키 170대에 s사이즈도 넉넉했습니다~~!,"✔️디자인 : 색조합이 너무 이뻐서 맘에 쏙 들었어요! ✔️사이즈 : 사이즈는 여성분이시라면 다 S 추천해요~~ 제가 키가 큰 편인데도, s가 기장이 짧지 않더라고요~! 품도 넉넉해요! ✔️특징 : 시보리랑 재질이 탄탄한 편이에요!!",디스이즈네버댓 후드티는 나오때마다 매년 사는거 같아요
https://www.musinsa.com/products/4471575,[엄태구 착용]Daily Work Hoodies DCHD002WGray,"69,000원",30%,"48,300원",데케트,https://image.musinsa.com/mfile_s01/_brand/free_medium/decet.png?20211012173012,상의,후드 티셔츠,https://image.msscdn.net/thumbnails/images/goods_img/20240927/4471575/4471575_17285507999315_big.jpg?w=1200,https://image.msscdn.net/thumbnails/images/prd_img/20240927/4471575/detail_4471575_17285508126108_big.jpg?w=1200,https://image.msscdn.net/thumbnails/images/prd_img/20240927/4471575/detail_4471575_17285508137171_big.jpg?w=1200,https://image.msscdn.net/thumbnails/images/prd_img/20240927/4471575/detail_4471575_17285508228556_big.jpg?w=1200,hoodie_0059,654,1.1천 회 이상 (최근 1개월),없음,후기 56개,4.9,엄태구님이 착용해서 사봤습니다. 튼튼하고 예쁘네요~,멜란지그레이 색감이 적절히 밝아서 저가 제품 느낌이 안들어요~! 후드 스트링도 다른 배색으로 배치해서 하나의 포인트도 되고 전면 프린팅도 굉장히 깔끔한 듯! 얇고 가벼운 기모 제품이라 이너로도 부담없는 점까지 너무 맘에 들어요~!,엄태구 포토카드 샀더니 후드티를 주셨어요 왕 큰 선물❤️,이쁜 오버핏이고 옷도 부드러워요 다른색상도 구매하고싶어요,한달후기 옷이 탄탄하고 기모라 따뜻하고 이뻐요 잘 입고 있어요
https://www.musinsa.com/products/4285379,TCM rag hoodie (black),"89,000원",10%,"80,100원",더콜디스트모먼트,https://image.musinsa.com/mfile_s01/_brand/free_medium/thecoldestmoment.png?20200710145248,상의,후드 티셔츠,https://image.msscdn.net/thumbnails/images/goods_img/20240731/4285379/4285379_17233461476822_big.jpg?w=1200,https://image.msscdn.net/thumbnails/images/prd_img/20240731/4285379/detail_4285379_17233461553725_big.jpg?w=1200,https://image.msscdn.net/thumbnails/images/prd_img/20240731/4285379/detail_4285379_17233461561152_big.jpg?w=1200,https://image.msscdn.net/thumbnails/images/prd_img/20240731/4285379/detail_4285379_17233461575575_big.jpg?w=1200,hoodie_0060,"18,001",4만 회 이상 (최근 1개월),2.8천 개 이상,후기 343개,4.8,"살짝 크롭하게 입고싶어서 m시켰는데 넘 좋았고, 사이즈가 남녀 따로 있어서 커플후디로 넘 좋아버립니다!",유튜버 보고 제 스타일 같아서 샀습니다. 이쁩니다,"전체적인 기장이랑 팔 소매 길이가 적당해서 좋았어요! 색은 2, 3번째 사진이랑 비슷하고 지금 날씨에 단독으로 입어도 괜찮았습니다! 강추강추강추",이쁘네요!! 사이즈 고민하다가 산건데 M 치고 통이 작은느낌같아용!!,생각했던거보다 재질도 탄탄하고 좋아용 무엇보다 핏도 너무 예뿌고 어디에나 입을 수 있는 무난한 디자인이에용 나염에 뭐가 뭍어서 교환신청했는데 친절하게 교환해주셨어요 다만 아쉬운점음 모자핏이 너무 별로고 팔이 살짝길어요ㅜㅜ 구래더 예뻐서 맨날 입고다닐 것 같아오
https://www.musinsa.com/products/4683966,TCM vintage starfish hoodie (black),"89,000원",10%,"80,100원",더콜디스트모먼트,https://image.musinsa.com/mfile_s01/_brand/free_medium/thecoldestmoment.png?20200710145248,상의,후드 티셔츠,https://image.msscdn.net/thumbnails/images/goods_img/20241230/4683966/4683966_17370367877021_big.jpg?w=1200,https://image.msscdn.net/thumbnails/images/prd_img/20241230/4683966/detail_4683966_17370367985106_big.jpg?w=1200,https://image.msscdn.net/thumbnails/images/prd_img/20241230/4683966/detail_4683966_17370367994045_big.jpg?w=1200,https://image.msscdn.net/thumbnails/images/prd_img/20241230/4683966/detail_4683966_17370368010279_big.jpg?w=1200,hoodie_0061,"1,098",1만 회 이상 (최근 1개월),없음,후기 5개,없음,저 불가사리가 .. 참 예뻐요 할인 받아서 잘 산 거 같습니당,남자친구가 좋아하는 브랜드라 손민수 했는데 알고보니 남자친구 꺼는 구버전이었다는 ... 3-4년 입었다는데 전혀 그래보이지 않을 정도로 탄탄하고 오래 입을 수 있음을 몸소 증명함. 구버전도 예쁘지만 제 후드가 더 예쁜 것 같네욤 하하 이제는 남자친구가 제 새버전 후드 손민수 하겠다네요 ^*^,배송 엄청 빠르고 기여워!! 사은품으로 받은 노트도 굿,사이즈도 완전 찰떡이고 두께가 딱 좋아서 봄가을에도 입기 좋은거 같습니다,옷 재질이 좋고 디자인이 맘에 들어요 잘 입고있습니다
https://www.musinsa.com/products/4285381,TCM rag hoodie (indi pink),"89,000원",10%,"80,100원",더콜디스트모먼트,https://image.musinsa.com/mfile_s01/_brand/free_medium/thecoldestmoment.png?20200710145248,상의,후드 티셔츠,https://image.msscdn.net/thumbnails/images/goods_img/20240731/4285381/4285381_17242038550945_big.jpg?w=1200,https://image.msscdn.net/thumbnails/images/prd_img/20240731/4285381/detail_4285381_17242038684630_big.jpg?w=1200,https://image.msscdn.net/thumbnails/images/prd_img/20240731/4285381/detail_4285381_17242038704684_big.jpg?w=1200,https://image.msscdn.net/thumbnails/images/prd_img/20240731/4285381/detail_4285381_17242038725327_big.jpg?w=1200,hoodie_0062,"7,191",1.2만 회 이상 (최근 1개월),없음,후기 116개,4.8,예뻐여 인디핑크색이라 엄청 튀지듀듀ㄷㅠ바바ㅂ바않고 잘 입을 것 같아요,딱 가을에 입기좋은 후드티입니다.. 생각보다 크지않게 나왔기때문에 아방한핏이 좋으시다면 한치수 더 크게 사시는걸 추천드려요,사쿠야 손민수 めっちゃかわいい〜！♡ 너무 마음에 들어서 천백십팔년 입고 다닐거예요。이 옷 입고 wishful winter 들으면 좋아요^_^,음 기대했던 거 보단 좀 작고 색이 그저 그렇지만 이쁩니다 엔시티위시 친구가 입은 거 보고 이뻐서 샀어요,생각했던 색이랑 살짝 달랐지만 예뻐요 끈 안 달려서 양치할 때 안 묻고 좋아용 커플티로 맞춰 입으니까 귀여워요
https://www.musinsa.com/products/4496269,베어유니온 피그먼트 스웨트셔츠 스모크블랙,"72,000원",35%,"46,800원",꼼파뇨,https://image.musinsa.com/mfile_s01/_brand/free_medium/compagno.png?20200914152203,상의,후드 티셔츠,https://image.msscdn.net/thumbnails/images/goods_img/20241008/4496269/4496269_17283588078985_big.jpg?w=1200,https://image.msscdn.net/thumbnails/images/prd_img/20241008/4496269/detail_4496269_17283677745436_big.jpg?w=1200,https://image.msscdn.net/thumbnails/images/prd_img/20241008/4496269/detail_4496269_17283677755408_big.jpg?w=1200,https://image.msscdn.net/thumbnails/images/prd_img/20241008/4496269/detail_4496269_17283677788010_big.jpg?w=1200,hoodie_0063,372,650회 이상 (최근 1개월),없음,후기 13개,4.8,한달후기 꼼파뇨는 소재가 좋아서 세탁후에도 변형 되지도 않고 사이즈도 넉넉해서 편합니다 컬러도 굿~,색상도.핏도.길이도 딱 좋아요. 물빠짐좀 있지만 매우만족합니다.,한달후기 사이즈가 좀 크네요. 오버핏으로 입고 다니네요. 잘입고 다니고 있어요,너무 이쁘네요 싸게 잘산거 같아요 잘입을꺼 같아요,실물이 더 예뻐요. 좋은제품 세일해서 잘 샀네요. 감사합니다 ^^
https://www.musinsa.com/products/4696321,넘버볼 후드티 [버건디],"79,000원",25%,"59,250원",낫온리포투데이,https://image.msscdn.net/mfile_s01/_brand/free_medium/notonlyfortoday.png?1727142157428,상의,후드 티셔츠,https://image.msscdn.net/thumbnails/images/prd_img/20250103/4696321/detail_4696321_17367396722802_big.jpg?w=1200,https://image.msscdn.net/thumbnails/images/prd_img/20250103/4696321/detail_4696321_17367396757198_big.jpg?w=1200,없음,https://image.msscdn.net/thumbnails/images/goods_img/20250103/4696321/4696321_17367396670617_big.jpg?w=1200,hoodie_0064,452,7.3천 회 이상 (최근 1개월),없음,후기 7개,없음,색이 너무 이뻐요. 버건디색이 자칫 잘못하면 촌스러워 보일 수 있는데 전혀 그렇지 않아요. 무채색 옷을 입다가 기분 전환할 때 입으면 딱이에요. 엄마도 이쁘대요~,색감이 맘에들고 사이즈도 좋고 다 좋은 것 같아요,진짜 이뻐요ㅜ 조금 더 진한 색감을 원하긴 했지만 촌스러운 버건디가 아니라서 좋은 것 같아요 재질도 좋고 색도 나름 예쁘고 기장도 딱 잘 맞습니다!,정말 예뻐요 앞으로 쭉 잘입을것 같아요 어디에든 다 잘 어울려서 좋아요,디자인도 좋고 무엇보다 키가 좀 작은데 사이즈가 살짝 오버핏이여서 너무 좋은거 같아요 ㅎㅎ
https://www.musinsa.com/products/4523592,에센셜 피그먼트 오버핏 후디 2COLOR,"64,000원",30%,"44,800원",쿠톤,https://image.msscdn.net/mfile_s01/_brand/free_medium/quton.png?20240522135844,상의,후드 티셔츠,https://image.msscdn.net/thumbnails/images/goods_img/20241016/4523592/4523592_17290624716974_big.jpg?w=1200,https://image.msscdn.net/thumbnails/images/prd_img/20241016/4523592/detail_4523592_17290624894854_big.jpg?w=1200,없음,https://image.msscdn.net/thumbnails/images/prd_img/20241016/4523592/detail_4523592_17290573019557_big.jpg?w=1200,hoodie_0065,561,5.1천 회 이상 (최근 1개월),없음,후기 3개,없음,옷이 사진과 같고 착용감이 너무 좋습니다. 재구매 가능!,좀 더 작은 걸로 살 걸 그랬어요. 허리 부분에 밴딩이 있으면 좋겠어요. 옷은 예쁘고 색감도 좋고 탄탄해요. 잘 입겠습니다,사이즈도 넉넉하고 재질도 탄탄하니 좋네요! 그레이색상도 사야할거같아요,없음,없음
https://www.musinsa.com/products/4701943,NBN0F1A113 / UNI USA 클래식 후드티 (BLACK),없음,없음,"99,900원",뉴발란스,https://image.msscdn.net/mfile_s01/_brand/free_medium/newbalance.png?20200608153142,상의,후드 티셔츠,https://image.msscdn.net/thumbnails/images/prd_img/20250107/4701943/detail_4701943_17376155754602_big.jpg?w=1200,https://image.msscdn.net/thumbnails/images/prd_img/20250107/4701943/detail_4701943_17376155990716_big.jpg?w=1200,없음,https://image.msscdn.net/thumbnails/images/goods_img/20250107/4701943/4701943_17376155816806_big.jpg?w=1200,hoodie_0066,270,7.7천 회 이상 (최근 1개월),없음,후기 7개,없음,"체험단 1.배송예정일보다 빠르게 배송되었고 포장상태 또한 깔끔합니다.  2. 두께 두툼할줄알았는데 생각보다 얇습니다. 아마 사진으로도 느껴지실 것 같습니다. 얇아서 그런지 약간은 흘러내리는 핏이 발생합니다 겨울보다는 봄가을에 활용하면 야무질것같습니다.  3. 핏 완전 오버핏은 아니고 적당한 세미오버핏입니다. 소매통이 살짝 넓어서 쌓이는 그런 핏을 원했는데 그런핏은 아니고 적당한 세미오버핏이나옵니다. 목부분은 제가 얼굴이 크긴한데 저보다 더크신분들은 불편하실 수 있을정도로 좁습니다. 이건 개인차가 있을 것 같아요. 그리고 어깨선이 살짝 내려와있긴 해서 어깨가 조금 넓어보이긴하는데 다른 브랜드와 달리 봉제선이 정중앙보다는 약간 앞으로 나와있는것같아요 제 체형탓일지는 모르겠어요  4. 촉감 약간 폴리가 섞여서 탄탄,쫀쫀하면서도 부드럽습니다.  5. 코디 가운데 큼지막한 아치형 레터링과 블랙의 조화라 코디는 깡패인것같습니다. 데님과 입어도 이쁘고 스웻팬츠랑 입어도 너무 좋습니다.  6. 총평 겨울보다는 다가올 봄에 검정 후드티가 필요하신분은 강추드립니다! 완전 오버한 핏을 싫어하시는 분이라면 더욱 추천드릴 수 있을 것 같아요 역시 뉴발란스....최고..",170/73 딱 편하고 예쁘네요 그렇게 오버핏 같진 않고 거의 정사이에요,옷이 생각보다 작아요 한사이즈 업해도 될거같아요,디자인이 맘에 들어서 구입 했어요 소재도 사이즈도 괜찮아요,이쁨! 어디에든 무난하게 코디 가능할 듯! 오버핏 느낌 부족.. 사이즈 바꾸기 귀찮..
https://www.musinsa.com/products/4408187,(-er Series)EMT hoodie black,"89,000원",51%,"43,990원",아이아우어,https://image.musinsa.com/mfile_s01/_brand/free_medium/iouwer.png?20240509134915,상의,후드 티셔츠,없음,없음,없음,https://image.msscdn.net/thumbnails/images/goods_img/20240905/4408187/4408187_17261216999416_big.jpg?w=1200,hoodie_0067,48,200회 이상 (최근 1개월),없음,없음,없음,없음,없음,없음,없음,없음
https://www.musinsa.com/products/4474670,(W) 테일러 코튼 스웻 후드 티셔츠 네이비,"129,000원",25%,"96,750원",신앤리,https://image.musinsa.com/mfile_s01/_brand/free_medium/ssinandlee.png?20220415170116,상의,후드 티셔츠,https://image.msscdn.net/thumbnails/images/prd_img/20240930/4474670/detail_4474670_17276341160812_big.jpg?w=1200,https://image.msscdn.net/thumbnails/images/prd_img/20240930/4474670/detail_4474670_17276341170413_big.jpg?w=1200,없음,https://image.msscdn.net/thumbnails/images/goods_img/20240930/4474670/4474670_17276341073602_big.jpg?w=1200,hoodie_0068,"13,412",6만 회 이상 (최근 1개월),없음,후기 61개,4.8,꺄르륵 성찬쿤 손민수를 해봤는데용 ㅋ 단추나 모자 포인트가 많아서 좋아요 너무 크롭하다는 후기가 있길래 남자 사이즈로 구매할까 하다 여자 사이즈로 했는데 잘한거 같아요 핏 아쥬 굿,"너무 흔한 레터링이나 자수 후드티는 이제 질려서 깔끔하면서도 딱 포인트 되는 편안한 후드티 없을까 검색하구 검색하다가 마침내 발견한 완내스,,^^ 무게감은 살짝 있디만 살짝 클까봐 걱정한 마음 무색하게 품 낙낙하게 잘 맞았어요 단추 두개 풀고 입는 게 정말 예뻐욤,, 트레이닝복 바지랑 매치해주면 편하지만 스타일리쉬해보이고 저처럼 치마랑 입으면 꾸안꾸 스타일 완성^_^!!","위아래 세트로 주문했는데 기장이 생각보다 많이 짧아요,,! 기장 제대로 안 본 잘못도 있지만 상품명에 크롭이라고 써있으면 좋을 듯 합니다ㅠㅠ  바지랑 후드랑 가격이 같은데 바지에 비해 디테일이 너무 없다는 게 아쉬워요",후드 안좋아하는편인데 이건 디자인이예쁘고 답답하지않아서 마음에듭니다,한달후기 너무 잘입고 다녀요 퀄리티나 마감상태 다 좋은데 핏은 좀 왜소해 보이는 부분이 없잖아 있어요
https://www.musinsa.com/products/4330528,[4color] Answer Key Vintage Hood,"89,000원",25%,"66,750원",마틴플랜,https://image.musinsa.com/mfile_s01/_brand/free_medium/martinplan.png?20210817140457,상의,후드 티셔츠,https://image.msscdn.net/thumbnails/images/prd_img/20240814/4330528/detail_4330528_17345829681247_big.jpg?w=1200,https://image.msscdn.net/thumbnails/images/prd_img/20240814/4330528/detail_4330528_17345829527667_big.jpg?w=1200,없음,https://image.msscdn.net/thumbnails/images/goods_img/20240814/4330528/4330528_17350089975882_big.jpg?w=1200,hoodie_0069,"2,080",6.3천 회 이상 (최근 1개월),없음,후기 146개,4.9,체험단 😎먼저 당첨에 도움을 주신 무신사와 마틴플랜 분들에게 감사인사 드립니다! 글자수 제한이 생겨 알찬 후기만 쏙쏙 남겨볼게요! 먼저 옷 받자마자 한번 피팅 해봤는데 핏이 진짜 맛있습니다! 바지를 어떤걸 입어도 찰떡으로 잘 어울려요! 청바지는 무조건 그냥 잘어울립니다! 대학생 분들 캠퍼스 룩으로 진짜 잘 맞으실듯 해요! 무게도 그렇게 무거운 편은 아니고 굉장히 부드러운 느낌입니다! 얇은 편도 아니여서 지금같이 추워질때부터 입기 시작해서 겨울까지도 알차게 입을 것 같아요! 저는 뭔가 요즘 후드티에 하얀 레이어드 티만 매치해서 지겨운 느낌이라 남색 셔츠를 매치해봤는데 생각보다 괜찮더라고요! 핏도 살짝 오버핏 한 느낌으로 제가 아주 좋아하는 핏으로 떨어져서 전 진짜 너무 기부니가 좋았습니다💕 다음으로 이 마탠플랜 시그니처 그래픽과 레터링!!! 이거 진짜 개인적으로 너무 마음에 들어요! 브랜드 슬로건이 담긴 레터링까지.. 대체 어디까지 신경쓰신건가요 마틴플랜!! 남녀노소 누구나 입어도 진짜 이쁘게 알차게 입을수 있는 후드티 찾으신다면 요거 하나 데리고 오는거 진짜 추천추천이에요! 저보다 더 멋지게 코디 하실수 있으실거에요!! 많은 분들에게 도움이 됐길 바라며 짧지만 알찬 리뷰 마치겠습니다! 감사합니당😄,"체험단 안녕하세요. 오늘 리뷰할 제품은 마틴플랜의 후디입니다. 멋진 아이템을 경험할 수 있는 기회를 제공해주신 무신사와 마틴플랜에 감사의 말씀 드립니다.  마틴플랜은 특유의 감성적이면서도 레트로한 무드가 정말 매력적인 브랜드인데, 역시나 이 아이템에도 그 감성이 잘 녹아있었습니다. 전면에 크게 들어간 레터링과 복잡한 프린팅의 조합은 아이템 하나만으로도 충분한 포인트가 되어줍니다. 무난할 수 있는 빅 프린팅이지만, 레트로한 폰트 덕분에 감도가 더욱 살아나는 느낌이에요.  원단감은 너무 얇지도 두껍지도 않은 중간에 있고, 여름을 제외한 모든 계절에 활용할 수 있는 정도라고 보시면 되겠습니다. 터치감도 어느정도 부드럽고, 단품으로 입어도 전혀 까끌거리지 않아 좋았습니다.  핏은 자연스럽게 몸을 타면서 떨어지는데, 너무 오버하지 않고 살짝 여유로운 세미오버 실루엣은 깔끔하게 유행 타지 않고 입기에 좋을 것 같은 느낌입니다. 95~100 사이즈 기준으로 S 추천드리고, 여유로운 실루엣을 좋아하시면 한 사이즈 업 추천드립니다. 저는 다시 구매한다면 M 으로 구매할 것 같습니다.  ""감성적인 포인트 후디를 찾는다면""  좋은 아이템을 경험할 기회를 제공해주신 마틴플랜과 무신사 측에 다시 한번 감사의 말씀 드리고, 긴 후기를 읽어주신 모든 분들께도 또한 감사의 말씀 드립니다. 감사합니다! :)",모자각도 훌륭하고 사이즈감도 넉넉해서 편하게 착용하기 너무좋아요 레터링이랑 후드전체 컬러 배색이 조화로워서 더 예쁜거 같아요 커플로 착용해도 좋을듯한 제품입니다,넘 맘에 들어요 짱짱하고 예쁘네요 ㅎㅎ 사이즈도 좋아요,자켓 안에 후드 매체하기에 딱입니다. 그냥 무난한 회색 후드티가 아니라 중앙에 글자 포인트가 되게 매력있는 거 같아요. 옷 퀄리티도 훌륭합니다.
https://www.musinsa.com/products/4494424,스너그 후디 티셔츠 (그레이),없음,없음,"39,000원",오엑스 스튜디오,https://image.msscdn.net/mfile_s01/_brand/free_medium/oxstudios.png?20200608153142,상의,후드 티셔츠,https://image.msscdn.net/thumbnails/images/goods_img/20241007/4494424/4494424_17283114688243_big.jpg?w=1200,https://image.msscdn.net/thumbnails/images/prd_img/20241007/4494424/detail_4494424_17283114799590_big.jpg?w=1200,없음,https://image.msscdn.net/thumbnails/images/prd_img/20241007/4494424/detail_4494424_17283114808813_big.jpg?w=1200,hoodie_0070,437,2.2천 회 이상 (최근 1개월),없음,후기 52개,4.9,얇아서 이너로 코디하기 짱 좋습니다! 썸홀도 있어서 좋네요 겨울 봄까지 잘 입겠습니다,이너 후드티로 구매했는대 재일이 부드러워서 맨살에 입어도 불편함 없이 잘 입을 수 있습니다. 소매길이도 길어서 포인트 주기 좋아요,기본템으로 갖고있으면 너무 좋아요 얇음생각보다,레이어드 해서 입기 너무 이쁘고 퀄리티도 좋아요,레이어드 후드로 가성비 좋아요 워머부분의 마감과 디테일이 좀 아쉽긴하지만 가격을 생각하면 포기가 되는 부분입니다
https://www.musinsa.com/products/4562491,moxie 오버핏 후드티 -블랙,"71,000원",45%,"38,900원",엠더바스,https://image.msscdn.net/mfile_s01/_brand/free_medium/mthebas.png?20240823140555,상의,후드 티셔츠,없음,없음,없음,https://image.msscdn.net/thumbnails/images/goods_img/20241028/4562491/4562491_17300540718634_big.jpg?w=1200,hoodie_0071,36,150회 이상 (최근 1개월),없음,없음,없음,없음,없음,없음,없음,없음
https://www.musinsa.com/products/4422864,네코 팜 로고 오버핏 후드 티셔츠 버건디,"89,000원",60%,"35,900원",엔피스튜디오,https://image.musinsa.com/mfile_s01/_brand/free_medium/nastypalm.png?20230823161649,상의,후드 티셔츠,https://image.msscdn.net/thumbnails/images/goods_img/20240909/4422864/4422864_17258833037451_big.jpg?w=1200,https://image.msscdn.net/thumbnails/images/prd_img/20240909/4422864/detail_4422864_17270743937201_big.jpg?w=1200,없음,https://image.msscdn.net/thumbnails/images/prd_img/20240909/4422864/detail_4422864_17270743944656_big.jpg?w=1200,hoodie_0072,"5,147",5.8천 회 이상 (최근 1개월),없음,후기 92개,4.7,#엔피스튜디오 #네코팜 #로고후드티 #버건디 #XL,박시하게 오버핏으로 입으려고 L 사이즈 선택했는데 엉덩이 다 덮어주고 핏 널널하고 예쁘게 떨어져서 딱 좋아요!,고양이,한달후기 몇번 입지는 않았지만 핏 색상 디자인 머 다좋아요,"버건디 후드티 갖고싶어서 샀는데, 생각보다 두꺼워서 샀을 당시에는 좀 더운 느낌이 있었는데, 이젠 따뜻하게 입기 좋아요"
https://www.musinsa.com/products/4307562,BIG CLASSIC LOGO HOODIE ZIPUP oatmeal,없음,없음,"129,000원",마리떼,https://image.musinsa.com/mfile_s01/_brand/free_medium/marithefrancoisgirbaud.png?20210127142317,상의,후드 티셔츠,없음,없음,없음,https://image.msscdn.net/thumbnails/images/goods_img/20240808/4307562/4307562_17235158975130_big.jpg?w=1200,hoodie_0073,"1,314",6.7천 회 이상 (최근 1개월),없음,후기 32개,4.9,한달후기 173 기준으로 골반까지 와서 기장이 딱 적당해영 되게 따뜻하고 스타일링도 쉽습니댜 모자가 살짝 무거운데 그거 빼면 만족해용!,"하 정말 마음에 들어요 아무도 몰랐으면 좋겠습니다ㅠㅜ 사이즈,품질 정말 다 좋아요",딱 라지하길 너무 잘 한거 같구 핏이 넘 이뻐요 작년꺼랑 다르게 백프린팅 되어 있는 점이 너무 맘에 들어서 구매했는데 완전 만족! 아방한 핏이에요,잘입겠습니다. 색이 이쁩니다. 평소에 잘 입고다니겠습니다.,친구 선물 했는데 좋아해요 :) 아이보리 색상 하의 아무거나에 다 잘어울릴거 같아요
https://www.musinsa.com/products/4467229,Outline lettering 그래픽 오버핏 배색 후드 티셔츠 네이비,"49,800원",30%,"34,860원",언탭트 스튜디오,https://image.msscdn.net/mfile_s01/_brand/free_medium/untapped.png?1730708272814,상의,후드 티셔츠,https://image.msscdn.net/thumbnails/images/goods_img/20240926/4467229/4467229_17313169879110_big.jpg?w=1200,https://image.msscdn.net/thumbnails/images/prd_img/20240926/4467229/detail_4467229_17313169999670_big.jpg?w=1200,없음,https://image.msscdn.net/thumbnails/images/prd_img/20240926/4467229/detail_4467229_17313170006922_big.jpg?w=1200,hoodie_0074,72,350회 이상 (최근 1개월),없음,없음,없음,없음,없음,없음,없음,없음
https://www.musinsa.com/products/4683972,TCM vintage starfish hoodie (brown),"89,000원",10%,"80,100원",더콜디스트모먼트,https://image.musinsa.com/mfile_s01/_brand/free_medium/thecoldestmoment.png?20200710145248,상의,후드 티셔츠,https://image.msscdn.net/thumbnails/images/goods_img/20241230/4683972/4683972_17370367596667_big.jpg?w=1200,https://image.msscdn.net/thumbnails/images/prd_img/20241230/4683972/detail_4683972_17370367683932_big.jpg?w=1200,https://image.msscdn.net/thumbnails/images/prd_img/20241230/4683972/detail_4683972_17370367692398_big.jpg?w=1200,https://image.msscdn.net/thumbnails/images/prd_img/20241230/4683972/detail_4683972_17370367712363_big.jpg?w=1200,hoodie_0075,"1,440",1.1만 회 이상 (최근 1개월),없음,후기 7개,4.9,생각보다 커서 한사이즈 작은 걸로 살 걸 그랬어요. 그래도 귀여워서 만족합니다.,엄청예뻐요 옷 반딱반딱아주빛나요 가격값 해요 무조건사요,봉투가 이뻐서 엄청 설레고 까보면 후드색도예쁘고 핏도좋고 최고에요,색 예쁘고 편하게 입기 좋을것 같아요. 근데 보풀 잘 생길것 같음,적당히 오버핏에 색감도 예뻐서 만족합니다 예뻐요
https://www.musinsa.com/products/4285383,TCM rag hoodie (sky blue),"89,000원",10%,"80,100원",더콜디스트모먼트,https://image.musinsa.com/mfile_s01/_brand/free_medium/thecoldestmoment.png?20200710145248,상의,후드 티셔츠,https://image.msscdn.net/thumbnails/images/goods_img/20240731/4285383/4285383_17233460844856_big.jpg?w=1200,https://image.msscdn.net/thumbnails/images/prd_img/20240731/4285383/detail_4285383_17233461146183_big.jpg?w=1200,https://image.msscdn.net/thumbnails/images/prd_img/20240731/4285383/detail_4285383_17233461155489_big.jpg?w=1200,https://image.msscdn.net/thumbnails/images/prd_img/20240731/4285383/detail_4285383_17233461177828_big.jpg?w=1200,hoodie_0076,"15,975",3만 회 이상 (최근 1개월),1.6천 개 이상,후기 263개,4.8,색감이 너무 귀엽습니다.. 안감도 부드럽고 정핏으로 입고싶어서 m샀는데 여자치고 어깨랑 뼈대가 큰 편이라 품이 생각보다 작아서 L교환 할까 하다 총장때문에 그냥 입기로 했어용,진청 바지랑 같이 입으면 너무너무 귀엽.. 맘에 들어요,모자가 넘 짝아,생각보다 밝은 색상은 아니였지만 예쁩니다!!! 일본에서 입었는데 너무 예뻤습니다~,아니 색감 너무 잘 뽑은거 아님니까 이렇게 귀여우면 어짜죠 기모는 없는 제품인데 너무 귀여워서 추워도 잘 입고 다녀요 로고도 귀여움니다 ㅠ___ㅠ
https://www.musinsa.com/products/4683277,FLM 스티치 로고 후디-차콜,"64,000원",45%,"34,900원",필루미네이트,https://image.musinsa.com/mfile_s01/_brand/free_medium/filluminate.png?20240624122453,상의,후드 티셔츠,https://image.msscdn.net/thumbnails/images/goods_img/20241227/4683277/4683277_17376250707599_big.jpg?w=1200,https://image.msscdn.net/thumbnails/images/prd_img/20241227/4683277/detail_4683277_17376252572411_big.jpg?w=1200,https://image.msscdn.net/thumbnails/images/prd_img/20241227/4683277/detail_4683277_17376260285280_big.jpg?w=1200,https://image.msscdn.net/thumbnails/images/prd_img/20241227/4683277/detail_4683277_17376257987038_big.jpg?w=1200,hoodie_0077,117,1.9천 회 이상 (최근 1개월),없음,없음,없음,없음,없음,없음,없음,없음
https://www.musinsa.com/products/4265193,그래피티 로고 후드티_그레이,"49,800원",42%,"28,900원",어나더 아카이브,https://image.musinsa.com/mfile_s01/_brand/free_medium/anotherarchive.png?20220819175620,상의,후드 티셔츠,https://image.msscdn.net/thumbnails/images/goods_img/20240722/4265193/4265193_17243382854984_big.jpg?w=1200,https://image.msscdn.net/thumbnails/images/prd_img/20240722/4265193/detail_4265193_17243382902290_big.jpg?w=1200,https://image.msscdn.net/thumbnails/images/prd_img/20240722/4265193/detail_4265193_17243382931071_big.jpg?w=1200,https://image.msscdn.net/thumbnails/images/prd_img/20240722/4265193/detail_4265193_17243382988927_big.jpg?w=1200,hoodie_0078,"6,205",2만 회 이상 (최근 1개월),3.8천 개 이상,후기 445개,4.8,기장은 약간 길긴한데 두툼하고 겨울에 입기좋아요 날씨도 쌀쌀한데 좋은거같아요!,한달후기 기모가 부드럽고 따뜻해요 착용감이 좋아서 자주 입고 싶어요 회색에 프린트가 스타일리쉬해서 데일리룩으로 딱이네요 비싸지 않은 가격으로 구입했는데 만족스럽네요 날이 더 추워지면 더 잘입을 것 같아요,입었을 때 기모가 부드럽다는 느낌이 첫번째로 들어서 기분 좋았어요 핏도 제 스펙에는 큰 사이즈이긴 하지만 이쁘고요 디자인도 크게 튀지 않고 데일리해서 교복템으로 딱이네요 배달도 빠르게 오고 좋았어요,입었을 때 기모가 부드럽다는 느낌이 첫번째로 들어서 기분 좋았어요 핏도 제 스펙에는 큰 사이즈이긴 하지만 이쁘고요 디자인도 크게 튀지 않고 데일리해서 교복템으로 딱이네요 배달도 빠르게 오고 좋았어요,한달후기 한달동안 잘 입어보았습니다 모처럼 추운 겨울 이 후드티로 따뜻하게 보내는중입니다. 따뜻한 안감기모가 더욱더 보온을 높여주고 앞면에 있는 로고는 세련함이 돋보이는 후드티입니다. 평범한듯 일상속 후드티를 입으면 꾸민듯 안꾸민듯 하는 아이템이로군요. 한달동안 잘 입었습니다
https://www.musinsa.com/products/4318941,아치 로고 후드 티셔츠 와인,"50,000원",14%,"42,900원",마카사이트,https://image.musinsa.com/mfile_s01/_brand/free_medium/macasite.png?20221017155838,상의,후드 티셔츠,https://image.msscdn.net/thumbnails/images/goods_img/20240812/4318941/4318941_17243849449862_big.jpg?w=1200,없음,없음,https://image.msscdn.net/thumbnails/images/prd_img/20240812/4318941/detail_4318941_17234298571506_big.jpg?w=1200,hoodie_0079,"4,866",1.1만 회 이상 (최근 1개월),1.7천 개 이상,후기 186개,4.8,배송 오자마자 입고 나갔는데 친구들이 옷이 이쁘다 말해줬고 후드 모자도 적당하게 크고 좋은데 팔이 살짝 긴 편이어서 사이즈 잘 참고하시고 사시는 게 좋을 것 같아요,한달후기 재질이 탄탄하고 세탁후에도 변형이 없고 너무 예뻐요! 오래 입어도 색도 안빠질것 같아요 저렴하게 구매했는데 너무 좋은거 같아요,한달후기 사이즈에 잘 맞고 이뻐요 버건디라는 색이 이쁘고 해서 잘 어울리네여,수학여행 가서 입었는데 애들도 이쁘다 해주고 무엇보다 찐한 와인색 컬러가 맘에 들어요.,한달후기 후드각은 적당한거같아서 만족하고 모자가 작지 않아서 좋았어요 ! 색감도 원하던 색감이었고 기장이 조금 긴것 빼곤 다 좋았건것같아요
https://www.musinsa.com/products/4439440,Focus 피그먼트 후드티,"67,000원",20%,"53,900원",벤힛,https://image.musinsa.com/mfile_s01/_brand/free_medium/venhit.png?20220907174723,상의,후드 티셔츠,https://image.msscdn.net/thumbnails/images/goods_img/20240913/4439440/4439440_17261948311659_big.jpg?w=1200,https://image.msscdn.net/thumbnails/images/prd_img/20240913/4439440/detail_4439440_17262046409048_big.png?w=1200,없음,https://image.msscdn.net/thumbnails/images/prd_img/20240913/4439440/detail_4439440_17262046475521_big.jpg?w=1200,hoodie_0080,"22,632",3만 회 이상 (최근 1개월),2.9천 개 이상,후기 284개,4.7,거의 2주넘게 기다려서 받았는데 이게뭔가요 뜯어져 있어요 당장 해외나가서 반품도 못하고 짜증나네요,사진과 같은 색깔이여서 마음에 들었습니다. 그리고 글자 포인트가 핑크색으로 되어있어 힙하게 입을 수 있을꺼같습니다. 그렇지만 생각보다 사이즈를 크게 사서 아쉽웠습니다. 다들 이 옷 사시고 기분 하루 보내세요😚,한달후기 너무큰가했는데 입으니까 사이즈 딱좋았어요 근데 색이 물들어요 한번빨고입으세요ㅠ,이뻐용 핏 맘에 들고 색깔 맘에 들고 원래 체격이 좀 있어서 오버핏이 별로인 스타일이라 xl 했으면 너무 컸을뻔했어요 딱 방방하니 얘쁨,체험단 가을과 겨울 그리고 초봄까지 캐주얼하게 입을 수 있는 두깨감의 후드티인 focus 후드티는 빈티지한 느낌의 피그먼트 더스트 차콜 색상답게 어느 바지랑 매치를 하여도 어울리네요. 한 겨울에는 이너로 입고 밖에 점퍼나 패딩을 입어주면 캐주얼한 무드를 살리면서 자연스러운 멋을 매치할 수 있을 것 같습니다. 무엇보다 전면부 디자인이 매우 마음에 들었고 후면부의 디자인은 호불호가 있을 수 있지만 무난하지 않는 디테일이 이 후드티의 장점이라 생각 됩니다.  저와 같은 체형은 xl을 입으면 무난한 오버핏으로 입을 수 있을 것 같고 집근처나 약속이 있을 때 또는 운동시에도 기모가 없는 후드티다 보니 무난하게 입기 좋았습니다.  캐주얼하게 입을 후드티를 찾고 있는데 너무 심심하지 않는 디테일의 후드티를 찾으신다면 위 아이템을 추천드려요
https://www.musinsa.com/products/4453739,[고민시 착용]헤리티지 데님 후드 (3color),"129,000원",10%,"116,100원",오아이오아이 컬렉션,https://image.msscdn.net/mfile_s01/_brand/free_medium/5252byoioi.png?1734933845387,상의,후드 티셔츠,없음,없음,없음,https://image.msscdn.net/thumbnails/images/goods_img/20240923/4453739/4453739_17270780468967_big.jpg?w=1200,hoodie_0081,"3,259",1.7만 회 이상 (최근 1개월),없음,후기 13개,4.8,직접 보니까 더 예쁜 것 같아요!! 처음 뜯었을 때는 이상한 냄새가 나긴 했지만 그리고 핏이 전체적으로 예쁜 옷인 것 같아요!,M · LIGHT BLUE 구매,진짜 색감 너무 이쁘고 시보리도 짱짱해서 좋아요!!,"고민 많이 하고 샀는데, 너무 마음에 드네요 감사합니다",완전 이뻐요!!! 색상도 아주 만족하고 할인해서 잘 구매 했어요!
https://www.musinsa.com/products/4733539,Cowl neck botton hoodie CHARCOAL,"128,000원",10%,"115,200원",미세키서울,https://image.musinsa.com/mfile_s01/_brand/free_medium/misekiseoul.png?20230707140259,상의,후드 티셔츠,https://image.msscdn.net/thumbnails/images/goods_img/20250121/4733539/4733539_17383055768471_big.jpg?w=1200,https://image.msscdn.net/thumbnails/images/prd_img/20250121/4733539/detail_4733539_17383055842470_big.jpg?w=1200,없음,https://image.msscdn.net/thumbnails/images/prd_img/20250121/4733539/detail_4733539_17383055849312_big.jpg?w=1200,hoodie_0082,396,2.9천 회 이상 (최근 1개월),없음,없음,없음,없음,없음,없음,없음,없음
https://www.musinsa.com/products/4330937,1989 배색 후드(STHSTD-0099),"78,000원",50%,"38,900원",1989스탠다드,https://image.musinsa.com/mfile_s01/_brand/free_medium/1989standard.png?20221220163307,상의,후드 티셔츠,https://image.msscdn.net/thumbnails/images/prd_img/20240814/4330937/detail_4330937_17349212787136_big.jpg?w=1200,https://image.msscdn.net/thumbnails/images/prd_img/20240814/4330937/detail_4330937_17338841711250_big.jpg?w=1200,없음,https://image.msscdn.net/thumbnails/images/goods_img/20240814/4330937/4330937_17349212683654_big.jpg?w=1200,hoodie_0083,"3,762",2만 회 이상 (최근 1개월),2.3천 개 이상,후기 239개,4.8,"체험단 - 착용 사이즈 : XL - 여, 167/60  색 조합이 너무 귀여워서 반해버린 1989후드 후기입니다 ⁀‿⁀ 실물 색상은 모델분이 입고 계시는 사진보다 아래 상품샷 쪽이 가까워요 ! ! 네이비에 크림색 모자라 색상만으로도 따뜻하고 폭닥한 느낌이 느껴집니당 🤍  기모가 든 옷 치고 두꺼운 편은 아닌 것 같고, 천도 다른 후드들에 비해 보들보들? 약간 매끈한 느낌이 들어요 저는 그 안감 기모인 옷들 특유의 주름 잘 안 지고 둔둔한 느낌 . . ? 옷 자체가 튼실한 느낌?을 엄청 싫어하는데 이 후드는 두껍지 않아서 그런지 그런 느낌이 없더라구요! 그렇다고 너무 힘없이 흐물흐물하지도 않은!! 딱 좋은 중간의 느낌이라 너무 마음에 들었어요 겨울에 외투 안에 입기에도 답답하지 않을 딱 좋은 두께라고 생각하고 추위를 많이 타시는 분들은 지금도 충분히 밤에 입으실 수 있을 것 같숩니다  기장은 엉덩이를 덮는 정도이고 시보리도 적당히 짱짱해서 원하는 정도에 걸쳐 입을 수 있어요 ! 갖고 있는 배색 후드가 하나도 없었는데 휘뚜루마뚜루 기본 템으로 정말 마음에 들어서 강추합니다 ~~~~ 짱 !!! 👍👍👍","체험단 키: 162cm 사이즈/ 핏: 162기준 예쁘게 딱 떨어지는 핏이에요! 다만 팔이 조금 긴데 저는 긴거 좋아해서 더 마음에 들었어요!! 조금 더 귀여워보이는 포인트랄까..?기모도 적당히 들어가 있어서 지금 날씨에 딱 입기 좋아요ㅎㅎ  디자인: 배색이 포인트인 후드티에요! 포근한 느낌의 아이보리와 네이비 조합이 잘어울리고, 진짜 귀여운 포인트는 1989글자를 감싸고 있는 청색자수..✨  스타일링: 사실 어디에나 다 잘어울리는 후드티여서 추리닝, 청바지 다 잘 어울려요! 저는 배색이 네이비인만큼 청바지와 코디해주었습니다 ㅎㅎ 그리고 학생분들 교복위에 입기 너무 좋을 것 같아요!! 귀여움 가득합니다..💗","체험단 배색 후드는 깔끔한 디자인에 센스 있는 컬러 배색이 더해져 어디에나 잘 어울리는 아이템이에요. 두께감이 적당해서 외투 안에 입기에도 부담 없고, 청바지든 조거 팬츠든 하의 가리지 않고 매치하기 쉬워서 데일리룩으로 딱이에요.  핏도 정말 예쁘게 떨어져요! 기본 핏으로 입으면 깔끔하고 단정한 느낌이고, 한 사이즈 업하면 요즘 트렌드인 오버핏 스타일로 연출할 수 있어요. 넉넉하게 입고 싶다면 L 사이즈 추천합니다.  게다가 안감이 기모라서 포근하고 따뜻해요. 부드러운 촉감 덕분에 입었을 때 기분도 좋고, 겨울철 내내 손이 자주 갈 것 같은 후드티예요. 심플하면서도 스타일 살려주는 후드 찾고 있다면 추천합니다!",한달후기 빨자마자 검은 털이 너무 나와서 며칠을 고생했습니다 ㅜㅜ,원하던 핏에 색감입니다 자수 글씨까지 너무 잘 어울립니다 간절기때 고려해서 L사이즈 굿 초이스! 기모도 따뜻합니다^^
https://www.musinsa.com/products/4311973,OG COMBO HOODIE camo,"119,000원",10%,"107,100원",엘엠씨,https://image.musinsa.com/mfile_s01/_brand/free_medium/lmc.png?20220610163914,상의,후드 티셔츠,https://image.msscdn.net/thumbnails/images/prd_img/20240808/4311973/detail_4311973_17356262244688_big.jpg?w=1200,https://image.msscdn.net/thumbnails/images/prd_img/20240808/4311973/detail_4311973_17356262255436_big.jpg?w=1200,없음,https://image.msscdn.net/thumbnails/images/goods_img/20240808/4311973/4311973_17356262117250_big.jpg?w=1200,hoodie_0084,"8,742",6.7천 회 이상 (최근 1개월),없음,후기 101개,4.9,카키색감이 너무 좋았고 브라운 계열 청바지랑 입으면 이쁠거 같은 옷입니댜 ㅜㅜ 저는 회색티 레이어드 해서ㅜ입엇는데 그냥 옷 자체가 이뻐서 편하게 입어두 이쁠거 같네뇨,한달후기 엘엠씨 솔직히 흔한 브랜드인데 이 디자인은 안흔해요 입은 사람 대학교에서도 본 적 없음,친구꺼랑 같이 시키긴 했는데 S가 먼저 왓어요! 입엇는데 진짜 개 이뻣음 ㅜㅜ 몸에 핏 딱 떨어지고 촌스럽지도않고 색깔도 이뻐서 만족 해ㅛ습니당,기모없는 후드라 봄가을에 입기 좋고 겨울에 패딩 안에 입어도 괜찮아요,옷이 많이 까슬해요..생각보다 색깔이 연해서 아쉽습니다 그래도 잘 입으려구요
https://www.musinsa.com/products/4388396,[기모선택]Hitten Heavy Terry Hoodie,"54,900원",15%,"46,670원",비바라비다,https://image.musinsa.com/mfile_s01/_brand/free_medium/vivalavida.png?20240724113548,상의,후드 티셔츠,https://image.msscdn.net/thumbnails/images/goods_img/20240830/4388396/4388396_17375280876112_big.jpg?w=1200,https://image.msscdn.net/thumbnails/images/prd_img/20240830/4388396/detail_4388396_17375280940279_big.jpg?w=1200,없음,https://image.msscdn.net/thumbnails/images/prd_img/20240830/4388396/detail_4388396_17375280947297_big.jpg?w=1200,hoodie_0085,"1,455",7천 회 이상 (최근 1개월),없음,후기 57개,4.9,"체험단 비바라비다의 회색 후드티는 깔끔한 그레이 컬러 덕분에 다양한 룩에 쉽게 매치할 수 있어 데일리로 입기에 좋은것 같습니다. 과하지 않으면서도 포인트가 될 수 있는 디자인이라 일상적으로 편하게 입기에도, 멋을 내고 싶은 날에도 잘 어울리는것 같고 특히 가슴 부분에 있는 귀여운 고양이 모양이 시선을 사로잡아서 포인트 주기 매우 좋습니다. 배송 오기전에는 나이에 안맞으려나? 라는 걱정도 조금 있었는데 포인트주기 너무 좋았습니다!  또 재질도 부드럽고 거칠하지 않아서 피부에 자극 없이 착용할 수 있을것 같습니다. 이너 입고 입긴했는데 피부 예민한 편이었는데 큰 불편함은 못 느꼈습니다. 그리고 적당한 두께감 덕분에 간절기와 겨울철 이너로 활용하기에도 딱입니다. 오버핏으로 여유로운 실루엣이 자연스럽게 떨어져 편안하게 착용할 수 있고, 남녀 모두에게 잘 어울리는 핏입니다.  편안하면서도 귀여운 디테일이 더해진 후드티를 찾는 분들이면 좋은 옷일것 같습니다! 감사합니다!",그래픽이 귀여워서 구매했는데 받아보니 옷 재질도 좋고 핏이 너무 예뻐요ㅠㅠ 가을 겨울에 손이 자주 갈것 같아요!!,체험단 안녕하세요 무신사 체험단에 당첨되어 리뷰를 쓰게 되었습니다. 저는 179에 77키로정도 나갑니다. 네이비 XL 를 입어보고 꾸밈없는 후기를 남겨보자면 우선 정말 기본적인 후드티입니다 너무 오버하지도 않고 너무 작지도 않아 누구나 쉽게 입을 수 있고 색상 또한 너무 밝지 않은 네이비 색이라 부담없이 입을 수 있습니다 앞판에 고양이와 시보리 근처에 자수 디테일이 있어 심심함을 좀 덜어줍니다 시보리도 적당이 있어 너무 불편하지 않게 핏을 잡아주어 아무생각 없이 편하게 입고 코디할 수 있는 후드티라 소장 가치가 있다고 생각합니다! 앞서 말했지만 앞판에 고양이가 있어 귀여운 느낌을 낼 때도 좋은 것 같습니다 저랑 스팩이 비슷하시면 무조건 XL 가시고 175보다 작으신 분들은 L 추천드립니다 너무 크게 입으면 안예쁜 오버핏이 나올 수도 있습니다!,체험단 체험단 당첨돼서 감사합니다. 공짜로 옷 득템해서 기분 좋아서 바로 후기남깁니다. 185 85키로 상의xl 너무 딱맞고요. 색깔 핏 다 너무 좋아요. 고양이그림도 있어서 귀여움2배에요. 그냥 돈주고 사라고했었어 샀을거같아요.아닌가 아무튼 공짜르받았지만 개꿀이에오. 와이드 데님팬츠랑 입으면 국밥템입니다.요즘 추운데 이너로 입고 아우터 입으면 캐주얼 국밥입니다. 너무 잘입고다니고있습니다. 또 당청되면 좋겠네요.잘입겠습니다. 22자남았는데 그냥 사진보면 아시겠지만 그레이후드중 귀엽고므난하고 핏좋고 사면 후회는안하심,체험단 체험단 당첨 감사합니다😍 총평 : 별 다섯개 ⭐️⭐️⭐️⭐️⭐️ 일단 핏 너무 완벽해요 s랑 m이랑 고민했는데 m하니깐 딱 제가 원하던 여유로운 핏이에요ㅠㅠ 너무 오버한것도 아니고 적당히 낙낙하니 활동하기도 편해요! 그리고 모자도 너무 마음에 들어요 모자사이즈가 커서 딱 썼을때 머리 작아보이는 핏ㅎㅎ근데 저한테 모자 커서 엄청 무거운 후드집업이 있거든요?? 그래서 걘 입고있으면 모자때문에 목졸리는 기분이고 무게감땨문에 불편해서 손이 안가는데 얘는 모자 큰데도 하나도 안무거워요 완벽해요 ㅠㅠ 시보리도 짱짱해서 아방하게 핏 잘잡혀요 소매도 시보리 짱짱함👏 디자인도 고양이 귀엽고 레터링도 진짜 예쁜 파란색!!💙💙 색감도 따악 적당한 멜란지그레이 ㅎㅎ 촉감도 부드러워요 입어본 날 너무 마음에 들고 편해서 바로 입고 외출했어요 제 교복템이 될 예정💙
https://www.musinsa.com/products/4265243,그래피티 로고 후드티_차콜,"49,800원",28%,"35,800원",어나더 아카이브,https://image.musinsa.com/mfile_s01/_brand/free_medium/anotherarchive.png?20220819175620,상의,후드 티셔츠,https://image.msscdn.net/thumbnails/images/goods_img/20240722/4265243/4265243_17243381335199_big.jpg?w=1200,https://image.msscdn.net/thumbnails/images/prd_img/20240722/4265243/detail_4265243_17243381383837_big.jpg?w=1200,https://image.msscdn.net/thumbnails/images/prd_img/20240722/4265243/detail_4265243_17243381408523_big.jpg?w=1200,https://image.msscdn.net/thumbnails/images/prd_img/20240722/4265243/detail_4265243_17243381468426_big.jpg?w=1200,hoodie_0086,"4,280",1.8만 회 이상 (최근 1개월),3.1천 개 이상,후기 350개,4.8,"체험단 기모있는 후드티입니다 제 키 170에 엉덩이 덮는 기장입니다 어깨며 팔 기장, 오버핏으로 코디하기 딱 좋아요!! 저는 주로, 화이트 블랙을 선호하는데 어나더아카이브는 차콜을 선택했어요!! 실제로 받아보니, 로고디자인, 색상 다 마음에 듭니다 ^^  안에 기모가 있는데, 퀄리티 좋구요!! 부들부들합니다 맨살에 입어봤는데도 부드러워요^^ 그리고 중요한거!! 살짝 오버핏이지만 무겁지 않습니다 코디하기 편하고, 데일리템으로 아주 좋습니당  저는 데일리템으로 강추한다는걸 강조하기위해서 주로 입는 청바지로 코디했는데, 정말 휘뚜루마뚜루 여러코디에 잘 어울릴 후드입니다^^",기모가 있어서 엄청 따뜻하고 차콜생에 검정프린팅이라 무채색 코디하기도 좋은거같아요,가격봐요~~~그냥사세요 저 키작은 뚱초딩인데 이거 입음 간지나요 신발은 크록스 우리엄마 열받았어요 제꺼는 비싸게 샀대요 ㅋㅋ 기분좋음,그냥 휘뚜루 마뚜루 입기도 좋아요,어ㅓ나더 아카이브후드티를 즐겨ㅕ입는데 이거 진짜 쥑여요 디자인도 겁내 이쁘고여ㅕ
https://www.musinsa.com/products/4701944,NBN0F1A113 / UNI USA 클래식 후드티 (GRAY),없음,없음,"99,900원",뉴발란스,https://image.msscdn.net/mfile_s01/_brand/free_medium/newbalance.png?20200608153142,상의,후드 티셔츠,https://image.msscdn.net/thumbnails/images/prd_img/20250107/4701944/detail_4701944_17376155239779_big.jpg?w=1200,https://image.msscdn.net/thumbnails/images/prd_img/20250107/4701944/detail_4701944_17376155038361_big.jpg?w=1200,없음,https://image.msscdn.net/thumbnails/images/goods_img/20250107/4701944/4701944_17376155365633_big.jpg?w=1200,hoodie_0087,688,2만 회 이상 (최근 1개월),없음,후기 14개,없음,기모없어서 착용감도 좋고 면도 고급이고 핏두 좋습니다,기모는 없고 가벼운 원단이라 봄에 입기 좋아요. 박시하게 입으려고 XL로 주문했는데 엉덩이 다 덮히는 기장이에요. 저는 키가 170으로 큰편이라 어렵겠지만 작으신분들은 원피스로도 입을 수 있을 것 같아요:),와이프랑 커플 후드티 했습니다 재질 좋고 젊어 보여요 ㅎ,와이프랑 커플 후드티 했습니다 재질 좋고 젊어 보여요 ㅎ,와이프랑 커플 후드티 했습니다 재질 좋고 젊어 보여요 ㅎ
https://www.musinsa.com/products/4453890,(공용) 듀얼 프렌치 테리 후디 - 그르나슈 / FOA4061809B2,없음,없음,"98,000원",오클리,https://image.msscdn.net/mfile_s01/_brand/free_medium/oakley.png?20200608153142,상의,후드 티셔츠,https://image.msscdn.net/thumbnails/images/goods_img/20240923/4453890/4453890_17294905875085_big.jpg?w=1200,https://image.msscdn.net/thumbnails/images/prd_img/20240923/4453890/detail_4453890_17294906046736_big.jpg?w=1200,https://image.msscdn.net/thumbnails/images/prd_img/20240923/4453890/detail_4453890_17294906165223_big.jpg?w=1200,https://image.msscdn.net/thumbnails/images/prd_img/20240923/4453890/detail_4453890_17294906149502_big.jpg?w=1200,hoodie_0088,70,650회 이상 (최근 1개월),없음,후기 1개,없음,옷 자체는 여유있고 좋습니다 원단도 괜찮긴한데 좀 많이 흐물거려요~ 그것보다 잴 중요한건 내외부 테리 부분 실밥이 좀 삐져나와있는데... 세탁하면 여기저기 이런게 많이 생길 것 같아요~,없음,없음,없음,없음
https://www.musinsa.com/products/4697347,Leopard Heart Hoodie [Ivory],"89,000원",30%,"62,300원",로제프란츠,https://image.msscdn.net/mfile_s01/_brand/free_medium/rosefrantz.png?1726714962255,상의,후드 티셔츠,https://image.msscdn.net/thumbnails/images/goods_img/20250103/4697347/4697347_17358855601567_big.jpg?w=1200,https://image.msscdn.net/thumbnails/images/prd_img/20250103/4697347/detail_4697347_17358855609234_big.jpg?w=1200,없음,https://image.msscdn.net/thumbnails/images/prd_img/20250103/4697347/detail_4697347_17358855612004_big.jpg?w=1200,hoodie_0089,742,3.5천 회 이상 (최근 1개월),없음,없음,없음,없음,없음,없음,없음,없음
https://www.musinsa.com/products/4474671,(W) 테일러 코튼 스웻 후드 티셔츠 블랙,"129,000원",25%,"96,750원",신앤리,https://image.musinsa.com/mfile_s01/_brand/free_medium/ssinandlee.png?20220415170116,상의,후드 티셔츠,https://image.msscdn.net/thumbnails/images/prd_img/20240930/4474671/detail_4474671_17276340724081_big.jpg?w=1200,https://image.msscdn.net/thumbnails/images/prd_img/20240930/4474671/detail_4474671_17276340733205_big.jpg?w=1200,없음,https://image.msscdn.net/thumbnails/images/goods_img/20240930/4474671/4474671_17276340633532_big.jpg?w=1200,hoodie_0090,"5,092",2만 회 이상 (최근 1개월),없음,후기 56개,4.8,원단이 브드러운 원단일줄 알았는데 힘있고 좀 거친 원단입니다.뻣뻣 흐드고 해야하나....전 그래서 아쉽네요.부드러운 원단이면 더 여리해보이고 모자도 좀더 지연스럽게 떨어지는 핏이 될듯한데...아쉬워요.디자인은 마음에 듭니다.원단에 비해 가격이 많이 비싼감은 있어요.,한달후기 누가 입은 거 보고 예뻐서 따라 샀어요 근데 제가 입으니까 코디 조금 어려워요,심플하면서 무난하면서 핏도 이쁘고 너무 좋습니다,핏이 좋고 라벨이 너무 예뻐요 단추를 많이 열 수 있어서 여러 느낌으로 입기 좋아요,한달후기 흔하지 않은 디자인이라 마음에 들어요 잘 입고 있어용
https://www.musinsa.com/products/4328600,스케이트보드 피그먼트 그래픽 오버핏 후드 (CHARCOAL),"52,000원",16%,"43,850원",트릴리온,https://image.musinsa.com/mfile_s01/_brand/free_medium/trillion.png?20210702123042,상의,후드 티셔츠,https://image.msscdn.net/thumbnails/images/goods_img/20240814/4328600/4328600_17249638690148_big.jpg?w=1200,https://image.msscdn.net/thumbnails/images/prd_img/20240814/4328600/detail_4328600_17249639705262_big.jpg?w=1200,https://image.msscdn.net/thumbnails/images/prd_img/20240814/4328600/detail_4328600_17249639713428_big.jpg?w=1200,https://image.msscdn.net/thumbnails/images/prd_img/20240814/4328600/detail_4328600_17249639773431_big.jpg?w=1200,hoodie_0091,"8,367",1.9만 회 이상 (최근 1개월),2.2천 개 이상,후기 176개,4.7,남성 · 178cm · 68kg,처음엔 너무 어벙벙하게 나와서 놀랬는데 한번 세탁하니 적당히 부드러워서 잘 입고 다닙니다,후드 입을 째 손목 부분이랑 허리 부분의 고무줄의 당김 정도가 세지 않아서 편안하게 입을 수 있는 옷이에요! 저처럼 고무줄이 세게 당기는 게 힘드신 분들에게는 좋을 것 같아요!,이쁘고 핏도 마음에 들어요 옷이 살짝 무겁긴합니다,"주문한지 딱 한 달만에 받았습니다. 9월 16일 주문하고 25일 송장번호 뜨더니 오질않아 몇번이나 문의했는데, 기다리라고 보냈다고만 하고 안 보낸건지... 기다리다 또 문의했더니 재출고했으니 또 기다리래요.뭐 이런데가 다 있어요.정말 짜증났어요.솔직히 옷이 이쁜지 뭔지도 눈에 들어오지도 않아요.대처가 너무 짜증납니다"
https://www.musinsa.com/products/4304694,어센틱 로고 후디 블랙,"79,000원",20%,"62,900원",커버낫,https://image.msscdn.net/mfile_s01/_brand/free_medium/covernat.png?1730451801416,상의,후드 티셔츠,https://image.msscdn.net/thumbnails/images/prd_img/20240807/4304694/detail_4304694_17301035788196_big.jpg?w=1200,https://image.msscdn.net/thumbnails/images/prd_img/20240807/4304694/detail_4304694_17301035791282_big.jpg?w=1200,없음,https://image.msscdn.net/thumbnails/images/goods_img/20240807/4304694/4304694_17301035779483_big.jpg?w=1200,hoodie_0092,"1,671",8.9천 회 이상 (최근 1개월),없음,후기 58개,4.8,길이가 많이 길어요. 팔길이는 또 적당하구요~ 원하는 스타일이 계속 품절상태라 고민하다 이걸로 샀어요. 이것도 나름 괜찮은것 같아요!^^,이거 안에 반팔이라도 입으면 안에 털 엉청 많이 묻고요 피부에도 털 엉청 묻습니다 입을때마다 너무 많이 묻어서 입기 힘드네요,한달후기 170cm 54kg. 중학생아들 넉넉히 잘 맞아요 아들이 맘에 들어해서 좋네요,깔끔하고 핏 예뻐서 좋아요 사이즈도 딱 생각한 느낌!,로고가 민트색인 줄 몰랐는데 민트색이여서 좀 당황 했어요 그래도 핏도 이쁘고 정핏 입니다
https://www.musinsa.com/products/4311874,BIG TYPO HOODIE KHAKI,"74,000원",20%,"59,200원",아메스 월드와이드,https://image.msscdn.net/mfile_s01/_brand/free_medium/amesworldwide.png?1730455523530,상의,후드 티셔츠,https://image.msscdn.net/thumbnails/images/prd_img/20240808/4311874/detail_4311874_17373353047056_big.jpg?w=1200,https://image.msscdn.net/thumbnails/images/prd_img/20240808/4311874/detail_4311874_17373353094691_big.jpg?w=1200,없음,https://image.msscdn.net/thumbnails/images/goods_img/20240808/4311874/4311874_17240469335125_big.jpg?w=1200,hoodie_0093,"16,095",3만 회 이상 (최근 1개월),3.2천 개 이상,후기 342개,4.8,디자인도 너무 예쁘고 겨울에 잘 입을 것 같아 미리 구매했는데 머리 넣는 부분이 왜 이렇게 작나요 ㅠㅠ 제 머리가 큰건지.. 그런건지는 모르겠지만 얼굴 넣는 부분이 스판도 하나 없고 구멍이 너무 작아서 얼굴부터 안 들어감이슈…… 근데 디자인은 너무 예뻐요!!,카키색 옷 처음 사보는데 완전 만족 합니다 색감이 정말 예쁘고 원래 리뷰 많이 없는건 거의 안 사는 편인데 이 후드티는 보자 마자 너무 마음에 들어서 바로 주문 했어요!!,색이 예쁘고 후드가 튼튼합니다 옷은 정말 예뻐요,안에 기모가 똑같이 카키색으로 되어 있어서 좋아용 따뜻하고,사이즈도 딱 좋고 색도 사진이랑 똑같아용 하의 뭐랑 입어도 다 이쁠 것 같아용
https://www.musinsa.com/products/4637373,[기모선택] 패터링 오버핏 후디 3COLOR,"59,000원",30%,"41,300원",쿠톤,https://image.msscdn.net/mfile_s01/_brand/free_medium/quton.png?20240522135844,상의,후드 티셔츠,https://image.msscdn.net/thumbnails/images/goods_img/20241126/4637373/4637373_17334485392500_big.jpg?w=1200,https://image.msscdn.net/thumbnails/images/prd_img/20241126/4637373/detail_4637373_17364771317070_big.jpg?w=1200,https://image.msscdn.net/thumbnails/images/prd_img/20241126/4637373/detail_4637373_17364824046618_big.jpg?w=1200,https://image.msscdn.net/thumbnails/images/prd_img/20241126/4637373/detail_4637373_17334486847045_big.jpg?w=1200,hoodie_0094,980,1.1만 회 이상 (최근 1개월),없음,후기 28개,4.6,진짜 예쁨 진짜로 진짜 진짜로 예쁨 진짜 후회안함,"후드티 후기  최근에 구매한 후드티에 대해 자세히 말씀드릴게요. 처음 패키지를 열었을 때부터 정말 만족스러웠습니다. 우선 디자인이 군더더기 없이 깔끔하고 심플한데, 유행을 타지 않는 스타일이라 다양한 코디에 활용하기 좋았습니다. 컬러도 홈페이지에서 본 것과 거의 차이가 없어서 믿음이 갔어요.  1. 소재와 착용감 후드티의 가장 중요한 점은 착용감이라고 생각하는데, 이 제품은 정말 만족스러웠습니다. 안감이 부드럽고 촉촉한 느낌이라 맨살에 입어도 전혀 거슬리지 않았어요. 두께도 적당해서 간절기에는 단독으로, 겨울에는 아우터 안에 입기 좋더라고요. 특히 후드 부분이 너무 얇지도, 두껍지도 않아서 모양이 잘 잡혔습니다.  2. 핏과 사이즈 핏은 딱 제가 원하는 오버핏으로 나왔습니다. 몸에 딱 달라붙지 않아서 편안하고, 그렇다고 너무 박시하지 않아서 깔끔한 느낌을 줍니다. 기장도 적당히 엉덩이를 덮어주고, 소매 길이도 팔목까지 딱 떨어져서 굉장히 만족스러웠어요. 특히 체형을 커버해 주는 디자인이라 누구나 부담 없이 입을 수 있을 것 같아요.  3. 디테일 후드의 끈도 단순한 끈이 아니라 살짝 두꺼운 느낌이라 고급스럽고, 스티치 마감도 꼼꼼히 처리되어 있어서 제품의 퀄리티를 높여주는 요소였습니다. 포켓 부분도 손을 넣었을 때 딱 적당한 깊이라 실용적이었고, 봉제도 튼튼해서 금방 헤지지 않을 것 같습니다",너무너무너무너무머누누너무예뻐요 진짜 꼭 사세요 진짜 예뻐용,어두운 색 옷들이 많은데 화이트멜란지 입으니까 얼굴도 환해 보이고 마른체구도 커버 되서 좋아요.,깔끔한 디자인과 화이트멜란지라서 부담없이 입기 편한 색이여서 마음에 들어요.
https://www.musinsa.com/products/4522626,Logo Oversized Hoodie (MELANGE WHITE),없음,없음,"89,000원",펀치드렁크파티즈,https://image.musinsa.com/mfile_s01/_brand/free_medium/punchdrunkparties.png?20220511150844,상의,후드 티셔츠,https://image.msscdn.net/thumbnails/images/goods_img/20241016/4522626/4522626_17310414197881_big.jpg?w=1200,https://image.msscdn.net/thumbnails/images/prd_img/20241016/4522626/detail_4522626_17310414282367_big.jpg?w=1200,https://image.msscdn.net/thumbnails/images/prd_img/20241016/4522626/detail_4522626_17310414530731_big.jpg?w=1200,https://image.msscdn.net/thumbnails/images/prd_img/20241016/4522626/detail_4522626_17310414546900_big.jpg?w=1200,hoodie_0095,"1,240",1.1만 회 이상 (최근 1개월),없음,후기 32개,4.9,"편안하게 입을 수 있는 후드티를 찾던 중에 이 제품을 찾게 됐어요. 처음 입어보고 느꼈던 점은 주머니가 없어서 놀랐어요.. 후드티에 주머니가 없다니,, 너무나도 저에게는 커다란 충격이였습미다만..! 핏이 너무 예뻐요. 스투시 똑같은 색상의 후드티 구매했었던적 있는데 옷이 두껍고 핏도 맘에 들지 않아서 별로 착용 안했었는데 이 제품은 너무 맘에 들어서 잘 착용하고 있어요. 이너로 입어도 문제 없고 단품으로 입어도 문제 없습니다! 배송도 엄청 빠르기때문에 다른 고민하고 계시는 분이 있으시다면 추천 드립니다",한달후기 제가 최근에 구매했던 후드티중에서 제일 핏적으로 맘에 드는 제품이에요. 많이 착용도 하고 재질도 괜찮은 편 같아서 정말 맘에 들어요. 다만 흰색 후드티 특성상 때가 많이 타서 조금 마음 아프게 착용 할 때가 있긴 해요. 물론 흰색 후드티는 모두가 그러니까 뭐라 하는건 아닙니다. 핏적으로 너무 만족했기 때문에 다음번에도 같은 브랜드 상품 살 생각 있어요. 추천 드립니다!,디자인 깔끔하고 기모도 있어서 겨울에 잘 입고 다닐것 같아요,딱 상상했던 화이트멜란지색!! 기모때문에 겨울에 입기 넘 좋아요 포근~~~~~~~^^,그레이 없어서 샀는데 나름 괜찮아요 존맛탱이예요!!
https://www.musinsa.com/products/4374902,레터링 빅 로고 후드 티셔츠(N243TH020P) 아이스,없음,없음,"89,000원",엔비에이,https://image.musinsa.com/mfile_s01/_brand/free_medium/nba.png?20200921140341,상의,후드 티셔츠,https://image.msscdn.net/thumbnails/images/prd_img/20240827/4374902/detail_4374902_17247384980474_big.jpg?w=1200,없음,없음,https://image.msscdn.net/thumbnails/images/goods_img/20240827/4374902/4374902_17247384968481_big.jpg?w=1200,hoodie_0096,66,150회 이상 (최근 1개월),없음,없음,없음,없음,없음,없음,없음,없음
https://www.musinsa.com/products/4462114,Studded Leaf Hooded Long Sleeve (Black),"98,000원",15%,"83,300원",아캄,https://image.musinsa.com/mfile_s01/_brand/free_medium/aakam.png?20221014164004,상의,후드 티셔츠,https://image.msscdn.net/thumbnails/images/goods_img/20240925/4462114/4462114_17310474411085_big.jpg?w=1200,https://image.msscdn.net/thumbnails/images/prd_img/20240925/4462114/detail_4462114_17310474460231_big.jpg?w=1200,https://image.msscdn.net/thumbnails/images/prd_img/20240925/4462114/detail_4462114_17309438108313_big.jpg?w=1200,https://image.msscdn.net/thumbnails/images/prd_img/20240925/4462114/detail_4462114_17309438182412_big.jpg?w=1200,hoodie_0097,"5,073",1.8만 회 이상 (최근 1개월),없음,후기 74개,4.8,패딩 베스트 안에 착용한 것이 이 제품입니다 디자인 정말 이쁘고 마음에 드는데 살을 좀 더 빼야 핏이 더 이쁠 것 같네요.!.!, 사진으로 봤을땐 뭔가 포인트 되고 예뻐보였는데 실물은 사진만큼은 아니에요 그리고 모델분.. 얼마나 마르셨는지 .. 저도 상체에 살 없는 편인데 타이트하게 맞았어요 진짜 뼈만 있으신 분들이 좀 여유핏으로 맞을듯요 솔직히 가격대비 그만한 옷은 아닌 것 같아요! 너무 비싸요ㅠ,옷이 엄청 핏하고 뷰들부들 하고 좋아요 옷에 포인트도 귀엽고 마음에 들어요 힙하고 완전 제 스타일이에오,후기 원래 잘 안쓰는데 핏이 잘빠져서 완전 잘입구있음,진짜 너무 귀엽고 예뻐요 큐빅같이 달려있는 것도 포인트라 귀엽고 무엇보다 핏이 완전 제스타일입니다.. 개말라핏 연출 가능! 소매 길이도 널널해서 좋아용 :)
https://www.musinsa.com/products/4331057,[Tiger Collection] 타이거 버킷 후디 OFF WHITE,"239,000원",30%,"167,300원",말본 골프,https://image.musinsa.com/mfile_s01/_brand/free_medium/malbongolf.png?20210804102653,스포츠/레저,상의,https://image.msscdn.net/thumbnails/images/goods_img/20240814/4331057/4331057_17236167469465_big.jpg?w=1200,없음,없음,https://image.msscdn.net/thumbnails/images/prd_img/20240814/4331057/detail_4331057_17236167477633_big.jpg?w=1200,hoodie_0098,1,없음,없음,없음,없음,없음,없음,없음,없음,없음
https://www.musinsa.com/products/4345608,TCM soft soap hoodie (grey),"89,000원",10%,"80,100원",더콜디스트모먼트,https://image.musinsa.com/mfile_s01/_brand/free_medium/thecoldestmoment.png?20200710145248,상의,후드 티셔츠,https://image.msscdn.net/thumbnails/images/goods_img/20240820/4345608/4345608_17241392613302_big.jpg?w=1200,https://image.msscdn.net/thumbnails/images/prd_img/20240820/4345608/detail_4345608_17241392671568_big.jpg?w=1200,https://image.msscdn.net/thumbnails/images/prd_img/20240820/4345608/detail_4345608_17241392680291_big.jpg?w=1200,https://image.msscdn.net/thumbnails/images/prd_img/20240820/4345608/detail_4345608_17241392700265_big.jpg?w=1200,hoodie_0099,"3,512",3.6천 회 이상 (최근 1개월),없음,후기 37개,4.9,더콜디스트모먼트 후드티는 믿고 사요. 핏도 좋고 디자인도 이뻐서 다 잘 어울려요,한달후기 많이 안 커서 좋아요 기모가 없어서 가볍게 입기 좋아요,"L인데 완전커여 ,, 깜짝 놀램 근데 예뿜 교환하려니 재입고 기다려야해서 남동생엑 선물로 줬어여 ,, 여성분들은 충분히 S,M 가능할듯해요 !",가성비 좋은 제품 입니다 너무 좋아요 따뜻해서 좋아요,후드끈없는 게 좋아서 삿는데 너무 귀여워요 프린팅도 독특하고 품도 낙낙하고 좋아요
https://www.musinsa.com/products/4423205,ANCHORS AWEIGH HOODY _ GRAY,"89,000원",15%,"75,650원",프리즘웍스,https://image.msscdn.net/mfile_s01/_brand/free_medium/frizmworks.png?20200608153142,상의,후드 티셔츠,https://image.msscdn.net/thumbnails/images/goods_img/20240910/4423205/4423205_17267069608193_big.jpg?w=1200,https://image.msscdn.net/thumbnails/images/prd_img/20240910/4423205/detail_4423205_17267069711778_big.jpg?w=1200,https://image.msscdn.net/thumbnails/images/prd_img/20240910/4423205/detail_4423205_17267069720477_big.jpg?w=1200,https://image.msscdn.net/thumbnails/images/prd_img/20240910/4423205/detail_4423205_17267069767717_big.jpg?w=1200,hoodie_0100,"1,314",8천 회 이상 (최근 1개월),없음,후기 76개,4.9,한달후기 뒤쪽 부분이 보풀이 일어납니다 그거 제외하곤 아주 좋아요,사이즈도 넉넉하고 기장도 너무 길지 않아 이쁘네요. 디자인도 맘에 들고 전체적으로 만족합니다! 굳,역시 프리즘웍스다! 핏도 재질도 두께감도 완벽합니다!,"매장가서 사이즈 입어보고 너무 예뻐서 바로 주문했네요! 무난하게 포인트가 툭툭 있어서 오래 입을 것 같아여 밑단, 소매 시보리도 탄탄합니다!",전체적으로 만족합니다 전체적으로 만족합니다
https://www.musinsa.com/products/4647221,[X SOULPUSSSY CAT]GHOSTSOULGIRL GYARU HOODIE_BLACK(NG2EFUM430D),"89,000원",15%,"75,650원",나이스고스트클럽,https://image.msscdn.net/mfile_s01/_brand/free_medium/niceghostclub.png?1730455267007,상의,후드 티셔츠,https://image.msscdn.net/thumbnails/images/goods_img/20241203/4647221/4647221_17339850076853_big.jpg?w=1200,https://image.msscdn.net/thumbnails/images/prd_img/20241203/4647221/detail_4647221_17339850083311_big.jpg?w=1200,https://image.msscdn.net/thumbnails/images/prd_img/20241203/4647221/detail_4647221_17339850084607_big.jpg?w=1200,https://image.msscdn.net/thumbnails/images/prd_img/20241203/4647221/detail_4647221_17339867822238_big.jpg?w=1200,hoodie_0101,"1,339",5천 회 이상 (최근 1개월),없음,후기 6개,4.8,넘 귀여워요 M 사길 잘한거 같아요 기장이 꽤 짧아서 164-5이신 분들은 M추천드립니당,세일할때 싸게 삿어요 프린팅 깜찍하고 엘사이즈도 큰 느낌은 없어요,한달후기 프린팅 짱짱하고 예쁘지만 먼지가 잘 붙어요? 그래도 예뻐서 상관없음ㅜ,편하게 입을 때 계속 손이 가요 디자인도 귀엽고 무난한데 예뻐요,L사이즈도 큰 편은 아니에요 프린팅이 너무 귀여워요
https://www.musinsa.com/products/4696126,CLASSIC LOGO DYEING HOODIE charcoal,없음,없음,"149,000원",마리떼,https://image.musinsa.com/mfile_s01/_brand/free_medium/marithefrancoisgirbaud.png?20210127142317,상의,후드 티셔츠,없음,없음,없음,https://image.msscdn.net/thumbnails/images/goods_img/20250103/4696126/4696126_17374245159307_big.jpg?w=1200,hoodie_0102,144,2.4천 회 이상 (최근 1개월),없음,없음,없음,없음,없음,없음,없음,없음
https://www.musinsa.com/products/4679050,Garment dyed button hoodie / Pigment blue,없음,없음,"148,000원",카락터,https://image.musinsa.com/mfile_s01/_brand/free_medium/karactor.png?20230313153056,상의,후드 티셔츠,https://image.msscdn.net/thumbnails/images/goods_img/20241223/4679050/4679050_17349472352302_big.jpg?w=1200,https://image.msscdn.net/thumbnails/images/prd_img/20241223/4679050/detail_4679050_17349472409535_big.jpg?w=1200,https://image.msscdn.net/thumbnails/images/prd_img/20241223/4679050/detail_4679050_17349472415470_big.jpg?w=1200,https://image.msscdn.net/thumbnails/images/prd_img/20241223/4679050/detail_4679050_17349472422593_big.jpg?w=1200,hoodie_0103,189,1.2천 회 이상 (최근 1개월),없음,없음,없음,없음,없음,없음,없음,없음
https://www.musinsa.com/products/4311109,[레이 착용]Identity Hoodie - Navy,"88,000원",20%,"70,400원",오프닝프로젝트,https://image.musinsa.com/mfile_s01/_brand/free_medium/openingproject.png?20230203143701,상의,후드 티셔츠,없음,없음,없음,https://image.msscdn.net/thumbnails/images/goods_img/20240808/4311109/4311109_17252470229975_big.jpg?w=1200,hoodie_0104,"4,695",5.1천 회 이상 (최근 1개월),없음,후기 120개,4.8,"✅ 배송 : 약 2일 소요  ✅ 원단 : 적당한 두께감으로 지금부터 딱이에요  ✅ 사이즈&착용감 - 레이 입은거 보고 여동생 하나 삿는데 입혀주니 딱 이쁘네요😁 - 이번 가을, 겨울 내내 꼭 입겠다고 추천 드려요  ✅ 10% + 쿠폰 + 적립금 먹여서 저렴이로 구매완료👌 저도 오프닝프로젝트 맨투맨 살려구 구경 중 입니다 😄",포카 준다고 해서 샀는데 핏이 너무 예뻐서 버건디 색상으로 또 구입했어요 시보리 짱짱한 옷을 안 좋아하는데 이건 짱짱하지 않고 자연스럽게 잘 늘어나는 재질이라 너무 마음에 드네용 재질이 전반적으로 빳빳하지 않고 흐물흐물합니다 지금 입기엔 좀 덥고 가을 되면 이 옷만 입고 다닐 것 같아요 재질이 두껍지는 않아서 한겨울에 입으려면 힛탠다드같은거 껴입어야 할 것 같아요,오프닝프로젝트는 사랑이죠. 바지가 이뻐서 처음에 관심갖게 됬다가 점점 이 브랜드에 빠져드네요 축하드립니다 제지갑을 가지셧어요.,첨에 s사이즈 샀는데 시보리가 너무 짱짱해서 m으로 샀어요 m은 시보리가 별로 짱짱하지 않아서 당황했지만 이쁘게 잘 입고있어요!!,깔끔하고 이뻐용 커플템으로도 딱
https://www.musinsa.com/products/4463004,[무료반품]ACG 써마 핏 플리스 풀오버 후디 M - 라이트 오어우드 브라운:하이퍼 크림슨 / DH3088-104,"139,000원",15%,"118,150원",나이키,https://image.msscdn.net/mfile_s01/_brand/free_medium/nike.png?20200608153142,스포츠/레저,상의,https://image.msscdn.net/thumbnails/images/goods_img/20240925/4463004/4463004_17331921255994_big.jpg?w=1200,https://image.msscdn.net/thumbnails/images/prd_img/20240925/4463004/detail_4463004_17331923849085_big.jpg?w=1200,https://image.msscdn.net/thumbnails/images/prd_img/20240925/4463004/detail_4463004_17331923858433_big.jpg?w=1200,https://image.msscdn.net/thumbnails/images/prd_img/20240925/4463004/detail_4463004_17331923925920_big.jpg?w=1200,hoodie_0105,175,9천 회 이상 (최근 1개월),없음,후기 15개,없음,블랙사고 마음에 들어서 이것도 샀어요! 넉넉하게 입기 아주 좋습니다!,생각보다 얇습니다만 디테일 좋고 후드 각 잘잡히네요,3XL 답게 사이즈가 낙낙하니 제가 원하던 핏입니다,최고에 후드입니다 품이좀넓은데 그것도맘에들고요,배송 빨랐고 티셔츠 편하고 귀여워요 모자가 커서 좋습니다
https://www.musinsa.com/products/4736674,헤비 웨이트 파이핑 후디 - Ink Navy,"109,000원",37%,"69,000원",토런스,https://image.musinsa.com/mfile_s01/_brand/free_medium/tolance.png?20231025151833,스포츠/레저,상의,https://image.msscdn.net/thumbnails/images/goods_img/20250122/4736674/4736674_17376976330835_big.jpg?w=1200,없음,없음,https://image.msscdn.net/thumbnails/images/prd_img/20250122/4736674/detail_4736674_17376974833041_big.jpg?w=1200,hoodie_0106,174,1.3천 회 이상 (최근 1개월),없음,후기 4개,없음,디자인도 예쁘고 사이즈도 잘 맞아요 촉감도 부드럽고 너무 맘에 들어요,레이어드 해서 입으니 정말 짱이쁘네오 ㅎㅎ 따듯하고 핏도 정말 좋습니다!!,색감 너무 이쁘구요 ㅎㅎ 약간 기모 있어서 좋네영 핏도 어깨라인 따라서 너무 잘 잡아주네요!,디자인도 너무 깔끔하고 재질도 탄탄하니 좋아요,없음
https://www.musinsa.com/products/4731927,백그래픽 후드 티셔츠 아이보리(SQ123UHD21),없음,없음,"139,000원",데상트,https://image.musinsa.com/mfile_s01/_brand/free_medium/descente.png?20230720113826,스포츠/레저,상의,https://image.msscdn.net/thumbnails/images/goods_img/20250121/4731927/4731927_17374198383299_big.jpg?w=1200,https://image.msscdn.net/thumbnails/images/prd_img/20250121/4731927/detail_4731927_17374198391028_big.jpg?w=1200,없음,https://image.msscdn.net/thumbnails/images/prd_img/20250121/4731927/detail_4731927_17374198393266_big.jpg?w=1200,hoodie_0107,4,없음,없음,없음,없음,없음,없음,없음,없음,없음
https://www.musinsa.com/products/4302986,T-Logo LT Hoodie Heather Grey,"95,000원",30%,"66,500원",디스이즈네버댓,https://image.musinsa.com/mfile_s01/_brand/free_medium/thisisneverthat.png?20240122174353,상의,후드 티셔츠,https://image.msscdn.net/thumbnails/images/goods_img/20240807/4302986/4302986_17236158374564_big.jpg?w=1200,https://image.msscdn.net/thumbnails/images/prd_img/20240807/4302986/detail_4302986_17236158564230_big.jpg?w=1200,https://image.msscdn.net/thumbnails/images/prd_img/20240807/4302986/detail_4302986_17236158577277_big.jpg?w=1200,https://image.msscdn.net/thumbnails/images/prd_img/20240807/4302986/detail_4302986_17236158595754_big.jpg?w=1200,hoodie_0108,"1,735",4.7천 회 이상 (최근 1개월),없음,후기 23개,4.8,m사이즈 적당히 오버핏으로 잘맞아요 s은모자가 째금 작앗어요,가슴 사이즈 넉넉하고 안감은 기모 없어서 가볍게 입기 좋습니다,이쁘고 딱 원하던 느낌이에요 튼튼하고 좀 저한테는 크네요 L은 마음에 듭니다,한달후기 아무데나 휘뚜루마뚜루 걸치고 다니기 좋아요 애용중,한달후기 기모는 없지만 그래더 좋어요 !! 어디에나 걸치기 좋은 후드같어용
https://www.musinsa.com/products/4421656,피그먼트 헤비 스웨트 후디_Beige,"99,900원",35%,"64,900원",맨인스토어 프로덕트,https://image.musinsa.com/mfile_s01/_brand/free_medium/maninstore.png?20240108135743,상의,후드 티셔츠,없음,없음,없음,https://image.msscdn.net/thumbnails/images/goods_img/20240909/4421656/4421656_17367434365824_big.jpg?w=1200,hoodie_0109,464,6.1천 회 이상 (최근 1개월),없음,후기 28개,4.9,핏 예쁘고 편해요. 모자도 흐물렁하지 않고 잘 고정돼요 사진에서는 색이 회색으로 나오는데 실제로는색이 아주 약한 카키색 같아요. 베이지 색은 아니에요. 약한 카키+베이지 느낌? 정의할 색이 없는 것 같아요,"한달후기 세탁한번 해봤는데,변형 물빠짐 없고 원단도 탄탄하고 두껍고 너무 예쁨니다.",옷 너무 예쁘네요 모자도 커서 정말 원하던 핏입니다,"한달후기 무게감, 두께, 퀄리티 다 괜찮은 후드티에요!! 잘 입고 있습니다.",한달후기 입으니깐 얼굴이 화사하니 이쁩니다 고등 아이가 입어요
https://www.musinsa.com/products/4338878,아이 러브 마이 후드 (WHITE)_F24ZB059,"85,000원",25%,"63,700원",팬시클럽,https://image.musinsa.com/mfile_s01/_brand/free_medium/nastyfancyclub.png?20240820135247,상의,후드 티셔츠,https://image.msscdn.net/thumbnails/images/prd_img/20240816/4338878/detail_4338878_17258657547259_big.jpg?w=1200,https://image.msscdn.net/thumbnails/images/prd_img/20240816/4338878/detail_4338878_17258657538946_big.jpg?w=1200,없음,https://image.msscdn.net/thumbnails/images/goods_img/20240816/4338878/4338878_17326015396077_big.jpg?w=1200,hoodie_0110,"4,054",6.2천 회 이상 (최근 1개월),없음,후기 58개,4.9,실물이 진짜 귀여워요 핏도 딱 원하던 핏에 걍 너무 마음에 들어여,후드티 넘 귀여워여 근데 한번 세탁기 돌리니까 프린팅이 연해졌어요 ㅠ,한달후기 댑악 예뿌고 하트 포인트가 너무 맘에 드러요ㅎㅎ 사이즈도 딱이에여!,영지소녀 야곱 영상 손민수한 건데 귀여워용 무조건 사세요 진짜 최애옷 됨 ☆*:.｡. o(≧▽≦)o .｡.:*☆,유튜브 보다가 입고 나온 옷이 너무 이뻐서 검색해서 구입했어요!! 생각한 만큼 더 이쁘고 입고 나갔을때 옷 이쁘다는 칭찬도 들었어요ㅎㅎ 청바지에 입어도 캐주얼하고 롱치마에 매치해도 이쁩니다😽 잘 구매한 것 같아요. 여자 치고 키와 덩치가 있는 편인데도 전혀 안 작아요.
https://www.musinsa.com/products/4421692,피그먼트 헤비 스웨트 후디_Brown,"99,900원",35%,"64,900원",맨인스토어 프로덕트,https://image.musinsa.com/mfile_s01/_brand/free_medium/maninstore.png?20240108135743,상의,후드 티셔츠,없음,없음,없음,https://image.msscdn.net/thumbnails/images/goods_img/20240909/4421692/4421692_17367434847292_big.jpg?w=1200,hoodie_0111,"1,592",9.6천 회 이상 (최근 1개월),없음,후기 49개,4.8,목이 살짝 넓었으면 좋았을것 같기도 하고 살짝 무게가 있긴 있어요.,한달후기 막 입기 편하고 어디 동네 마실나갈때 입기 좋아여,좀 크고 생각보다 색이 옅어요 무게도 좀 있습니다! 그래도 잘 입을 것 같아요👍👍,색상이 예쁘고 재질이 빳빳해서 좋습니다 기장은 짧은데 통은 널널해서 편하게 입을 수 있을 것 같아요,한달후기 완전 핏도 좋고 휘뚜루막뚜루 입어도 이뻐요 색도 이쁘게 빠진데다가 헤비이다보니가 체형을 딱 잡아주네요
https://www.musinsa.com/products/4359078,링크 후드 맨투맨_LC2572400,없음,없음,"130,000원",살로몬,https://image.musinsa.com/mfile_s01/_brand/free_medium/salomon.png?20240307104208,상의,후드 티셔츠,https://image.msscdn.net/thumbnails/images/goods_img/20240822/4359078/4359078_17243146079722_big.jpg?w=1200,https://image.msscdn.net/thumbnails/images/prd_img/20240822/4359078/detail_4359078_17243145849000_big.jpg?w=1200,https://image.msscdn.net/thumbnails/images/prd_img/20240822/4359078/detail_4359078_17243145856246_big.jpg?w=1200,https://image.msscdn.net/thumbnails/images/prd_img/20240822/4359078/detail_4359078_17243145907526_big.jpg?w=1200,hoodie_0112,51,150회 이상 (최근 1개월),없음,후기 8개,4.9,살로몬 진짜 너무 재질이 좋아요..너무 잘입고다닙니다,한달후기 살로몬 진짜 너무 재질이 좋아요..너무 잘입고다닙니다,살로몬 의류 좋아하는데 두께도 적당해서 맘에들고 요즘 잘 입고있어요!,한달후기 생각보단 얇지만 원하던 핏이여서 좋앗음 돈 값 하는 듯,모자 부분 자수가 포인트되고 안감이 매끈해서 옷이 깔끔한 느낌입니다
https://www.musinsa.com/products/4729805,[무료반품]루엔 시그니처 슬림 후드티 (3컬러),"66,500원",40%,"39,900원",무센트,https://image.musinsa.com/mfile_s01/_brand/free_medium/mucent.png?20230414120736,상의,후드 티셔츠,https://image.msscdn.net/thumbnails/images/prd_img/20250120/4729805/detail_4729805_17373512603315_big.jpg?w=1200,https://image.msscdn.net/thumbnails/images/prd_img/20250120/4729805/detail_4729805_17373512655554_big.jpg?w=1200,없음,https://image.msscdn.net/thumbnails/images/goods_img/20250120/4729805/4729805_17373512547619_big.jpg?w=1200,hoodie_0113,"2,393",2만 회 이상 (최근 1개월),없음,후기 1개,없음,핏 예뻐요..! 깔별로 다 사고싶네여ㅠㅠ 살을 좀 더 빼야겠어욬ㅋㅋ,없음,없음,없음,없음
https://www.musinsa.com/products/4492295,CGP 스퀘어 로고 후드티_블랙,"69,000원",10%,"62,100원",코드그라피,https://image.msscdn.net/mfile_s01/_brand/free_medium/codegraphy.png?1733796001765,상의,후드 티셔츠,https://image.msscdn.net/thumbnails/images/goods_img/20241007/4492295/4492295_17291320381290_big.jpg?w=1200,https://image.msscdn.net/thumbnails/images/prd_img/20241007/4492295/detail_4492295_17290692463780_big.jpg?w=1200,https://image.msscdn.net/thumbnails/images/prd_img/20241007/4492295/detail_4492295_17290692474358_big.jpg?w=1200,https://image.msscdn.net/thumbnails/images/prd_img/20241007/4492295/detail_4492295_17290692441723_big.jpg?w=1200,hoodie_0114,"1,344",8.2천 회 이상 (최근 1개월),없음,후기 60개,4.9,질도 좋고 오버핏으로 입게되네요 핏도 예쁘고 딱 좋아요!,한달후기 153 기준 L 착샷 남자친구 사줫는데 잘 입고 다녓어요 저는 M입어야 될 듯,"생각보다 좀 얇아서 봄~여름초 까지 입기 좋을거같아요 xs이여도 작지 않고 젤 이쁘게 입을 수 있는 핏인듯, 오버핏 좋아하시면 s 사세여",키 165면 s는 오버핏 xs는 정핏이에요 완전 깜장 후드티가 필요햇는데 마음에 듭미다 밑에 시보리부분 접어서 입으면 더 이뻐요!,입학선물용으로 구매했는데 마음에 들어해서 좋아요!!!!!
https://www.musinsa.com/products/4578581,Grid hoodie / Washed black,없음,없음,"129,000원",카락터,https://image.musinsa.com/mfile_s01/_brand/free_medium/karactor.png?20230313153056,상의,후드 티셔츠,https://image.msscdn.net/thumbnails/images/goods_img/20241031/4578581/4578581_17303567219704_big.jpg?w=1200,https://image.msscdn.net/thumbnails/images/prd_img/20241031/4578581/detail_4578581_17303567272255_big.jpg?w=1200,https://image.msscdn.net/thumbnails/images/prd_img/20241031/4578581/detail_4578581_17303567282685_big.jpg?w=1200,https://image.msscdn.net/thumbnails/images/prd_img/20241031/4578581/detail_4578581_17326866310722_big.jpg?w=1200,hoodie_0115,329,800회 이상 (최근 1개월),없음,없음,없음,없음,없음,없음,없음,없음
https://www.musinsa.com/products/4307556,BIG CLASSIC LOGO HOODIE ZIPUP black,없음,없음,"129,000원",마리떼,https://image.musinsa.com/mfile_s01/_brand/free_medium/marithefrancoisgirbaud.png?20210127142317,상의,후드 티셔츠,없음,없음,없음,https://image.msscdn.net/thumbnails/images/goods_img/20240808/4307556/4307556_17235159058715_big.jpg?w=1200,hoodie_0116,790,5.3천 회 이상 (최근 1개월),없음,후기 37개,4.9,생각했던 핏은 아니었음….. 근데 무난하게 입고 다닐 수 있음 얇지 않아서 가을에 입기 딱임,처음 구매해봤는데 나쁘지 않아요 그래사 다른것도 구매하랴구여,라지 주문입니다. 소재가 좋아 탄탄합니다. 실물이 고급져 보여 만족합니다.,살짝 큰 듯한 핏감이 괜찮고 질도 괜찮은 편인거 같네여,잘받았습니다 감사합니다 살작 크네요 재구매할게요
https://www.musinsa.com/products/4381421,SQUARE FLEECE HOOD PULLOVER_BLUE_WLT034,없음,없음,"128,000원",웰터 익스페리먼트,https://image.musinsa.com/mfile_s01/_brand/free_medium/welterexperiment.png?20231010154627,상의,후드 티셔츠,https://image.msscdn.net/thumbnails/images/prd_img/20240828/4381421/detail_4381421_17254307853979_big.jpg?w=1200,https://image.msscdn.net/thumbnails/images/prd_img/20240828/4381421/detail_4381421_17254307863616_big.jpg?w=1200,없음,https://image.msscdn.net/thumbnails/images/goods_img/20240828/4381421/4381421_17254307750783_big.jpg?w=1200,hoodie_0117,294,700회 이상 (최근 1개월),없음,후기 23개,4.7,한달후기 컬러가 예쁘고 어느정도 따뜻해서 잘 입고 있습니다 코디하기 쉽지 않지만 잘만 입으면 엄청 예뻐요,사이즈 정핏으로 딱 맞고 플리스 후드가 시중에 많지 않아서 컬러도 그렇고 예뻐요 근데 입으면 목 부분 까끌거려서 짜증나서 반품하려다가 참았습니다 마감에 신경좀 썻으면 좋겠어요,한달후기 따뜻해요 패딩 안에 입었는데 살짝 더웟어요 초봄까지 잘 입을 것 같아요,한달후기 선물해줬는데 상대방이 맘에들어하고 잘 입고 다니네요,한달후기 색감이랑 만듬새가 정말 마음에 드네요 편하고 따뜻하게 잘 입고 있습니다 앞으로 웰터 익스페리먼트 제품들 눈여겨 볼 거 같습니다
https://www.musinsa.com/products/4440027,BIG TYPO HOODIE BLACK,"74,000원",20%,"59,200원",아메스 월드와이드,https://image.msscdn.net/mfile_s01/_brand/free_medium/amesworldwide.png?1730455523530,상의,후드 티셔츠,https://image.msscdn.net/thumbnails/images/prd_img/20240913/4440027/detail_4440027_17373352153743_big.jpg?w=1200,https://image.msscdn.net/thumbnails/images/prd_img/20240913/4440027/detail_4440027_17373352192210_big.jpg?w=1200,없음,https://image.msscdn.net/thumbnails/images/goods_img/20240913/4440027/4440027_17302623905923_big.jpg?w=1200,hoodie_0118,"12,900",3만 회 이상 (최근 1개월),3.1천 개 이상,후기 302개,4.7,이쁘고 기모때문에 따뜻하고 부드러워요! 목이 좀 작긴한데 입을때만 그렇고 입고나서는 신경 1도안쓰임 하하,디자인 자체는 너무 귀여운데 핏이 생각보다 안예뻐요ㅜ 약간 가슴쪽이랑 어깨부분만 통이 큰 느낌? 그래서 굉장히 어깡같아 보입니다 그리고 목부분이 너무 좁고 짱짱해서 머리 넣고 빼고 하는게 힘들어요..,아들 사줬더니 아빠가 나도 사달라고 난리였어요,"ㅎㅎ;; 여러분.. 사지마세요.. 허허.. 후기에서 머리 안 들어간다고 한거보고 난 아니겟지, ㄱㅊ겟지 이러면서 삿는데요.. 눈알 뽑히는줄 알앗어료 머리가 안 빠져서 현타 오지게 오고 그냥.. 다른거 하세요 ㅎㅎ;; 예쁜거 많잖아여..😭 돔황쳐.. 진짜 안 빠져서 생명의 위협 느낌..  그리고.. 어깡이 되",한달후기 후드 커서 좋았어요! 글고 기모 들어있어서 넘 따숩..🫰🏻🫰🏻
https://www.musinsa.com/products/4288950,[기모선택] ASI 포시즌 에센셜 피그먼트 후드 티셔츠_차콜,"44,500원",15%,"37,900원",디미트리블랙,https://image.musinsa.com/mfile_s01/_brand/free_medium/dimitriblack.png?20210325153706,상의,후드 티셔츠,https://image.msscdn.net/thumbnails/images/goods_img/20240801/4288950/4288950_17234187400333_big.png?w=1200,https://image.msscdn.net/thumbnails/images/prd_img/20240801/4288950/detail_4288950_17234187447600_big.png?w=1200,https://image.msscdn.net/thumbnails/images/prd_img/20240801/4288950/detail_4288950_17234187481814_big.png?w=1200,https://image.msscdn.net/thumbnails/images/prd_img/20240801/4288950/detail_4288950_17234188180546_big.jpg?w=1200,hoodie_0119,"16,891",1.5천 회 이상 (최근 1개월),8천 개 이상,후기 905개,4.8,#피그먼트 #후드티,찐한 색깔이 좋아서 구매해봣는데 패션업하기에 좋네요,한달후기 너무 편안하고 기본으로 입기에 좋습니다! 세탁후 색빠짐이나 옷의 품질이 떨어지다거나 그런게 전혀 없어서 좋았습니다,왜 많이 팔렸는지 알거 같아요! 가볍게 입을 후드티가 필요했는데 디자인이나 색 편안함 너무 만족해요! 재질 부분에서 조금 걱정했지만 받아서 입어보니 너무 좋았어요! 다음에도 또 살거 같아요!,넥이 살짝 루즈하지만 가격대비 좋습니다 편안하게 입기 좋아요
https://www.musinsa.com/products/4440410,MRT 레글런 파이핑 후드티,"72,000원",18%,"59,000원",벤힛,https://image.musinsa.com/mfile_s01/_brand/free_medium/venhit.png?20220907174723,상의,후드 티셔츠,없음,없음,없음,https://image.msscdn.net/thumbnails/images/goods_img/20240913/4440410/4440410_17262054960786_big.jpg?w=1200,hoodie_0120,"5,511",8.2천 회 이상 (최근 1개월),없음,후기 77개,4.9,진짜진짜진짜 이쁨..... 맘같아선 깔별로 다 사고싶음..,체험단 ✔️색감 색은 전반적으로 사진이랑 비슷한데 제가 느끼기에는 베이지에 카키 한방울 떨어뜨린 듯한 컬러입니다!! 포인트로 있는 핑크색도 톤다운된 팥죽색에 가까운 느낌이예요! 진성 가을뮤트 기준 입을때마다 색감이 찰떡이라는 말을 들었습니다  ✔️사이즈 및 소재 저는 워낙 오버핏을 좋아해서 XL사이즈로 선택했는데 L사이즈로도 충분하지 않았을까 하는 생각이 들기는 합니다 ㅎㅎ 하지만 워낙 넉넉해서 오히려 안에 히트텍 껴입고 겨울까지도 잘 입을 수 있지 않을까 생각하고 있습니닷 비슷한 체격이신 분들은 사진에서 핏감을 참고해주세요! 그리고 기모는 없지만 소재감이 톡톡해서 겨울까지도 충분히 입을 수 있을거같아요!!  ✔️스타일링 저는 아직 학생이어서 딱 편하게 캠퍼스룩 캐주얼룩으로 코디하고 있습니당! 시험기간에 대충 호다닥 입고 나와도 너무 추레하지 않아서 딱 좋아요… 조금 핏되는 사이즈였으면 치마에도 잘 어울렸을거같은데 저는 워낙 오버사이즈로 입어서 와이드팬츠나 츄리닝바지에 매치해서 후리하게 입고 다니고 있습니당 그리고 목에 있는 버튼도 포인트되고 귀엽습니다!! 전 개인적으러 스트링보다는 버튼이 더 실용적이고 맘에 드네옹  ✔️총평 저는 퍼컬이 뮤트톤이라 그런지 옷의 뮤트톤 색감이 잘 받기도 하고 편하게 여기저기 코디가능한 아이템이라 요즘 교복처럼 잘 입고 다니고 있습니다! 벤힛 너무 예쁘고 조아용🥰,버건디 색이 예뻐요 핏도 괜찮아요!,무진장 할인쿠폰 적용해서 저렴하게 구했어요 모델분 착샷이 너무 이뻐서 홀려서 샀는데 핏도 탄탄하고 실물이 더 예뻐요 👍🏻 작년에 산것중에 잘산템이에요  제가 덩치가 있는 편이라 L사이즈 했는데 넉넉한 핏 나와서 좋습니다  근데 이유는 모르겠는데 모자에 달린 버클? 한쪽이 입자마자 빠져버려서 수선했어요 ㅠ 살살 입으세요,배송빠르고 포장상태 좋았습니다 무진장때 반값쿠폰 적용해서 저렴하게 구매해서 만족하구요 옷 퀄리티도 좋네요 👍🏻 S사이즈지만 아주 넉넉한 핏으로 예뻐요 사진보다 실물은 더 짙은 버건디 느낌입니다
https://www.musinsa.com/products/4725503,Rune Logo Pullover Hood - Red,"74,000원",20%,"59,000원",낫포너드,https://image.musinsa.com/mfile_s01/_brand/free_medium/not4nerd.png?20220504154911,상의,후드 티셔츠,https://image.msscdn.net/thumbnails/images/goods_img/20250116/4725503/4725503_17375258228449_big.jpg?w=1200,없음,없음,https://image.msscdn.net/thumbnails/images/prd_img/20250116/4725503/detail_4725503_17375955241569_big.jpg?w=1200,hoodie_0121,53,600회 이상 (최근 1개월),없음,없음,없음,없음,없음,없음,없음,없음
https://www.musinsa.com/products/4428674,오버사이즈 와플 후디 / 페일 퍼플,없음,없음,"122,000원",할로미늄,https://image.musinsa.com/mfile_s01/_brand/free_medium/halominium.png?20210707112800,상의,후드 티셔츠,https://image.msscdn.net/thumbnails/images/goods_img/20240910/4428674/4428674_17259827400906_big.jpg?w=1200,https://image.msscdn.net/thumbnails/images/prd_img/20240910/4428674/detail_4428674_17259827462324_big.jpg?w=1200,https://image.msscdn.net/thumbnails/images/prd_img/20240910/4428674/detail_4428674_17259827470180_big.jpg?w=1200,https://image.msscdn.net/thumbnails/images/prd_img/20240910/4428674/detail_4428674_17259827478569_big.jpg?w=1200,hoodie_0122,65,100회 이상 (최근 1개월),없음,없음,없음,없음,없음,없음,없음,없음
https://www.musinsa.com/products/4370953,TYPO HOODIE GREY,"128,000원",5%,"121,600원",더바이닐하우스,https://image.musinsa.com/mfile_s01/_brand/free_medium/thevinylhouse.png?20220221155454,상의,후드 티셔츠,https://image.msscdn.net/thumbnails/images/prd_img/20240826/4370953/detail_4370953_17252534488368_big.jpg?w=1200,https://image.msscdn.net/thumbnails/images/prd_img/20240826/4370953/detail_4370953_17252534505315_big.jpg?w=1200,없음,https://image.msscdn.net/thumbnails/images/goods_img/20240826/4370953/4370953_17252534337789_big.jpg?w=1200,hoodie_0123,"1,684",3.3천 회 이상 (최근 1개월),없음,후기 23개,4.7,예약 배송이라더니 바로 발송해주길래 오 머지 했는데 담날 바로 세일 들어감 ;; 치사빤스임 진짜 ㅠ..ㅠ 괘씸해서 반품하려 했지만 그러기엔 실물이 너무 예쁘고 보자마자 내꺼 같고 사랑스럽고 당장 입고 싶고 그래서 그냥 품기로 했숩니다 흥 !! 😡🖤 기장 짧게 나온편이니 실측 꼭 보고 사시오 .!!,색감이 마음에 들어서 샀는데 실물도 이뻐요ㅠㅠ 핏도 오버핏이라 좋고 완전 휘뚜루 마뚜루템..🩶 디자인도 넘 힙하고 긔엽습니당~ 뒤에 로고있는것도 포인투,실제로 보니 프린팅이 훨씬 더 이쁘고 입어보볒 핏이 너무 좋아요,특이한 색감에 핏도 이쁩니다 자주 입을거 같아요,한달후기 핏이 미쳤음 너무 좋아요 다른 옷도 사보고싶네요
https://www.musinsa.com/products/4738989,[데이식스 착용]HBL 브리티시 캐주얼 체크 후드 티셔츠 라이트 그레이(UQ111CHD21),없음,없음,"119,000원",엄브로,https://image.msscdn.net/mfile_s01/_brand/free_medium/umbro.png?20200608153142,상의,후드 티셔츠,https://image.msscdn.net/thumbnails/images/goods_img/20250123/4738989/4738989_17386502051552_big.jpg?w=1200,https://image.msscdn.net/thumbnails/images/prd_img/20250123/4738989/detail_4738989_17386384471859_big.jpg?w=1200,https://image.msscdn.net/thumbnails/images/prd_img/20250123/4738989/detail_4738989_17386384480974_big.jpg?w=1200,https://image.msscdn.net/thumbnails/images/prd_img/20250123/4738989/detail_4738989_17386384487074_big.jpg?w=1200,hoodie_0124,128,1.5천 회 이상 (최근 1개월),없음,후기 1개,없음,바로 입어보고싶다고 입어보네요 너무 예쁩니다,없음,없음,없음,없음
https://www.musinsa.com/products/4728704,MLB LA 다저스 팀 레터링 후드 하이 타이드 14536468,없음,없음,"119,000원",뉴에라,https://image.msscdn.net/mfile_s01/_brand/free_medium/newera.png?20200608153142,상의,후드 티셔츠,https://image.msscdn.net/thumbnails/images/goods_img/20250119/4728704/4728704_17372794027810_big.jpg?w=1200,https://image.msscdn.net/thumbnails/images/prd_img/20250119/4728704/detail_4728704_17372794084674_big.jpg?w=1200,https://image.msscdn.net/thumbnails/images/prd_img/20250119/4728704/detail_4728704_17372794090172_big.jpg?w=1200,https://image.msscdn.net/thumbnails/images/prd_img/20250119/4728704/detail_4728704_17372794136469_big.jpg?w=1200,hoodie_0125,11,200회 이상 (최근 1개월),없음,없음,없음,없음,없음,없음,없음,없음
https://www.musinsa.com/products/4330910,CAT SHAPED LOGO 후드 (STHSTD-0114),"66,500원",46%,"36,000원",1989스탠다드,https://image.musinsa.com/mfile_s01/_brand/free_medium/1989standard.png?20221220163307,상의,후드 티셔츠,없음,없음,없음,https://image.msscdn.net/thumbnails/images/goods_img/20240814/4330910/4330910_17237757753838_big.jpg?w=1200,hoodie_0126,"1,005",7.9천 회 이상 (최근 1개월),없음,후기 52개,4.8,선물 했는데 배송도 빠르고 너무 예쁘다고 하네요. 감사합니다.,옷감이 부드럽고 색상도 이쁩니다. 세탁을해도 변형이 없어서 좋아요!,후드티 색도 너무 예쁘고 사이즈도 오버핏으로 입을 정도로 살짝 큰 편이라 좋습니다,좋아요 이쁘고 배송이 빨라요 눈 깜짝 할 사이에 배송이 왔어요,한달후기 기모라서 따듯합니다 겨울에입으면 완전이 맛도리
https://www.musinsa.com/products/4522016,큐리오시티 오버핏 후드_4colors,"59,800원",40%,"35,900원",라이크더모스트,https://image.musinsa.com/mfile_s01/_brand/free_medium/likethemost.png?20210512151301,상의,후드 티셔츠,https://image.msscdn.net/thumbnails/images/goods_img/20241016/4522016/4522016_17290452565656_big.jpg?w=1200,https://image.msscdn.net/thumbnails/images/prd_img/20241016/4522016/detail_4522016_17290452666305_big.jpg?w=1200,https://image.msscdn.net/thumbnails/images/prd_img/20241016/4522016/detail_4522016_17314675949676_big.jpg?w=1200,https://image.msscdn.net/thumbnails/images/prd_img/20241016/4522016/detail_4522016_17290452721967_big.jpg?w=1200,hoodie_0127,"2,962",9천 회 이상 (최근 1개월),없음,후기 73개,4.9,체험단 우선 색감이 너무 쨍하지도 밝지도 탁하지도 않은 버건디 색이라 다양한 색의 바지에도 잘 어울려요!! 그리고 오버핏이라 체형도 잘 보완해주고 모자에도 힘이 있어 전체적으로 안정된 후드핏이 나와 누구에게나 잘 어울릴 것 같아요! 가운데 너무 밝지 않은 흰색으로 귀엽게 로고가 들어가 있어 심심하지 않고 모자 크기도 넉넉해서 모자를 써도 핏이 망가지지 않네요 ㅎㅎ 기모가 조금 호불호가 갈릴 수 있을 것 같은데 좀 두꺼운 편이라 조금만 따뜻해도 자칫 더울 수도 있을 것 같아요 대신에 그만큼 추울 때는 따뜻하게 입을 수 있을 것 같아요!! 전체적으로는 아주 만족하는 퀄리티의 후드네요 ㅎㅎ,얼굴완전큰편인데 모자들어가는거찾기어렵거든요 ..근데 찾아버림.이런기모는 처음임 욜라 부들부들해서 걍 내 피부의 일부가되.상태임다 사세요 그냥 색깔도 이쁘고 다른색 재구매의향뿜,무채색 후드 밖에 없어서 고민하다가 저렴하길래 맘먹고 와인색 후드 사봤는데 기모도 엄청 두꺼운게 아니라 적당히 있어서 기모 후드티 특유의 부해보임도 없고 소재도 너무 좋아요😭  색은 다른 후기들 보니까 너무 빨개보여서 걱정했는데 말씀들하시는 고급진 와인색이 맞습니다 !! :) 세번째에 첨부한 사진과 실제 색상이랑 비슷해요  고민하시는 분들 저렴하게 예쁜 후드티 겟-챠 하세용🐻💪,"옷 진짜 예뻐요 안에 기모 안뻣뻣하고 부들부들해요 166에 상체 66 입구 다니는데, 미듐 루즈하게 예뻐요 한 사이즈 더 크면 아빠옷 일 것 같아요 사이즈 딱좋아요!",체험단 요즘 버건디 색상의 상의를 갖고 싶어서 여기저기 찾아 보다가 체험단을 통해 드디어 버건디색 후드를 갖게 되었어요. 우선 컬러감은 사진상으로는 밝게 나왔지만 빨간계열보다는 아주 약간 브라운색 한방울 추가된 버건디 색상에 가깝다고 보면 될것같아요! 기모후드라해도 타사 제품들 보면 굉장히 얇은 기모들이 많은데 이 제품은 기모가 제대로 들어있어서 폭닥폭닥 따숩게 잘 입었어요! 박음질이나 마감도 광장히 깔끔하게 잘 되어있어서 입었을때 저렴해보이지 않아서 더 좋았습니다. 참고로 정말 중요한 메이드 인 차이나가 아니고 우리나라에서 만든 제품이라 확실히 다르고 받았을때 옷에서 역한 냄새같은게 없어서 더 좋았구요! 사이즈는 원래도 약간 오버핏이긴 하지만 키167에 50키로인 저는 혹시몰라 M으로 주문했는데 낙낙하게 입기 딱좋은 사이즈였어요. 아주 닳도록 잘 입을것 같아요 대만족><
https://www.musinsa.com/products/4513984,언스타퍼블 플리스 후디 1383042-001,"129,000원",10%,"116,100원",언더아머,https://image.musinsa.com/mfile_s01/_brand/free_medium/underarmour.png?20210111133314,스포츠/레저,상의,https://image.msscdn.net/thumbnails/images/goods_img/20241014/4513984/4513984_17288881427714_big.jpg?w=1200,https://image.msscdn.net/thumbnails/images/prd_img/20241014/4513984/detail_4513984_17289781032514_big.jpg?w=1200,https://image.msscdn.net/thumbnails/images/prd_img/20241014/4513984/detail_4513984_17289781068795_big.jpg?w=1200,https://image.msscdn.net/thumbnails/images/prd_img/20241014/4513984/detail_4513984_17289781159041_big.jpg?w=1200,hoodie_0128,5,350회 이상 (최근 1개월),없음,후기 1개,없음,재질이 너무 맘에 들고 운동할 때 입기 좋은 활동성입니다!,없음,없음,없음,없음
https://www.musinsa.com/products/4681261,빅포켓 스웻 후드 티셔츠 (버건디),"79,000원",30%,"55,300원",테이크이지,https://image.msscdn.net/mfile_s01/_brand/free_medium/takeasy.png?20200608153142,상의,후드 티셔츠,https://image.msscdn.net/thumbnails/images/goods_img/20241226/4681261/4681261_17369265563525_big.jpg?w=1200,https://image.msscdn.net/thumbnails/images/prd_img/20241226/4681261/detail_4681261_17369265625354_big.jpg?w=1200,https://image.msscdn.net/thumbnails/images/prd_img/20241226/4681261/detail_4681261_17369265632951_big.jpg?w=1200,https://image.msscdn.net/thumbnails/images/prd_img/20241226/4681261/detail_4681261_17369265666819_big.jpg?w=1200,hoodie_0129,39,300회 이상 (최근 1개월),없음,없음,없음,없음,없음,없음,없음,없음
https://www.musinsa.com/products/4733543,Cowl neck botton hoodie IVORY,"128,000원",10%,"115,200원",미세키서울,https://image.musinsa.com/mfile_s01/_brand/free_medium/misekiseoul.png?20230707140259,상의,후드 티셔츠,https://image.msscdn.net/thumbnails/images/goods_img/20250121/4733543/4733543_17383056996065_big.jpg?w=1200,https://image.msscdn.net/thumbnails/images/prd_img/20250121/4733543/detail_4733543_17383057056065_big.jpg?w=1200,없음,https://image.msscdn.net/thumbnails/images/prd_img/20250121/4733543/detail_4733543_17383057061846_big.jpg?w=1200,hoodie_0130,98,1천 회 이상 (최근 1개월),없음,없음,없음,없음,없음,없음,없음,없음
https://www.musinsa.com/products/4683278,FLM 스티치 로고 후디-블랙,"64,000원",45%,"34,900원",필루미네이트,https://image.musinsa.com/mfile_s01/_brand/free_medium/filluminate.png?20240624122453,상의,후드 티셔츠,https://image.msscdn.net/thumbnails/images/goods_img/20241227/4683278/4683278_17376250802767_big.jpg?w=1200,https://image.msscdn.net/thumbnails/images/prd_img/20241227/4683278/detail_4683278_17376252714009_big.jpg?w=1200,https://image.msscdn.net/thumbnails/images/prd_img/20241227/4683278/detail_4683278_17376260419713_big.jpg?w=1200,https://image.msscdn.net/thumbnails/images/prd_img/20241227/4683278/detail_4683278_17376258454058_big.jpg?w=1200,hoodie_0131,101,1.9천 회 이상 (최근 1개월),없음,없음,없음,없음,없음,없음,없음,없음
https://www.musinsa.com/products/4683267,FLM 스티치 로고 후디-브라운,"64,000원",45%,"34,900원",필루미네이트,https://image.musinsa.com/mfile_s01/_brand/free_medium/filluminate.png?20240624122453,상의,후드 티셔츠,https://image.msscdn.net/thumbnails/images/goods_img/20241227/4683267/4683267_17376250645787_big.jpg?w=1200,https://image.msscdn.net/thumbnails/images/prd_img/20241227/4683267/detail_4683267_17376252479096_big.jpg?w=1200,https://image.msscdn.net/thumbnails/images/prd_img/20241227/4683267/detail_4683267_17376260136521_big.jpg?w=1200,https://image.msscdn.net/thumbnails/images/prd_img/20241227/4683267/detail_4683267_17376257814610_big.jpg?w=1200,hoodie_0132,91,1.4천 회 이상 (최근 1개월),없음,후기 1개,없음,별하나 뺀 이유는 그냥 팔길이랑 밑단길이 어정쩡해요 제 키때문인거 같긴한데 ㅜㅜ,없음,없음,없음,없음
https://www.musinsa.com/products/4568222,유니버스 오버랩 스웨트 오버핏 후드티셔츠 5Color,"49,800원",30%,"34,860원",언탭트 스튜디오,https://image.msscdn.net/mfile_s01/_brand/free_medium/untapped.png?1730708272814,상의,후드 티셔츠,https://image.msscdn.net/thumbnails/images/goods_img/20241029/4568222/4568222_17307957146053_big.jpg?w=1200,https://image.msscdn.net/thumbnails/images/prd_img/20241029/4568222/detail_4568222_17307957237500_big.jpg?w=1200,https://image.msscdn.net/thumbnails/images/prd_img/20241029/4568222/detail_4568222_17307957245012_big.jpg?w=1200,https://image.msscdn.net/thumbnails/images/prd_img/20241029/4568222/detail_4568222_17307957269270_big.jpg?w=1200,hoodie_0133,"10,084",7만 회 이상 (최근 1개월),1.2천 개 이상,후기 84개,4.6,생각보다 얇아서 추울 수 있습니다. 소매 품이 좀 더 넓었으면 좋았을것같네요. 겨울용인줄 알고 구매했는데 무게감이 없어서 아쉬웠어요,조금만 더 두꺼웠으면 좋았을것같아요! 기모버전도 나왔으면 하는 바램입니다ㅠㅠ,한달후기 라운드면티처럼 얇아요 아우터안에 가볍게 입기괜춘,사이즈가 딱 맞아서 좋은데 옷이 얇아서 모자 핏은 안나오네여,면감도 나쁘지않고 옷도 무겁지않습니다. 생각보다 얇네요.. 실물로 봤을때 프린팅이 살짝 아쉽습니다
https://www.musinsa.com/products/4757561,YBXSOUP Lace hoodie,"118,000원",5%,"112,100원",유쓰배쓰,https://image.musinsa.com/mfile_s01/_brand/free_medium/youthbath.png?20240223131753,상의,후드 티셔츠,https://image.msscdn.net/thumbnails/images/goods_img/20250204/4757561/4757561_17388238758284_big.jpg?w=1200,https://image.msscdn.net/thumbnails/images/prd_img/20250204/4757561/detail_4757561_17388239746344_big.jpg?w=1200,https://image.msscdn.net/thumbnails/images/prd_img/20250204/4757561/detail_4757561_17388239785097_big.jpg?w=1200,https://image.msscdn.net/thumbnails/images/prd_img/20250204/4757561/detail_4757561_17388240083225_big.jpg?w=1200,hoodie_0134,129,950회 이상 (최근 1개월),없음,없음,없음,없음,없음,없음,없음,없음
https://www.musinsa.com/products/4345361,Honda Small Wing Rivet point Hoodie Gray,"89,000원",40%,"53,400원",혼다 모터사이클,https://image.musinsa.com/mfile_s01/_brand/free_medium/hondaxphyps.png?20240208185624,상의,후드 티셔츠,https://image.msscdn.net/thumbnails/images/goods_img/20240820/4345361/4345361_17253482990058_big.jpg?w=1200,https://image.msscdn.net/thumbnails/images/prd_img/20240820/4345361/detail_4345361_17253483002418_big.jpg?w=1200,https://image.msscdn.net/thumbnails/images/prd_img/20240820/4345361/detail_4345361_17253483005258_big.jpg?w=1200,https://image.msscdn.net/thumbnails/images/prd_img/20240820/4345361/detail_4345361_17253483030377_big.jpg?w=1200,hoodie_0135,632,3.5천 회 이상 (최근 1개월),없음,후기 19개,4.7,한달후기 캐주얼 하게 입기 좋습니다 앞에 버튼이 포인트입니디,무난하고 오버핏이라서 힙하게 입을 수 있어서 좋아요,핏도 적당하게 오버하고 깔끔해서 예쁨 것 같아요,옷 완전 이쁨 후드가 줄이아니라서 불편할줄 알았는데 너무 편하고 더 이쁨 로고도 너무 이쁨 근데 쪼금 김,"사이즈는 좋았는데, 소재가 좀 무거운 느낌이라고 합니다"
https://www.musinsa.com/products/4518186,[MEN] 스냅 디테일 후디 맨투맨_멜란지 그레이 91M4422924,"139,000원",20%,"111,200원",스튜디오 톰보이,https://image.musinsa.com/mfile_s01/_brand/free_medium/studiotomboy.png?20220823162809,상의,후드 티셔츠,https://image.msscdn.net/thumbnails/images/goods_img/20241015/4518186/4518186_17333790792097_big.jpg?w=1200,https://image.msscdn.net/thumbnails/images/prd_img/20241015/4518186/detail_4518186_17333790837485_big.jpg?w=1200,https://image.msscdn.net/thumbnails/images/prd_img/20241015/4518186/detail_4518186_17333790850597_big.jpg?w=1200,https://image.msscdn.net/thumbnails/images/prd_img/20241015/4518186/detail_4518186_17333790975641_big.jpg?w=1200,hoodie_0136,5,100회 이상 (최근 1개월),없음,없음,없음,없음,없음,없음,없음,없음
https://www.musinsa.com/products/4515774,남녀공용 폴라텍200 아노락 후디 TLTBW24611BLK,"138,000원",20%,"110,400원",코오롱스포츠,https://image.msscdn.net/mfile_s01/_brand/free_medium/kolonsport.png?20200608153142,스포츠/레저,상의,https://image.msscdn.net/thumbnails/images/goods_img/20241014/4515774/4515774_17288976232096_big.jpg?w=1200,https://image.msscdn.net/thumbnails/images/prd_img/20241014/4515774/detail_4515774_17288976269181_big.jpg?w=1200,https://image.msscdn.net/thumbnails/images/prd_img/20241014/4515774/detail_4515774_17288976295842_big.jpg?w=1200,https://image.msscdn.net/thumbnails/images/prd_img/20241014/4515774/detail_4515774_17288976443807_big.jpg?w=1200,hoodie_0137,106,1.7천 회 이상 (최근 1개월),없음,후기 9개,없음,포장도 꼼꼼하게 잘 해서 보내주셨어요 잘쓸게요!,한달후기 어디에나 잘어울려요 기본템으로 아주 좋습니다 강추강추,한달후기 고민 많이 하고 구매하였는데 너무 마음에 드네요 감사합니다 ㅎㅎ,어디에나 잘어울려요 기본템으로 완전이 좋습니다.,110구매했는데 사이즈 넉넉해서 이너에 몇개입어도 활동에 불편함이 없을것같습니다. 등산용으로 매우 잘산것 같습니다
https://www.musinsa.com/products/4661239,2425 NNN - 3L 방수후드- Hood - 아이보리 [오로라 나염],없음,없음,"110,400원",엔쓰리,https://image.msscdn.net/mfile_s01/_brand/free_medium/nthree.png?20200608153142,스포츠/레저,상의,없음,없음,없음,https://image.msscdn.net/thumbnails/images/goods_img/20241211/4661239/4661239_17362355695391_big.jpg?w=1200,hoodie_0138,2,100회 이상 (최근 1개월),없음,후기 3개,4.3,반질반질해서 방수잘되요 아들것도 구입해서 입힐예정입니다.,색상 이뻐요 s사이즈가 품절이라 m으로 크게 입었어요 기장은 괜찮은데 팔길이가 길어서 아쉽긴해요,색상 예뻐요~ 팔길이가 다소 길어서 아쉬움은 있어요,없음,없음
https://www.musinsa.com/products/4547400,UNIT-01 PIGMENT HOODIE CHARCOAL(MG2EFMM402B),없음,없음,"109,000원",마하그리드,https://image.msscdn.net/mfile_s01/_brand/free_medium/mahagrid.png?20200608153142,상의,후드 티셔츠,https://image.msscdn.net/thumbnails/images/goods_img/20241023/4547400/4547400_17304440327576_big.jpg?w=1200,https://image.msscdn.net/thumbnails/images/prd_img/20241023/4547400/detail_4547400_17304440429634_big.jpg?w=1200,https://image.msscdn.net/thumbnails/images/prd_img/20241023/4547400/detail_4547400_17304440436811_big.jpg?w=1200,https://image.msscdn.net/thumbnails/images/prd_img/20241023/4547400/detail_4547400_17304440457491_big.jpg?w=1200,hoodie_0139,824,1.4천 회 이상 (최근 1개월),없음,후기 18개,4.9,이게 왜 품절이 안났는지 모르겠어요. 이게 제일 무난하게 입고 다닐수잇는거 같아요. 옷 두껍지는 않지만 무난하고 박음질등 튼튼해요. 좋아요,한달후기 요즘 후드에 마감처리를 하지 않고 자연스럽게 떨어지는 후드가 좋더라구요,빠른배송 좋은상품! 여자친구 선물해줬는네 너무 좋아하네요!!!,에반게리온 굿즈로 구매하엿습니다 폰케이스도 에바에요,이쁘고 스타일 좋네요. 선물용인데 정말 좋아합니다.
https://www.musinsa.com/products/4743829,BELIEVE TAG HOODIE - BLUE,없음,없음,"109,000원",브라운브레스,https://image.msscdn.net/mfile_s01/_brand/free_medium/brownbreath.png?20200608153142,상의,후드 티셔츠,https://image.msscdn.net/thumbnails/images/goods_img/20250124/4743829/4743829_17386456803569_big.jpg?w=1200,https://image.msscdn.net/thumbnails/images/prd_img/20250124/4743829/detail_4743829_17386467637353_big.jpg?w=1200,https://image.msscdn.net/thumbnails/images/prd_img/20250124/4743829/detail_4743829_17386467647476_big.jpg?w=1200,https://image.msscdn.net/thumbnails/images/prd_img/20250124/4743829/detail_4743829_17386467707030_big.jpg?w=1200,hoodie_0140,12,150회 이상 (최근 1개월),없음,없음,없음,없음,없음,없음,없음,없음
https://www.musinsa.com/products/4460479,러스틱 피그먼트 후드 브라운 BJHD4675,"75,200원",31%,"51,900원",퍼스텝,https://image.musinsa.com/mfile_s01/_brand/free_medium/perstep.png?20230926180845,상의,후드 티셔츠,없음,없음,없음,https://image.msscdn.net/thumbnails/images/goods_img/20240925/4460479/4460479_17272263435521_big.jpg?w=1200,hoodie_0141,262,450회 이상 (최근 1개월),없음,후기 5개,4.8,차분해보이는 브라운 색상인 것같아요! 무거운 편도 아니라 편하게 입고 다닐 수 있을 것같습니다 :),요즘 너무 자주 입고있어요 기모도 두껍고 옷 자체가 두꺼워서 너무 좋습니다,한달후기 한달동안 입으면서 색깔도 코디하기 좋고 따뜻해서 앞으로도 계속 입을듯여,안에 기모가 있고 두께감도 어느정도 있어서 되게 잘 입고 다닐것 같아용,가격대비 무난무난 얇지도않고 색감도 이쁘고 적당히 튼튼함
https://www.musinsa.com/products/4733983,DYED BASIC LOGO HODDIE SAGE GREEN,"119,000원",10%,"107,100원",네이머클로딩,https://image.musinsa.com/mfile_s01/_brand/free_medium/namerclothing.png?20220210143942,상의,후드 티셔츠,https://image.msscdn.net/thumbnails/images/goods_img/20250121/4733983/4733983_17392575062870_big.jpg?w=1200,https://image.msscdn.net/thumbnails/images/prd_img/20250121/4733983/detail_4733983_17392575070978_big.jpg?w=1200,https://image.msscdn.net/thumbnails/images/prd_img/20250121/4733983/detail_4733983_17392575073559_big.jpg?w=1200,https://image.msscdn.net/thumbnails/images/prd_img/20250121/4733983/detail_4733983_17392575078543_big.jpg?w=1200,hoodie_0142,7,150회 이상 (최근 1개월),없음,없음,없음,없음,없음,없음,없음,없음
https://www.musinsa.com/products/4371139,유스클럽 타이포 그래픽 오버핏 후드 - CHARCOAL,"84,000원",41%,"49,800원",오드스튜디오,https://image.msscdn.net/mfile_s01/_brand/free_medium/oddstudio.png?1732780510434,상의,후드 티셔츠,https://image.msscdn.net/thumbnails/images/prd_img/20240826/4371139/detail_4371139_17249706059617_big.jpg?w=1200,https://image.msscdn.net/thumbnails/images/prd_img/20240826/4371139/detail_4371139_17249706097565_big.jpg?w=1200,없음,https://image.msscdn.net/thumbnails/images/goods_img/20240826/4371139/4371139_17315614963047_big.jpg?w=1200,hoodie_0143,"1,589",2.3천 회 이상 (최근 1개월),없음,후기 17개,4.9,한달후기 기모가 없어서 이너를 여러겹 입으면 따숩게 입을 수 있고! 날 풀리면 반팔티 위에 입기도 좋고! 요래조래 입기에는 역시 기모없는템이 좋은거 같아요:),"착용핏이 너무 예뻤고요, 차콜색이랑 핑크색 레터링이 진심 개이쁨여",한달후기 도톰하니 따뜻하고 색상도 잘나와서 잘입고있습니다~ 이미지랑 같아요^^,동생 사줬는데 맨날입어요 이쁜거같아요 사이즈도 적당해요,한달후기 지금까지 산 후드티중에 핏도 제일 이뿌고 맘에 듭니당
https://www.musinsa.com/products/4416865,WEB LOGO LOOSED HOODIE [NAVY],없음,없음,"99,000원",에이이에이이,https://image.msscdn.net/mfile_s01/_brand/free_medium/aeae.png?1728349697863,상의,후드 티셔츠,https://image.msscdn.net/thumbnails/images/prd_img/20240906/4416865/detail_4416865_17259522284393_big.jpg?w=1200,https://image.msscdn.net/thumbnails/images/prd_img/20240906/4416865/detail_4416865_17259522294571_big.jpg?w=1200,없음,https://image.msscdn.net/thumbnails/images/goods_img/20240906/4416865/4416865_17259522189597_big.jpg?w=1200,hoodie_0144,"6,149",9.1천 회 이상 (최근 1개월),없음,후기 66개,4.9,핏이 딱 좋아요! 배송도 생각보다 다음날 바로 왔어요 ㅎㅎ 너무 방방하지도 않고 좋습니당!!,핏이 너무 예뻐요 ! 고민하지말고 사세요 후회안해요 !!,길이도 딱 좋고 잘 맞아요 옷이 좀 무거운편이긴 한데 그만큼 탄탄해서 잘 입고 다닐것 같아요,매우 만족 퀄리티도 좋고 핏도 예뻐요 여기 후드티는 거의다 산거같아여,한달후기 소매가지인짜길어요 긴팔이신분들 평소에후드티팔길이가 아쉬웠던분들에게 강추입니다.. b
https://www.musinsa.com/products/4672937,SKETCH DOODLE HOODIE charcoal,"109,000원",10%,"98,100원",엘엠씨,https://image.musinsa.com/mfile_s01/_brand/free_medium/lmc.png?20220610163914,상의,후드 티셔츠,https://image.msscdn.net/thumbnails/images/prd_img/20241219/4672937/detail_4672937_17368295347208_big.jpg?w=1200,https://image.msscdn.net/thumbnails/images/prd_img/20241219/4672937/detail_4672937_17368295358103_big.jpg?w=1200,없음,https://image.msscdn.net/thumbnails/images/goods_img/20241219/4672937/4672937_17367551887597_big.jpg?w=1200,hoodie_0145,79,600회 이상 (최근 1개월),없음,없음,없음,없음,없음,없음,없음,없음
https://www.musinsa.com/products/4459924,[Mmlg] TONE WASHING HOODIE (PINK),"109,000원",10%,"98,100원",엠엠엘지,https://image.msscdn.net/mfile_s01/_brand/free_medium/mmlg.png?20200608153142,상의,후드 티셔츠,https://image.msscdn.net/thumbnails/images/goods_img/20240924/4459924/4459924_17276834497847_big.jpg?w=1200,https://image.msscdn.net/thumbnails/images/prd_img/20240924/4459924/detail_4459924_17276834545330_big.jpg?w=1200,https://image.msscdn.net/thumbnails/images/prd_img/20240924/4459924/detail_4459924_17276834551397_big.jpg?w=1200,https://image.msscdn.net/thumbnails/images/prd_img/20240924/4459924/detail_4459924_17276834571271_big.jpg?w=1200,hoodie_0146,189,750회 이상 (최근 1개월),없음,후기 4개,없음,색감이 진짜... 너무 예뻐요 추파춥스딸바느낌 핑크공주라면 필수 소장이랍니다,너무 귀엽습니다 세일해서 잘샀어요 잘입고다니고 있어요,"한달후기 이건 정말 잘 산 것 같아요. 색깔이 너무 예뻐요. 지금은 겨울이라 안 입고 있지만, 내년에도 자주 입을 것 같아요.","잘 입고 있습니다. 색깔, 사이즈, 디자인 마음에 안 드는 점이 없는 후디입니다. 가격이 조금 비싸지만 만족합니다.",없음
https://www.musinsa.com/products/4374351,없음,없음,없음,없음,없음,없음,없음,,없음,없음,없음,없음,hoodie_0147,"1,609",5.1천 회 이상 (최근 1개월),없음,후기 17개,4.5,한달후기 안감이 까슬거려요 아토피있어서 예민한데 살짝 불편했습니다. 근데 참을만함 생각보다 기장감이 짧게 느껴졌고 붕 뜨는 느낌이 듭니다. 교복처럼 입고다니려고 샀는데 생각보다 손이 잘 안가네요...슬픔이..,한달후기 색 조합도 너무 이쁘고 프린팅 자체도 과하지 않고 좋았어요 특히 기모가 있어서 더 좋았고요. 하지만 단점이 있다면 밑에 시보리가 짱짱하지 않아서 그게 너무 아쉬워요. 시보리만 더 짱짱했다면 더 손이 많이 가는 옷이었을 것 같네요!!,길이랑 어깨는 괜찮은데 통이 너무 커요 ㅠ 수선하면 입을만 해요,한달후기 자주 입고 다녀요 널널해서 편하게 입기 좋은 것 같아요,사이즈 작게 나온 편이라 사이즈표 참고하시는 것 추천해요!
https://www.musinsa.com/products/4265264,Plan Hoodie Blue,없음,없음,"97,000원",테켓,https://image.msscdn.net/mfile_s01/_brand/free_medium/teket.png?20240722134232,상의,후드 티셔츠,없음,없음,없음,https://image.msscdn.net/thumbnails/images/goods_img/20240722/4265264/4265264_17237770783676_big.jpg?w=1200,hoodie_0148,"6,798",1.3만 회 이상 (최근 1개월),없음,후기 134개,4.9,이쁘구 부들하고 폭닥해여 핏도 낙낙해서 완전 귀여워여 색감도굿,너무 오버핏이아니라 만족해요 색감도 이쁘고 데일리로 입기에 좋습니당,배송도 재질도 사이즈도 너무 적당하고 추천드립니당,재질도 좋고 핏도 오버하니 좋습니다 색감도 부담스럽지않은 파랑 항상 믿고사는 브랜드,블랙프라이데이때 구매한 제품 중에 가장 마음에 들어요! 재질이 일반 맨투맨 재질 같을 줄 알았는데 엄청 부들거리고 가볍습니다. 크게 입고 싶어서 라지로 주문했는데 마음에 드네요 제 키엔 엉덩이 다 덮는 길이었어요
https://www.musinsa.com/products/4305337,[SET] [후드티 OR 맨투맨 선택] CGP 아치 로고 셋업_브라운,"117,900원",24%,"89,900원",코드그라피,https://image.msscdn.net/mfile_s01/_brand/free_medium/codegraphy.png?1733796001765,상의,후드 티셔츠,https://image.msscdn.net/thumbnails/images/prd_img/20240807/4305337/detail_4305337_17241125494522_big.jpg?w=1200,https://image.msscdn.net/thumbnails/images/prd_img/20240807/4305337/detail_4305337_17241125539235_big.jpg?w=1200,없음,https://image.msscdn.net/thumbnails/images/goods_img/20240807/4305337/4305337_17237608168894_big.jpg?w=1200,hoodie_0149,"3,639",2만 회 이상 (최근 1개월),없음,후기 88개,4.8,사이즈 딱 맞아요 정말 이쁩니다 . 이 가격 주고 합리적이게 잘 산것같아요 겨울 때 입으면 딱 좋을것 같습니다,오자마자 바로 입어 봤는데 사이즈 좋고 귀엽고 이쁘네요~트레이닝 세트 필요했는데 맨투맨도 이뻤겠지만 후드티가 필요해서 후드세트 시켰는데 이쁘고 좋아요~사이즈 걱정을 좀 했는데 위아래 S 사이즈로 좋아요~위에 넉넉한 느낌 입고 싶었는데 적당히 넉넉..바지도 작지 않게 입고 싶었는데 딱맞아요~ 바지 밑단 시보리로 만들수도 있는거라서 두가지 스타일로 입을수있겠네요~,한달후기 너무 커서 엉덩이가 많이 내려가있긴 하지만 셋업으로 귀엽게 잘 입고 다니고 있습니다 색감이 너무 예뻐요 운동갈 때 잘 입고 다니고 있습니다 기모는 없어서 발열 내의 위에 입고 다녀요,"두께, 핏, 색상까지 아주 맘에 들어요. 올 겨울 편하게 입힐거 같습니다. 아이는 155cm 58kg, 참고하세요~~","바지를 s 사이즈로 구매할까 하다가 스트링 줄이면 짧아져서 m사이즈로 주문했는데요, 바지 길이는 마음에 드는데 통이 너무 커요 허리도 너무 커서 허리줄을 묶는다고 해도 바지 무게 때문에 내려가네요 그래도 후드티는 m사이즈로 선택했더니 엉덩이도 다 가리고 예쁜 오버핏 나옵니다 옷 색감이랑 분홍색 프린팅이 너무 예뻐서 크지만 잘 입고 다니고 있습니다"
https://www.musinsa.com/products/4738535,원트워크 후드 블랙 ISHD9184,"59,000원",26%,"43,900원",펀치라인,https://image.msscdn.net/mfile_s01/_brand/free_medium/punchline.png?20200608153142,상의,후드 티셔츠,없음,없음,없음,https://image.msscdn.net/thumbnails/images/goods_img/20250123/4738535/4738535_17375905809558_big.jpg?w=1200,hoodie_0150,28,300회 이상 (최근 1개월),없음,없음,없음,없음,없음,없음,없음,없음
https://www.musinsa.com/products/4750843,Standard Logo Heavyweight Hoodie Navy,"98,000원",8%,"90,160원",에스피오나지,https://image.msscdn.net/mfile_s01/_brand/free_medium/espionage.png?20200608153142,상의,후드 티셔츠,https://image.msscdn.net/thumbnails/images/goods_img/20250203/4750843/4750843_17386554914168_big.jpg?w=1200,https://image.msscdn.net/thumbnails/images/prd_img/20250203/4750843/detail_4750843_17386554978922_big.jpg?w=1200,https://image.msscdn.net/thumbnails/images/prd_img/20250203/4750843/detail_4750843_17386554985824_big.jpg?w=1200,https://image.msscdn.net/thumbnails/images/prd_img/20250203/4750843/detail_4750843_17386557804105_big.jpg?w=1200,hoodie_0151,63,1.2천 회 이상 (최근 1개월),없음,없음,없음,없음,없음,없음,없음,없음
https://www.musinsa.com/products/4694801,스트라이프 레이스 배색 후드 아이보리 멜란지,"104,000원",13%,"90,000원",일리고,https://image.musinsa.com/mfile_s01/_brand/free_medium/illigo.png?20240221141845,상의,후드 티셔츠,https://image.msscdn.net/thumbnails/images/prd_img/20250102/4694801/detail_4694801_17364106184060_big.png?w=1200,https://image.msscdn.net/thumbnails/images/prd_img/20250102/4694801/detail_4694801_17364106218966_big.png?w=1200,없음,https://image.msscdn.net/thumbnails/images/goods_img/20250102/4694801/4694801_17364106123710_big.png?w=1200,hoodie_0152,"1,352",7.4천 회 이상 (최근 1개월),없음,후기 3개,4.7,연휴에 구매해서 연휴끝나고 발송되어 받았습니당ㅎㅎ 디자인 넘 맘에 들어서 구매했는데 제대로 안봤었는지 어깨 부분이 레이스인거 받아보고 알았는데 ㅋㅋ 맘에 듭니다! 별 스터드도 넘 귀엽구 옷 이뻐요 팔 긴거 좋아하는데 길어서 좋았습니당 이쁜데 마감이 좀 아쉬웠어요 낚시줄 같은거도 나와있구 그런건 정리하면되는데 밑단이 넘 삐뚤게 박음질되었어요 ㅠㅠ 입으면 티 안나서 상관은 없지만 아쉬운 부분이였습니다,연휴에 구매해서 연휴끝나고 발송되어 받았습니당ㅎㅎ 디자인 넘 맘에 들어서 구매했는데 제대로 안봤었는지 어깨 부분이 레이스인거 받아보고 알았는데 ㅋㅋ 맘에 듭니다! 별 스터드도 넘 귀엽구 옷 이뻐요 팔 긴거 좋아하는데 길어서 좋았습니당 이쁜데 마감이 좀 아쉬웠어요 낚시줄 같은거도 나와있구 그런건 정리하면되는데 밑단이 넘 삐뚤게 박음질되었어요 ㅠㅠ 입으면 티 안나서 상관은 없지만 아쉬운 부분이였습니다,디자인이 예뻐서 구매했는데 핏도 좋고 마음에 들어요,없음,없음
https://www.musinsa.com/products/4305339,[SET] [후드티 OR 맨투맨 선택] CGP 아치 로고 셋업_차콜,"117,900원",24%,"89,900원",코드그라피,https://image.msscdn.net/mfile_s01/_brand/free_medium/codegraphy.png?1733796001765,상의,후드 티셔츠,https://image.msscdn.net/thumbnails/images/prd_img/20240807/4305339/detail_4305339_17241125723658_big.jpg?w=1200,https://image.msscdn.net/thumbnails/images/prd_img/20240807/4305339/detail_4305339_17241125751741_big.jpg?w=1200,없음,https://image.msscdn.net/thumbnails/images/goods_img/20240807/4305339/4305339_17237608101900_big.jpg?w=1200,hoodie_0153,"2,861",1.8만 회 이상 (최근 1개월),없음,후기 134개,4.8,"정말 만족합니다🩶 후드 트레이닝을 코드그라피에서 구매하길 잘했습니다!  저는 흔하지 않은 차콜+핑크 조합이 너무 마음에 들었어요! 꾸안꾸로 정말 좋을 것 같다는 생각이 들었는데, 배송 받아서 보니 정말 딱이에요!  여성분들~! 후드티는 55 이상이시고 오버핏 좋아하시거나 약간 넉넉하게 입고 싶으시면 M사이즈 추천드립니다. 어차피 세탁기 한 번 돌리면 줄어드니까 그거 감안하면 M이 좋은 것 같아요.  바지는 남녀 공용이라 저는 S사이즈로 선택했는데 S도 컸습니다. 대신에 허리가 널널하고 밴딩이 쪼이지 않아서 정말 편했습니다! 길이감은 약간 길지만 운동화 신고 입으니 딱 좋은 기장이 나오더라고요. 너무 큰 게 싫으시다면 XS 추천드릴게요!  그리고 기모가 아니라서 지금같이 추울 때는 단독으로 입기보단 발열 내의 같은 옷을 같이 입어야 할 것 같아요. 재질이 얇습니다😂",가을에 입기 좋은 두께입니당 색이 너무 예쁘고 휘뚜루 마뚜루 입기 좋은 것 같아요 다른 색상도 사두었는데 색깔별로 다 사고 싶을 정도네용,한달후기 후드티는 딱 맞고 바지는 개 큰 사태가 벌어짐요 하하,작년에 같은 상품으로 기모버전으로 구매하고 잘 입어서 다른색상 사려고 하니 디자인도 바뀌고 기모가 없는게 좀 아쉬워요ㅠㅠ 색상이랑 핑크로고도 너무 맘에 드는데 논기모만 있는게 아쉽습니당 바지는 넉넉하고 후드티도 넉넉한 핏이긴 한데 몸통 부분이 생각외로 넉넉하진 않아요,한달후기 색조합이 예뻐요 남여공용이라 사이즈 선택 잘하세요!
https://www.musinsa.com/products/4470343,W MESS SEOUL TAG CROP HOODIE - OFF WHITE,"99,000원",10%,"89,100원",브라운브레스,https://image.msscdn.net/mfile_s01/_brand/free_medium/brownbreath.png?20200608153142,상의,후드 티셔츠,https://image.msscdn.net/thumbnails/images/goods_img/20240927/4470343/4470343_17276818772642_big.jpg?w=1200,https://image.msscdn.net/thumbnails/images/prd_img/20240927/4470343/detail_4470343_17276845559958_big.jpg?w=1200,https://image.msscdn.net/thumbnails/images/prd_img/20240927/4470343/detail_4470343_17276845568134_big.jpg?w=1200,https://image.msscdn.net/thumbnails/images/prd_img/20240927/4470343/detail_4470343_17276845603855_big.jpg?w=1200,hoodie_0154,478,2.5천 회 이상 (최근 1개월),없음,후기 6개,4.5,커플티로 샀는데 뒤에가 포인트인데 추워서 벗진 못했네요 가격에 비해서는 면이 너무 얇고 퀄리티가 좋진 않은거같아요 ㅠ,너무 예뽀요 크롭 후드 찾다가 구매 했는데 완전 맘에 듭니다 흰색이라 쪼큼 걱정했는데 깨끗이 입으면 되겠죠 요 다른색도 사고 싶네요 여기브랜드 처음인데 굿!!,커플티로 샀는데 뒤에가 포인트인데 추워서 벗진 못했네요 가격에 비해서는 면이 너무 얇고 퀄리티가 좋진 않은거같아요 ㅠ,후드티 많은데 너무 예뻐서 또 구입했네요.. 깔끔한 화이트에 짧은기장이라 와이드바지나 부츠컷바지랑 입으니 너무 예뻐요,크롭이라 귀엽고 흰색이라 깔끔해서 좋아요 다만 처음 받았을때 냄새가 심하게 나서 한참 걸어놓았다가 입어야 합니다 ㅜㅜ
https://www.musinsa.com/products/4566309,DOUBLE RIBBON OVERSIZED HOODIE BLACK SILVER,"99,000원",10%,"89,100원",론론,https://image.musinsa.com/mfile_s01/_brand/free_medium/ronron.png?20220615154955,상의,후드 티셔츠,https://image.msscdn.net/thumbnails/images/goods_img/20241028/4566309/4566309_17301051621343_big.jpg?w=1200,https://image.msscdn.net/thumbnails/images/prd_img/20241028/4566309/detail_4566309_17301051707825_big.jpg?w=1200,https://image.msscdn.net/thumbnails/images/prd_img/20241028/4566309/detail_4566309_17301051714598_big.jpg?w=1200,https://image.msscdn.net/thumbnails/images/prd_img/20241028/4566309/detail_4566309_17301051725283_big.jpg?w=1200,hoodie_0155,148,750회 이상 (최근 1개월),없음,후기 1개,없음,기모도 따뜻하고 핏도 괜찮아요. 후드 모자가 좀 커서 살짝 뒤가 묵직하긴 한데 감수할만 합니다. 주머니 밑에 핑크 포인트가 있어서 좀더 귀여워보이는 효과가 있습니다.,없음,없음,없음,없음
https://www.musinsa.com/products/4748112,BASIC EMBROIDERY HOODIE (BLACK),"99,000원",10%,"89,100원",아웃도어 프로덕츠,https://image.msscdn.net/mfile_s01/_brand/free_medium/outdoorproducts.png?20200608153142,상의,후드 티셔츠,https://image.msscdn.net/thumbnails/images/goods_img/20250131/4748112/4748112_17382997055361_big.jpg?w=1200,https://image.msscdn.net/thumbnails/images/prd_img/20250131/4748112/detail_4748112_17382997065084_big.jpg?w=1200,없음,https://image.msscdn.net/thumbnails/images/prd_img/20250131/4748112/detail_4748112_17382997066555_big.jpg?w=1200,hoodie_0156,3,없음,없음,없음,없음,없음,없음,없음,없음,없음
https://www.musinsa.com/products/4716470,TAG HOODIE - ASH,없음,없음,"89,000원",브라운브레스,https://image.msscdn.net/mfile_s01/_brand/free_medium/brownbreath.png?20200608153142,상의,후드 티셔츠,https://image.msscdn.net/thumbnails/images/goods_img/20250113/4716470/4716470_17370932423890_big.jpg?w=1200,https://image.msscdn.net/thumbnails/images/prd_img/20250113/4716470/detail_4716470_17370950055487_big.jpg?w=1200,https://image.msscdn.net/thumbnails/images/prd_img/20250113/4716470/detail_4716470_17370950062434_big.jpg?w=1200,https://image.msscdn.net/thumbnails/images/prd_img/20250113/4716470/detail_4716470_17370950107871_big.jpg?w=1200,hoodie_0157,193,3.3천 회 이상 (최근 1개월),없음,후기 3개,없음,이미지상과 똑같아요 타사보다 저렴한지는 모르겠지만 무신사쿠폰으로 쇼핑해서 자주씁니다. 중학생아이들이 이브랜드를 좋아하네요.,밝은 후드티가 필요해서샀어요~ 후드핏이 마음에 들어 색깔별로 샀어요,선물로 사준건데 받고 맘에 든다고 하더라고요!!! 만족중입니댱 기모 없는거 찾다가 새로 나왓다길래 샀는데 잘 산거같에오,없음,없음
https://www.musinsa.com/products/4522628,Logo Oversized Hoodie (NAVY),없음,없음,"89,000원",펀치드렁크파티즈,https://image.musinsa.com/mfile_s01/_brand/free_medium/punchdrunkparties.png?20220511150844,상의,후드 티셔츠,https://image.msscdn.net/thumbnails/images/goods_img/20241016/4522628/4522628_17310417413232_big.jpg?w=1200,https://image.msscdn.net/thumbnails/images/prd_img/20241016/4522628/detail_4522628_17310417893926_big.jpg?w=1200,https://image.msscdn.net/thumbnails/images/prd_img/20241016/4522628/detail_4522628_17310417726884_big.jpg?w=1200,https://image.msscdn.net/thumbnails/images/prd_img/20241016/4522628/detail_4522628_17310417765578_big.jpg?w=1200,hoodie_0158,800,7.4천 회 이상 (최근 1개월),없음,후기 13개,4.9,그레이 사고 맘에 들어서 네이비도 샀음. 근데 같은 2사이즈로 샀는데 네이비가 약간 큰감이 있음,한달후기 그냥 최고입니다! 핏도 좋고 활동성 편하고 디자인 좋고,딱 원하던 핏 색상이였어요 다른 색들도 사려고 생각중입니다 😍,집에 후드만 20개 있는 후드중독자인데 그중에서 다섯손가락 안에 듬 핏 너무 예뻐요 다음달 월급 들어오면 멜란지로 하나 더 살겅미 159에 1 사이즈 딱 예쁜 오버핏이에요 완전 방방한거 좋아하시면 더 큰사이즈 가셔도 ㄱㅊ을듯,"덩치가 좀 있는 편인데, 오버핏으로 딱 이쁘게 좋네요. 끈이 아니라 똑딱이 디자인도 예쁩니다! 잘입겠습니다!"
https://www.musinsa.com/products/4716469,TAG HOODIE - MINT GREY,없음,없음,"89,000원",브라운브레스,https://image.msscdn.net/mfile_s01/_brand/free_medium/brownbreath.png?20200608153142,상의,후드 티셔츠,https://image.msscdn.net/thumbnails/images/goods_img/20250113/4716469/4716469_17370932484962_big.jpg?w=1200,https://image.msscdn.net/thumbnails/images/prd_img/20250113/4716469/detail_4716469_17370950351734_big.jpg?w=1200,https://image.msscdn.net/thumbnails/images/prd_img/20250113/4716469/detail_4716469_17370950361002_big.jpg?w=1200,https://image.msscdn.net/thumbnails/images/prd_img/20250113/4716469/detail_4716469_17370950413096_big.jpg?w=1200,hoodie_0159,54,600회 이상 (최근 1개월),없음,없음,없음,없음,없음,없음,없음,없음
https://www.musinsa.com/products/4283768,솔라 시스템 후디 (네이비),"85,000원",50%,"42,500원",어반스터프,https://image.musinsa.com/mfile_s01/_brand/free_medium/urbanstoff.png?20230825130524,상의,후드 티셔츠,https://image.msscdn.net/thumbnails/images/prd_img/20240730/4283768/detail_4283768_17254267563828_big.jpg?w=1200,https://image.msscdn.net/thumbnails/images/prd_img/20240730/4283768/detail_4283768_17243115690579_big.jpg?w=1200,없음,https://image.msscdn.net/thumbnails/images/goods_img/20240730/4283768/4283768_17254267507236_big.jpg?w=1200,hoodie_0160,"1,314",1.6천 회 이상 (최근 1개월),없음,후기 11개,4.8,탄탄하고 애뻐요 오래입을수있을것같아요 요 브랜드 옷들 여러개 입어보고 맘에안드는거 반품할라했는데 다 택떼고 옷걸이에 걸려있읍니다 내지갑 ㅜ,아 진짜 너무 이뻐요 역시 가격대가 조금 있는 만큼 질도 좋고 아주 좋아요 넘 맘에 들어요 최고,베이지 카키 청바지 추리닝 다 잘어울립니다 질도 좋아서 오래입을것같아요,그래픽이 예쁘고 옷이 짱짱해요 사이즈는 특히 팔이 좀 커서 160기준 좀 큰 오버핏이었어요 그래도 귀여워용,옷 자체가 되게 무겁고 커다랗긴 한데 넘 커여워서 ㄱㅊ아요
https://www.musinsa.com/products/4515825,BLUER TEAM HOODIE_12color,"109,000원",20%,"87,200원",네이머클로딩,https://image.musinsa.com/mfile_s01/_brand/free_medium/namerclothing.png?20220210143942,상의,후드 티셔츠,https://image.msscdn.net/thumbnails/images/goods_img/20241014/4515825/4515825_17325836957159_big.jpg?w=1200,없음,없음,https://image.msscdn.net/thumbnails/images/prd_img/20241014/4515825/detail_4515825_17290526859399_big.jpg?w=1200,hoodie_0161,"1,278",5.3천 회 이상 (최근 1개월),1천 개 이상,후기 216개,4.9,예전부터 갖고 싶었던 예쁜 후드티에요 너무 좋아요,생각했던대로 핏이 이쁘게 떨어지고 기모가없어서 좋았어요,사이즈도 너무 좋고 색감이 특히 이쁩니다! 키즈 사이즈도 있어서 가족끼리 입기 너무 좋아요,"색감도 이쁘고 재질이 도톰하고 좋아요, 싸게사서 좋네요",옷 정말 짱짱하고 가성비가 너무 좋아요 거의 7만원 돈 하는데 원단 뒤집어서 디테일 챙겨서 좋습니다
https://www.musinsa.com/products/4702537,CEC GALLERY ANGEL GRAPHIC HOODIE(WHITE),없음,없음,"87,000원",챈스챈스,https://image.musinsa.com/mfile_s01/_brand/free_medium/chancechance.png?20230802143708,상의,후드 티셔츠,없음,없음,없음,https://image.msscdn.net/thumbnails/images/goods_img/20250107/4702537/4702537_17362356927704_big.jpg?w=1200,hoodie_0162,11,없음,없음,없음,없음,없음,없음,없음,없음,없음
https://www.musinsa.com/products/4326940,Countless Bloom Hoodie Charcoal,"99,000원",15%,"84,150원",아이돈워너셀,https://image.musinsa.com/mfile_s01/_brand/free_medium/idontwannasell.png?20240219180627,상의,후드 티셔츠,https://image.msscdn.net/thumbnails/images/goods_img/20240813/4326940/4326940_17301797017681_big.jpg?w=1200,https://image.msscdn.net/thumbnails/images/prd_img/20240813/4326940/detail_4326940_17252851327136_big.jpg?w=1200,https://image.msscdn.net/thumbnails/images/prd_img/20240813/4326940/detail_4326940_17252851335202_big.jpg?w=1200,https://image.msscdn.net/thumbnails/images/prd_img/20240813/4326940/detail_4326940_17252851430710_big.jpg?w=1200,hoodie_0163,230,300회 이상 (최근 1개월),없음,후기 15개,없음,"체험단 배송: 빠름 사이즈: 187cm/XL Size 두께감: 얇은 두께고 딱 가을 소재에요 데일리하게 입기좋은 후드 인데, 디자인이 포인트 되서 좋아요! 추가로, 소재가 너무 좋고 촉감도 좋아서 피부에 자극적이지 않고 부드럽습니다! 피부 안좋으신 분들께도 너무 좋을것 같아요. 바다 놀러가서도 입을수 있고 집에서도 편하게 입을수 있고 정말 다양하게 입을수 있습니다. 카고바지에도 입어봤는데 나쁘지 않고요 이리저리 다양하게 코디할수 있고 적당히 따듯한 소재 같아요. 생각보다 되게 부드러운 소재 같아요",체험단 안녕하세요!!! 아이돈워너셀 후드티를 체험 할 수 있게 도와주신 무신사 관계자분들 아이돈워너셀 관계자분들에게 감사 인사부터 드립니더   먼저 아이돈워너셀 바지도 소유하고 있고 너무 잘 입고 있어서 기대가 컸는데 아이돈워너셀 휴드티를 한번 리뷰 해보자면 일단 핏이 너무 좋습니다 가격대가 어느정도 있어서 조금 부담스러울 수도 있으나 핏이 170기준 0사이즈 너무 잘 떨어지고 특히 시보리가 쫀쫀한데 너무 강한 건 아니라서 너무 느낌도 좋고 적당한 레귤러핏이라서 단품으로도 가능하고 아우터 이너로듀 사용 가능해서 너무 범용성이 좋고 포장은 특별히 할말 없이 무난무난하게 잘 왔습니다  그래픽을 보바면 차콜 색감에 하늘색으로 그래픽이 들어가잇는데 무난한 차콜 색감에 하늘색을 넣어서 포인트도 되고 피그먼트 워싱과 궁합도 잘 맞아서 빈티지한 감성이 극대화 되는 걱 같네요  다음으로 코디입니다 코디는 후드티가 데일리로 입는 제품이기 따문에 무난무난하게 코디해주었고 겨울 코디와 가을 봄 코디를 준비했는데 겨울 코디는 버시티 자켓에 이너로 매치해 따뜻한 느낌을 주었고 전체적으로 무채색이라서 바지는 브라운한방울 추가한 카키로 겨울 코디를 완성하였고 단품 코디는 1번 코디에서 바시티자켓을 벗은 데일리룩 그리고 브라운톤에 청바지를 입어서 무난하게 코디해보았습니다 결론:시보리 느낌 개좋음,"체험단 안녕하십니까! 우선 체험단에 선정되어 리뷰할 수 있는 기회를 주심에 너무 감사드립니다 :) 제가 평소에도 스트릿 스타일에 관심이 많아 아돈워너셀이라는 브랜드는 눈여겨보고 있던 브랜드였습니다! 마침 경험할 수 있는 기회가 주어져서 너무나도 영광스럽습니다 :) 제품으로 들어가보겠습니다. 첫 패키징은 무난한 편이었습니다. 다만 종이봉투에 들어져있어서 다른 브랜드와는 차별된 점이 있었습니다. 이 제품에서 가장 좋았던 부분은 시보리 부분이었습니다.제가 처음 경험해본 시보리 느낌이었는데요, 쫀쫀하면서 늘릴 때 부드럽께 늘려지는 부분이 너무나도 마음에 들었습니다. 핏 또란 정말 예술이었습니다. 스트릿 브랜드답게 가금 품이 넓어 안에 레이어링하기 용이하고 오버한 핏감을 잘 정제되게 뽑아내어 너무나도 만족스러운 제품이었습니다. 프린팅 또한 스트릿 스타일이어서 아우터를 입었을 때 비춰지는 모습이 스트릿 감성을 더욱 더 잘 나타내어주었습니다. 다시한번 체험단에 선정될 수 있음에 감사드립니다!",체험단 소중한 체험단 기회를 제공해주신 무신사와 아이돈워너셀 브랜드에 감사드립니다!  아이돈워너셀 평소에도 옷 보면서 와 진짜 힙하다 생각했는데 후드티 실물로 보니까 역시 힙하네요…여기저기 다 어울리는 차콜 색에 포인트로 최고인 전면 디자인이 힙한 후디를 완성시켜주네요!  두께는 적당해서 요즘 날씨에 단독으로 입어도 안 춥고 겨울되면 자켓이나 블루종 이너에 입어줘도 잘 어울릴 거 같아요! 촉감도 너무 부드러워서 맨살에도 가능할듯 합니다  편하게도 입을 수 있고 포인트 주고 싶을 때도 입을 수 있는 후드티 주셔서 다시 한번 정말 감사합니다!,체험단 평소에 입어보고 싶은 제품이라 당첨돼서 너무 감사드립니다 아이돈워너셀 좋아하는 브랜드라 팬츠도 구입하고 너무 만족스러웠는데 받아보고 디자인이 제가 생각했던 디자인이랑 똑같아서 만족했습니다 디자인은 만족하지만 브랜드 로고도 있었으면 좋았을 거 같다는 생각이 들었습니다 사이즈는 체감상 기장이 좀 긴 거 같아요 폼은 넉넉해서 오버핏입니다 원단은 짱짱한 원단이라 세탁해도 손상이 없을 거 같은 원단입니다 구매하시는 분이 있으시다면 가슴단면 보고 맞춰서 구매하시면 될 거 같아요
https://www.musinsa.com/products/4380954,Paix Hoody - 6COL,"69,000원",42%,"39,990원",젠더스트,https://image.musinsa.com/mfile_s01/_brand/free_medium/zendust.png?20240508152358,상의,후드 티셔츠,https://image.msscdn.net/thumbnails/images/goods_img/20240828/4380954/4380954_17267402321670_big.jpg?w=1200,https://image.msscdn.net/thumbnails/images/prd_img/20240828/4380954/detail_4380954_17267402445718_big.jpg?w=1200,https://image.msscdn.net/thumbnails/images/prd_img/20240828/4380954/detail_4380954_17267402416032_big.jpg?w=1200,https://image.msscdn.net/thumbnails/images/prd_img/20240828/4380954/detail_4380954_17267402437650_big.jpg?w=1200,hoodie_0164,108,200회 이상 (최근 1개월),없음,후기 1개,없음,후기가 없어 약간 걱정하며 구매했는데 시보리가 적당히 쫀쫀하고 후드도 깊어 핏감이 이쁘게 떨어지네요! 색감도 이뻐서 구매하길 잘한 것 같습니당,없음,없음,없음,없음
https://www.musinsa.com/products/4508865,피치스킨 에센셜 언더스모크 기모 후디 3colors,"45,900원",13%,"39,900원",언더오프,https://image.musinsa.com/mfile_s01/_brand/free_medium/nmx.png?20231017153756,상의,후드 티셔츠,https://image.msscdn.net/thumbnails/images/prd_img/20241011/4508865/detail_4508865_17313085328125_big.jpg?w=1200,https://image.msscdn.net/thumbnails/images/prd_img/20241011/4508865/detail_4508865_17313085316669_big.jpg?w=1200,없음,https://image.msscdn.net/thumbnails/images/goods_img/20241011/4508865/4508865_17286285729555_big.jpg?w=1200,hoodie_0165,"3,958",6.9천 회 이상 (최근 1개월),1.3천 개 이상,후기 161개,4.6,예 뭐 보온성이나 디자인이나 이 가격대비 정말 가성비이거 좋은건 맞는데 프린팅이 생각보다 훨씬 작네요 제품사진으로만 비교해봐도 확연히 작은게 보일정도라.. 리뷰를 보니까 빨간색만 프린팅이 사진과 동일하게 나오는거 같고 나머지는 프린팅이 작게 나오는거 같습니다..,되게 가볍고 모자도 가벼워서 좋았어요 색도 예쁨,한 번 빨면 사이즈 잘 줄어요 다들 참고하시길... 그래도 맘에들어여,"158 51 기준 생각보다 정핏이었고, 재질이 생각했던 것보다 좀 싼티나는거 같아요. 그치만 가격 생각하면 기모 부드럽고 ㄱㅊ은듯.",두께감이 있어 따뜻하고 지금입기좋은데 두께때문인지 체격이 있어보여요 ㅠㅜ
https://www.musinsa.com/products/4465592,[컬러추가]쿼키 오버핏 트랙 후드티 AVH651 (4 COLOR),"59,900원",33%,"39,900원",앨빈클로,https://image.musinsa.com/mfile_s01/_brand/free_medium/alvinclo.png?20220318155226,상의,후드 티셔츠,https://image.msscdn.net/thumbnails/images/prd_img/20240926/4465592/detail_4465592_17320754752334_big.jpg?w=1200,https://image.msscdn.net/thumbnails/images/prd_img/20240926/4465592/detail_4465592_17320754497550_big.jpg?w=1200,없음,https://image.msscdn.net/thumbnails/images/goods_img/20240926/4465592/4465592_17273260607252_big.jpg?w=1200,hoodie_0166,"2,287",5.4천 회 이상 (최근 1개월),없음,후기 79개,4.9,"체험단 체험단 선정된 기회주셔서 먼저 감사드립니다. 엘빈클로의 후드집업은 젊은 감성의 디자인,핏을 가지고 있어 언제 입어도 눈길가는 옷이라고 느꼈습니다. 폼이 여유로워 흰티 등 이너를 활용하면 초겨울까지 외출복으로 착용할 수 있겠습니다. 합리적인 가격에 이 정도의 퀄리티 거기에 멋진 그래픽을 갖춘 옷 찾기는 쉽지 않을 것 같네요. 적당한 중량감으로 부담없고 착용감도 좋았습니다. 기본 후드집업이 아니라 포인트줄 수 있는 색상의 후드집업이라 야외 외출시에는 더욱 더 어울릴 것 같습니다. 추천합니다","체험단 후드티 덕후인 저에게 후드티 체험단 당첨은 행복 그잡채!  후드티에 생명은 각잡힌 모자와 부해보이지 않게 떨어지는 박시핏이라지요? 두가지 모두를 합격한 앨빈클로 후드티!!  1,색상 미쳤어요 퍼플과 남색 중간쯤? 색상하나로 포인트 줄수있고, 어느 옷과 매치해도 이쁠듯요  2,의상과 나온 제가 원단좀 아는데, 보플이나 늘어짐 없는 원단이라 오래 새것 같이 입을수 있을거같아요 보들해요  3,디자인은 뭐 느낌 빡!!오지 않나요?😉  4,핏 진짜 이뻐요 저는 어깨가 넓은편이라 박시핏 잘못입으면 너무 덩치가 커보이는데... 어깨 절개로 어깨도 좁아보이고 여리해보이는 느낌까지! 절대 부해보이지 않는 힙한 박시핏~강추!  5,팔목, 허리부분 시보리 밴딩에 강도가 적당해서 늘어지지 않고 옷을 딱 잡아줍니다 흰티나 검정티 레이어드해서 입으면 굿!👍  6,후드티에 큰 생명인 모자각!!모자가 빡!살아야 얼굴도 작아보이고 포근감 들죠~ 모자부분 2중 원단으로 모자각이 빡!살아있습니다 아주 칭찬해요  7, 여름빼고는 모두 착용할수 있는 두께로 멋스럽게 힙하게 자주 입을꺼 같아요  8,구입하시기전 사이즈 160에 52키로 워낙 박시하게 입는거 좋아해서 L사이즈 받았는데 생각보다 큰 느낌은 없어요 상세 사이즈 참고해서 박시한거 좋아하시는분들은 기본보다 하나 업해서 구입하시길 바래요 워낙 핏이 예뻐서 사이즈 커도 부해보이거나 커보이지 않을듯합니다",체험단 온전한 보라색이 아니라 정말 딥한 보라색이여서 더 잘 입을 수 있는 것 같아요. 살짝 오버핏으로 안에 껴입을 수 있어서 좋습니다. 키작은 저도 무난하게 입을 수 있는 기장이니까요! 그리고 팔부분때문에 체육복의 느낌이 나지 않을까? 할 수 있는데 그런느낌은 전혀 없어요. 평소에도 무난하게 입을 수 있는 후드티입니다! 요즘 이런핏들을 찾아보기가 힘든데 앨빈클로 후드티 핏은 예뻐요. 핏때문에 후드티를 구매하지 못하시거나 시도해보시지 않으신분들이라면 추천드려요!! 색감도 튈수는 있으나 실제로 받아보면 전혀 아니기때문에 또한 추천드립니다!! 지금 계절에 딱 맞눈 옷이네요. 감사드립니다~~!,체험단 앨빈클로 체험단 감사드립니다. 개인적인 생각 솔직하게 후기 남겨 보겠습니다.  ▶️ 사이즈는 L 선택했습니다. 생각보다 오버사이즈 느낌은 적게 들었습니다. 후드쪽이 좀 작습니다. 국내사이즈로 103정도 될듯합니다. 보통 남성 170 이상 65이상 XL는 입어야 오버핏 나올듯합니다. 66입는 와이프가 세미오버로 사이즈감이 좋습니다. ▶️ 견고한 박음질 마감 좋습니다. 프린팅도 퀄도 괜찮은 편이고 색감이 다크퍼플이라 선택했습니다. ▶️ 디자인적으로 확실히 영한 느낌이 있어 큐티한 디자인입니다,체험단 블랙이랑 고민했는데 네이비가 흔한색이 아니라 더 마음에 들었어요! L 사이즈로 받았는데 키 165에 적당한 오버핏으로 맞아요 완전 박시한 느낌은 아니라서 더 박시한 핏 원하시면 한 사이즈 더 크게 입으시는걸 추천드려요:)  팔쪽에 있는 선 두줄이 포인트 돼서 예쁘고 챱 떨어지는 핏이라 부해보이지 않아서 좋았어요! 캐주얼하게 와이드한 청바지에 입어봤는데 너무 맘에 들었어요:) 겨울에는 아우터랑 같이 입어도 얇기때문에 추울수 있어서 안에 티 받쳐입으면 좋을것 같고 봄가을에는 단독으로 입어주면 더 예쁠것 같아요!    **체험단으로 선정되어 제공받았습니다
https://www.musinsa.com/products/4608004,피치스킨 에센셜 컬러 배색 바모스 기모 후디,"45,900원",13%,"39,900원",언더오프,https://image.musinsa.com/mfile_s01/_brand/free_medium/nmx.png?20231017153756,상의,후드 티셔츠,https://image.msscdn.net/thumbnails/images/goods_img/20241112/4608004/4608004_17315632803678_big.jpg?w=1200,없음,없음,https://image.msscdn.net/thumbnails/images/prd_img/20241112/4608004/detail_4608004_17315632859880_big.jpg?w=1200,hoodie_0167,39,250회 이상 (최근 1개월),없음,없음,없음,없음,없음,없음,없음,없음
https://www.musinsa.com/products/4723706,TCM missing hoodie (burgundy),"92,000원",10%,"82,800원",더콜디스트모먼트,https://image.musinsa.com/mfile_s01/_brand/free_medium/thecoldestmoment.png?20200710145248,상의,후드 티셔츠,https://image.msscdn.net/thumbnails/images/goods_img/20250116/4723706/4723706_17387151457158_big.jpg?w=1200,https://image.msscdn.net/thumbnails/images/prd_img/20250116/4723706/detail_4723706_17387151544694_big.jpg?w=1200,https://image.msscdn.net/thumbnails/images/prd_img/20250116/4723706/detail_4723706_17387151554346_big.jpg?w=1200,https://image.msscdn.net/thumbnails/images/prd_img/20250116/4723706/detail_4723706_17387151578893_big.jpg?w=1200,hoodie_0168,182,700회 이상 (최근 1개월),없음,없음,없음,없음,없음,없음,없음,없음
https://www.musinsa.com/products/4554451,에센셜 해시태그 로고 기모 후드(블랙),"118,000원",30%,"82,600원",빈트릴,https://image.msscdn.net/mfile_s01/_brand/free_medium/beentrillgolf.png?1730454409374,상의,후드 티셔츠,https://image.msscdn.net/thumbnails/images/prd_img/20241024/4554451/detail_4554451_17297569396017_big.jpg?w=1200,https://image.msscdn.net/thumbnails/images/prd_img/20241024/4554451/detail_4554451_17297569406680_big.jpg?w=1200,없음,https://image.msscdn.net/thumbnails/images/goods_img/20241024/4554451/4554451_17297526278101_big.jpg?w=1200,hoodie_0169,65,450회 이상 (최근 1개월),없음,후기 3개,없음,저는 사이즈도 잘맞고 잘 입고있어요 감사합니다,겨울에 입기 딱 좋은 후드입니다. 너무 오버핏이 아니라 좋아요,오버핏으로 저렴한가격에 매우 따뜻합니다 대만족,없음,없음
https://www.musinsa.com/products/4554452,에센셜 해시태그 로고 기모 후드(레드),"118,000원",30%,"82,600원",빈트릴,https://image.msscdn.net/mfile_s01/_brand/free_medium/beentrillgolf.png?1730454409374,상의,후드 티셔츠,https://image.msscdn.net/thumbnails/images/prd_img/20241024/4554452/detail_4554452_17297570258581_big.jpg?w=1200,https://image.msscdn.net/thumbnails/images/prd_img/20241024/4554452/detail_4554452_17297570266732_big.jpg?w=1200,없음,https://image.msscdn.net/thumbnails/images/goods_img/20241024/4554452/4554452_17297526323774_big.jpg?w=1200,hoodie_0170,56,450회 이상 (최근 1개월),없음,후기 4개,없음,색의 쨍함에 반해 샀어요 받아보곤 너무 이뻐 바로 입고 외출했습니다,"딱 사진 그대로 색상 쨍하고 예쁘고 색상이 레드라 자칫 잘못하면 과한 느낌 들 수 있지만 빈트릴 대표 마크인 # 로고 하나로 심플한 디자임으로 너무 만족해요! 기모도 부드럽고 따숩고 핏, 후드 크기 정말 다 만족해요 빈트릴 옷 사고 망한적 1도 없어요",후기가 없어서 고민했는데 색감이나 핏도 괜찮아요,후기가 없어서 고민했는데 색감이나 핏도 괜찮아요,없음
https://www.musinsa.com/products/4632337,Oversized pocket hoodie (brown),없음,없음,"82,000원",리마지,https://image.musinsa.com/mfile_s01/_brand/free_medium/remagie.png?20231129142345,상의,후드 티셔츠,https://image.msscdn.net/thumbnails/images/goods_img/20241122/4632337/4632337_17322571427829_big.jpg?w=1200,https://image.msscdn.net/thumbnails/images/prd_img/20241122/4632337/detail_4632337_17322571488769_big.jpg?w=1200,없음,https://image.msscdn.net/thumbnails/images/prd_img/20241122/4632337/detail_4632337_17322571496942_big.jpg?w=1200,hoodie_0171,583,4.1천 회 이상 (최근 1개월),없음,후기 1개,없음,처음 보는 브랜드인데 맘에 들어서 바로 샀어요 넘 이쁘고 폭닥해용..검정색도 구매하러 고고!!!,없음,없음,없음,없음
https://www.musinsa.com/products/4632346,Oversized pocket hoodie (black),없음,없음,"82,000원",리마지,https://image.musinsa.com/mfile_s01/_brand/free_medium/remagie.png?20231129142345,상의,후드 티셔츠,https://image.msscdn.net/thumbnails/images/goods_img/20241122/4632346/4632346_17322573971601_big.jpg?w=1200,https://image.msscdn.net/thumbnails/images/prd_img/20241122/4632346/detail_4632346_17322574033937_big.jpg?w=1200,없음,https://image.msscdn.net/thumbnails/images/prd_img/20241122/4632346/detail_4632346_17322574040546_big.jpg?w=1200,hoodie_0172,143,850회 이상 (최근 1개월),없음,후기 3개,없음,후드티는 1.후드 2.디자인 보고 사는데 후드 맘에 들어도 디자인 별로인 게 많아서 대부분 몇 번 사본 브랜드 꺼 많이 입는데 포켓 디테일이랑 로고가 이뻐서 구매했어요 딱 원하는 오버핏이라 정말 맘에 들어요!!,핵귀여우세요… 진짜 모자 왕크왕귀인데 단점은 겨울에 패딩짱 빵빵해진다는 단점 딱하나 …,뽀딱뽀딱 양기모라 따듯하고 바지 주머니나 팔부분 포켓디테일 다 너무 좋음 굿,없음,없음
https://www.musinsa.com/products/4446538,크림 크롬 시시 스타즈 프린트 후드티 화이트 멜란지,"79,000원",51%,"38,900원",페이지시시,https://image.musinsa.com/mfile_s01/_brand/free_medium/pagesiisii.png?20240305112021,상의,후드 티셔츠,https://image.msscdn.net/thumbnails/images/goods_img/20240920/4446538/4446538_17267649232781_big.jpg?w=1200,https://image.msscdn.net/thumbnails/images/prd_img/20240920/4446538/detail_4446538_17267649241492_big.jpg?w=1200,https://image.msscdn.net/thumbnails/images/prd_img/20240920/4446538/detail_4446538_17267649244607_big.jpg?w=1200,https://image.msscdn.net/thumbnails/images/prd_img/20240920/4446538/detail_4446538_17267649247962_big.jpg?w=1200,hoodie_0173,"12,076",1.2만 회 이상 (최근 1개월),없음,후기 54개,4.6,일단 디자인이 예뻐욥 . 그리고 되게 얇은제질 입니다. 에이블리에서 산거랑 제질이 비슷했습니다 싸구려에욥ㅎ🥴 단독으로 입긴 조금 추울것 같네요^^ 잘 입어볼게얀,오 진짜 후기보고 별로일거 감안하고 시켰는데도 별로.. 마감은 중간에 실풀려서 튀어나와있고 백퍼 보풀제조기 재질에 후드 끈 마저 미묘하게 형광 흰색이라 좀 킹받아요 프린팅도 세탁하면 벗겨질거같아서 무서워요 프린팅 이쁜거 하나 보고 시켰는데 실물로 보니까 좀 급식템같기도하고ㅠㅠ 2만원후반에 산거 아니면 짜증났을거같은데 싸게사서 위안이 됩니다 그래도 나름 귀엽긴해요… 이왕 샀으니 잘입어볼게요,귀요운데 넘 얇아요 보세 옷 느낌ㅠㅠ 싸게 샀으니 어쩔 수 없죠잉,디자인에 반해서 리뷰 없어도 샀어욤 옷이 되게 얇고 제질이 ㅂㄹ임 시보리 안잡아줘요! 하지만 예쁘죠?,한달후기 디자인이 심플하면서 매우 귀여워요 그래서 손이 자주 갑니당
https://www.musinsa.com/products/4680583,VIBES 오버핏 후드 티셔츠 9 COLORS [기모],"52,800원",26%,"38,900원",프라임에이트,https://image.musinsa.com/mfile_s01/_brand/free_medium/primate.png?20240202165942,상의,후드 티셔츠,https://image.msscdn.net/thumbnails/images/goods_img/20241224/4680583/4680583_17350307502288_big.jpg?w=1200,https://image.msscdn.net/thumbnails/images/prd_img/20241224/4680583/detail_4680583_17350307554610_big.jpg?w=1200,https://image.msscdn.net/thumbnails/images/prd_img/20241224/4680583/detail_4680583_17350307586480_big.jpg?w=1200,https://image.msscdn.net/thumbnails/images/prd_img/20241224/4680583/detail_4680583_17350307610249_big.jpg?w=1200,hoodie_0174,835,8.1천 회 이상 (최근 1개월),없음,후기 2개,없음,배송이 오래 걸렸고 사이즈는 잘 맞는 편이에요 색이 사진보단 조금 어두운 것 같아요,초록색이 생각보다 어둡고 딱 정핏? 이라고 해야하나 어쨎든 핏도 마음에 들고 이뻤어용 저랑 스펙 비슷한 분들은 L 시켜서 크게 입으셔도 좋을 것 같아요,없음,없음,없음
https://www.musinsa.com/products/4461952,Studded Cross Hooded Long Sleeve (Dark Gray),"95,000원",15%,"80,750원",아캄,https://image.musinsa.com/mfile_s01/_brand/free_medium/aakam.png?20221014164004,상의,후드 티셔츠,https://image.msscdn.net/thumbnails/images/goods_img/20240925/4461952/4461952_17310508071222_big.jpg?w=1200,https://image.msscdn.net/thumbnails/images/prd_img/20240925/4461952/detail_4461952_17310508134588_big.jpg?w=1200,https://image.msscdn.net/thumbnails/images/prd_img/20240925/4461952/detail_4461952_17309454085313_big.jpg?w=1200,https://image.msscdn.net/thumbnails/images/prd_img/20240925/4461952/detail_4461952_17309454160476_big.jpg?w=1200,hoodie_0175,"3,064",8천 회 이상 (최근 1개월),없음,후기 29개,4.9,"모델분이 엄청 마르셨나봐요,,! 생각보다 타이트했지만 핏 너무 예뿌고 디자인도 힙해서 만족 🖤",이거 팔뚝살도말라보임 핏 도라이에요 흐엉업 다들 사십숑,"색이 특이해요 먹색에 초록빛 한두방울 넣은것같은 느낌? 촉감이 부드럽고 티 한장만 입어도 엄청 따뜻해요 허리라인 강조되게 달라붙게 입고싶으면 1사이즈, 넉넉하게 입고싶으면 2사이즈하세요 다만 팔이 손등을 다 덮어요 저는 2사이즈가 맘에들어요","진짜 딱 원하는 두께에 길이감, 핏감이었어요 색도 디자인도 넘 예쁩니당",핏도좋고 아주 예뻐요 이너를 입기좋아요 자주입을듯해요
https://www.musinsa.com/products/4683980,TCM vintage starfish hoodie (sky blue),"89,000원",10%,"80,100원",더콜디스트모먼트,https://image.musinsa.com/mfile_s01/_brand/free_medium/thecoldestmoment.png?20200710145248,상의,후드 티셔츠,https://image.msscdn.net/thumbnails/images/goods_img/20241230/4683980/4683980_17370367359614_big.jpg?w=1200,https://image.msscdn.net/thumbnails/images/prd_img/20241230/4683980/detail_4683980_17370367459455_big.jpg?w=1200,https://image.msscdn.net/thumbnails/images/prd_img/20241230/4683980/detail_4683980_17370367466885_big.jpg?w=1200,https://image.msscdn.net/thumbnails/images/prd_img/20241230/4683980/detail_4683980_17370367484556_big.jpg?w=1200,hoodie_0176,889,6.5천 회 이상 (최근 1개월),없음,후기 1개,없음,핏두 색감도 다 맘에 들어여 후기 없어서 걱정햇는데 잘 산 것 같아요ㅎ.ㅎ,없음,없음,없음,없음
https://www.musinsa.com/products/4285386,TCM rag hoodie (grey),"89,000원",10%,"80,100원",더콜디스트모먼트,https://image.musinsa.com/mfile_s01/_brand/free_medium/thecoldestmoment.png?20200710145248,상의,후드 티셔츠,https://image.msscdn.net/thumbnails/images/goods_img/20240731/4285386/4285386_17233460516646_big.jpg?w=1200,https://image.msscdn.net/thumbnails/images/prd_img/20240731/4285386/detail_4285386_17233460626171_big.jpg?w=1200,https://image.msscdn.net/thumbnails/images/prd_img/20240731/4285386/detail_4285386_17233460634721_big.jpg?w=1200,https://image.msscdn.net/thumbnails/images/prd_img/20240731/4285386/detail_4285386_17233460653567_big.jpg?w=1200,hoodie_0177,"6,111",1.2만 회 이상 (최근 1개월),없음,후기 104개,4.8,#데일리룩,핏이...걍 개맘에 들어요 제가 딱 원하던 핏 ㅠㅠ 후드끈 없는게 엄청 편하네여,한달후기 데일리로 입기 좋아 만족하고 있습니다 길이도 딱이라 자주 입는중,데일리로 입기 좋고 디자인도 너무 마음에 들아요 !!,후드티는 넘 부한거 안 좋아하는 편이라 정핏과 비슷한 후드로 구매했는데 엄청 핏이 이쁘고 앞 프린팅이 과하지도 않아 넘 재치있어 보여 괜찮았습니다.
https://www.musinsa.com/products/4345631,TCM soft soap hoodie (red),"89,000원",10%,"80,100원",더콜디스트모먼트,https://image.musinsa.com/mfile_s01/_brand/free_medium/thecoldestmoment.png?20200710145248,상의,후드 티셔츠,https://image.msscdn.net/thumbnails/images/goods_img/20240820/4345631/4345631_17241393001867_big.jpg?w=1200,https://image.msscdn.net/thumbnails/images/prd_img/20240820/4345631/detail_4345631_17241393065031_big.jpg?w=1200,https://image.msscdn.net/thumbnails/images/prd_img/20240820/4345631/detail_4345631_17241393074600_big.jpg?w=1200,https://image.msscdn.net/thumbnails/images/prd_img/20240820/4345631/detail_4345631_17241393094311_big.jpg?w=1200,hoodie_0178,"9,261",9.8천 회 이상 (최근 1개월),없음,후기 120개,4.9,색감은 레드보다는 와인색에 가까운데 와인색이라 오히려 더 좋아요! 핏은 너무 예쁜데 모자가 너무 작아서 못써요,"약간 길고 허리부분 시보리가 널널~하지먼 예뿌요,",L사이즈 샀다가 너무 커서 M 사이즈로 교환했는데 핏이 넘 귀여워요ㅜㅜ 색도 부담스럽지 않아서 자주 입을 것 같아요! 포장도 신경써서 해주신 게 느껴져서 기분이 좋았어욯ㅎ 하지만 한 가지 아쉬운 점! 모자 핏이 좀 그래요..,귀여운 옷입니다..색감도 생각했던 느낌이라 조아요 근데 후드 모자 핏이 개웃겨요 작아서 쓰면 진짜 우스꽝스러워짐(....) 그래도 옷이 커여워서 용서가댑니다...,컬러 핏 재질 전부다 너무 맘에 들규 기모가 아니라서 너무 좋아용
https://www.musinsa.com/products/4262323,V.S.C HOOD SWEAT(RUGBY UNION)_BROWN,"89,000원",10%,"80,100원",아웃스탠딩,https://image.musinsa.com/mfile_s01/_brand/free_medium/outstanding.png?20200730105116,상의,후드 티셔츠,https://image.msscdn.net/thumbnails/images/goods_img/20240719/4262323/4262323_17374272981323_big.jpg?w=1200,https://image.msscdn.net/thumbnails/images/prd_img/20240719/4262323/detail_4262323_17374273083170_big.jpg?w=1200,https://image.msscdn.net/thumbnails/images/prd_img/20240719/4262323/detail_4262323_17374273097392_big.jpg?w=1200,https://image.msscdn.net/thumbnails/images/prd_img/20240719/4262323/detail_4262323_17374273122024_big.jpg?w=1200,hoodie_0179,767,3천 회 이상 (최근 1개월),없음,후기 25개,4.8,한달후기 편하게 잘 입고 다니는 중입니다 베이지 치노에 잘 뭍어요,한달후기 할인할 때 너무 잘 샀습니다! 색감과 디테일이 너무 마음에 들어요! 잘 입겠습니다!,데이리로 자주입고있어요.적당한 두께감으로 좋아요,한달후기 프린팅이 귀엽고 기존에 아웃스탠딩 후드같이 도톰할 줄 알았는데 알고보니 상세페이지 보니까 아예 중량이 다르더라구요 그래서 좀 얇아요 그래도 좋아요,"프린팅이 입체적이고 독특해서 좋습니다. 사이즈감은 넉넉한 편이고, 얇아서 아우터 안에 받혀입기 좋아요."
https://www.musinsa.com/products/4510788,웹 엔젤 후드 - 카모,"89,000원",10%,"80,100원",웹하우스,https://image.musinsa.com/mfile_s01/_brand/free_medium/webhouse.png?20240425172616,상의,후드 티셔츠,https://image.msscdn.net/thumbnails/images/goods_img/20241013/4510788/4510788_17350158255813_big.jpg?w=1200,없음,없음,https://image.msscdn.net/thumbnails/images/prd_img/20241013/4510788/detail_4510788_17288028621632_big.jpg?w=1200,hoodie_0180,"1,060",1.6천 회 이상 (최근 1개월),없음,후기 5개,4.8,한달후기 귀여워요. 넘 귀여움 로고가 귀여운 거 같아요 그리고 흠 네 귀여워서 넘 맘에 들음,한달후기 지금 날씨엔 많이 얇아서 춥지만 디자인이 너무 귀여워서 자꾸 입게 되네요 ㅎㅎ,엄청 귀여움 너무너무 귀여워요 무늬더 마음에 들고 색도 이쁨,귀엽고...귀여움... 사진으로도 귀여웠는데 실물은 더 귀여웠어요! 두꺼운 후드는 아닙니당,디자인 너무 귀여워요!! 핏도 너무 오버하지 않고 딱 이쁩니다 근데 두께가 정말 얇아서 놀랐어요
https://www.musinsa.com/products/4697814,HOMIES HOODIE_MINT(IK2FSMM405A),"99,000원",20%,"79,200원",이스트쿤스트,https://image.musinsa.com/mfile_s01/_brand/free_medium/istkunst.png?20230821172118,상의,후드 티셔츠,https://image.msscdn.net/thumbnails/images/goods_img/20250103/4697814/4697814_17373491754326_big.jpg?w=1200,https://image.msscdn.net/thumbnails/images/prd_img/20250103/4697814/detail_4697814_17373491765512_big.jpg?w=1200,https://image.msscdn.net/thumbnails/images/prd_img/20250103/4697814/detail_4697814_17373491768878_big.jpg?w=1200,https://image.msscdn.net/thumbnails/images/prd_img/20250103/4697814/detail_4697814_17373491777563_big.jpg?w=1200,hoodie_0181,733,3.3천 회 이상 (최근 1개월),없음,없음,없음,없음,없음,없음,없음,없음
https://www.musinsa.com/products/4326715,라벨 포인트 데일리 후드(IVORY),"99,000원",20%,"79,200원",수프라,https://image.musinsa.com/mfile_s01/_brand/free_medium/supra.png?20220721163046,상의,후드 티셔츠,https://image.msscdn.net/thumbnails/images/goods_img/20240813/4326715/4326715_17371064393347_big.jpg?w=1200,없음,없음,https://image.msscdn.net/thumbnails/images/prd_img/20240813/4326715/detail_4326715_17292154756127_big.jpg?w=1200,hoodie_0182,91,200회 이상 (최근 1개월),없음,후기 8개,4.8,처음에는 프로미스나인 광고만 엄청뜨네 이러고 말았는데 사고나니까 되게 이쁜 아이보리 후드티,한달후기 화면보다 약간 톤다운 된 색상입니다. 편하게 입기 좋아요,재질 진짜 좋고 은근 두꺼워서 겨울에 입기 좋은듯합니더,색이 진짜 예쁘고 고급스럽다 내가본 아이보리색상중 최고,스타일도 만족스럽고 편하고 배송도 빨라서 좋아요
https://www.musinsa.com/products/4311986,OG COMBO HOODIE black,"99,000원",20%,"79,200원",엘엠씨,https://image.musinsa.com/mfile_s01/_brand/free_medium/lmc.png?20220610163914,상의,후드 티셔츠,https://image.msscdn.net/thumbnails/images/prd_img/20240808/4311986/detail_4311986_17356256428455_big.jpg?w=1200,https://image.msscdn.net/thumbnails/images/prd_img/20240808/4311986/detail_4311986_17356256437224_big.jpg?w=1200,없음,https://image.msscdn.net/thumbnails/images/goods_img/20240808/4311986/4311986_17356256136978_big.jpg?w=1200,hoodie_0183,"1,171",1.8천 회 이상 (최근 1개월),없음,후기 40개,4.8,체험단 안녕하세요 이번에 제 최애 브랜드인 엘엠씨를 리뷰 할 수 있는 기회를 주셔서 감사합니다!  엘엠씨는 점점 소재가 좋아지는 거 같아요. 처음에는 그냥 디자인이 예뻐서 샀는데 재질이 무거운 느낌이 많아서 맨투맨이나 후드티를 안 사고 반팔만 샀는데  이번에 받은 엘엠씨 후드티는 너무 가볍고 변형이 없늠 소재라서 너무 좋았습니다!!! 진짜 엘엠씨는 디자인이 너무 예뻐서 재질이 안 좋아도 입었는데 이제 재질까지 마음에 들어서 큰일 났습니다 엘엠씨만 입을 거 같아요 이제  일단 입어본 후기를 알려드릴게요!  사이즈는 생각 보다 컸습니다! 제가 덩치가 있는데 저한테 살짝 컸습니다! 근데 건조가를 한번 돌렸는데 살짝 줄어서 좋았습니다! 건조가 사용하실때 주의 하세요!!  그리고 디자인 엘엠씨는 이 클래식한 디자인으로 유명해져서 엘엠씨의 상징같은 마크인데 이상하게 물리지가 않아서 저는 다른 마크도 좋지만 심플한 이 마크가 자꾸 끌립니다!!  스트릿하고 심플한 디자인 좋아하시는 분들에게 추천 해 드립니다!!  제가 진짜 좋아하는 브랜드에 당첨된 체험단 이라 말이 길어 졌네요..! 엘엠씨 다음에도 잘 부탁 드립니다🙏,체험단 일단 좋은 기회로 후드디 체험단에 당첨이 됐는데요.... 저는 블랙으로 신청했는데 블랙 제고가 없다고 인디고 색상으로 보내주신다고 연락이 왔어요.. 근데 제고는 일단 충분하게 준비를 해야하는거 아닌가요...?ㅜㅜ... 그리고 새옷이여서 그런지 냄새가 좀 심하게 나더라구요 그래서 베란다에 하루정도 냄새 뺐어요 사이즈는 m으로 했는데 오버핏같은 옷이 아니구 약간 핏되는 옷이에요 기모는 없어서 아주 추운날 빼고는 잘 입을거같아요 키 172에 몸무게 60키로인 제 여동생도 m사이즈 잘 맞았습니다 옷 구매할때 참고하세요!,좀 기장이 애매한데 좋아요 한사이즈 크게 사도 괜찮았을듯,한달후기 다른 후드티들과는 다르게 재질이 탄탄해서 잘 늘어나지 않아요.,한달후기 기모가 없는데도 아주그냥 부들부들 너무 좋아요 가볍고 언제든 편하게 입기 좋아요
https://www.musinsa.com/products/4362766,오운더런 러너스 후디 (젠더 뉴트럴) IZ1643,"99,000원",20%,"79,200원",아디다스,https://image.musinsa.com/mfile_s01/_brand/free_medium/adidas.png?20240220140057,스포츠/레저,상의,https://image.msscdn.net/thumbnails/images/goods_img/20240823/4362766/4362766_17315537477622_big.jpg?w=1200,https://image.msscdn.net/thumbnails/images/prd_img/20240823/4362766/detail_4362766_17315537487040_big.jpg?w=1200,https://image.msscdn.net/thumbnails/images/prd_img/20240823/4362766/detail_4362766_17315537490758_big.jpg?w=1200,https://image.msscdn.net/thumbnails/images/prd_img/20240823/4362766/detail_4362766_17315537495237_big.jpg?w=1200,hoodie_0184,4,250회 이상 (최근 1개월),없음,후기 1개,없음,질감과 색상이 너무 잘 ㅏ졌습니다 공홈보다 워낙 싸게사서,없음,없음,없음,없음
https://www.musinsa.com/products/4433240,뉴웨이브 레글런 후드 그레이 SJHD1509,"62,900원",40%,"37,900원",페플,https://image.musinsa.com/mfile_s01/_brand/free_medium/fp142muji.png?20220517173446,상의,후드 티셔츠,없음,없음,없음,https://image.msscdn.net/thumbnails/images/goods_img/20240911/4433240/4433240_17260444144966_big.jpg?w=1200,hoodie_0185,80,250회 이상 (최근 1개월),없음,후기 9개,4.9,77싸이즈 엄마에게도 중학생 아들에게도 잘 아울려요 너무 어버핏도 아닌 정핏인듯 합니다 . 오버핏은 한치수 업하길 . 가을옷이라 기모 없이 적당히 얋고 아이가 원하던 두깨라 좋아요 깔끔하죠 글씨하나 없이 ~,역시 페플은 믿고 선택이요 굿굿 맘에 들어요 핏도 좋고 모자도 빳빳,오버핏이라 핏이 너무 마음에 듭니다. 매일 입고 나가고 싶어요.,오버핏이라 핏이 너무 마음에 듭니다. 매일 입고 나가고 싶어요.,"한달후기 소매 길이나 어깨,가슴 등 다 좋은데 기장이 좀 길어요"
https://www.musinsa.com/products/4366766,남성 쿠션지 아노락 긴팔 후드 티셔츠 블랙,"238,000원",67%,"79,000원",클리브랜드 골프웨어,https://image.musinsa.com/mfile_s01/_brand/free_medium/clevelandgolfwear.png?20240227141934,스포츠/레저,상의,https://image.msscdn.net/thumbnails/images/goods_img/20240823/4366766/4366766_17301049137968_big.jpg?w=1200,https://image.msscdn.net/thumbnails/images/prd_img/20240823/4366766/detail_4366766_17301049144894_big.jpg?w=1200,https://image.msscdn.net/thumbnails/images/prd_img/20240823/4366766/detail_4366766_17301049147713_big.jpg?w=1200,https://image.msscdn.net/thumbnails/images/prd_img/20240823/4366766/detail_4366766_17301049152102_big.jpg?w=1200,hoodie_0186,7,100회 이상 (최근 1개월),없음,후기 2개,없음,한달후기 추운 날씨에 같이 입으면 좋습니다 추천드립니다,평소에 105입는데 딱 입기 좋았습니다 옷 이뻐요,없음,없음,없음
https://www.musinsa.com/products/4709279,카딜로 오버핏 후드 (블랙/카모),"110,000원",30%,"77,000원",프리덤,https://image.musinsa.com/mfile_s01/_brand/free_medium/freedomathletic.png?20240126133013,스포츠/레저,상의,없음,없음,없음,https://image.msscdn.net/thumbnails/images/goods_img/20250109/4709279/4709279_17364278120566_big.jpg?w=1200,hoodie_0187,57,2.7천 회 이상 (최근 1개월),없음,후기 4개,4.5,흐 내가 싸게 없어왔어요 171에 75 딱 좋습니다,퀄리티가 생각보단 ... 사진이랑 느낌이 다르네요ㅋㅋ 그래도 운동시 입을때 오버사이즈로 좋은거 같습니다,상의는 한사이즈 더 업해서 입어도 될듯해용 근데 너무 이뻐용,사이즈업 하시길 2xl 샀는데 정핏이에요 3xl 였으면 오버핏으로 더좋았을텐데,없음
https://www.musinsa.com/products/4709295,카딜로 오버핏 후드 (그레이),"110,000원",30%,"77,000원",프리덤,https://image.musinsa.com/mfile_s01/_brand/free_medium/freedomathletic.png?20240126133013,스포츠/레저,상의,없음,없음,없음,https://image.msscdn.net/thumbnails/images/goods_img/20250109/4709295/4709295_17364289499885_big.jpg?w=1200,hoodie_0188,3,200회 이상 (최근 1개월),없음,없음,없음,없음,없음,없음,없음,없음
https://www.musinsa.com/products/4283756,스크러블 페인트 후디 (다크 올리브),"85,000원",10%,"76,500원",어반스터프,https://image.musinsa.com/mfile_s01/_brand/free_medium/urbanstoff.png?20230825130524,상의,후드 티셔츠,https://image.msscdn.net/thumbnails/images/prd_img/20240730/4283756/detail_4283756_17254264586486_big.jpg?w=1200,https://image.msscdn.net/thumbnails/images/prd_img/20240730/4283756/detail_4283756_17243111655111_big.jpg?w=1200,없음,https://image.msscdn.net/thumbnails/images/goods_img/20240730/4283756/4283756_17254264509447_big.jpg?w=1200,hoodie_0189,"3,218",1.1만 회 이상 (최근 1개월),없음,후기 55개,4.9,"후드티 색상이 사진이랑 똑같아서 마음에 듭니다. 포근포근한 느낌이 들고, 오버핏인데 핏이 정말 이뻐요!","한치수 큰걸로 했어도 괜찮을듯한데 그냥 입으려구요. 색상, 디자인 맘에 듭니다. 자주 입고 다닐듯...",옷 존예입니다? 고민하시는 분들 고민 더 하십쇼. 저만입을래요,한달후기 너무 예쁘고 색감도 좋아서 매일입고있어요 잘입을게요,색깔도 진짜 이쁘고 디자인도 이쁘고 핏도 좋습니다
https://www.musinsa.com/products/4491776,Scrap Applique Hoodie Heather Grey,"109,000원",30%,"76,300원",디스이즈네버댓,https://image.musinsa.com/mfile_s01/_brand/free_medium/thisisneverthat.png?20240122174353,상의,후드 티셔츠,https://image.msscdn.net/thumbnails/images/goods_img/20241007/4491776/4491776_17283607617198_big.jpg?w=1200,https://image.msscdn.net/thumbnails/images/prd_img/20241007/4491776/detail_4491776_17283607671926_big.jpg?w=1200,https://image.msscdn.net/thumbnails/images/prd_img/20241007/4491776/detail_4491776_17283607682816_big.jpg?w=1200,https://image.msscdn.net/thumbnails/images/prd_img/20241007/4491776/detail_4491776_17283607698351_big.jpg?w=1200,hoodie_0190,515,2.7천 회 이상 (최근 1개월),없음,후기 5개,4.8,핏감이 아주 이쁩니다 근데 모자가 조금 아쉽네요,한달후기 가격대비 좋아뇨 후드가 편해서 자주 애용하고 있습니다,감사합니다 너무너무좋아요 핏도 마음에 쏙 들어요,앞에 로고 너무 귀엽고 안에 기모있어서 따뜻해요! 잘 입을 것 같습니다ㅎㅎ,옷이 핏도 마음에 들고 예뻐요~! 손이 자주 갈거 같네요.
https://www.musinsa.com/products/4718218,STRIPE HOODIE [GRAY],"84,000원",10%,"75,600원",스웨이드,https://image.musinsa.com/mfile_s01/_brand/free_medium/suade.png?20230804121342,상의,후드 티셔츠,https://image.msscdn.net/thumbnails/images/goods_img/20250114/4718218/4718218_17369191847495_big.jpg?w=1200,https://image.msscdn.net/thumbnails/images/prd_img/20250114/4718218/detail_4718218_17369191932050_big.jpg?w=1200,https://image.msscdn.net/thumbnails/images/prd_img/20250114/4718218/detail_4718218_17369191947160_big.jpg?w=1200,https://image.msscdn.net/thumbnails/images/prd_img/20250114/4718218/detail_4718218_17369191978369_big.jpg?w=1200,hoodie_0191,396,2.8천 회 이상 (최근 1개월),없음,없음,없음,없음,없음,없음,없음,없음
https://www.musinsa.com/products/4718213,STRIPE HOODIE [BLACK],"84,000원",10%,"75,600원",스웨이드,https://image.musinsa.com/mfile_s01/_brand/free_medium/suade.png?20230804121342,상의,후드 티셔츠,https://image.msscdn.net/thumbnails/images/goods_img/20250114/4718213/4718213_17369192087082_big.jpg?w=1200,https://image.msscdn.net/thumbnails/images/prd_img/20250114/4718213/detail_4718213_17369192373974_big.jpg?w=1200,https://image.msscdn.net/thumbnails/images/prd_img/20250114/4718213/detail_4718213_17369192384994_big.jpg?w=1200,https://image.msscdn.net/thumbnails/images/prd_img/20250114/4718213/detail_4718213_17369192407756_big.jpg?w=1200,hoodie_0192,349,2.4천 회 이상 (최근 1개월),없음,후기 1개,없음,생각보다 사이즈가 작아요 포인트 주기 너무 이뻐요,없음,없음,없음,없음
https://www.musinsa.com/products/4589396,DIJON WASHED HOODIE (CHARCOAL),"98,000원",24%,"74,000원",카네이테이,https://image.msscdn.net/mfile_s01/_brand/free_medium/kaneitei.png?1729229271096,상의,후드 티셔츠,https://image.msscdn.net/thumbnails/images/prd_img/20241105/4589396/detail_4589396_17316275759952_big.jpg?w=1200,https://image.msscdn.net/thumbnails/images/prd_img/20241105/4589396/detail_4589396_17361301911803_big.jpg?w=1200,없음,https://image.msscdn.net/thumbnails/images/goods_img/20241105/4589396/4589396_17361301838620_big.jpg?w=1200,hoodie_0193,636,2.8천 회 이상 (최근 1개월),없음,후기 19개,없음,"체험단 먼저 카네이테이를 체험할 기회를 주셔서 감사 드립니다! 상세하고 솔직한 후기를 남기고싶어 며칠 간 계속 착용 후 리뷰를 남깁니다  🧍🏻스펙&사이즈: 169cm / 72kg / M size  👕색상: 상세페이지 색상과 거의 비슷해요! 자연스럽게 빈티지한 느낌으로 너무 마음에 들었어요 특히 손목이나 허리 시보리 부분이 자연스럽게 물이 빠져있는 듯한 느낌이 정말 이뻐요  🕺🏻디자인&핏: 저는 후드를 고를때 모자의 각을 중요시 보는데요 모자가 축 처지거나 너무 얇으면 모양이 잘 살지 않아 손이 안 가게 되는데 이 후드티는 모자가 탄탄해서 모양을 잡아줘서 너무 좋았어요  🤔사이즈: 드롭숄더 디자인에 세미오버사이즈라 M사이즈 선택하였는데 딱 크지않고 좋았어요 (보통은 정핏으로 나오면 남자 100사이즈,L 입고도 딱 맞음) 저랑 신체 스펙이 비슷하시다면, -정핏~세미오버 M -릴렉스핏~오버 L 을추천드립니다 (어깨가 넓어보이고 싶으시면 L 추천드림)  🔎원단감 및 두께감: 너무 두껍지않고 탄탄해요 재질은 거칠지 않고 생각보단 착용감이 부드럽고 좋아요 손목 시보리 짱짱하구요! 마감도 좋다고 느꼈어요  📝총평: 믹스매치해도 잘 어울리는거같아요 패딩,코트,스웻팬츠랑 코디 해봤는데 다 잘 어울렸어요 할인+쿠폰까지 적용하면 5만원대 나오는데 가성비조차 너무 좋은거같아요 이번 기회에 카네이테이를 알게 되어서 기쁘고 다시한번 감사인사를 드립니다",좋습니다! 고민은 배송을 늦출뿐입다. 다만 팔이 조금 짧습니다.,"체험단 카네이테이의 DIJON WASHED HOODIE 체험단 리뷰  -색상과 디자인 워싱이 들어간 차콜 색상은 자연스럽고 고급스러운 느낌을 줍니다. 특히 시보리와 워싱 디테일이 너무 예뻐서 눈길을 끌었어요. 차분한 차콜 컬러는 밝은 하의든 어두운 하의든 잘 어울려 코디하기 쉬웠습니다. 깔끔한 레터링 포인트와 워싱 디테일이 매칭되어 세련된 빈티지 무드를 완성해줍니다.  -핏과 착용감 드롭숄더 디자인에 세미오버핏으로 여유로운 실루엣이 특징입니다. 체형 보정 효과가 있어 덩치가 큰 분들도 편안하게 입을 수 있고, 핏이 예쁘게 떨어져 멋스러운 룩을 연출할 수 있어요. 후드도 탄탄하게 각이 잡혀서 스타일링에 제약이 없고, 활동성도 뛰어납니다.  -원단과 내구성 원단이 부드럽고 적당한 두께감으로 가볍지도 무겁지도 않아 착용감이 편안합니다. 손목과 허리 시보리가 짱짱하고, 넥라인도 튼튼하게 제작되어 오래 입을 수 있을 것 같아요. 세탁 후에도 워싱과 핏이 그대로 유지되는 점도 큰 장점입니다.  -활용도와 총평 패딩, 코트, 데님, 치노, 트레이닝복 등 다양한 스타일과 잘 어울려 데일리 아이템으로 손색없습니다. 힙하면서도 과하지 않은 빈티지 감성을 찾는 분들에게 완벽한 선택이 될 것 같아요.  카네이테이 제품에 대한 만족도가 정말 높았고, 앞으로도 다른 제품들을 더 입어보고 싶어졌습니다. 빈티지 감성을 좋아한다면 강력 추천드려요!",체험단 꺅~~~너무 이쁜 색감이네요 빈티지 느낌나면서 에쉬그레이 제가 좋아라 하는 색이에요 루즈핏 오버핏으로 딱 딱 좋아요 모자도 튼튼하고 재질도 빳빳해서 흐물거리지 않아요 너무 너무 맘에 드는 옷 이지요 .흔하지 안은 색이라 더 더 더 돟아요 다들 어디서 샀냐고 탐네는 옷이어요 눈에 띄지는 않지만 딱 보면 이쁘다 색이 고급지다 이런 느낌 받을수 있지 요 오래 입어도빈티지 색이라 낡은 느낌 업고 엄청 오랫동안 입을수 있을 것 같아요 너무 맘에 드네요 좋아요 청바지에도 잘 어울리고 블랙바지에도 어울릴듯,체험단 색상 : 블랙에 가까운 차콜이 아니라 그레이에 가까운 차콜 색상이라 오히려 청바지나 블랙진 면바지 추리닝 모두 코디하기 쉽다. 디자인 : 어깨가 넓어 보이는 디자인이고 허리 밴드 부분이 타이트해서 딱 허리 기장까지 온다. 그래서 다리가 길어보이는 효과를 볼 수 있다. 레터링이 화이트 색상이라 안에 흰 티는 필수적으로 받쳐 입어줘야 한다. 그리고 레터링이 정직한 고딕체가 아니라 마무리 선이 흐릿해지는 빈티지 느낌이라 찢어진 청바지나 옐로우가 섞인 느낌의 청바지도 잘 어울린다. 코디 : 오버핏이고 어깨와 팔 품이 넓어서 오버핏 아우터를 입어야 옷이 울지 않는다. 그리고 색상이 차콜이라 하의를 아무거나 입어도 다 잘어울린다. 블랙 정장 바지도 입어봤는데 세미 캐주얼룩으로 잘 어울렸다. 신발도 운동화 로퍼 첼시부츠 다 잘 어울린다. 다만 한 겨울에 입긴 추워서 안에 많이 껴입어야 한다는 점이 아쉽다. 길이 길지 않은 어깨 넓어보이는 후드티 찾는 분들에게 강추~!!!
https://www.musinsa.com/products/4538821,SH SHOW US MILITARY HOODIE(BLUE),"105,000원",30%,"73,500원",러브이즈트루,https://image.musinsa.com/mfile_s01/_brand/free_medium/luvistrue.png?20201208110338,상의,후드 티셔츠,https://image.msscdn.net/thumbnails/images/prd_img/20241021/4538821/detail_4538821_17296715345005_big.jpg?w=1200,https://image.msscdn.net/thumbnails/images/prd_img/20241021/4538821/detail_4538821_17296715352615_big.jpg?w=1200,없음,https://image.msscdn.net/thumbnails/images/goods_img/20241021/4538821/4538821_17296715282972_big.jpg?w=1200,hoodie_0194,501,4.5천 회 이상 (최근 1개월),없음,후기 1개,없음,핏도 예쁘고 무엇도가 색이 너무너무 예뻐요 원래 밀리터리 패턴 좋아해서 이것저것 사고 있는데 색감은 이 옷이 정말 유니크하고 예쁩니당,없음,없음,없음,없음
https://www.musinsa.com/products/4307038,헬로 월드 LOVE 후드티_그레이,"85,000원",15%,"72,250원",밈더워드로브,https://image.msscdn.net/mfile_s01/_brand/free_medium/mimthewardrobe.png?1730455159578,상의,후드 티셔츠,https://image.msscdn.net/thumbnails/images/prd_img/20240807/4307038/detail_4307038_17248318089247_big.jpg?w=1200,https://image.msscdn.net/thumbnails/images/prd_img/20240807/4307038/detail_4307038_17248318094449_big.jpg?w=1200,없음,https://image.msscdn.net/thumbnails/images/goods_img/20240807/4307038/4307038_17290490900950_big.jpg?w=1200,hoodie_0195,"5,720",1.2만 회 이상 (최근 1개월),1.2천 개 이상,후기 196개,4.9,체험단 <포장>은 폴리백에게 깔끔하게 담아져 왔고 열어서 살펴보니 <후드티에 디테일>들이 눈에 들어왔는데 일단은 프린팅이 귀여운맛이 있엇고 크랙 포인트 그리고 후드 아일릿에 끈이없는 점 이 두 가지가 바로 눈에 띄였습니다 긴말 필요없고 바로 입어보았습니다  저는 후드티를 볼때 핏과 착용감 그리고 중량감 이 3가지를 가장 중요하게 여기는데 일단 <핏>은 가슴 둘레는 오버하게 나왔고 총장은 다른 오버핏 후드에 비해 비교적 짧게 나왔으며 그로 인해 조금 힙한 느낌이 드는 핏이였습니다 그리고<착용감>은 부드럽다? 입으니 어디에 걸거치는거 없이 좋았고 <중량감>도 730g 고준량 헤비 쭈리 원단을 사용하여 뚱뚱한 사람도 신체 단점을 커버하기 좋았습니다  <첫 번째 착장>은 흰티를 레이어드 한 후 흑청대님의 무난한 뉴발란스 운동화 캐주얼한 착장을 입어보았습니다 개인적인 생각이지만 후드티는 데님과 정말 잘 어울리는 것 같습니다  <두 번째 착장>은 빈티지한 프린팅과 어울리는 약간 물 빠진카펜터 진과 함께 매치해 보았습니다 프린팅이 빈티지하게 빠져 물 빠진 컬러에 팬츠들과도 조합이 좋았습니다  <총평> 일단 프린팅이 너무 괜찮아서 남녀 둘다 착용하기 좋을꺼같고 거기에다가 요즘 빈티지한 착장들이 많이 보이는데 거기에도 잘 녹아들꺼같아서 좋습니다 무난한 기본 그레이 후드티 보다 포인트 되는 후드를 구매하고싶다면 추천합니다,체험단 숨참고 기다렸어요.. 도착하자마자 뜯어보고 패키지도 넘 이뻐서 사진 호다닥 찍구 입고 바로 외출했어용ㅋㅋ 일단 지금 날씨엔 레깅스 쇼츠랑 운동화랑 코디해봤는데 기장감이 넉넉해서 부담스럽지 않은 핏으로 코디 찰떡인듯?조금 더 쌀쌀해지면 부츠랑 코디해도 이쁠 것 같아요. 그레이 색감도 제가 딱 좋아하는 색감에 데일리로 입기 좋아요. 두께도 도톰해서 추울때도 패딩이랑 코디해서 입으면 따뜻한 겨울 보낼 수 있을 듯싶구요.. 여름빼고 초 봄까지 다양한 코디로 손이 계속 가게 되는 아이템 일 듯 싶습니당!! 잘입겠습니다아 ☺️☺️,포장 꼼꼼하고 배송 빠르게 왔어요. 디자인 깔끔하고 핏 너무 예쁘네요. 프린팅도 빈티지하면서 유니크하고 마음에 들어요. 청바지에도 잘 어울리고 슬랙스에도 잘 어울릴 거 같아요. 원단 소재도 톡톡하고 퀄리티 만족스러워요. 좋은 제품 감사합니다. 다른 색상도 추가 구매하려구요.,"할인 받아서 5만원대에 샀는데, 솔직히 기대 1도 안함 질 그닥인데 디자인 예뻐서 인기 많은갑다 했는데, 생각보다 질 ㄱㅊ네여 안감이 기모가 아니라 쭈리라 후들후들 맥아리 없는 소재겠네 했는데, 생각보다 탄탄해서 놀랐음여 아직 세탁은 안해봐서 모르겠지만 남자친구 것도 하나 더 살 의향있슴다",핏도 너무 이쁘고 기장도 짧지도 길지듀 않아서 너무 좋아요 진짜 ㅜㅜ 짱 이쁨
https://www.musinsa.com/products/4307041,헬로 월드 LOVE 후드티_블랙,"85,000원",15%,"72,250원",밈더워드로브,https://image.msscdn.net/mfile_s01/_brand/free_medium/mimthewardrobe.png?1730455159578,상의,후드 티셔츠,https://image.msscdn.net/thumbnails/images/prd_img/20240807/4307041/detail_4307041_17248318667367_big.jpg?w=1200,https://image.msscdn.net/thumbnails/images/prd_img/20240807/4307041/detail_4307041_17248318643999_big.jpg?w=1200,없음,https://image.msscdn.net/thumbnails/images/goods_img/20240807/4307041/4307041_17290490741781_big.jpg?w=1200,hoodie_0196,"11,816",3만 회 이상 (최근 1개월),2.1천 개 이상,후기 262개,4.8,후드티를 교복처럼 즐겨입는 1인일서요 다가오는 가을에 입으려고 찾아보다가 주 문했어요 실물로 받아보니 두께감도 좋고 생각보다 따뜻해서 너무 좋아요 세탁해봤는데 해지지도 않고 사이즈가 넉 넉해서 편하게 입기 딱이네요 로고가 생각보다 예뻐서 커플 후드티로 입 기에도 좋을 것같아서 하나 더 주문했습니당!,한달후기 배송도 빠르고 포장도 잘 되어서 받아볼 수 있었습니다. 가격이 어느정도 있는 만큼 옷의 재질도 탄탄하고 퀄리티가 만족스러웠네요 핏도 맘에 들어서 한 달 동안 교복처럼 입었네요. 다른 제품도 구매하려고 찾아보는 중이네요,배송도 빠르고 포장도 잘 되어서 받아볼 수 있었습니다. 가격이 어느정도 있는 만큼 옷의 재질도 탄탄하고 퀄리티가 만족스러웠네요 핏도 적당해서 바로 기분좋게 입고 나갔습니다. 다른 제품도 구매하려고 찾아보는 중이네요. 잘 입겠습니다,아무래도 큰 로고가 포인트이다 보니까 꾸안꾸 느낌을 확실히 낼 수 있고 눈에 확 들어와서 예뻐요 로고가 딱히 복잡하지도 않고 심플한 중간 사이라서 꾸안꾸 좋아하시는 분들께 추천드려요 배송 오기 전 생각했던 코디가 이 코디였어서 잘 어울릴까 걱정했는데 생각보다 넘 예뻐서 좋았어여~ 합격!!,*후드 각이 아쉬워요 후드 각이 안 살아요. 심지어 후드 봉제 문제인지 모자 끝이 낫마냥 뾰족하게 튀어나와 있어서 당장이라도 찔릴 거 같습니다. 어찌저찌 잘 만져 주면 눌린 채로 다닐 순 있는데 풍성한 후드 각이 안 살아요. 그래서 별점 1점 뺐습니다.  173/58 1. 재질 탄탄한 편인 거 같습니다. 얇지도 두껍지도 않습니다. 2. 핏 체형 보정이 안 돼서 아쉬워요. 저같이 왜소한 체형의 남성분들은 체형 보정이 안 되니 이 점 참고해 주세요. 근데 오히려 여성분들에게는 이게 더 좋을 수도 있을 거 같아서 별점은 더 안 뺐어요. 3. 사이즈 사이즈는 제 스펙 기준 2 사이즈 세미 오버 하게 잘 맞았습니다
https://www.musinsa.com/products/4307051,월드 & 러브 아플리케 후드티_브라운,"85,000원",15%,"72,250원",밈더워드로브,https://image.msscdn.net/mfile_s01/_brand/free_medium/mimthewardrobe.png?1730455159578,상의,후드 티셔츠,https://image.msscdn.net/thumbnails/images/prd_img/20240807/4307051/detail_4307051_17261218813819_big.jpg?w=1200,https://image.msscdn.net/thumbnails/images/prd_img/20240807/4307051/detail_4307051_17248302052235_big.jpg?w=1200,없음,https://image.msscdn.net/thumbnails/images/goods_img/20240807/4307051/4307051_17290485738208_big.jpg?w=1200,hoodie_0197,486,900회 이상 (최근 1개월),없음,후기 5개,없음,옷은 제가 지금까지 산옷중에 제 생각과 가장 알맞는 핏이었던 것 같아요! 하지만 모자 부분이 쓰지않았을때 힘 없이 축 떨어지더라구요.그래도 앞에 로고는 귀엽고 예쁨😄,한달후기 지금 계절에 딱 맞고 디자인도 무난하니 휘뚜르 입기에 좋습니다.,이쁩니다. 사이즈 정 사이즈로 가면 될 거 같고. 된장포스랑 입으면 이뻐보여요,얇긴 한데 디자인 이쁘고 색이 이쁘게 잘 나와서 잘 입고 다닐것 같아요,사이즈도 딱 맞고 색감도 사진과 동일해서 만족스럽습니다
https://www.musinsa.com/products/4709383,NUMBERING APPLIQUE HOODIE OATMEAL,"89,000원",20%,"71,200원",아메스 월드와이드,https://image.msscdn.net/mfile_s01/_brand/free_medium/amesworldwide.png?1730455523530,상의,후드 티셔츠,https://image.msscdn.net/thumbnails/images/prd_img/20250110/4709383/detail_4709383_17367616850891_big.jpg?w=1200,https://image.msscdn.net/thumbnails/images/prd_img/20250110/4709383/detail_4709383_17367616860475_big.jpg?w=1200,없음,https://image.msscdn.net/thumbnails/images/goods_img/20250110/4709383/4709383_17367616762387_big.jpg?w=1200,hoodie_0198,539,2.7천 회 이상 (최근 1개월),없음,후기 1개,없음,이쁘긴 한데 레터링 실밥들이 진짜로 튿어지려고 해서 좀 불안함 ㅠ,없음,없음,없음,없음
https://www.musinsa.com/products/4307680,에센셜 로고 후디_3COLORS,"89,000원",20%,"71,200원",시티브리즈,https://image.musinsa.com/mfile_s01/_brand/free_medium/citybreezeman.png?20240801133730,상의,후드 티셔츠,https://image.msscdn.net/thumbnails/images/goods_img/20240808/4307680/4307680_17236911862136_big.jpg?w=1200,https://image.msscdn.net/thumbnails/images/prd_img/20240808/4307680/detail_4307680_17236097301257_big.jpg?w=1200,없음,https://image.msscdn.net/thumbnails/images/prd_img/20240808/4307680/detail_4307680_17236097405577_big.jpg?w=1200,hoodie_0199,225,400회 이상 (최근 1개월),없음,후기 2개,없음,한달후기 남편이랑 아기랑 가족끼리 티 맞추려고 샀어요 디자인 깔끔하고 핏 예쁩니다,한달후기 아기랑 남편이랑 세트로 맞추려고 샀어요. 디자인 깔끔하고 예뻐요,없음,없음,없음
https://www.musinsa.com/products/4314718,아웃라인 플레임 로고 후디 레드,"89,000원",20%,"71,200원",트레셔,https://image.musinsa.com/mfile_s01/_brand/free_medium/thrasher.png?20220923150547,상의,후드 티셔츠,https://image.msscdn.net/thumbnails/images/goods_img/20240809/4314718/4314718_17313980220573_big.jpg?w=1200,https://image.msscdn.net/thumbnails/images/prd_img/20240809/4314718/detail_4314718_17313980228583_big.jpg?w=1200,https://image.msscdn.net/thumbnails/images/prd_img/20240809/4314718/detail_4314718_17313980230552_big.jpg?w=1200,https://image.msscdn.net/thumbnails/images/prd_img/20240809/4314718/detail_4314718_17313980232554_big.jpg?w=1200,hoodie_0200,280,1.2천 회 이상 (최근 1개월),없음,후기 7개,없음,중앙에 로고가 프린팅이 아니라 자수라서 더 만족. 안에 기모 아니라서 더 좋아요!! 환절기에 단독으로 입기 좋아요.,세일기간 저렴하게 잘 샀습니다. 감사합니다! 아주 만족합니다.,요즘 제일 자주 입는 후드에요 세일할때 잘 산것 같아요,믿고 입는 트레셔♡ 넘이뻐요 ㅠ ㅠ 잘입겠습니다 배송듀 빨라요,자수로고가 아주 이쁩니다 쨍한 붉은색이 포인트가 되어주는 옷이네요
https://www.musinsa.com/products/4305711,스퀘어 로고 후드티_멜란지그레이,"79,000원",10%,"71,100원",코드그라피,https://image.msscdn.net/mfile_s01/_brand/free_medium/codegraphy.png?1733796001765,상의,후드 티셔츠,https://image.msscdn.net/thumbnails/images/prd_img/20240807/4305711/detail_4305711_17376938937270_big.jpg?w=1200,https://image.msscdn.net/thumbnails/images/prd_img/20240807/4305711/detail_4305711_17376097936757_big.jpg?w=1200,없음,https://image.msscdn.net/thumbnails/images/goods_img/20240807/4305711/4305711_17376938812382_big.jpg?w=1200,hoodie_0201,"1,092",5.7천 회 이상 (최근 1개월),없음,후기 19개,4.9,"160에 53키로 예비중이 S입으니, 팔이 좀 길긴 하지만 요즘 스타일이 길게 입는거니 예쁘게 맞습니다. 감사합니다","예비중 딸이 요청해서 샀는데, 소매가 좀 길게 느껴지긴 하지만 예쁘게 맞습니다. 감사합니다",짱 이뻐요 좀 크긴한데 약간 귀엽게 커서 잘 입을거같아요,코드그라피 좋아하는 분은 알겠지만 뭔가 적당히 오버핏인게 항상 잘 입고 있습니다. 이것도 좋아요,한달후기 그렇게 두껍지 않아서 활용도 좋고 기장과 핏이 적당해요
https://www.musinsa.com/products/4265614,2PACK 어나더아카이브 24FW 후드티 4종,"99,600원",30%,"69,800원",어나더 아카이브,https://image.musinsa.com/mfile_s01/_brand/free_medium/anotherarchive.png?20220819175620,상의,후드 티셔츠,없음,없음,없음,https://image.msscdn.net/thumbnails/images/goods_img/20240722/4265614/4265614_17243278309145_big.jpg?w=1200,hoodie_0202,265,800회 이상 (최근 1개월),없음,후기 6개,없음,도톰하고 괜찮아요 따뜻할 것 같아요 오버핏으로 딱 예뻐요ㅎㅎ,한달후기 m사이즈 구매했는데 사이즈도 적당하고 기모도 따뜻해서 좋아용!,오버핏으로 입고싶어서 라지랑 고민했는데 미듐사길 잘한듯용,디자인 이쁘고 핏도 너무 맘에들어요!! 커플티로도 좋습니다,생각했던만큼 오버핏은 아니였지만 폭닥폭닥하고 좋아여!
https://www.musinsa.com/products/4323019,Nus 로고 후드티 (블랙),"97,000원",28%,"69,800원",후크,https://image.musinsa.com/mfile_s01/_brand/free_medium/huke.png?20220425142922,상의,후드 티셔츠,없음,없음,없음,https://image.msscdn.net/thumbnails/images/goods_img/20240812/4323019/4323019_17320132466177_big.jpg?w=1200,hoodie_0203,107,150회 이상 (최근 1개월),없음,없음,없음,없음,없음,없음,없음,없음
https://www.musinsa.com/products/4460676,T.N.T. Classic HDP Hoodie Navy,"99,000원",30%,"69,300원",디스이즈네버댓,https://image.musinsa.com/mfile_s01/_brand/free_medium/thisisneverthat.png?20240122174353,상의,후드 티셔츠,https://image.msscdn.net/thumbnails/images/goods_img/20240925/4460676/4460676_17272469203415_big.jpg?w=1200,https://image.msscdn.net/thumbnails/images/prd_img/20240925/4460676/detail_4460676_17272469295400_big.jpg?w=1200,https://image.msscdn.net/thumbnails/images/prd_img/20240925/4460676/detail_4460676_17272469303145_big.jpg?w=1200,https://image.msscdn.net/thumbnails/images/prd_img/20240925/4460676/detail_4460676_17272469339417_big.jpg?w=1200,hoodie_0204,985,6.7천 회 이상 (최근 1개월),없음,후기 22개,4.9,기모가 들어있는데도 가볍고 기장도 너무 길지않고 마음에듭니다,안감이 기모로 되어있어서 엄청 두껍게 생각 했는데 적당한 두께로 되어있어서 후드 각도 잘 살고 좋네요 너무 큰 로고나 튀는 프린팅을 선호 하지 않는 저로써는 작은 로고로 박혀있는게 작은 포인트가 된다고 생각합니다,한달후기 좋아요 ㅎㅎ 특히 후드가 커서 너무 좋은 것 같아요 추천,전체적으로 세미오버로 나왔으며 옷 감이 탄탄하고 따뜻해요 왼쪽 가슴에 박힌 스몰 로고가 있어서 심심하지 않고 깔끔한 느낌을 준다고 생각해요!!,한달후기 디네뎃 후드 처음 샀는데 너뮤 편해서 색깔별로 샀음
https://www.musinsa.com/products/4444289,ESSENTIAL EMBROIDERY FLEECE HOODIE-BLACK,"99,000원",30%,"69,300원",골스튜디오,https://image.musinsa.com/mfile_s01/_brand/free_medium/goalstudio.png?20240221170032,상의,후드 티셔츠,https://image.msscdn.net/thumbnails/images/goods_img/20240919/4444289/4444289_17267250894498_big.jpg?w=1200,없음,없음,https://image.msscdn.net/thumbnails/images/prd_img/20240919/4444289/detail_4444289_17267250903613_big.jpg?w=1200,hoodie_0205,131,1천 회 이상 (최근 1개월),없음,후기 9개,4.7,배송 빠르게 잘 받았습니다. 상품 너무 만족합니다.,한달후기 굳샷 재구매 의사가 있고 여러 핏을 소화할수 있어요,한치수크게주문하였는데 팔이 긴거 빼고는 다 괜찮아요,두께감이 얇아서 부담없이 입기 좋아요 밑에도 고무밴딩이 되어있어서 접어서 레이어드낼때 편해요,너무 이쁘고 좋습니다~~ 매우만족 합니다! 짱짱맨이야~
https://www.musinsa.com/products/4292259,CEREAL GRAPHIC SWEAT HOODIE - BLACK,"99,000원",30%,"69,300원",마크곤잘레스,https://image.msscdn.net/mfile_s01/_brand/free_medium/markgonzales.png?1730454686565,상의,후드 티셔츠,https://image.msscdn.net/thumbnails/images/goods_img/20240802/4292259/4292259_17248093985037_big.jpg?w=1200,https://image.msscdn.net/thumbnails/images/prd_img/20240802/4292259/detail_4292259_17248094143040_big.jpg?w=1200,https://image.msscdn.net/thumbnails/images/prd_img/20240802/4292259/detail_4292259_17228312392252_big.jpg?w=1200,https://image.msscdn.net/thumbnails/images/prd_img/20240802/4292259/detail_4292259_17242277846852_big.jpg?w=1200,hoodie_0206,34,400회 이상 (최근 1개월),없음,없음,없음,없음,없음,없음,없음,없음
https://www.musinsa.com/products/4753373,APR8 DOT Point HOODIE [3Color],"109,000원",37%,"69,000원",에이프릴에잇,https://image.musinsa.com/mfile_s01/_brand/free_medium/apr8.png?20221212134128,상의,후드 티셔츠,https://image.msscdn.net/thumbnails/images/goods_img/20250203/4753373/4753373_17385926627598_big.jpg?w=1200,https://image.msscdn.net/thumbnails/images/prd_img/20250203/4753373/detail_4753373_17385926696103_big.jpg?w=1200,없음,https://image.msscdn.net/thumbnails/images/prd_img/20250203/4753373/detail_4753373_17385926731455_big.jpg?w=1200,hoodie_0207,53,350회 이상 (최근 1개월),없음,없음,없음,없음,없음,없음,없음,없음
https://www.musinsa.com/products/4465431,[2PACK] 워커 웜 후드 4종 HYHD4657,"127,200원",46%,"68,900원",퍼스텝,https://image.musinsa.com/mfile_s01/_brand/free_medium/perstep.png?20230926180845,상의,후드 티셔츠,없음,없음,없음,https://image.msscdn.net/thumbnails/images/goods_img/20240926/4465431/4465431_17273135417185_big.jpg?w=1200,hoodie_0208,267,850회 이상 (최근 1개월),없음,후기 9개,4.9,한달후기 안에 기모가 있어서 넘 따숩고 좋아요 입으면 귀여워져요,한달후기 부드럽고 두툼해서 잘 입고 있어요~아주 만족합니다,한달후기 정말 핏 예쁘게 맘에 들어요 시보리도 짱짱하고 최고입니당,여자친구랑 커플로 입으려고 샀는데 완전 두툼해서 한겨울에 입기 너무 좋은거 같아요~,이번 겨울 제 교복입니다 기모도 두툼하고 무겁지않아서 이번겨울 찢어질때까지 잘 입을게요
https://www.musinsa.com/products/4538824,SH SHOW US DOT HOODIE(WHITE),"98,000원",30%,"68,600원",러브이즈트루,https://image.musinsa.com/mfile_s01/_brand/free_medium/luvistrue.png?20201208110338,상의,후드 티셔츠,https://image.msscdn.net/thumbnails/images/prd_img/20241021/4538824/detail_4538824_17296714917471_big.jpg?w=1200,https://image.msscdn.net/thumbnails/images/prd_img/20241021/4538824/detail_4538824_17296714926576_big.jpg?w=1200,없음,https://image.msscdn.net/thumbnails/images/goods_img/20241021/4538824/4538824_17296714858670_big.jpg?w=1200,hoodie_0209,627,2.2천 회 이상 (최근 1개월),없음,후기 4개,없음,귀엽고 좋아요 하얘서 조심해서 입어야할것같아욤,디자인 너무너무 귀여워요 핏도 엄청 마음에 들어요,한달후기 하얘서 뭐묻을까봐 손이 잘안가긴하는데 이쁘고 귀여운것같아용,크고 좋아영 목쪽에 단추가 있어서 따듯하게 입을 수 잇을 것 같어요,없음
https://www.musinsa.com/products/4311141,어센틱 릴렉스드 유니버시티 후디 화이트블루,"46,900원",30%,"32,900원",언더오프,https://image.musinsa.com/mfile_s01/_brand/free_medium/nmx.png?20231017153756,상의,후드 티셔츠,https://image.msscdn.net/thumbnails/images/goods_img/20240808/4311141/4311141_17234308258014_big.jpg?w=1200,https://image.msscdn.net/thumbnails/images/prd_img/20240808/4311141/detail_4311141_17234308335645_big.jpg?w=1200,https://image.msscdn.net/thumbnails/images/prd_img/20240808/4311141/detail_4311141_17234308345106_big.jpg?w=1200,https://image.msscdn.net/thumbnails/images/prd_img/20240808/4311141/detail_4311141_17234308393369_big.jpg?w=1200,hoodie_0210,203,550회 이상 (최근 1개월),없음,후기 11개,4.8,한달후기 아들이 잘입고 다녀요.교복을 안입어서 이곳저곳찾다가 교복을 산듯 자주입어요,한달후기 옷이 깔끔하고 예뻐요 디자인이 귀여워서 아이가 좋아해요,한달후기 건조기 돌리면 기장이 살짝 줄어들긴 하는데 좋아요,옷 재질이 좋고 따뜻하고 엄청 코디하기 엄청 편하고 모든 것에 다 잘 어울립니다.,한달후기 이거 사주니까 매일 입고 댕겨요 따뜻하고 좋다네요ㅋ
https://www.musinsa.com/products/4361309,980G 피그먼트 컷 후드-워시드 블랙-,"114,000원",40%,"68,400원",소버먼트,https://image.musinsa.com/mfile_s01/_brand/free_medium/sovermentwithlomort.png?20201105164327,상의,후드 티셔츠,없음,없음,없음,https://image.msscdn.net/thumbnails/images/goods_img/20240822/4361309/4361309_17250152982733_big.jpg?w=1200,hoodie_0211,990,4.8천 회 이상 (최근 1개월),없음,후기 152개,4.9,"체험단 소버먼트의 옷을 이미 4벌 가지고 있는 소버먼트 매니아(진)로서 이번 체험단에 뽑히게 되어 더욱 기뻤습니다. 기존에 가지고 있던 다른 색상의 제품들(더치 카키 색상, 핑크 등)과 비교했을 때 조금의 물빠짐이 있는 워시드 블랙 색상은 더욱 활용도가 높게 느껴졌습니다.  새 제품이라 기분탓인지는 몰라도 시보리 부분은 훨씬 짱짱해서 원하는 핏을 잡기에 수월했습니다. 175에 80kg 상체발달형인 제게 XXL사이즈가 원하는 스타일을 내기에 적합했습니다. 너무 길지도 않았고(시보리를 접는 경우) 암홀이나 팔통, 품이 조이지도 않는 여유로운 실루엣을 만들어 주었습니다.  이불과 같은 짱짱함이라고 다른 후기들에서 얘기하는 것과 같이 여기에는 호불호가 갈릴 수 있을 것 같습니다. 너무 짱짱한 만큼 무게도 있기 때문입니다. 다만 저는 오래입을 수 있다는 관점에서 매우 만족하고 있습니다",옷이 탄탄하고 두툼해서 좋아요 모자각도 예쁩니다,크롭한 느낌을 원했는데 딱 맞는 기장이에요 그리고 아직 손이 안 타서 그런지 엄청 빳빳하네요!,체험단 소버먼트 반팔 티셔츠 2장을 내돈내산 구매했던 것에 이어 피그먼트 후드티 체험단으로 돌아와 후기를 남기어요🫶🏻  먼저 이 제품에 사용 된 피그먼트가 뭔지부터 알아야 겠죠?? 피그먼트란 원단을 염색하는 물감의 종류 중 하나인데 자연스럽게 빠진 색상을 가진 빈티지한 원단을 탄생시키는데는 피그먼트 물감 만한게 없다고 해요. 천연 염색에 가까운 재료라 피부자극도 매우 적으니 정말 좋죠??  그리고 원단의 품질에 대해 알아 볼까요?? 원단은 무게가 많이 나갈수록 두꺼워지고 탄탄해지는데요. 보통 상위 도메스틱 브랜에서 950~ 980G정도를 사용하는데 이 제품은980G의 원단을 사용한 걸로 보여요. 최상급 원단을 사용했다는 것을 알 수 있죠. 정말 미쳤죠👏🏻👏🏻  또 옷 전반적인 마감 부분도 살펴 볼까요?? 소매 이음매 마감이 일직선으로 되어 있고요. 목 시보리도 마감 처리 깔끔하네요. 실 컬러 매칭도 완벽하고요. 어깨 부분의 갈라삼봉부터 옷이 튼튼하고 내구성이 좋다는걸 확인할 수 있었어요😁  마지막으로 디자인 측면에서도 봐보자구요!! 총장이나 전체적인 실루엣이 휘뚜루마뚜루로 입기에 매력적인 좋은 제품인 것 같아요. 사이즈는 살짝 여유롭게 나왔지만 정사이즈에 가깝네요. 차분한 블랙 컬러도 굉장이 예쁘고요ㅎㅎ,"체험단 처음 경험하는 소버먼트라는 브랜드여 많이 궁금했는데 왜 8만명 이상이 브랜드를 좋아요 버튼을 누른지 확인할수있었습니다.  (첫느낌)포장은 단조로웠고 들자마자 느껴지는 무게가 다소 부담스러웠으나, 옷의 형태나 은은히 느껴지는 피그먼트의 시각적인 맛이 너무너무 좋았습니다.  (입었을때 느낌) 들었을때 느꼈던 다소 부담스러운 무게감은 전혀 느껴지지 않았고, 오히려 각이 잡힌다는 생각지도 못한 장점이 부각되었습니다.  (사이즈) 제 스펙이 192cm 88kg여서 도매스틱 웬만한 브랜드 옷은 입기가 쉽지않음에도, 너무 오버하지않은 적당한 세미오버 실루엣이 나와 오히려 트랜디함에 만족했습니다.  (봉제,소재) 상당히 탄탄한&쫀쫀한 느낌의 조직감을 보여주어, 세탁 전 이긴하지만 크게 부담 느낄정도의 수축은 없을꺼같습니다. 봉제나 옷의 짜임새가 cp,스톤같은 50~60만원대의 후드와 비슷한 봉제의 선의 방향과 느낌이 있어 놀랐습니다. 개인적으로 이 부분이 제일 마음에 들었습니다.  앞으로 이 옷과 많은경험을하고 세탁 후 변화되는 피그먼트의 느낌이 벌써부터 기대되네요.  마치 데님에 빠진 주x재 처럼요 ㅎ  긴글읽어주셔서 감사드리고 추천합니다~!!"
https://www.musinsa.com/products/4431370,"스트라이프 니트 후디, 그린","75,000원",10%,"67,500원",오피쉬,https://image.musinsa.com/mfile_s01/_brand/free_medium/oafish.png?20240104160438,상의,후드 티셔츠,https://image.msscdn.net/thumbnails/images/goods_img/20240911/4431370/4431370_17269372309765_big.jpg?w=1200,https://image.msscdn.net/thumbnails/images/prd_img/20240911/4431370/detail_4431370_17269372498811_big.jpg?w=1200,https://image.msscdn.net/thumbnails/images/prd_img/20240911/4431370/detail_4431370_17269372507345_big.jpg?w=1200,https://image.msscdn.net/thumbnails/images/prd_img/20240911/4431370/detail_4431370_17269372543599_big.jpg?w=1200,hoodie_0212,"1,584",2.9천 회 이상 (최근 1개월),없음,후기 15개,4.7,레전드 내구성 한번 입고 나갔다 왔는데 보풀이;;;; 걍 레전드 이런 옷 처음 봐요 백팩 메고 다녔는데 가방이랑 닿는 부분은 그냥 무슨 옷이 보풀을 토하고 있어요 이거 좀만 더 입으면 기철이 친구처럼 될거 같아요 ㅜㅜ 검정고무신 따라하고 싶은 사람들만 사세요,✔️디자인 : 빈티지하게 귀엽습니다! ✔️사이즈 : 저는 적당히 낙낙하게 잘 맞았어요. 오버한 스타일은 아니고 적당히 모델처럼 낙낙한 스타일입니다~! ✔️ 컬러 : 리뷰 사진과 매우 유사합니다! ✔️ 소재 : 부들부들하고 안에 약간의 기모있습니다! 고급스럽다 느낌은 아닌데 별로다하는 정도는 아닙니다! 까끌거리는 느낌은 아예 없어요!  👚 총평 : 포인트 아이템으로 만족해요!,빨아도 니트 특유의 냄새가 많이 나긴 하는데 너무 귀엽습니다…,너무이뻐요! 부들부들하고 안감은 더 부드러워요 색상도 사진이랑 똑같아서 너무 귀여워용,한달후기 옷이 눈에 띄는 것도 사실이지만~ 자주입어서 애착 후드티냐고 지인이 물었어요~ 그만큼 자주 입고 애정하는 옷입니다! 부담스럽지 않고 포인트 아이템으로 만족했어요 보풀은 저는 거의 생기지 않았고 촉감도 보들보들 넘 좋아요!!
https://www.musinsa.com/products/4368878,ANGEL NUMBER 69 HOODIE_BLACK(NG2EFUM411A),"89,000원",25%,"66,750원",나이스고스트클럽,https://image.msscdn.net/mfile_s01/_brand/free_medium/niceghostclub.png?1730455267007,상의,후드 티셔츠,https://image.msscdn.net/thumbnails/images/goods_img/20240826/4368878/4368878_17248289449053_big.jpg?w=1200,https://image.msscdn.net/thumbnails/images/prd_img/20240826/4368878/detail_4368878_17248289457176_big.jpg?w=1200,https://image.msscdn.net/thumbnails/images/prd_img/20240826/4368878/detail_4368878_17248289460165_big.jpg?w=1200,https://image.msscdn.net/thumbnails/images/prd_img/20240826/4368878/detail_4368878_17248428435233_big.jpg?w=1200,hoodie_0213,"1,171",2.1천 회 이상 (최근 1개월),없음,후기 4개,없음,후드는 처음 사보는데 질도 두껍고 아주 좋아요 ㅎㅎ! 만족,나이스고스트클럽 후드티를 전부터 정말 좋아햇는데 이번에 맘에 드는 디자인이 나와서 바로 샀어오. 어깨가 넓은 편이라 두꺼운 후드티는 잘 못입는데 여기꺼는 적당하고 뭔가..그냥 좋아여 후후🥵🥵🥵,믿고사는 나고클 후드티임 걍 완벽 그자체 오버핏 입고싶으면 나고클이 최고에용,한달후기 올해 나고클에 빠져서 후드를 엄청 샀는데 다 만족스러워요!!!!,없음
https://www.musinsa.com/products/4368863,DREAMERS HOODIE_CHARCOAL(NG2EFUM404A),"89,000원",25%,"66,750원",나이스고스트클럽,https://image.msscdn.net/mfile_s01/_brand/free_medium/niceghostclub.png?1730455267007,상의,후드 티셔츠,https://image.msscdn.net/thumbnails/images/goods_img/20240826/4368863/4368863_17248290388360_big.jpg?w=1200,https://image.msscdn.net/thumbnails/images/prd_img/20240826/4368863/detail_4368863_17248290397961_big.jpg?w=1200,https://image.msscdn.net/thumbnails/images/prd_img/20240826/4368863/detail_4368863_17248290400770_big.jpg?w=1200,https://image.msscdn.net/thumbnails/images/prd_img/20240826/4368863/detail_4368863_17248385693496_big.jpg?w=1200,hoodie_0214,393,250회 이상 (최근 1개월),없음,후기 1개,없음,핏 진짜진짜 예뻐요 그리고 프린트에 글리터도 들어가있고 디자인도 너무 귀여워서 대만족입니닷..! 오랜만에 마음에 드는 옷 발견해서 너무 좋네요~!~!,없음,없음,없음,없음
https://www.musinsa.com/products/4368896,GHOST TAIL COLLEGE HOODIE_NAVY(NG2EFUM420A),"89,000원",25%,"66,750원",나이스고스트클럽,https://image.msscdn.net/mfile_s01/_brand/free_medium/niceghostclub.png?1730455267007,상의,후드 티셔츠,https://image.msscdn.net/thumbnails/images/goods_img/20240826/4368896/4368896_17248292780483_big.jpg?w=1200,https://image.msscdn.net/thumbnails/images/prd_img/20240826/4368896/detail_4368896_17248292789435_big.jpg?w=1200,https://image.msscdn.net/thumbnails/images/prd_img/20240826/4368896/detail_4368896_17248292792288_big.jpg?w=1200,https://image.msscdn.net/thumbnails/images/prd_img/20240826/4368896/detail_4368896_17248432438971_big.jpg?w=1200,hoodie_0215,514,300회 이상 (최근 1개월),없음,후기 3개,4.7,한달후기 넉넉한 폼에 편하게 입기 좋고 색깔도 상세페이지와 비슷합니다,넘 이뻐용 근데 약간 크네용 쿨톤이신 분한테 잘어울리겠네용,한달후기 생각보다 엄청 박시하고 길어요! 색상도 넘 예쁩니다,없음,없음
https://www.musinsa.com/products/4345041,T-Logo Hoodie Concrete,"95,000원",30%,"66,500원",디스이즈네버댓,https://image.musinsa.com/mfile_s01/_brand/free_medium/thisisneverthat.png?20240122174353,상의,후드 티셔츠,https://image.msscdn.net/thumbnails/images/goods_img/20240820/4345041/4345041_17248089296046_big.jpg?w=1200,https://image.msscdn.net/thumbnails/images/prd_img/20240820/4345041/detail_4345041_17248089362483_big.jpg?w=1200,https://image.msscdn.net/thumbnails/images/prd_img/20240820/4345041/detail_4345041_17248089371907_big.jpg?w=1200,https://image.msscdn.net/thumbnails/images/prd_img/20240820/4345041/detail_4345041_17248089399987_big.jpg?w=1200,hoodie_0216,689,8.9천 회 이상 (최근 1개월),없음,후기 17개,4.9,옷이 정말 이쁘고 정말 편합니다. 구매하시는걸 추천합니다,화면으로 봤을 때보다 좀 더 어두운 느낌입니다. 약기모라 따뜻하게 입겠어요.,사이즈가 생각보다 크긴했는데 색상이 특이하고 마음에 들어요,디자인도 마음에들고 배송도 빨라서 너무 좋았어요 잘쓰겠습니다~,항상 믿고사는 디네댓 색깔이며 재질이며 퀄리티며 항상 최고
https://www.musinsa.com/products/4345034,Arch-Logo Hoodie Heather Grey,"95,000원",30%,"66,500원",디스이즈네버댓,https://image.musinsa.com/mfile_s01/_brand/free_medium/thisisneverthat.png?20240122174353,상의,후드 티셔츠,https://image.msscdn.net/thumbnails/images/goods_img/20240820/4345034/4345034_17248092651266_big.jpg?w=1200,https://image.msscdn.net/thumbnails/images/prd_img/20240820/4345034/detail_4345034_17248937349589_big.jpg?w=1200,https://image.msscdn.net/thumbnails/images/prd_img/20240820/4345034/detail_4345034_17248937358009_big.jpg?w=1200,https://image.msscdn.net/thumbnails/images/prd_img/20240820/4345034/detail_4345034_17248937382701_big.jpg?w=1200,hoodie_0217,"1,937",8.1천 회 이상 (최근 1개월),없음,후기 45개,4.9,기본 후드 티 입니다. 안은 기모 소재고 길이는 길지 않은것 같아요. 소매는 길고 따뜻하면서 무게가 무겁지 않아서 좋아요,디자인도 마음에들고 배송도 빨라서 너무 좋았어요 잘쓰겠습니다~,한달후기 흔해서 고민했는데 흔한 이유가 있네요. 부드럽고 편안합니다. 후드 무거우면 안 입게 되는데 가볍고 따뜻해요!,재질 부드럽고 디네댓 특유의 딱딱한 느낌 아니라서라서 좋아요,최애 후드티라서 블랙이랑 네이비는 이미 있는데 이번엔 그레이 샀어요 완전 부드럽고 따뜻하고 좋음
https://www.musinsa.com/products/4302989,T-Logo LT Hoodie Fuchsia,"95,000원",30%,"66,500원",디스이즈네버댓,https://image.musinsa.com/mfile_s01/_brand/free_medium/thisisneverthat.png?20240122174353,상의,후드 티셔츠,https://image.msscdn.net/thumbnails/images/goods_img/20240807/4302989/4302989_17236157573642_big.jpg?w=1200,https://image.msscdn.net/thumbnails/images/prd_img/20240807/4302989/detail_4302989_17236157950688_big.jpg?w=1200,https://image.msscdn.net/thumbnails/images/prd_img/20240807/4302989/detail_4302989_17236157959634_big.jpg?w=1200,https://image.msscdn.net/thumbnails/images/prd_img/20240807/4302989/detail_4302989_17236157966850_big.jpg?w=1200,hoodie_0218,"3,638",6.2천 회 이상 (최근 1개월),없음,후기 35개,4.9,색이 특이해서 흔하지 않을 것 같아요.,배송도 빠르고 제품도 너무 마음에 듭니다 색상은 자색에 가깝고 멋스럽네요,디자인도 마음에들고 배송도 빨라서 너무 좋았어요 잘쓰겠습니다~,이쁘고 자주보라색 섞인느낌이기때문에 힙하군요,퍼플색구입해서 입어보니 너무좋아서 다른색으로 하나더 구입했어요
https://www.musinsa.com/products/4345036,Arch-Logo Hoodie Black,"95,000원",30%,"66,500원",디스이즈네버댓,https://image.musinsa.com/mfile_s01/_brand/free_medium/thisisneverthat.png?20240122174353,상의,후드 티셔츠,https://image.msscdn.net/thumbnails/images/goods_img/20240820/4345036/4345036_17248091785823_big.jpg?w=1200,https://image.msscdn.net/thumbnails/images/prd_img/20240820/4345036/detail_4345036_17248091845991_big.jpg?w=1200,https://image.msscdn.net/thumbnails/images/prd_img/20240820/4345036/detail_4345036_17248091860157_big.jpg?w=1200,https://image.msscdn.net/thumbnails/images/prd_img/20240820/4345036/detail_4345036_17248091889438_big.jpg?w=1200,hoodie_0219,"1,136",5.4천 회 이상 (최근 1개월),없음,후기 51개,4.9,한달후기 이번 시즌 재질 너무 맘에 드네요 보들보들한 재질입니다 기존 빳빳한 재질 아니에요,한달후기 너무 따뜻하고 어디에든 잘어울려요 너무 잘입고있어요,한달후기 기모가 있어서 아주 따뜻해요~ 요즘 패딩 속에 입기 좋아요,선물로 구입했는데 사이즈도 좋구 디자인듀 깔끔해서 이뻐요 ~~,여자친구랑 커플로 맞췄는데 핏이 너무 좋고 안에 기모도 있어서 따뜻하네요. 잘 입겠습니다
https://www.musinsa.com/products/4379029,입으면 바로 힙스터 후디 [버건디],"88,000원",25%,"66,000원",비디오자키,https://image.musinsa.com/mfile_s01/_brand/free_medium/videojockey.png?20220128115044,상의,후드 티셔츠,https://image.msscdn.net/thumbnails/images/prd_img/20240828/4379029/detail_4379029_17258590804878_big.jpg?w=1200,https://image.msscdn.net/thumbnails/images/prd_img/20240828/4379029/detail_4379029_17259457248272_big.jpg?w=1200,없음,https://image.msscdn.net/thumbnails/images/goods_img/20240828/4379029/4379029_17258590735225_big.jpg?w=1200,hoodie_0220,882,950회 이상 (최근 1개월),없음,후기 17개,4.8,실물이 너무 이쁘고 캐주얼하게 입기 매우 좋은 옷이네요,너무너무 이쁘고 핏도 정말 최고입니다 다음에 다른 색으로 하나 더 구매 예정입니다,기모가 없는데도 따듯해서 좋아요 핏도 이뻐서 자주 입게 될 것 같아요,기모 없는 거여도 충분히 따뜻하게 입을만 하고 핏도 나쁘지 않아서 좋습니더👍👍👍👍,무난한 버건디후드고 동생 선물로 사줬더니 좋아하네요
https://www.musinsa.com/products/4289657,G COMFORT HOODIE (GRAY),없음,없음,"65,000원",글로니,https://image.musinsa.com/mfile_s01/_brand/free_medium/glowny.png?20230428133317,상의,후드 티셔츠,https://image.msscdn.net/thumbnails/images/goods_img/20240801/4289657/4289657_17236521597790_big.jpg?w=1200,https://image.msscdn.net/thumbnails/images/prd_img/20240801/4289657/detail_4289657_17236521647534_big.jpg?w=1200,https://image.msscdn.net/thumbnails/images/prd_img/20240801/4289657/detail_4289657_17236521653512_big.jpg?w=1200,https://image.msscdn.net/thumbnails/images/prd_img/20240801/4289657/detail_4289657_17236521667567_big.jpg?w=1200,hoodie_0221,"2,752",7.1천 회 이상 (최근 1개월),1천 개 이상,후기 233개,4.6,글쎄요 안타깝게 텍을 떼버려서 반품은 못하지만 이 가격대의 옷은 아닌 거 같아요 2❗️점을 더 좋아하실 거 같지만 제 점수는 🔷1점🔷드립니다😄🧢💙,브랜드 공계에 빨간 키티가 브이하는 사진을 올렷어요ㅋㅋ 쪽팔려서 못입고 다녀요ㅠㅠ 사진 올리면 삭제당하려나?? 한번 찾아보세용,한달후기 💙20자쓰라는데 쓰기 귀찮음 아 아직도 많이 남음,걍 그래요 사실 분들 생각 한번 해보시고 사시길 !! 굳이앙사도되는옷같아여,대표가 이런 사람일줄 알았다면 구매를 안했었을텐데 안타깝네요
https://www.musinsa.com/products/4289666,G COMFORT HOODIE (BLACK),없음,없음,"65,000원",글로니,https://image.musinsa.com/mfile_s01/_brand/free_medium/glowny.png?20230428133317,상의,후드 티셔츠,https://image.msscdn.net/thumbnails/images/goods_img/20240801/4289666/4289666_17236524492037_big.jpg?w=1200,https://image.msscdn.net/thumbnails/images/prd_img/20240801/4289666/detail_4289666_17236524542912_big.jpg?w=1200,https://image.msscdn.net/thumbnails/images/prd_img/20240801/4289666/detail_4289666_17236524548137_big.jpg?w=1200,https://image.msscdn.net/thumbnails/images/prd_img/20240801/4289666/detail_4289666_17236524556770_big.jpg?w=1200,hoodie_0222,"2,925",6.1천 회 이상 (최근 1개월),1천 개 이상,후기 191개,4.6,한달후기 이 시국에 2점 드리는건 좀 아닌것 같아 1점 드립니다 다신 구매 안해요 글로니,어유 제 눈이 이상한지 검은색 옷인데 자꾸 빨간색으로 보이네용ㅠ,배송 어제왔는데 구매확정 해버려서 환불도 못 하고… 로고 붙은 거 떼버릴까봐요… 이너로만 입을 수 잇음 주요 소비자층이 누구인데 이 시기에 in스타 공식계정에 굳이 그런 사진을 올려놓고 해명이랍시고 말도 안 되는 말을 쩝 글로니 첫구매였는데 동시에 마지막 구매가 됨 뭔지 궁금하시면 서치해보세유 저는 불매합니다~ +옷 자체만 리뷰해보자면 얇은 면은 아니지만 먼지가 엄청 붙고 바느질 처리가 좀 지저분함 블프 때 사서 망정이지 원가주고 샀으면 엉엉욺,한달후기 옷은 예쁘고 잘 착용하고 있는데 헬로키티 사진이 별로였어요,한달후기 2찍이라 이제 살일 없을듯 해요ㅜ 핏은 ㄱㅊ긴 한데 왜그러셨어요?
https://www.musinsa.com/products/4594188,버튼 티셔츠_블랙,없음,없음,"65,000원",파히섬,https://image.msscdn.net/mfile_s01/_brand/free_medium/pahisum.png?1730686908329,상의,후드 티셔츠,https://image.msscdn.net/thumbnails/images/goods_img/20241106/4594188/4594188_17308951442917_big.jpg?w=1200,https://image.msscdn.net/thumbnails/images/prd_img/20241106/4594188/detail_4594188_17308956127605_big.jpg?w=1200,https://image.msscdn.net/thumbnails/images/prd_img/20241106/4594188/detail_4594188_17308956135076_big.jpg?w=1200,https://image.msscdn.net/thumbnails/images/prd_img/20241106/4594188/detail_4594188_17308951545367_big.jpg?w=1200,hoodie_0223,478,2.2천 회 이상 (최근 1개월),없음,후기 13개,4.9,단추 디테일 귀여워서 샀는데 입으면 말라보여요 완전 블랙인줄 알았는데 물빠진 블랙이라 차콜에 더 가까운 느낌? 오히려 맘에 들었음 하나만 입어도 은근 따뜻하고 재질도 나쁘지 않은데 모자가 모양도 안잡히고 너무 힘없이 축 늘어지는게 좀 아쉬움.. 그리고 어깨라인이 한쪽만 툭 위로 튀어나오게 솟던데 불량인지 원래 봉제가 그런건지 모르겠어요 이미 텍 떼고 입어서 그냥 입으랴고요…,"한달후기 핏이 진짜 예쁜데 단독으로 봄에 입고 싶어서 아직 제대로 못입었어요 ㅠ.,ㅠ 날 풀리면 만날 입을 예정입니다 ㅎ3ㅎ",너무 예뻐요 특히 딘추 색깔 너무 긔엽고 센스있는걸 긑아요,저는 너무너무 예뻐서 맘에 들었는데 다른 후기는 별로라는 얘기도 있어서 놀랬어요 … 진심 너무 골져스한데 ..,단추 디테일도 넘 귀엽고 데일리룩으로 너무 잘 입어요
https://www.musinsa.com/products/4343308,Keyring Girl Hoodie White,"129,000원",50%,"64,500원",도미넌트,https://image.musinsa.com/mfile_s01/_brand/free_medium/dominant.png?20230302173557,상의,후드 티셔츠,https://image.msscdn.net/thumbnails/images/goods_img/20240819/4343308/4343308_17251904467291_big.jpg?w=1200,https://image.msscdn.net/thumbnails/images/prd_img/20240819/4343308/detail_4343308_17251904562436_big.jpg?w=1200,https://image.msscdn.net/thumbnails/images/prd_img/20240819/4343308/detail_4343308_17251904572697_big.jpg?w=1200,https://image.msscdn.net/thumbnails/images/prd_img/20240819/4343308/detail_4343308_17251904612446_big.jpg?w=1200,hoodie_0224,"1,622",2.1천 회 이상 (최근 1개월),없음,없음,없음,없음,없음,없음,없음,없음
https://www.musinsa.com/products/4473165,샹뇽이 캐릭터 아플리케 후드 IVORY,"79,000원",20%,"63,200원",엘엠알,https://image.musinsa.com/mfile_s01/_brand/free_medium/lmr65.png?20230704103256,상의,후드 티셔츠,https://image.msscdn.net/thumbnails/images/prd_img/20240927/4473165/detail_4473165_17274244975760_big.jpg?w=1200,https://image.msscdn.net/thumbnails/images/prd_img/20240927/4473165/detail_4473165_17274244977975_big.jpg?w=1200,없음,https://image.msscdn.net/thumbnails/images/goods_img/20240927/4473165/4473165_17274244969089_big.jpg?w=1200,hoodie_0225,72,200회 이상 (최근 1개월),없음,후기 1개,없음,소재가 부드러우면서 핑크냥이도 귀여움 적당한 길이 오버핏 맘에들어요^^,없음,없음,없음,없음
https://www.musinsa.com/products/4295200,BASIC LOGO HOODIE BURGUNDY(MG2EFMM407A),"79,000원",20%,"63,200원",마하그리드,https://image.msscdn.net/mfile_s01/_brand/free_medium/mahagrid.png?20200608153142,상의,후드 티셔츠,https://image.msscdn.net/thumbnails/images/goods_img/20240805/4295200/4295200_17240428930217_big.jpg?w=1200,https://image.msscdn.net/thumbnails/images/prd_img/20240805/4295200/detail_4295200_17240429050200_big.jpg?w=1200,https://image.msscdn.net/thumbnails/images/prd_img/20240805/4295200/detail_4295200_17240429056343_big.jpg?w=1200,https://image.msscdn.net/thumbnails/images/prd_img/20240805/4295200/detail_4295200_17240429088927_big.jpg?w=1200,hoodie_0226,"1,237",2.2천 회 이상 (최근 1개월),없음,후기 22개,4.6,너무 예뻐요ㅜㅜ 친구들도 다 예쁘대요!! ㅎㅎ 모두들 이 후드티 당장 사세여.,예상했던 것보다 받아보니 색도 완전 이쁘고 좋음,한달후기 핏도 그렇구 색감도 예쁘고 디자인도 심플해서 손이 자주 가요!! 너무 예뻐요 ㅎㅎ,깔끔한 스타일로 남녀 다잘어울리는 스타일입니다. 다른 색깔로 재구매 의사 있어요!!,한달후기 색은 사진보다 조금 더 연한 버건디색이고 사이즈는 사이즈표 수치보다 조금 더 큰감이 있어요. 다른 후드티보다 모자사이즈도 넉넉합니다. 마음에들어요잉~
https://www.musinsa.com/products/4324621,GUMMY BEAR & LOGO HOODIE_BLACK(NG2EFUM400A),"79,000원",20%,"63,200원",나이스고스트클럽,https://image.msscdn.net/mfile_s01/_brand/free_medium/niceghostclub.png?1730455267007,상의,후드 티셔츠,https://image.msscdn.net/thumbnails/images/goods_img/20240813/4324621/4324621_17237788427546_big.jpg?w=1200,https://image.msscdn.net/thumbnails/images/prd_img/20240813/4324621/detail_4324621_17237788436925_big.jpg?w=1200,https://image.msscdn.net/thumbnails/images/prd_img/20240813/4324621/detail_4324621_17237788439665_big.jpg?w=1200,https://image.msscdn.net/thumbnails/images/prd_img/20240813/4324621/detail_4324621_17237919023740_big.jpg?w=1200,hoodie_0227,"1,184",1.7천 회 이상 (최근 1개월),없음,후기 14개,4.9,사이즈가 살짝 큰데 박시하게 입고 다닐 수 있어서 편하고 자주 입어요.,한달후기 기모가 있는 줄 알았는데 기모는 없어요! 디자인은 귀엽습니다!,한달후기 생각보다 길어서 놀랐어요!! 오버핏으로 귀엽게 입을수 있는데 패딩 안에 입기에는 너무 부해보여서 날씨 풀리고 입으면 좋을것같아여,한달후기 다자인 예쁘고 길이와 핏 적당해요. 구입후 자주 입게 되는 옷입니다.,나이스고스트클럽 후드티 사고 싶었는데 잘 산 것 같아요!ㅎㅎ
https://www.musinsa.com/products/4322938,투톤 플레임 후디 네이비,"79,000원",20%,"63,200원",트레셔,https://image.musinsa.com/mfile_s01/_brand/free_medium/thrasher.png?20220923150547,상의,후드 티셔츠,https://image.msscdn.net/thumbnails/images/goods_img/20240812/4322938/4322938_17320888686995_big.jpg?w=1200,https://image.msscdn.net/thumbnails/images/prd_img/20240812/4322938/detail_4322938_17320888695743_big.jpg?w=1200,없음,https://image.msscdn.net/thumbnails/images/prd_img/20240812/4322938/detail_4322938_17320888698017_big.jpg?w=1200,hoodie_0228,131,200회 이상 (최근 1개월),없음,후기 2개,없음,티셔츠가 너무 너무 이쁘고 좋습니다. 가성비도 좋습니다.,제품이 가성비도 좋구요. 정말 좋습니다. 간절기에 입기에 좋은 옷입니다.,없음,없음,없음
https://www.musinsa.com/products/4343631,로고 크롭 후드 티셔츠 - 마쉬멜로우 / VN000J28FS81,"85,000원",26%,"62,990원",반스,https://image.msscdn.net/mfile_s01/_brand/free_medium/vans.png?20200608153142,상의,후드 티셔츠,https://image.msscdn.net/thumbnails/images/goods_img/20240819/4343631/4343631_17261296864201_big.jpg?w=1200,https://image.msscdn.net/thumbnails/images/prd_img/20240819/4343631/detail_4343631_17261296940239_big.jpg?w=1200,https://image.msscdn.net/thumbnails/images/prd_img/20240819/4343631/detail_4343631_17261296947493_big.jpg?w=1200,https://image.msscdn.net/thumbnails/images/prd_img/20240819/4343631/detail_4343631_17261296963003_big.jpg?w=1200,hoodie_0229,52,150회 이상 (최근 1개월),없음,없음,없음,없음,없음,없음,없음,없음
https://www.musinsa.com/products/4304714,어센틱 로고 후디 헤더 그레이,"79,000원",20%,"62,900원",커버낫,https://image.msscdn.net/mfile_s01/_brand/free_medium/covernat.png?1730451801416,상의,후드 티셔츠,https://image.msscdn.net/thumbnails/images/prd_img/20240807/4304714/detail_4304714_17301039313329_big.jpg?w=1200,https://image.msscdn.net/thumbnails/images/prd_img/20240807/4304714/detail_4304714_17301039315353_big.jpg?w=1200,없음,https://image.msscdn.net/thumbnails/images/goods_img/20240807/4304714/4304714_17301039305620_big.jpg?w=1200,hoodie_0230,844,3.5천 회 이상 (최근 1개월),없음,후기 29개,4.9,엉덩이 다 덮는 기장이고 팔이 조금 길어요 그래도 디자인이나 색상 이뻐요,"한달후기 옷 이뻐요! 커버낫 좋아하긴 하는데 너무 흔해서 구매를 잘 안하게 되는데 이건 색이 너무 이쁩니다,,",s사이즈랑 고민했는데 사이즈 넉넉하니 올 가을 잘 입을거 같아요,초등 6학년인데 성인 S사이즈 하니까 이쁘게 딱 맞네요. 라이브방송때 좋은 조건으로 구매해서 아주 만족합니다.,"옷이 가볍고 편해서 딸아이가 편하게 잘입고다닙니다.. 디자인도 예쁘고,어느곳에도 잘어울려 즐겨입습니다."
https://www.musinsa.com/products/4471078,(Renew Ver.) 루즈핏 스웨트 후드 ( 5Color ) ( 기모선택 ),"37,400원",20%,"29,900원",브렌슨,https://image.musinsa.com/mfile_s01/_brand/free_medium/brenson.png?20240319111511,상의,후드 티셔츠,https://image.msscdn.net/thumbnails/images/goods_img/20240927/4471078/4471078_17322522721229_big.jpg?w=1200,https://image.msscdn.net/thumbnails/images/prd_img/20240927/4471078/detail_4471078_17274049752873_big.jpg?w=1200,https://image.msscdn.net/thumbnails/images/prd_img/20240927/4471078/detail_4471078_17274049779778_big.jpg?w=1200,https://image.msscdn.net/thumbnails/images/prd_img/20240927/4471078/detail_4471078_17274049893312_big.jpg?w=1200,hoodie_0231,"1,459",6.7천 회 이상 (최근 1개월),1.7천 개 이상,후기 171개,4.8,무난하게 입기좋아요 후들후들하고 모자 각잡히는 제품은 아님,조금 얇긴하지만 핏이 예쩌서 좋아요 감사합니다ㅏ,아침 저녁으로 쌀쌀한데 겉에 입기 딱 좋을 거 같아요,너무 편하고 예뻐서 다른 색깔로 추가 구매 예정입니다.,한달후기 가격 대비 옷 재질이 참 만족스럽네요 175/71 딱 만족스러운 핏입니다
https://www.musinsa.com/products/4364967,CLIQUE V2 HOODIE - MELANGE GREY,"89,000원",30%,"62,300원",브라운브레스,https://image.msscdn.net/mfile_s01/_brand/free_medium/brownbreath.png?20200608153142,상의,후드 티셔츠,https://image.msscdn.net/thumbnails/images/prd_img/20240823/4364967/detail_4364967_17252569681978_big.jpg?w=1200,https://image.msscdn.net/thumbnails/images/prd_img/20240823/4364967/detail_4364967_17252569695881_big.jpg?w=1200,없음,https://image.msscdn.net/thumbnails/images/goods_img/20240823/4364967/4364967_17252563102000_big.jpg?w=1200,hoodie_0232,"2,776",5.8천 회 이상 (최근 1개월),없음,후기 52개,4.8,옷이 너무 이뻐요^^ 앞두 뒤도 너무 이쁘네요~~^^ 대만족합니다^^,그께도 적당하고 색깔이 너무 이뻐요 살짝 제 기준에 기장이 길지만 이정도면 딱 적당한거같아요,너무너무이뻐여~~~^^ 완전 대만족합니다~~~^^ 청바지랑 입으니 너무 잘어울려용^^,한달후기 이거랑 색깔만 다른 후드티 하나 더 있는데 그거랑 이것만 입고 다녀요ㅋㅋ 진짜 좋음,설날 빅세일 할 때 싸게 샀는데 실물이 더 이쁩니다ㅜ!!! 잘 산 것 같아요!
https://www.musinsa.com/products/4364963,AGAINST HOODIE - BLACK,"89,000원",30%,"62,300원",브라운브레스,https://image.msscdn.net/mfile_s01/_brand/free_medium/brownbreath.png?20200608153142,상의,후드 티셔츠,https://image.msscdn.net/thumbnails/images/goods_img/20240823/4364963/4364963_17252583427262_big.jpg?w=1200,https://image.msscdn.net/thumbnails/images/prd_img/20240823/4364963/detail_4364963_17252570339813_big.jpg?w=1200,https://image.msscdn.net/thumbnails/images/prd_img/20240823/4364963/detail_4364963_17252570348702_big.jpg?w=1200,https://image.msscdn.net/thumbnails/images/prd_img/20240823/4364963/detail_4364963_17252570391951_big.jpg?w=1200,hoodie_0233,"1,494",3.7천 회 이상 (최근 1개월),없음,후기 26개,4.8,색감도 예쁘고 핏도 좋아요 근데 살짝 오버핏?느낌이라 S살걸 하는 마음도 있었는데 오버핏으로 입어도 예뻐서 괜찮습니다!,딱 생각한 핏에 깔끔한 색이라 맘에 들었어요 기모가 없어서날씨 풀리면 더 자주입을 것 같네요,"고등학생 아들 선물로 샀는데, 엄청 좋아하네요. 친구들도 많이 입는다고 하구요.","투톤 색감이 예쁜 것 같고, 생각보다 두껍지 않아서 레이어드해서 입어도 좋을 것 같아요.",그냥 개이쁨 고민한 시간이 아까워요 사세요 ㅜㅜ 카키 포인트 넘 조음
https://www.musinsa.com/products/4364966,CLIQUE V2 HOODIE - NAVY,"89,000원",30%,"62,300원",브라운브레스,https://image.msscdn.net/mfile_s01/_brand/free_medium/brownbreath.png?20200608153142,상의,후드 티셔츠,https://image.msscdn.net/thumbnails/images/prd_img/20240823/4364966/detail_4364966_17252569893518_big.jpg?w=1200,https://image.msscdn.net/thumbnails/images/prd_img/20240823/4364966/detail_4364966_17252569907816_big.jpg?w=1200,없음,https://image.msscdn.net/thumbnails/images/goods_img/20240823/4364966/4364966_17252563168421_big.jpg?w=1200,hoodie_0234,"3,847",7천 회 이상 (최근 1개월),없음,후기 55개,4.8,진짜...이쁩니다..이쁘다는말밖에안나옵니다 언블리버블,한달후기 정말 너무 좋아요 꼭 사세요 정말 굿굿 헤이 세뇨리타 나몰라? 알아야돼😭? 아니? 몰라두돼 지금부터 알아가면 돼니깐 어디살아 몇싸리야🥵? 지금 작헙 거는꺼야?🥵 수많은 이들속 찿았네 바로😭 잡초들 사이이에 피어난 퓨티 플라어 빨주노초 암머 래전더리 타노스🥵 푸리댕댕 녹새 빛까😭네게 발켜줘 그린 라이트 앙이라잌유💗😘,어깨 좁아보여서 태평양어깨분들 추천! 브브 후드 몇개 있는데 그중 가장 핏 이쁨 팔목시보리가 아주탄탄,재질도 부들부들하고 편하게 입기 좋은 것 같아요,사이즈가 크지만 따듯하고 편하고 좋았음 사는거 추천
https://www.musinsa.com/products/4429798,NOFT 패치워크 후드티 [네이비],"89,000원",30%,"62,300원",낫온리포투데이,https://image.msscdn.net/mfile_s01/_brand/free_medium/notonlyfortoday.png?1727142157428,상의,후드 티셔츠,https://image.msscdn.net/thumbnails/images/prd_img/20240911/4429798/detail_4429798_17262135913479_big.jpg?w=1200,https://image.msscdn.net/thumbnails/images/prd_img/20240911/4429798/detail_4429798_17262136292631_big.jpg?w=1200,없음,https://image.msscdn.net/thumbnails/images/goods_img/20240911/4429798/4429798_17361409673308_big.jpg?w=1200,hoodie_0235,"1,162",2.5천 회 이상 (최근 1개월),없음,후기 39개,4.9,제가 원했던 깔끔하지만 흔하지 않은 디테일이 있는 후드티입니다!!!! 딱 떨어지는 적당하게 예쁜 핏에 짙은 네이비색이라 어디에도 휘뚜루 마뚜루 잘 입을 수 있을 것 같아요 특히 88부분에 부클? 보들보들 자수디테일이 있어서 흔하지 않고 고급스러운 느낌이라 더욱 마음에 들어요 ㅜㅜ!! 두께감도 너무 얇지도 두껍지도 않아서 봄가을겨울 내내 잘 입을수 있을 것 같아요~~~~ㅎㅎ 완전 추천합니다 :),좋아요. 매일 매일 착용하고 싶네요. 또 사고싶어요.,친구가 요고 맨투맨 산거보고 후드로 따라샀는데 역시나 만족! 생각보다 후드 모자가 넉넉해서 너무 좋아요. 프린팅 대신 도톰하고 양털?같은 패치형이라 포인트로도 좋구 오래입을듯 제 체형이랑 비슷하신분은 s사시면 딱 널널하게 맞으실 것 같아여,옷이 매우 이쁘고 편해요 꾸안꾸로 쓰기 딱 좋았어요,옷도 예쁘고 사이즈도 제 상의에 맞아서 너무 좋은것같아요
https://www.musinsa.com/products/4460024,DOODLE GLOBE HOODIE black,"89,000원",30%,"62,300원",엘엠씨,https://image.musinsa.com/mfile_s01/_brand/free_medium/lmc.png?20220610163914,상의,후드 티셔츠,https://image.msscdn.net/thumbnails/images/prd_img/20240924/4460024/detail_4460024_17272455741565_big.jpg?w=1200,https://image.msscdn.net/thumbnails/images/prd_img/20240924/4460024/detail_4460024_17272455751379_big.jpg?w=1200,없음,https://image.msscdn.net/thumbnails/images/goods_img/20240924/4460024/4460024_17271789080369_big.jpg?w=1200,hoodie_0236,568,1.6천 회 이상 (최근 1개월),없음,후기 16개,4.9,시보리가 없는수준이라 아쉽지만 프린트가 마음에 들어서 입겠습니다,한달후기 커플룩으로 입기 조아요 만족합니다 두께감도 굿,한달후기 굿 커플룩으로 입기 조아요 재질도 좋아요 ! 두께감도 만족,예뻐요 모자가 좀 작은것같긴 해요 그치만 되게ㅜ잘립을것갗라요,착용감이 아주 편하고 좋습니다 원단도 품질이 아주 좋은 것 같아요 내돈내산 후회하지 않습니다
https://www.musinsa.com/products/4332315,"LONG HOODED T-SHIRT, IVORY",없음,없음,"62,000원",오헤시오,https://image.musinsa.com/mfile_s01/_brand/free_medium/oheshio.png?20230825130502,상의,후드 티셔츠,https://image.msscdn.net/thumbnails/images/prd_img/20240814/4332315/detail_4332315_17252500405487_big.jpg?w=1200,https://image.msscdn.net/thumbnails/images/prd_img/20240814/4332315/detail_4332315_17252500420338_big.jpg?w=1200,없음,https://image.msscdn.net/thumbnails/images/goods_img/20240814/4332315/4332315_17253335876368_big.jpg?w=1200,hoodie_0237,"2,647",4.1천 회 이상 (최근 1개월),없음,후기 76개,4.7,어깨가 딱 맞아서 핏이 아쉬워요 😢 바지릉 잘 입아야 할 것 가튼 옷이랄까요 생갇보다 활용도가 높지는 않아요,어깨가 작아요.. 어깡이긴함. 어깨가 딱 맞아도 이쁜 옷이 있는데 이건 안 이쁜 옷이여요 😢,완전 기여워용 ㅎㅎ 이거 입고 학교 갔더니 친구들이 옷 기엽다구 했어요🤍🪽😻 한 가지 아쉬운 점이 있다면… 총 기장이 애매하게 길어서 귀여운 체크 포인트가 있는 밑단이 자꾸 말린다는 점…?!!! 그리고 팔뚝이 몸통 쪽이랑은 다르게 약간 타이트한 느낌!!ㅜㅜ(이건 제가 팔뚝이 두꺼워서 그럴지도…) 그래도!! 옷이 너무 귀여워서 너무너무 만족합니댕!!😽🐶,너무 기여워용 ㅎㅎ🤍🪽😻,한달후기 처음에는 핏이 마음에 안 들얶는데 입을수록 맘에 들어요 👍 너므 기여웡 아우터가 애매하긴 합니듀 봄에 주구장창 입을게욥
https://www.musinsa.com/products/4696919,하프버튼 후드 티셔츠 [GRAY],없음,없음,"62,000원",오디너리홀리데이,https://image.musinsa.com/mfile_s01/_brand/free_medium/ordinaryholiday.png?20230713144809,상의,후드 티셔츠,https://image.msscdn.net/thumbnails/images/goods_img/20250103/4696919/4696919_17373397483953_big.jpg?w=1200,https://image.msscdn.net/thumbnails/images/prd_img/20250103/4696919/detail_4696919_17373397497947_big.jpg?w=1200,없음,https://image.msscdn.net/thumbnails/images/prd_img/20250103/4696919/detail_4696919_17373397501883_big.jpg?w=1200,hoodie_0238,680,4.2천 회 이상 (최근 1개월),없음,후기 2개,4.5,완전 맘에 들고 핏도 이쁘고 팔이 길어서 너무 좋았어여,소재도 부드럽고 신축성도 좋고 팔이 길어서 좋아요 ㅎ 날씬해보이는 스타일이라 마음에 드네요 기장이 조금만 더 길었으면 싶지만 ~^^ 참 후드가 여유있는 사이즈라 뒷모습도 예뻐요,없음,없음,없음
https://www.musinsa.com/products/4696918,하프버튼 후드 티셔츠 [BLACK],없음,없음,"62,000원",오디너리홀리데이,https://image.musinsa.com/mfile_s01/_brand/free_medium/ordinaryholiday.png?20230713144809,상의,후드 티셔츠,https://image.msscdn.net/thumbnails/images/goods_img/20250103/4696918/4696918_17373397549999_big.jpg?w=1200,https://image.msscdn.net/thumbnails/images/prd_img/20250103/4696918/detail_4696918_17373397562368_big.jpg?w=1200,없음,https://image.msscdn.net/thumbnails/images/prd_img/20250103/4696918/detail_4696918_17373397569547_big.jpg?w=1200,hoodie_0239,481,3.2천 회 이상 (최근 1개월),없음,후기 4개,4.5,귀여운 핏이네요 상체가 너무 크지 않는 분 권장 팔이 길어요,줄무늬 치고 덜 뚱뚱해 보이는 것 같아여! 주머니 위치가 조금 애매하긴 하지만.. 무난합니다!,생각보다 커서 좋아용 아기옷 아니라서 다행 잘늘어나구 편해용 이쁩니다!,소재도 부드럽고 신축성도 좋고 팔이 길어서 좋아요 ㅎ 날씬해보이는 스타일이라 마음에 드네요 기장이 조금만 더 길었으면 싶지만 ~^^ 참 후드가 여유있는 사이즈라 뒷모습도 예뻐요,없음
https://www.musinsa.com/products/4430470,"미니 스타 후디,멜란지","85,000원",30%,"59,500원",오피쉬,https://image.musinsa.com/mfile_s01/_brand/free_medium/oafish.png?20240104160438,상의,후드 티셔츠,https://image.msscdn.net/thumbnails/images/goods_img/20240911/4430470/4430470_17260766590602_big.jpg?w=1200,https://image.msscdn.net/thumbnails/images/prd_img/20240911/4430470/detail_4430470_17260766679003_big.jpg?w=1200,https://image.msscdn.net/thumbnails/images/prd_img/20240911/4430470/detail_4430470_17260766687045_big.jpg?w=1200,https://image.msscdn.net/thumbnails/images/prd_img/20240911/4430470/detail_4430470_17260766707687_big.jpg?w=1200,hoodie_0240,"6,457",1.7만 회 이상 (최근 1개월),없음,후기 111개,4.8,아무대나 입어도 포인트가 되어서 좋아용 귀엽습니당,옷 자체가 부들부들하고 좋아요〰️다만 핏 자체가 제 체형에는 애매하다고 느꼈습니다! 옷은 귀여워요🌠,세일할때 싸게 잘샀어용 아무렇게나 입어도 포인트가 돼서 좋아용.ᐟ!,제 덩치엔 작긴 했는데 입을만해요 대신 너무 까와이~,너무너무 귀여워요… 안에 기모도 보들보들하고 입으면 따뜻할 것 같은 기모랍니다… 재질도 넘 좋았오요
https://www.musinsa.com/products/4525888,NYC 후디-버건디,"85,000원",30%,"59,500원",페이퍼보이,https://image.musinsa.com/mfile_s01/_brand/free_medium/paperboy.png?20210907133334,상의,후드 티셔츠,없음,없음,없음,https://image.msscdn.net/thumbnails/images/goods_img/20241016/4525888/4525888_17290717967878_big.jpg?w=1200,hoodie_0241,90,250회 이상 (최근 1개월),없음,후기 4개,없음,"체험단 겨울 쿨톤인 제게 가장 어울리는 버건디 색상!! 넘 예쁜 것 같습니다. 특히 가슴에 새겨진 자수가 고급져서 좋았어요!!  제 키에 기장이 매우 넉넉 했고 엉덩이를 가릴 수 있었어요! 후드가 엄청 커서 쌩얼일때 얼굴 가리기에 매우 좋을 것 같습니다.ㅎㅎ  디자인적으로 신경을 많이 썼다고 느낀 게, 후드 끈의 색깔과 자수의 색깔이 맞춰져 있어서 통일감이 느껴져요.  휘뚜루마뚜루 입되, 너무 추리하게 보이지 않는 데일리룩으로 강추합니다! 남녀 모두에게 어울리는 후드 핏이라고 생각합니다.  처음보는 브랜드인데 다른 제품도 구매하고 싶네요~",체험단 우선 색감이 너무 과하지않은 버건디라 이쁩니다 핏은 초등학생 5힉년인데 키가 154에요 s사이즈 오버핏으로 아주 딱입ㄴ다 모자는 여유있어서 핏이 썼을때 너무 이쁘게 라인이 떨어져요 자수부분도 섬세하게 되어있어 고급진 느낌도 납니다 기장은 생각보다는 길지 않아서 오버핏이라고 마냥 부~우하지않아서 좋습니다 원단자체도 너무 두껍거나 얇지 않아서 지금 계절에 입기 너무 좋아요 디자인이 이뻐서 눈여겨 본건데 핏까지 너무 이쁘게 떨어져서 아이가 매일 입구 다닌다고 요즘 난리입니다!,"체험단 먼저 체험단으로 선정해주신 페이퍼보이 업체측과 무신사에 감사드립니다 그럼 리뷰해볼게요  디자인: 가슴부분 양쪽의 자수 로고와 동일한 색상의 끈이 포인트인 후드티입니다. 배색되는 느낌이 이쁘네요!  색감: 보통 생각하는 버건디? 와인? 색입니다. 저는 색감보고 이 컬러로 신청한거라 색이 너무 맘에드네요. 화면상의 색감과 거의 동일하거나 아주 살짝 어두운듯합니다.  소재: 일반적인 면 소재의 후드티입니다. 흔히 아는 후드티의 소재라 딱히 언급할건없네요  핏: 제 기준 세미오버하게 떨어지는 핏입니다. 과한 오버핏은 아니라서 호불호 없이 입을만하네요. 기장도 엉덩이 3/1에서 반쯤정도 덮는 길이라 단품으로나 속에 티 레이어드 하고 입기에 적절한 핏이라 생각됩니다.  코디: 와이드나 세미와이드 팬츠와 궁합이 좋아보이고 베이지, 올리브 치노나 데님, 스웻 등 두루두루 다 잘 어울릴 것 같습니다. 두께감 적당하고 색감도 이뻐서 아우터 안에 이너로 포인트 줘도 이쁠거같아요  전체적으로 리뷰해봤는데 기대했던대로 이쁜 색감이어서 너무 좋았고 핏이나 소재, 퀄리티도 군더더기없이 깔끔한 옷이어서 만족스럽습니다. 가격도 너무 착해서 본인이 원하는 색으로 선택하면 후회없을 제품이라 생각됩니다. 강추드립니다. 저도 잘 입을게요!!","체험단 색감이 잘 빠진 팥죽 색감이라 넘 마음에 들어요! 너무 붉으죽죽한 색은 단독으로 입고 나가면 좀 난감한데, 이 후드는 그렇지 않은 적당한 색감이라 좋습니당 생각보다 따듯해서 겨우내 잘 입을 것 같아요! 옷감 자체가 탄탄하고 좋아서 마구잡이로 빨래해도 괜찮을 듯 싶습니다!! 핏도 예쁘게 잡히고 디자인도 힙해서 어머니가 탐내하십니다 ㅎㅎ 그정도로 만족도 높은 제품이에요!! 앞면에만 디자인 있고 뒷판에는 아무것도 없어요! 참고하시길 바랍니닷 :) 덕분에 추운 겨울 잘 날 수 있을 것 같습니다 ㅎㅎ 체험단 땡큐! 잘 입을게요~~",없음
https://www.musinsa.com/products/4259780,프로스트 다잉 오버사이즈 후디드 스웨트셔츠 [옐로우 그레이],"69,900원",15%,"59,290원",무신사 스탠다드,https://image.msscdn.net/mfile_s01/_brand/free_medium/musinsastandard.png?20200608153142,상의,후드 티셔츠,https://image.msscdn.net/thumbnails/images/goods_img/20240719/4259780/4259780_17259520031825_big.jpg?w=1200,https://image.msscdn.net/thumbnails/images/prd_img/20240719/4259780/detail_4259780_17259520099769_big.jpg?w=1200,https://image.msscdn.net/thumbnails/images/prd_img/20240719/4259780/detail_4259780_17259520109968_big.jpg?w=1200,https://image.msscdn.net/thumbnails/images/prd_img/20240719/4259780/detail_4259780_17259520121059_big.jpg?w=1200,hoodie_0242,321,1천 회 이상 (최근 1개월),없음,후기 9개,4.9,셋트로 입기 아주 좋아요 레이어드도 아주 좋아요,한달후기 색이 마음에 들어요 사이즈 넉넉하게 주문해서 루즈하게 입습니다,색감이 매력적입니다 어떠한 옷이든 잘 어울릴것 같습니다 아들 줄려고 하나더 구매할 예정입니다,너무 두껍지 않아서 편안하게 입을수 있을것 같아요,적당한두께에 원하는 색이 딱 맞네요 핏은 넉넉합니다
https://www.musinsa.com/products/4424524,넘버볼 후드티 [멜란지 그레이],"79,000원",25%,"59,250원",낫온리포투데이,https://image.msscdn.net/mfile_s01/_brand/free_medium/notonlyfortoday.png?1727142157428,상의,후드 티셔츠,https://image.msscdn.net/thumbnails/images/prd_img/20240910/4424524/detail_4424524_17298206249546_big.jpg?w=1200,https://image.msscdn.net/thumbnails/images/prd_img/20240910/4424524/detail_4424524_17259519014911_big.jpg?w=1200,없음,https://image.msscdn.net/thumbnails/images/goods_img/20240910/4424524/4424524_17388921359919_big.jpg?w=1200,hoodie_0243,"5,063",2만 회 이상 (최근 1개월),2천 개 이상,후기 181개,4.8,무난한 디자인이지만 로고 포인트가 있어서 매우 만족스럽습니다. 그리고 저는 살짝 박시하게 후드를 입는 편이긴한데 또 너무 박시하면 옷도 늘어지는 것 같고 이상하잖아요? 근데 요 후드티는 평소 입으시는 사이즈로 구매하셔도 적당히 박시하고 어깨 핏도 이쁘게 떨어져서 좋아요 특히 기장감 대비 어깨핏이 제가 원하는 핏입니다!!!! 원단도 쫀쫀해서 데일리로 오래 입을 수 있을 것 같아요 추천드립니다 ㅎㅎ,후기랑 사진 봤을 때 S도 클 거 같았는데 기장감은 딱 적당하게 맞고 팔은 손바닥 반 덮는정두 작진 않아서 다행 딱 적당항 핏감으로 잘 맞아서 이쁜 것 같아용 헤헤,"체험단 그냥 딱 후드티의 정석,,🫶🏻 적당한 오버사이즈에 탄탄하게 힘 있는 원단, 그레이 색감마저 다 완벽한 낫온리포투데이 넘버볼 후드티예요! 가끔 후드 부분이나 시보리가 힘 없이 약하면 어딘가 모르게 싸구려 느낌이 드는데 이 제품은 전체적으로 살짝 무게감 있는 소재라 더 예쁘네용 :) 허리선 절개가 일반 스웻셔츠들이랑 조금 다르게 빠져서 핏이 더 마음에 들어요. 단독도 이쁘구 레이어드 마저 잘 어울려서 요즘 진짜 매일 입고 다니는 데일리템 됐어요🥹 이런 기본템은 당연히 쟁여두고 커플룩으로도 진짜 완젼 추천!",체험단 키 : 159 / 몸무게 : 48 / 평소사이즈 : 44~55  마른체형이라 오버핏 후드티 잘못입으면 더 말라보이고 또 상의가 너무 오버핏이면 겉에 외투입기 불편하잖아요. 제가 착용한건 S사이즈인데 살짝 루즈한듯 예쁘게 맞아요. 안에 흰색 반팔티랑 레이어드해서 입으니 더 예뻐요! 두께도 급 쌀쌀해진 날씨에 입기 좋고 시보리 짱짱하고 재질도 너무 만족해서 다른 색상도 구매하고 싶습니다.  저는 후드티에서 특히 끈이 굉장히 중요하다고 생각하는데 끈이 별로면 후드티 자체가 후줄근해보이거든요. 그런데 이 후드티는 마지막 사진처럼 끝에 메탈로 깔끔하게 정리돼서 세련된 느낌이에요. 이런 세심한 디자인이 참 맘에 듭니다.  NOT ONLY FOR TODAY. 체험단으로 입어보게 되었는데 자주 애용할 것 같아요,이건 진짜 꼭 사세요 핏 쥑입니다👍👍 후드티 처음 가보는데도 이거 입어보고 후드티가 좋아졌습니다
https://www.musinsa.com/products/4368901,LITTLE GHOST BOY HOODIE_BROWN(NG2EFUM422A),"79,000원",25%,"59,250원",나이스고스트클럽,https://image.msscdn.net/mfile_s01/_brand/free_medium/niceghostclub.png?1730455267007,상의,후드 티셔츠,https://image.msscdn.net/thumbnails/images/goods_img/20240826/4368901/4368901_17248292383965_big.jpg?w=1200,https://image.msscdn.net/thumbnails/images/prd_img/20240826/4368901/detail_4368901_17248292392572_big.jpg?w=1200,https://image.msscdn.net/thumbnails/images/prd_img/20240826/4368901/detail_4368901_17248292395036_big.jpg?w=1200,https://image.msscdn.net/thumbnails/images/prd_img/20240826/4368901/detail_4368901_17248434314563_big.jpg?w=1200,hoodie_0244,"2,330",5.9천 회 이상 (최근 1개월),없음,후기 25개,4.9,상세페이지에 있는 색감이랑 똑같고 프린트 너무 귀여워요 체구가 작은 편이라 웬만한 후드티 오버핏이 많은데 딱 예쁜 레귤러핏 후드티라 아우터안에 이너로 입을때도 불편하지 않게 잘 입을 수 있을 것 같아요 오랜만에 진짜 너무 마음에 드는 후드티 구매했습니다,세일할 때 구매했는데 실제로 보면 디자인이 더 귀엽고 반짝이도 포인트 되어서 좋아요! 색도 이쁘고 s도 이쁘게 잘 맞습니다,엄청 귀엽습니다 핏도 예뻐요 모자도 탄탄하고 좋습니다,흔하지 않은 디자인과 색이라 좋습니다!! 그리고 라지라서 너무 크진 않을까 햤는데 딱 흐물흐물 오버핏 (덩치커보이지않음) 이라 너무 좋았어요 예뻐용,디자인 독특해서 좋아요 시보리가 짧아서 더 좋은듯 합니다 원하는 핏 나와서 좋아요
https://www.musinsa.com/products/4556723,레글런 배색 라인 후디[블랙그레이],"75,000원",21%,"59,000원",스켈리웩,https://image.msscdn.net/mfile_s01/_brand/free_medium/scallywag.png?1730455098498,상의,후드 티셔츠,https://image.msscdn.net/thumbnails/images/goods_img/20241024/4556723/4556723_17321828399151_big.jpg?w=1200,https://image.msscdn.net/thumbnails/images/prd_img/20241024/4556723/detail_4556723_17321850276641_big.jpg?w=1200,https://image.msscdn.net/thumbnails/images/prd_img/20241024/4556723/detail_4556723_17321850287264_big.jpg?w=1200,https://image.msscdn.net/thumbnails/images/prd_img/20241024/4556723/detail_4556723_17321850597890_big.jpg?w=1200,hoodie_0245,188,900회 이상 (최근 1개월),없음,후기 3개,4.7,굳 핏도 생각이상으로 좋습니다 앞으로 많이 입고 다닐거 같네요,규ㅏ여워요 색도 그림도 걍 귀여우면서 제가 원하는 느낌이에요 두껍고 단단해서 싼 그런 느낌 아닙니다 너무 좋아용,핏이 지이잉짜 예쁘고 힙해보여요ㅎ.ㅎ 다른 색깔도 구매하려구요!,없음,없음
https://www.musinsa.com/products/4440435,Eternity 레글런 파이핑 후드티,"72,000원",18%,"59,000원",벤힛,https://image.musinsa.com/mfile_s01/_brand/free_medium/venhit.png?20220907174723,상의,후드 티셔츠,없음,없음,없음,https://image.msscdn.net/thumbnails/images/goods_img/20240913/4440435/4440435_17262058110496_big.jpg?w=1200,hoodie_0246,"1,193",1.3천 회 이상 (최근 1개월),없음,후기 9개,4.8,사진이랑 비슷한 원색 초록이에요 빈티지하면서도 통통 튀는 느낌!,제가 원하는 핏 그대로에용 생각했던 것 보다 더 예뻐요,한달후기 핏도 이쁘고 옷도 짱짱해서 오래 입을 수 있을것 같아요!!,한달후기 입었을때 핏이편해서 좋습니다 원하던 스타일이었어요,선물용으로 주문했는데 예뻐서 좋아해요 만족합니다
https://www.musinsa.com/products/4618692,[벤힛x당근]NOT LAZY HOODIE,"69,000원",14%,"59,000원",벤힛,https://image.musinsa.com/mfile_s01/_brand/free_medium/venhit.png?20220907174723,상의,후드 티셔츠,없음,없음,없음,https://image.msscdn.net/thumbnails/images/goods_img/20241115/4618692/4618692_17333924472242_big.jpg?w=1200,hoodie_0247,69,200회 이상 (최근 1개월),없음,후기 1개,없음,휘뚜루마뚜루 입기 조아요 !! 회사에서 입기도 좋고 집앞갈때 입기도 좋아요,없음,없음,없음,없음
https://www.musinsa.com/products/4464463,PHX 후드 티셔츠(N244Z7041P) 블랙,"99,000원",40%,"59,000원",엔비에이,https://image.musinsa.com/mfile_s01/_brand/free_medium/nba.png?20200921140341,상의,후드 티셔츠,https://image.msscdn.net/thumbnails/images/goods_img/20240925/4464463/4464463_17272546378631_big.jpg?w=1200,없음,없음,https://image.msscdn.net/thumbnails/images/prd_img/20240925/4464463/detail_4464463_17272546385704_big.jpg?w=1200,hoodie_0248,21,150회 이상 (최근 1개월),없음,후기 1개,없음,색깔도선명한블랙이고 탄탄한소재에 적당한기모 죠아용 깔끔합니다,없음,없음,없음,없음
https://www.musinsa.com/products/4608019,피치스킨 에센셜 컬러 배색 유니버시티 기모 후디,"45,900원",39%,"27,900원",언더오프,https://image.musinsa.com/mfile_s01/_brand/free_medium/nmx.png?20231017153756,상의,후드 티셔츠,https://image.msscdn.net/thumbnails/images/goods_img/20241112/4608019/4608019_17315633339461_big.jpg?w=1200,없음,없음,https://image.msscdn.net/thumbnails/images/prd_img/20241112/4608019/detail_4608019_17315633434725_big.jpg?w=1200,hoodie_0249,195,2.3천 회 이상 (최근 1개월),없음,후기 4개,없음,일단 예쁘고 후기가 좋아서 구매했는데 디지인이며 핏이며 너무 예쁩니다.,진짜 예뻐요 맘같아서는 매일 입고싶네요 가성비 최고,진짜 너무 예뻐요 절대 후회 안하는 옷 사진보다 더 예뻐서 매일 입고싶네요,엑스라지는 너무 딱? 맞는 듯 합니다 한 치수 더 큰거 시킬걸 그랬어요 ㅠㅠ,없음
https://www.musinsa.com/products/4299353,VTG 워시드 후디 민트,"72,400원",20%,"57,900원",파르티멘토,https://image.musinsa.com/mfile_s01/_brand/free_medium/partimento.png?20230908142831,상의,후드 티셔츠,없음,없음,없음,https://image.msscdn.net/thumbnails/images/goods_img/20240806/4299353/4299353_17237819038950_big.jpg?w=1200,hoodie_0250,330,900회 이상 (최근 1개월),없음,후기 3개,없음,배송빨라요 저렴하게 잘 샀어요 엄청 편해요호오,핏이 너무 이뻐요! 차콜 사고싶었는데.. 품절이라 민트로 샀습니다. 근데 민트도 물 빠진 민트라서 넘 이쁘고 아무데나 어울려요! 기모 없는 옷 좋아하는데 없어서 좋습니다. 옷이 얇고 가벼워서 두툼한 패딩 안에 입어도 움직이기 수월해요. 네이비도 사고싶고 맨투맨도 사고싶구..,박시해서입기좋았어요. 색깔 많으면 전부 사고싶습니다,없음,없음
https://www.musinsa.com/products/4325179,에일리언 그래픽 오버핏 후드 멜란지화이트,"89,000원",35%,"57,850원",후드후드,https://image.msscdn.net/mfile_s01/_brand/free_medium/hoodhood.png?1730454920852,상의,후드 티셔츠,https://image.msscdn.net/thumbnails/images/prd_img/20240813/4325179/detail_4325179_17249813789723_big.jpg?w=1200,https://image.msscdn.net/thumbnails/images/prd_img/20240813/4325179/detail_4325179_17249813822917_big.jpg?w=1200,없음,https://image.msscdn.net/thumbnails/images/goods_img/20240813/4325179/4325179_17249813455499_big.jpg?w=1200,hoodie_0251,"8,329",9천 회 이상 (최근 1개월),없음,후기 266개,4.8,크게입어서 사이즈 딱 좋아요 오버핏이라서 겉옷은 입기 힘들지만 최고에요!!,생각보다 통은커서 놀랬는데.. 외계인이 귀여워요👽,겁나 귀여워요...아방한 오버핏 너무 예뻐요!! 캐릭터도 포인트로 넘 귀엽습니다,귀여워용 동생이 후드 추천해달래서 보여줬더니 바로 귀엽다고 산다 해서 결제해줌,색상이 쨍~해서 청바지ㆍ트레이닝 어디에도 잘 어울리고 착용감이 편안해요 ^^
https://www.musinsa.com/products/4584615,에일리언 그래픽 오버핏 후드 3 COLOR,"89,000원",35%,"57,850원",후드후드,https://image.msscdn.net/mfile_s01/_brand/free_medium/hoodhood.png?1730454920852,상의,후드 티셔츠,https://image.msscdn.net/thumbnails/images/prd_img/20241104/4584615/detail_4584615_17319791618758_big.jpg?w=1200,https://image.msscdn.net/thumbnails/images/prd_img/20241104/4584615/detail_4584615_17319791635588_big.jpg?w=1200,없음,https://image.msscdn.net/thumbnails/images/goods_img/20241104/4584615/4584615_17319791360880_big.jpg?w=1200,hoodie_0252,"3,355",8.9천 회 이상 (최근 1개월),1.1천 개 이상,후기 266개,4.8,크게입어서 사이즈 딱 좋아요 오버핏이라서 겉옷은 입기 힘들지만 최고에요!!,생각보다 통은커서 놀랬는데.. 외계인이 귀여워요👽,겁나 귀여워요...아방한 오버핏 너무 예뻐요!! 캐릭터도 포인트로 넘 귀엽습니다,귀여워용 동생이 후드 추천해달래서 보여줬더니 바로 귀엽다고 산다 해서 결제해줌,색상이 쨍~해서 청바지ㆍ트레이닝 어디에도 잘 어울리고 착용감이 편안해요 ^^
https://www.musinsa.com/products/4325177,에일리언 그래픽 오버핏 후드 블랙,"89,000원",35%,"57,850원",후드후드,https://image.msscdn.net/mfile_s01/_brand/free_medium/hoodhood.png?1730454920852,상의,후드 티셔츠,https://image.msscdn.net/thumbnails/images/prd_img/20240813/4325177/detail_4325177_17249805917361_big.jpg?w=1200,https://image.msscdn.net/thumbnails/images/prd_img/20240813/4325177/detail_4325177_17249805925993_big.jpg?w=1200,없음,https://image.msscdn.net/thumbnails/images/goods_img/20240813/4325177/4325177_17249805797785_big.jpg?w=1200,hoodie_0253,"4,288",2.8천 회 이상 (최근 1개월),없음,후기 266개,4.8,크게입어서 사이즈 딱 좋아요 오버핏이라서 겉옷은 입기 힘들지만 최고에요!!,생각보다 통은커서 놀랬는데.. 외계인이 귀여워요👽,겁나 귀여워요...아방한 오버핏 너무 예뻐요!! 캐릭터도 포인트로 넘 귀엽습니다,귀여워용 동생이 후드 추천해달래서 보여줬더니 바로 귀엽다고 산다 해서 결제해줌,색상이 쨍~해서 청바지ㆍ트레이닝 어디에도 잘 어울리고 착용감이 편안해요 ^^
https://www.musinsa.com/products/4310254,[UNISEX]화이트 오드플라워 자수 후드티_네이비,"80,000원",30%,"56,000원",그레이버,https://image.msscdn.net/mfile_s01/_brand/free_medium/graver.png?20200608153142,상의,후드 티셔츠,https://image.msscdn.net/thumbnails/images/goods_img/20240808/4310254/4310254_17248251291151_big.jpg?w=1200,https://image.msscdn.net/thumbnails/images/prd_img/20240808/4310254/detail_4310254_17248251363590_big.jpg?w=1200,없음,https://image.msscdn.net/thumbnails/images/prd_img/20240808/4310254/detail_4310254_17248251379414_big.jpg?w=1200,hoodie_0254,32,없음,없음,없음,없음,없음,없음,없음,없음,없음
https://www.musinsa.com/products/4697349,Cut Out Studded Hoodie [Ivory],"79,000원",30%,"55,300원",로제프란츠,https://image.msscdn.net/mfile_s01/_brand/free_medium/rosefrantz.png?1726714962255,상의,후드 티셔츠,https://image.msscdn.net/thumbnails/images/goods_img/20250103/4697349/4697349_17358855815419_big.jpg?w=1200,https://image.msscdn.net/thumbnails/images/prd_img/20250103/4697349/detail_4697349_17358855823847_big.jpg?w=1200,없음,https://image.msscdn.net/thumbnails/images/prd_img/20250103/4697349/detail_4697349_17358855826197_big.jpg?w=1200,hoodie_0255,119,500회 이상 (최근 1개월),없음,없음,없음,없음,없음,없음,없음,없음
https://www.musinsa.com/products/4681255,빅포켓 스웻 후드 티셔츠 (멜란지그레이),"79,000원",30%,"55,300원",테이크이지,https://image.msscdn.net/mfile_s01/_brand/free_medium/takeasy.png?20200608153142,상의,후드 티셔츠,https://image.msscdn.net/thumbnails/images/goods_img/20241226/4681255/4681255_17369265733589_big.jpg?w=1200,https://image.msscdn.net/thumbnails/images/prd_img/20241226/4681255/detail_4681255_17369265784785_big.jpg?w=1200,https://image.msscdn.net/thumbnails/images/prd_img/20241226/4681255/detail_4681255_17369265793168_big.jpg?w=1200,https://image.msscdn.net/thumbnails/images/prd_img/20241226/4681255/detail_4681255_17369265828528_big.jpg?w=1200,hoodie_0256,41,500회 이상 (최근 1개월),없음,없음,없음,없음,없음,없음,없음,없음
https://www.musinsa.com/products/4597763,심플리 레이어링 오버핏 후드_블랙,"79,000원",30%,"55,300원",뎃츠잇,https://image.musinsa.com/mfile_s01/_brand/free_medium/thatsit.png?20240207115224,상의,후드 티셔츠,https://image.msscdn.net/thumbnails/images/goods_img/20241107/4597763/4597763_17309737610706_big.jpg?w=1200,https://image.msscdn.net/thumbnails/images/prd_img/20241107/4597763/detail_4597763_17309737679340_big.jpg?w=1200,https://image.msscdn.net/thumbnails/images/prd_img/20241107/4597763/detail_4597763_17309737713574_big.jpg?w=1200,https://image.msscdn.net/thumbnails/images/prd_img/20241107/4597763/detail_4597763_17309771553581_big.jpg?w=1200,hoodie_0257,8,없음,없음,없음,없음,없음,없음,없음,없음,없음
https://www.musinsa.com/products/4716799,IM PUFF HOOD TEE(GRAY),"69,000원",20%,"55,200원",러브이즈트루,https://image.musinsa.com/mfile_s01/_brand/free_medium/luvistrue.png?20201208110338,상의,후드 티셔츠,https://image.msscdn.net/thumbnails/images/goods_img/20250113/4716799/4716799_17370109107631_big.jpg?w=1200,https://image.msscdn.net/thumbnails/images/prd_img/20250113/4716799/detail_4716799_17370109330479_big.jpg?w=1200,https://image.msscdn.net/thumbnails/images/prd_img/20250113/4716799/detail_4716799_17370109340133_big.jpg?w=1200,https://image.msscdn.net/thumbnails/images/prd_img/20250113/4716799/detail_4716799_17370109363002_big.jpg?w=1200,hoodie_0258,502,5.7천 회 이상 (최근 1개월),없음,후기 5개,없음,체험단 옷 하나로 레이어드 느낌을 낼 수 있어서 좋아용 키 153 기준 너무 예쁜 기장이고 소재로 부들부들해서 맨살에 휘뚜루 마뚜루 입기 좋을 것 같아요 소매도 적당히 길어서 아우터 밖으로 살짝 보이게 입으면 예뻐요 키 크신 분들한테는 좀 작을 수도 있을 것 같아요 총기장 확인해보고 사시길 !! 옆쪽 별 디테일이 유치한듯 귀여운듯 중간 어디쯤..인데 어떻게 입느냐 좀 탈 것 같긴 하지만 옷 하나로 레이어드 느낌 낼 수 있는 걸로 다 한 느낌.. 하의도 챠콜이나 블랙 컬러로 통일해서 레이어드하면 잘 어울릴 것 같아요 저두 그렇게 입는 중,체험단 제가 상체에서 팔뚝이 좀 있는 체형이라 작으면 어쩌지 했는데   사이즈 찰떡이라 너무 이뻤어요   소매기장도 길고 시보리 부분 쫀쫀해서 좋았구요   반팔후드티에 긴팔 슬리브가 붙어있는데   레이어드 한 느낌나서 더 이뻐요   팔부분에 각각 두줄로 별무늬 줄이 있어서   키치한 감성이 추가된거같아요   기장도 많이 크롭아니고 세미크롭이라 딱 좋습니당   단추두개다 잠그면 좀더 기엽고   하나정도 오픈하면 좀더 여성스러운것 같아요.   잘입어질거같아요  항상 저에게 잘 맞는 제품을 체험단 추첨해주시는 것에 감사드립니다,체험단 일단 디테일이 너무너무 귀여워요! 색도 딱 예쁜 그레이입니다! 어깨가 꽤나 넓은 편이어서 퍼프 소매 거의 안입는데 이 옷의 퍼프는 과하지 않고 예쁘게 들어있어요!! 무엇보다 팔쪽 별포인트가 너무너무 귀엽답니다... 😍😍 엄마가 옷 칭찬해주면 진짜 예쁜거 다들 아시죠?? 엄마가 보시더니 옷 예쁘다고 해주셨답니다 ㅎㅎ 제 키에는 쪼~~끔 짧긴 하지만 배꼽이 보일 정도는 아니어서 봄가을에 정말 잘 입고 다닐 것 같아요!! 재질도 좋고 쫀쫀해서 입을 때 기분 좋아요 ㅎㅎ 놀러갈때 포인트로 잘 입을 것 같아요~~! 단추디테일도 굿굿입니당,"신상 구경하다가 넘 취저라서 구매했습니당 ㅎㅎ 퍼프 후드라니ㅠㅠ 별 포인트도 넘 귀여워용,, 같이 구매한 치마랑도 찰떡입니다 모델이 말라서 그런지 전 모델처럼 팔에 여유가 있진않았어요 흑 ... 퍼프 안쪽에 펜 자국같은게 있었지만 보이진 않는 부분이라 다행입니당","신상 구경하다가 넘 취저라서 구매했습니당 ㅎㅎ 퍼프 후드라니ㅠㅠ 별 포인트도 넘 귀여워용,, 같이 구매한 치마랑도 찰떡입니다 모델이 말라서 그런지 전 모델처럼 팔에 여유가 있진않았어요 흑 ... 퍼프 안쪽에 펜 자국같은게 있었지만 보이진 않는 부분이라 다행입니당"
https://www.musinsa.com/products/4359526,글로리 글리터 하프톤 후드 블랙,"89,000원",38%,"55,000원",그리쉬,https://image.musinsa.com/mfile_s01/_brand/free_medium/grish.png?20221028125407,상의,후드 티셔츠,https://image.msscdn.net/thumbnails/images/prd_img/20240822/4359526/detail_4359526_17255158013471_big.jpg?w=1200,https://image.msscdn.net/thumbnails/images/prd_img/20240822/4359526/detail_4359526_17255158051745_big.jpg?w=1200,없음,https://image.msscdn.net/thumbnails/images/goods_img/20240822/4359526/4359526_17255157954486_big.jpg?w=1200,hoodie_0259,354,450회 이상 (최근 1개월),없음,후기 2개,없음,시보리도 짱짱하고 품이 넉넉해서 살짝 크롭하게 입아도 좋아여.,옷 두껍고 따뜻하게 입을 수 있어요. 가운데 프린팅이 반짝거려서 특별해여,없음,없음,없음
https://www.musinsa.com/products/4359135,뉴슬라임 후드 그레이,"79,000원",30%,"55,000원",그리쉬,https://image.musinsa.com/mfile_s01/_brand/free_medium/grish.png?20221028125407,상의,후드 티셔츠,https://image.msscdn.net/thumbnails/images/goods_img/20240822/4359135/4359135_17258730132556_big.jpg?w=1200,https://image.msscdn.net/thumbnails/images/prd_img/20240822/4359135/detail_4359135_17258731510007_big.jpg?w=1200,https://image.msscdn.net/thumbnails/images/prd_img/20240822/4359135/detail_4359135_17258731564481_big.png?w=1200,https://image.msscdn.net/thumbnails/images/prd_img/20240822/4359135/detail_4359135_17258733055637_big.jpg?w=1200,hoodie_0260,42,100회 이상 (최근 1개월),없음,없음,없음,없음,없음,없음,없음,없음
https://www.musinsa.com/products/4415750,DREAM CATCHER PIGMENT HOODIE(CHARCOAL),"79,000원",31%,"54,900원",디스펑트,https://image.musinsa.com/mfile_s01/_brand/free_medium/dysfunct.png?20230106174151,상의,후드 티셔츠,https://image.msscdn.net/thumbnails/images/goods_img/20240906/4415750/4415750_17268169361563_big.jpg?w=1200,https://image.msscdn.net/thumbnails/images/prd_img/20240906/4415750/detail_4415750_17261152991800_big.jpg?w=1200,https://image.msscdn.net/thumbnails/images/prd_img/20240906/4415750/detail_4415750_17261153001145_big.jpg?w=1200,https://image.msscdn.net/thumbnails/images/prd_img/20240906/4415750/detail_4415750_17261153031961_big.jpg?w=1200,hoodie_0261,"1,372",7.6천 회 이상 (최근 1개월),없음,후기 31개,없음,예뻐요 보이넥스트도어 성호 손민수템으로 샀는데 예쁘게 잘 맞음!,일단 제일 좋았던건 후드가 엄청 널널해서 모자 썼을 때 핏이 예뻐요 좋아하는 연예인이 입어서 따라 산건데 주변에서도 이쁘다고 맣이 하더라구요ㅎㅎ,좋아하는 아이돌 손민수한건데 너무 마음에 들어요. 날씨 좀 풀리면 겉옷 없이 입고 다닐수 있을것 같아요.,일반적인 검은색이 아니라 차콜색이여서 더 예쁩니다. 옷의 두께는 얇은 편이고 옷이 꽤 튼튼합니다. + 사진보다는 더 어두운 색입니다.,성호 손민수 했는데 볼 때는 클 거 같았는데 입으니까 이쁘더라구요😆
https://www.musinsa.com/products/4374511,키티키티 뱅뱅 후디 [버건디],"84,000원",35%,"54,600원",비디오자키,https://image.musinsa.com/mfile_s01/_brand/free_medium/videojockey.png?20220128115044,상의,후드 티셔츠,https://image.msscdn.net/thumbnails/images/prd_img/20240827/4374511/detail_4374511_17250090303991_big.jpg?w=1200,없음,없음,https://image.msscdn.net/thumbnails/images/goods_img/20240827/4374511/4374511_17250090240612_big.jpg?w=1200,hoodie_0262,"1,838",3.9천 회 이상 (최근 1개월),없음,후기 12개,없음,귀엽지만 깔끔한 고양이 한마리가 가운데에 그려져 있는 후드티에요 고양이에 빤짝이 디테일이 있어서 더욱 예뻐요 가을 겨울에 잘 어울리는 버건디색 후드티라서 평소에 편하게 입거나 친구 만날때도 입을 수 있을 거 같아요,#후드티 #비디오자키 실물이너무이뻐요 앞으로 비디오자키 상품들 애용할 것 같아요!,안에 기모가 부드럽고 무엇보다 색이 예뻐요 고양이에 반짝이가 있는지 몰랐는데 은은해서 괜찮아요,"버건디 색 후드티 사고싶어서 구매했는데 예뻐요 고양이 프린팅에 글리터가 있는지 몰랐는데 반짝이더라고요..? 구매할 때 참고하세요,,!",고양이 그림에 반짝이가 붙어 있는데 이게 옷에 떨어져서 좀 불편했어요! 그치만 옷이 너무 귀엽고 예뻐서 자주 입을 것 같아요 !!
https://www.musinsa.com/products/4464476,BOW-WOW 후드티 - 3 COLOR,"72,000원",25%,"54,000원",일리고,https://image.musinsa.com/mfile_s01/_brand/free_medium/illigo.png?20240221141845,상의,후드 티셔츠,https://image.msscdn.net/thumbnails/images/prd_img/20240925/4464476/detail_4464476_17321723105728_big.jpg?w=1200,https://image.msscdn.net/thumbnails/images/prd_img/20240925/4464476/detail_4464476_17288925438633_big.jpg?w=1200,없음,https://image.msscdn.net/thumbnails/images/goods_img/20240925/4464476/4464476_17321722815592_big.jpg?w=1200,hoodie_0263,"9,529",1.3만 회 이상 (최근 1개월),1천 개 이상,후기 90개,4.7,적당히 정신 사나운 디자인이 매우 맘에 들어용 히히,한달후기 예쁘긴예쁜데요.. 기모 안감의 털이 정말 많이 빠져요 지나가는 곳마다 털이 남아서 헨젤과 그레텔이 된 기분이네요.,"주머니까지 내려오는 프린팅 후드티는 잘 못 봤는데, 디자인이 유니크하고 예쁩니다. 흰색 프린팅이 아니라 회색 프린팅이어서 적당히 정신 사납고 좋아요. 기모여서 따숩네요.",기모도 포근하고 배송도 빨랐어요~ 저렴하게 사서 좋아요 사이즈 고민했는데 다행히 잘 맞네요 큰 사이즈 샀으면 뭔가 부해보였을 것 같아요,한달후기 사이즈가 가장 맘에들어요!! 글구 흔한 디자인이 아니라서 즇은 듯 합니당 아직도 입은 사람 본 적 없음
https://www.musinsa.com/products/4459741,레터링 소프트 후드티 차콜,"72,000원",25%,"54,000원",일리고,https://image.musinsa.com/mfile_s01/_brand/free_medium/illigo.png?20240221141845,상의,후드 티셔츠,https://image.msscdn.net/thumbnails/images/goods_img/20240924/4459741/4459741_17364107979532_big.jpg?w=1200,https://image.msscdn.net/thumbnails/images/prd_img/20240924/4459741/detail_4459741_17364108070589_big.jpg?w=1200,https://image.msscdn.net/thumbnails/images/prd_img/20240924/4459741/detail_4459741_17364108152911_big.jpg?w=1200,https://image.msscdn.net/thumbnails/images/prd_img/20240924/4459741/detail_4459741_17294785617557_big.jpg?w=1200,hoodie_0264,"1,730",3.1천 회 이상 (최근 1개월),없음,후기 5개,4.6,밑 쪼이는 부분이 쪼이지 않고 헐렁한 느낌이라 이런핏 좋아하신다면 맘에 드실듯합니다 편하게 입기 좋고 기모도 보드러워요,너무 귀여워요!! 다른 색상이랑 고민했는데 맘에 들어요~~ 글자프린트가 질릴수더이ㅛ겟지만... 일단은 많이 입고다닐것같아용,디자인이 예뻐서 마음에 들어요 잘 입고 다닐 것 같아요,디자인이 귀엽고 오버핏으로 입기 좋아서 구매했어요,옷이 예쁘고 핏감도 잘 잡혀요! 잘 입고 다닙니다 감사합니다
https://www.musinsa.com/products/4326672,PA LETTERING HOODIE(BLACK),"73,000원",26%,"53,900원",러브이즈트루,https://image.musinsa.com/mfile_s01/_brand/free_medium/luvistrue.png?20201208110338,상의,후드 티셔츠,https://image.msscdn.net/thumbnails/images/prd_img/20240813/4326672/detail_4326672_17235374893991_big.jpg?w=1200,https://image.msscdn.net/thumbnails/images/prd_img/20240813/4326672/detail_4326672_17235374902232_big.jpg?w=1200,없음,https://image.msscdn.net/thumbnails/images/goods_img/20240813/4326672/4326672_17235347420488_big.jpg?w=1200,hoodie_0265,"3,669",2.8천 회 이상 (최근 1개월),없음,후기 28개,4.8,아 진짜 너무 예쁘쟈나.. 다들. 무족권. 사세여 개야이쁨 ㅠㅠ,핏도 딱 좋고 모자가 커서 널널하니 편하고 조아요 ㅎㅎ,한달후기 분홍색 샀는데 너무 맘에 들어서 다른 후드 찾다가 결국 돌고듈아 블랙을 사기로 결정하고 산것. 증말로다가 이쁘다,품이 넉넉하고 디자인도 넘 예쁜데 생각보다 얇이요!,한달후기 두텁고 핏이 잘 고정되는 후드티를 좋아하는데 얜 좀 흐물흐물한 편이에용 그래도 엄청 얇진 않아서 ㄱㅊ이긴한데 그냥 무난룩에 입기 좋아용 약간의 포인트가 됨..
https://www.musinsa.com/products/4326421,시티 레저 오버사이즈 후디드 스웨트셔츠 [그레이],"59,900원",10%,"53,890원",무신사 스탠다드,https://image.msscdn.net/mfile_s01/_brand/free_medium/musinsastandard.png?20200608153142,상의,후드 티셔츠,https://image.msscdn.net/thumbnails/images/goods_img/20240813/4326421/4326421_17273413454833_big.jpg?w=1200,https://image.msscdn.net/thumbnails/images/prd_img/20240813/4326421/detail_4326421_17272350037120_big.jpg?w=1200,https://image.msscdn.net/thumbnails/images/prd_img/20240813/4326421/detail_4326421_17272350047687_big.jpg?w=1200,https://image.msscdn.net/thumbnails/images/prd_img/20240813/4326421/detail_4326421_17272350129000_big.jpg?w=1200,hoodie_0266,874,4.2천 회 이상 (최근 1개월),없음,후기 69개,4.8,입었을때 편안하고 재질도 좋습니다 스트링을 통해 기장 조절도 가능해서 좋아요,디자인도 좋지만 두께감이 너무 만족스럽습니다.,색이 생각보다 너무 예뻐서 보자마자 바로 샀어요~ 핏도 이쁘고 위에 단추도 포인트에요!,심플한 디자인에 포켓이 더해져 실용성까지 높아진 것 같아요. 앞뒤로 포켓이 있으니 소지품 보관하기에도 편리하겠네요. 보는 눈은 다 비슷한지 저도 참 마음에 듭니다. 어떤 옷에도 잘 어울릴 것 같은 디자인이에요. 자주 손이 갈 것 같은 좋은 아이템이네요.,남편이 넘 좋아해요! 덩치가 있는편인데 굉장히 널널하규 오버핏으로 예뻐요! 디테일이 예쁜 스웻:)
https://www.musinsa.com/products/4553774,TIGER HERO_HOODIE,없음,없음,"53,800원",타이거앤갈릭,https://image.musinsa.com/mfile_s01/_brand/free_medium/tigerandgarlic.png?20240701104906,상의,후드 티셔츠,없음,없음,없음,https://image.msscdn.net/thumbnails/images/goods_img/20241024/4553774/4553774_17297515926475_big.png?w=1200,hoodie_0267,9,없음,없음,후기 1개,없음,한달후기 사이즈 루즈하게나왔고 옷 재질감이 약간 거친 느낌입니다 앞 호랑이 포인트는 예쁩니다,없음,없음,없음,없음
https://www.musinsa.com/products/4421871,크롭 스웻 빅포켓 후드티-멜란지그레이,"89,000원",40%,"53,400원",오프그리드,https://image.msscdn.net/mfile_s01/_brand/free_medium/offgrid.png?1737515237508,상의,후드 티셔츠,https://image.msscdn.net/thumbnails/images/goods_img/20240909/4421871/4421871_17260240480982_big.jpg?w=1200,https://image.msscdn.net/thumbnails/images/prd_img/20240909/4421871/detail_4421871_17260240489893_big.jpg?w=1200,https://image.msscdn.net/thumbnails/images/prd_img/20240909/4421871/detail_4421871_17260240494814_big.jpg?w=1200,https://image.msscdn.net/thumbnails/images/prd_img/20240909/4421871/detail_4421871_17260240499083_big.jpg?w=1200,hoodie_0268,9,100회 이상 (최근 1개월),없음,없음,없음,없음,없음,없음,없음,없음
https://www.musinsa.com/products/4358824,PARADISE HOODIE [DUSTY PINK],"89,000원",40%,"53,400원",리트리버클럽,https://image.musinsa.com/mfile_s01/_brand/free_medium/retrieverclub.png?20210915120711,상의,후드 티셔츠,https://image.msscdn.net/thumbnails/images/goods_img/20240822/4358824/4358824_17258774927964_big.jpg?w=1200,https://image.msscdn.net/thumbnails/images/prd_img/20240822/4358824/detail_4358824_17283540738454_big.jpg?w=1200,https://image.msscdn.net/thumbnails/images/prd_img/20240822/4358824/detail_4358824_17283540725851_big.jpg?w=1200,https://image.msscdn.net/thumbnails/images/prd_img/20240822/4358824/detail_4358824_17258775401217_big.jpg?w=1200,hoodie_0269,62,100회 이상 (최근 1개월),없음,없음,없음,없음,없음,없음,없음,없음
https://www.musinsa.com/products/4731895,먼데이클럽 레글런 후드티,"69,000원",23%,"52,900원",벤힛,https://image.musinsa.com/mfile_s01/_brand/free_medium/venhit.png?20220907174723,상의,후드 티셔츠,없음,없음,없음,https://image.msscdn.net/thumbnails/images/goods_img/20250121/4731895/4731895_17376464561864_big.jpg?w=1200,hoodie_0270,34,300회 이상 (최근 1개월),없음,없음,없음,없음,없음,없음,없음,없음
https://www.musinsa.com/products/4623104,[SET] 레이어드 오버핏 기모 후드티 무지 조거 트레이닝 팬츠 셋업,"72,800원",27%,"52,800원",앨빈클로,https://image.musinsa.com/mfile_s01/_brand/free_medium/alvinclo.png?20220318155226,상의,후드 티셔츠,https://image.msscdn.net/thumbnails/images/goods_img/20241119/4623104/4623104_17319937818367_big.jpg?w=1200,https://image.msscdn.net/thumbnails/images/prd_img/20241119/4623104/detail_4623104_17319933712586_big.jpg?w=1200,없음,https://image.msscdn.net/thumbnails/images/prd_img/20241119/4623104/detail_4623104_17319937956816_big.jpg?w=1200,hoodie_0271,22,200회 이상 (최근 1개월),없음,없음,없음,없음,없음,없음,없음,없음
https://www.musinsa.com/products/4703828,투 더 마스 피그먼트 후드티 올리브,"80,000원",35%,"52,000원",꼼파뇨,https://image.musinsa.com/mfile_s01/_brand/free_medium/compagno.png?20200914152203,상의,후드 티셔츠,https://image.msscdn.net/thumbnails/images/goods_img/20250108/4703828/4703828_17363888234430_big.jpg?w=1200,https://image.msscdn.net/thumbnails/images/prd_img/20250108/4703828/detail_4703828_17363042593530_big.jpg?w=1200,https://image.msscdn.net/thumbnails/images/prd_img/20250108/4703828/detail_4703828_17363042602235_big.jpg?w=1200,https://image.msscdn.net/thumbnails/images/prd_img/20250108/4703828/detail_4703828_17363042638445_big.jpg?w=1200,hoodie_0272,88,1.5천 회 이상 (최근 1개월),없음,후기 6개,없음,남자친구랑 커플티로 예쁠거 같아서 구매했는데 역시나 너무예쁘네요 색도 사진이랑 똑같고 조금 얇은편이라 봄 가을 겨울에 입을수 있을거 같아요 겨울에는 꼭 패딩이랑 입어야해요 그래야 덜추울거에요,남자친구랑 커플티로 예쁠거 같아서 구매했는데 역시나 너무예쁘네요 색도 사진이랑 똑같고 조금 얇은편이라 봄 가을 겨울에 입을수 있을거 같아요 겨울에는 꼭 패딩이랑 입어야해요 그래야 덜추울거에요,남자친구랑 커플티로 예쁠거 같아서 구매했는데 역시나 너무예쁘네요 색도 사진이랑 똑같고 조금 얇은편이라 봄 가을 겨울에 입을수 있을거 같아요 겨울에는 꼭 패딩이랑 입어야해요 그래야 덜추울거에요,남자친구랑 커플티로 예쁠거 같아서 구매했는데 역시나 너무예쁘네요 색도 사진이랑 똑같고 조금 얇은편이라 봄 가을 겨울에 입을수 있을거 같아요 겨울에는 꼭 패딩이랑 입어야해요 그래야 덜추울거에요,"사이즈가 생각보다 타이트해요 오차 1~3센티가 아니라 제가 받은건 5센티 이상은 차이나네요 건조 잘못해서 줄어든 느낌이에요 교환 귀찮아서 한번 늘려보려고요 그거외에 디자인이나 재질색상, 입었을때 적당히 각 잡혀서 이쁘네요 ! 잘 입겠습니다"
https://www.musinsa.com/products/4339018,스페이스 빌런 체크 후드 블랙,"79,000원",35%,"51,350원",후드후드,https://image.msscdn.net/mfile_s01/_brand/free_medium/hoodhood.png?1730454920852,상의,후드 티셔츠,https://image.msscdn.net/thumbnails/images/prd_img/20240816/4339018/detail_4339018_17249967406386_big.jpg?w=1200,https://image.msscdn.net/thumbnails/images/prd_img/20240816/4339018/detail_4339018_17249967416316_big.jpg?w=1200,없음,https://image.msscdn.net/thumbnails/images/goods_img/20240816/4339018/4339018_17249967295975_big.jpg?w=1200,hoodie_0273,"8,192",2만 회 이상 (최근 1개월),1.1천 개 이상,후기 126개,4.8,사진으로 봤을때 부터 나랑 잘 어울릴거같다고 생각함. 무엇보다 실루엣이 굉장히 맘에 들었고 코트나 자켓 이너로 입었을때 체크 후드가 포인트가 될 것 같다고 생각함. 매우 만족..!,후드티를 원래 별로 안삼. 지나가다가 봤는데 너무 예뻐서 검색함. 안살 수가 없었음. 검은색에 지줏빛 프린팅 플러스 실루엣까지 이건 합격임,한달후기 상당히 만족스러웠던 제품임 한달을 써봤는데 후드에 있는 체크 무늬가 그 자체로 포인트가 됨. 매력적인 제품,"여기저기 잘 어울려요! 핏 예쁘고, 흔하지 않은 후드티라서 좋습니당",딱 원했던 느낌의 후드티라 좋았었요😵 체크 포인트가 너무 귀엽고 자주 입을 것 같아요ㅎㅎ
https://www.musinsa.com/products/4339023,I hood U 후드 그레이,"79,000원",35%,"51,350원",후드후드,https://image.msscdn.net/mfile_s01/_brand/free_medium/hoodhood.png?1730454920852,상의,후드 티셔츠,https://image.msscdn.net/thumbnails/images/prd_img/20240816/4339023/detail_4339023_17249965046847_big.jpg?w=1200,https://image.msscdn.net/thumbnails/images/prd_img/20240816/4339023/detail_4339023_17249965058697_big.jpg?w=1200,없음,https://image.msscdn.net/thumbnails/images/goods_img/20240816/4339023/4339023_17249964956666_big.jpg?w=1200,hoodie_0274,"1,733",1.6천 회 이상 (최근 1개월),없음,후기 30개,4.8,한달후기 한달동안 잘 사용했습니다! 다음에 또 주문할게요!,너무 이쁩니다 외계인 너무 귀엽고 좋습니다 배송도 빨라요,생각보다 더 귀여워요 기모있는게 좋다고 생각했는데 없어도 충분히이쁩니다,어디에나 잘어울려요 기본템으로 완전 좋습니다. 강추용,요즘엔 기모 없는 옷이 참 좋더라구여. 가벼움~~ 외계인 너무 귀엽고요. 한 가지 아쉬운 것은 글자가 흐려서 색이 바래보임.
https://www.musinsa.com/products/4585907,아웃 절개 래글런 피그먼트 후드 티 차콜,"72,000원",30%,"50,400원",가까이 유니언즈,https://image.musinsa.com/mfile_s01/_brand/free_medium/gakka2.png?20210701163204,상의,후드 티셔츠,https://image.msscdn.net/thumbnails/images/goods_img/20241104/4585907/4585907_17307074542364_big.jpg?w=1200,https://image.msscdn.net/thumbnails/images/prd_img/20241104/4585907/detail_4585907_17307837105861_big.jpg?w=1200,https://image.msscdn.net/thumbnails/images/prd_img/20241104/4585907/detail_4585907_17307837135394_big.jpg?w=1200,https://image.msscdn.net/thumbnails/images/prd_img/20241104/4585907/detail_4585907_17307837141997_big.jpg?w=1200,hoodie_0275,271,500회 이상 (최근 1개월),없음,후기 2개,없음,한달후기 먼지가 좀 많이 붙긴 하지만 핏이 예쁘고 어깨 디테일이 포인트입니다.,주머니에 먼지가 정말 많아요...폰 넣었다 꺼내면 먼지 바가지임ㅋㅋ핏은 정말 좋고 같은 브랜드 바지랑 같이 입으려고 샀는데 색도 잘 맞네요. 처음 받고 세탁 필수!,없음,없음,없음
https://www.musinsa.com/products/4631308,[무료반품]아플리케 스타로고 후드티 5COLOR,"62,000원",20%,"49,900원",게인스보로,https://image.musinsa.com/mfile_s01/_brand/free_medium/gainsboro.png?20200929171808,상의,후드 티셔츠,https://image.msscdn.net/thumbnails/images/prd_img/20241122/4631308/detail_4631308_17322341914008_big.jpg?w=1200,https://image.msscdn.net/thumbnails/images/prd_img/20241122/4631308/detail_4631308_17322341923582_big.jpg?w=1200,없음,https://image.msscdn.net/thumbnails/images/goods_img/20241122/4631308/4631308_17322366489233_big.jpg?w=1200,hoodie_0276,"2,776",1.7만 회 이상 (최근 1개월),없음,후기 182개,4.8,"체험단 스펙 (키 184 , 몸무게 72) -L사이즈 이 후드를 한마디로 표현하자면 '어디에나 어울리는 색감 포인트용 후드티'  ●장점 -은은한 색감 -귀여운 프린팅 -심플한 디자인 -준수한 마감 -적당한 두께감  ●단점 -아쉬운 기장감 (폼 대비) - 애매한 시보리 (탄력성)  폼대비 기장감이 애매하게 느껴질 수 있고(사이즈 잘 선택!!) 시보리 탄력성이 다소 아쉽다고 느껴질 수 있음(꽉 잡아주지도 늘어놓지도 않음)  그러나 흔치 않은 차별적인 색감(일반적 그린X)과 과하지않고 심플한 디자인덕에 어디에나 입어도 어색하지 않고 잘 어울림. 어느 스타일에나 녹아들어 라이프스타일에 맞게 다양한 코디가 가능한 점이 매력적인 제품이다.  가격대비에 마감상태도 훌륭하고 두께감도 꽤나 좋기에 fw시즌에 국밥처럼 입는 후드티로 손색이 없어 보임. 꽤나 잘 만들어진 육각형 후드티로써 색감용 후드티 혹은 다용도 후드티로 여러벌 구매해서 돌려 입어도 좋은 선택이라는 생각이 듭니다.  #참고사항# (색감은 사진보다 연하고 쨍하기보단 은은한 느낌!) (사이즈 표를 참고하되 한치수업 추천) - 체형마다 다름",체험단 요즘같은 날씨에 편하게 입기 딱 좋아요!! 탄탄해서 쉽게 늘어나거나 보풀 생기거나 하지 않을 것 같고 안에 기모가 엄청 따듯합니다 앞에 로고도 뭔가 매끈한 느낌인데 먼지도 안붙고 지저분해지지 않는 소재라 좋아요 색감이 가장 마음에 드는데 로고가 큰데도 다크 네이비라서 너무 튀지않고 바탕색이랑 잘 어울리고 오트밀색도 너무 밝지도 어둡지도 않고 뭔가 아주 약간 푸른색이 섞인느낌인데 노란색 필터가 씌워진..? 아무튼 청바지에 입으면 힙하고 귀여워요👊 아 그리고 전체적으로 오버핏으로 떨어지는데 기장은 또 너무 길지 않아서 핏 예뻐요 저처럼 키 작은분들 추천합니다!!!,체험단 갑자기 추워진 날씨에 완전 딱 걸려서 당첨된 기모 후드티ㅠㅠ 감사합니다 무신사!!! 요즘 후드 많이 입는데 넘 기분이 조씁니다  <사이즈> 162 기준 엉덩이 살짝 위만 덮습니다 근데 저는 딱 만족하는 기장이에요 다리 길어보이는 길이라서ㅎㅎ 안에 흰티 레이어드해서 입으면 참 이쁘답니다 전체적인 핏은 넘 오버하지 않은 살짝 아방한 핏이에요  <재질> 안감이 기모인데 답답하고 무거운감은 전혀 없습니다 그래서 추위를 잘 막아주지는 못하는 것 같지만 부해보이는 것보다 백배 낫다고 생각함미다... 추우면 안에 티 껴입으세요  <색감> 음... 근본적인 네이비 컬러입니다 안 예쁠 수 없음,체험단 저는 오버핏 후드를 선호하지 않아 정사이즈로 시켰고 입자마자 옷이 매우 탄탄하고 두툼한게 느껴졌습니다.  소재가 탄탄하고 앞 판 자수가 크게 버텨주는만큼 핏을 한 번만 잡아놓으면 잘 흐트러지지 않습니다.  다만 주머니 입구 부분이 탄탄하고 좁아서 부피가 큰 물건은 넣고 뺄 때 좀 빡빡합니다. 그만큼 주머니에서 물건이 탈출할 일도 없는 거니 럭키비키입니다.  받는 조명색에 따라 백염 같아 보이기도 하고 오트밀 같아 보이기도 하는 오묘한 컬러 (크림색같은 느낌) 입니다. 그래서 더 매력적이고 데일리로도 부담 없는 컬러의 후드티입니다.  안감 기모는 두껍지 않은 부드러운 소재이고 입으면서 비벼지면 점점 더 따뜻해지지 않을까 싶습니다,우선 모자 각이 너무 이뻐서 좋습니더!! 옷은 제가 키가 작은편인데 너무 오버핏느낌도 아니고 딱 좋아서 핏이 진짜 원하던대로 나와요:) 색깔도 미쳤엉요 다들 오트밀사세요!!
https://www.musinsa.com/products/4358555,[무료반품]하트 레터링 후드 티 남녀공용 (3컬러),"79,900원",38%,"49,900원",무센트,https://image.musinsa.com/mfile_s01/_brand/free_medium/mucent.png?20230414120736,상의,후드 티셔츠,https://image.msscdn.net/thumbnails/images/prd_img/20240822/4358555/detail_4358555_17247277111767_big.jpg?w=1200,https://image.msscdn.net/thumbnails/images/prd_img/20240822/4358555/detail_4358555_17247277136752_big.jpg?w=1200,없음,https://image.msscdn.net/thumbnails/images/goods_img/20240822/4358555/4358555_17247276907181_big.jpg?w=1200,hoodie_0277,"7,578",1만 회 이상 (최근 1개월),1.6천 개 이상,후기 156개,4.6,사진과 그대로에요 너무 예쁨 항상 잘 입고있습니다아,"체험단 무센트 하트 레터링 후드 티 블랙 체험단 후기입니다 ❤️🖤  예상치 못한 상품이 당첨되어서 설레는 마음으로 뜯어보았습니다 ! 가격대가 높지는 않은 상품이라 큰 기대는 없었지만, 기대 이상으로 질이 너무 좋아 깜짝 놀랐습니다  평소 무센트의 반팔 티셔츠, 바람막이 등을 잘 입고 다녔는데 가지고 있는 제품들 보다 더 좋은 퀄리티더라구요!  우선 가장 만족스러웠던 점은 두툼하게 기모가 들어가있다는 점입니다 ☑️  지금 날씨에 입어야(11월 중순) 딱 좋을 정도로 두툼하게 기모가 들어가있어요 가격 대비 매우 만족스러운 점입니다  하트 레터링도 너무 귀엽게 들어가있습니다 일반 동그란 무센트 레터링이었으면 밋밋할 뻔 했는데, 귀여워요  블랙에 화이트 레터링이 아닌 레드 레터링이라 포인트도 됩니다  핏은 가오리 핏에 가까워요  전체적인 길이가 남녀 공용 프리사이즈임을 감안하면 매우 짧은 편에 속하고, 품은 넓고 팔 통도 매우 넓은 편입니다  176..~정도 넘어가시는 분들에겐 매우 짧을 것 같고 체감상 일반 남녀공용 후드 기준 조금 큰 m사이즈 정도 되는 거 같습니다  가격대비 너무 만족스러운 퀄리티고, 엄청 귀여워요🥹🖤",핏도 넘 이쁘고 정말 맘에 들어요! 두개 구매했는데 남자가 입었을 때도 핏이 넘 이뻤어용,옷이 이쁘고 좋아요 가격대비 최고인거 같습니다,무센트의 하트로고가 너무 맘에 들어요 기모가 들어서 좀 더 있어야 입을거같아요
https://www.musinsa.com/products/4642667,[주술회전] 후드 스웨트셔츠(LIGHT BLUE)_SPMHF11U01,없음,없음,"49,900원",스파오,https://image.msscdn.net/mfile_s01/_brand/free_medium/spao.png?20200608153142,상의,후드 티셔츠,https://image.msscdn.net/thumbnails/images/goods_img/20241129/4642667/4642667_17332007113543_big.jpg?w=1200,https://image.msscdn.net/thumbnails/images/prd_img/20241129/4642667/detail_4642667_17328435391364_big.jpg?w=1200,없음,https://image.msscdn.net/thumbnails/images/prd_img/20241129/4642667/detail_4642667_17328435376441_big.jpg?w=1200,hoodie_0278,861,3.6천 회 이상 (최근 1개월),없음,후기 21개,4.9,고졸 현토루입니다..진짜 예쁩니다 당장이라도 무량공처 쓸 수 있을것만 같네용 핏이 좋아용 히히,한달후기 고죠 사토루라는게 잘 보여서 좋았습니다 굉장히 편합니다,한달후기 고죠 사토루라는게 잘 보여서 좋았습니다 굉장히 편합니다,"편하게 입으려면 M, 오버핏으로 입고 싶으면 L 입으면 적당할 것 같아요. 디자인이 예뻐서 밖에 입고다니기에도 안부끄러워요 ㅎㅎ",무신사에서 팔다니 너무 좋넹ㅎ 배송 빠르고 면도 좋고 디자인도 이뻐요
https://www.musinsa.com/products/4536860,심볼 로고 스프레드 후디-네이비,"64,000원",22%,"49,900원",필루미네이트,https://image.musinsa.com/mfile_s01/_brand/free_medium/filluminate.png?20240624122453,상의,후드 티셔츠,https://image.msscdn.net/thumbnails/images/goods_img/20241020/4536860/4536860_17315108181468_big.jpg?w=1200,https://image.msscdn.net/thumbnails/images/prd_img/20241020/4536860/detail_4536860_17315100800128_big.jpg?w=1200,https://image.msscdn.net/thumbnails/images/prd_img/20241020/4536860/detail_4536860_17315100822254_big.jpg?w=1200,https://image.msscdn.net/thumbnails/images/prd_img/20241020/4536860/detail_4536860_17315108298907_big.jpg?w=1200,hoodie_0279,440,1.1천 회 이상 (최근 1개월),없음,후기 3개,4.7,한달후기 너무 이쁜데 밑으로 밑으로 이쁘게 떨어지지는 않아서 조금 아쉬워요 일자면 이쁜데 밖에서 안으로 오는 느낌? 그거 빼면은 다 좋아요❤️,원단도 부들부들하고 후드 끈이 되게 긴데 그게 또 막 이상하지 않아요,색감이랑 핏이 좋아서 데일리템으로 최고. 다른 색도 구매예정입니다.,없음,없음
https://www.musinsa.com/products/4642672,[주술회전] 후드 스웨트셔츠(L/MELANGE GRAY)_SPMHF11U01,없음,없음,"49,900원",스파오,https://image.msscdn.net/mfile_s01/_brand/free_medium/spao.png?20200608153142,상의,후드 티셔츠,https://image.msscdn.net/thumbnails/images/goods_img/20241129/4642672/4642672_17332010633370_big.jpg?w=1200,https://image.msscdn.net/thumbnails/images/prd_img/20241129/4642672/detail_4642672_17328434624859_big.jpg?w=1200,없음,https://image.msscdn.net/thumbnails/images/prd_img/20241129/4642672/detail_4642672_17328434605855_big.jpg?w=1200,hoodie_0280,818,2천 회 이상 (최근 1개월),없음,후기 17개,4.8,한달후기 은근 슬쩍 표현하기 너무 좋았습니다 굉장히 편합니다,한달후기 은근 슬쩍 표현하기 너무 좋았습니다 굉장히 편합니다,"프린팅이 생각보다 깔끔하네요, 두께는 그렇게 두껍진 않아요.",퀄리티도 너무 좋고 핏도 괜찮은게 맘에 들어서 잘 입을것 같아요,한달후기 일코 가능...!! 얇긴 한데 안에 줄무늬 목폴라로 포인트 주면서 따뜻하게 입으면 예쁨
https://www.musinsa.com/products/4592333,피그먼트 워싱 후드티 - 차콜,"83,000원",40%,"49,900원",에스이에스티,https://image.msscdn.net/mfile_s01/_brand/free_medium/selfesteem.png?20200608153142,상의,후드 티셔츠,없음,없음,없음,https://image.msscdn.net/thumbnails/images/goods_img/20241106/4592333/4592333_17308703309590_big.jpg?w=1200,hoodie_0281,421,7.6천 회 이상 (최근 1개월),없음,후기 7개,4.9,색도 이쁘고 중학생 아들이 맘에 들어하네요~ 마른아이라 사이즈는 넉넉하네요,원단도 두툼하고 약기모가들어있어 지금 입기딱이고 핏도 잘산다,오버핏으로 완벽합니다 키 174에 몸무게 61 정도 되는데 오버핏으로 라지 괜찮다고 생각합니다,오빠에게 선물했는데 대 만족합니다 ! 사이즈도 넘 좋아요,색감이 사진에서 보는거 보다 조금 더 어두운 느낌이고 재질이랑 핏은 마음에 들어요 ㅎㅎ
https://www.musinsa.com/products/4728694,러닝 클럽 후디-크림,없음,없음,"64,000원",필루미네이트,https://image.musinsa.com/mfile_s01/_brand/free_medium/filluminate.png?20240624122453,상의,후드 티셔츠,https://image.msscdn.net/thumbnails/images/goods_img/20250119/4728694/4728694_17389288301973_big.jpg?w=1200,https://image.msscdn.net/thumbnails/images/prd_img/20250119/4728694/detail_4728694_17389288333036_big.jpg?w=1200,https://image.msscdn.net/thumbnails/images/prd_img/20250119/4728694/detail_4728694_17389314602750_big.jpg?w=1200,https://image.msscdn.net/thumbnails/images/prd_img/20250119/4728694/detail_4728694_17389299662115_big.jpg?w=1200,hoodie_0282,14,없음,없음,없음,없음,없음,없음,없음,없음,없음
https://www.musinsa.com/products/4471901,코듀로이 후드 [CHACOAL],"109,000원",54%,"49,900원",페이크캠퍼,https://image.musinsa.com/mfile_s01/_brand/free_medium/fakecamper.png?20221128170607,상의,후드 티셔츠,없음,없음,없음,https://image.msscdn.net/thumbnails/images/goods_img/20240927/4471901/4471901_17326727833152_big.jpg?w=1200,hoodie_0283,9,없음,없음,없음,없음,없음,없음,없음,없음,없음
https://www.musinsa.com/products/4500540,ANGELDEM 피그먼트 오버핏 후드티셔츠 4 COLORS,"72,000원",31%,"49,800원",프라임에이트,https://image.musinsa.com/mfile_s01/_brand/free_medium/primate.png?20240202165942,상의,후드 티셔츠,https://image.msscdn.net/thumbnails/images/goods_img/20241010/4500540/4500540_17285270568095_big.jpg?w=1200,https://image.msscdn.net/thumbnails/images/prd_img/20241010/4500540/detail_4500540_17285270617802_big.jpg?w=1200,https://image.msscdn.net/thumbnails/images/prd_img/20241010/4500540/detail_4500540_17285270651832_big.jpg?w=1200,https://image.msscdn.net/thumbnails/images/prd_img/20241010/4500540/detail_4500540_17285270687450_big.jpg?w=1200,hoodie_0284,120,850회 이상 (최근 1개월),없음,없음,없음,없음,없음,없음,없음,없음
https://www.musinsa.com/products/4435263,POSEGANCH PSGC LOGO HOODIE [6COLOR],"92,000원",50%,"46,000원",포즈간츠,https://image.musinsa.com/mfile_s01/_brand/free_medium/poseganch.png?20210908172420,상의,후드 티셔츠,https://image.msscdn.net/thumbnails/images/prd_img/20240912/4435263/detail_4435263_17349207868622_big.jpg?w=1200,https://image.msscdn.net/thumbnails/images/prd_img/20240912/4435263/detail_4435263_17349208041369_big.jpg?w=1200,없음,https://image.msscdn.net/thumbnails/images/goods_img/20240912/4435263/4435263_17349207994673_big.jpg?w=1200,hoodie_0285,"9,549",2만 회 이상 (최근 1개월),2.3천 개 이상,후기 179개,4.7,"진짜 미쳤어요 너무 좋아요... 모자 작은걸 너무 싫어하는데 아니.. 모자도 크고 빵실하고 진짜 폭닥폭닥한 핏에 재질도 좋고 프린팅도 심플하고 색도 만족.. 팔이 긴편인데 아니 소매도 넉넉하고 시보리가 짱짱한걸 싫어하는데 제가 좀 크게 사서인지 시보리도 딱 좋고, 후드끈도 정말 예쁘게 되어있네요 진짜 ㅜㅜ 색별로 모으고싶어요 ㅜㅜ 진짜 너무너무너무 좋아요",진짜 미쳤어요 너무 좋아요... 모자 작은걸 너무 싫어하는데 아니.. 모자도 크고 빵실하고 진짜 폭닥폭닥한 핏에 재질도 좋고 프린팅도 심플하고 색도 만족.. 팔이 긴편인데 아니 소매도 넉넉하고 시보리가 짱짱한걸 싫어하는데 제가 좀 크게 사서인지 시보리도 딱 좋아서 진짜 ㅜㅜ 색별로 모으고싶어요 ㅜㅜ 진짜 너무너무너무 좋아요,로고 디자인과 갈색의 조합이 너무 이뻤습니다 다음에는 다른 색깔로 하나 더 구매할생각입니다!!,한달후기 빨아도 변형도 없고 폭닥폭닥함이 유지되서 좋아요!! 날만 많이 추워도 색다른걸로 하나 더살텐데 ㅜㅠ 요즘 날이 따뜻해서 기모없는 버전이 나왔으면 좋겠어요,한달후기 저한테는 개개커요 아빠 셔츠 마냥 그래도 집에서 편하게 입기 좋고 후드티 입고 후리스 입어주면 이뻐용
https://www.musinsa.com/products/4703824,홀리 데이 후드티 그레이,"76,000원",35%,"49,400원",꼼파뇨,https://image.musinsa.com/mfile_s01/_brand/free_medium/compagno.png?20200914152203,상의,후드 티셔츠,https://image.msscdn.net/thumbnails/images/goods_img/20250108/4703824/4703824_17363887793567_big.jpg?w=1200,https://image.msscdn.net/thumbnails/images/prd_img/20250108/4703824/detail_4703824_17363041440469_big.jpg?w=1200,https://image.msscdn.net/thumbnails/images/prd_img/20250108/4703824/detail_4703824_17363041449068_big.jpg?w=1200,https://image.msscdn.net/thumbnails/images/prd_img/20250108/4703824/detail_4703824_17363041487139_big.jpg?w=1200,hoodie_0286,110,1.9천 회 이상 (최근 1개월),없음,후기 4개,없음,"언제, 누가 입어도 만족스럽습니다. 제가 입어도 박시하게 예뿌고 낙낙해서 동생이 입어도 갠찮하네요!",사진보다는 그레이 티가 확나요. 뒷판 그래픽이 훨씬 예뻐요,원단이 아주 탄탄해서 좋아요! 아빠도 시착해보시더니 예쁘다고 하시네요 ㅋ,밝은 그레이에 포인트가 예뻐서 사봤어요! 실물도 예뻐요!,없음
https://www.musinsa.com/products/4718733,홉피 베어 후드티 오트밀,"76,000원",35%,"49,400원",꼼파뇨,https://image.musinsa.com/mfile_s01/_brand/free_medium/compagno.png?20200914152203,상의,후드 티셔츠,https://image.msscdn.net/thumbnails/images/goods_img/20250114/4718733/4718733_17368345627508_big.jpg?w=1200,https://image.msscdn.net/thumbnails/images/prd_img/20250114/4718733/detail_4718733_17368345759225_big.jpg?w=1200,https://image.msscdn.net/thumbnails/images/prd_img/20250114/4718733/detail_4718733_17368345767538_big.jpg?w=1200,https://image.msscdn.net/thumbnails/images/prd_img/20250114/4718733/detail_4718733_17368345801545_big.jpg?w=1200,hoodie_0287,37,700회 이상 (최근 1개월),없음,후기 1개,없음,생각보다 커서 놀랐어요. 운동할때 입으면 좋을거같아요.,없음,없음,없음,없음
https://www.musinsa.com/products/4718735,홉피 베어 후드티 멜란지화이트,"76,000원",35%,"49,400원",꼼파뇨,https://image.musinsa.com/mfile_s01/_brand/free_medium/compagno.png?20200914152203,상의,후드 티셔츠,https://image.msscdn.net/thumbnails/images/goods_img/20250114/4718735/4718735_17368346038227_big.jpg?w=1200,https://image.msscdn.net/thumbnails/images/prd_img/20250114/4718735/detail_4718735_17368346179433_big.jpg?w=1200,https://image.msscdn.net/thumbnails/images/prd_img/20250114/4718735/detail_4718735_17368346188971_big.jpg?w=1200,https://image.msscdn.net/thumbnails/images/prd_img/20250114/4718735/detail_4718735_17368346224432_big.jpg?w=1200,hoodie_0288,37,400회 이상 (최근 1개월),없음,후기 1개,없음,편하게 입을 옷으로 구입했는데 사이즈가 넉넉해서 추울 때는 안에 얇은 목티입어도 불편하지않아서 좋네요,없음,없음,없음,없음
https://www.musinsa.com/products/4300368,인사이트 피그먼트 후드티 블루 섀도우,"79,000원",38%,"49,000원",트래블,https://image.musinsa.com/mfile_s01/_brand/free_medium/travel.png?20230324143734,상의,후드 티셔츠,https://image.msscdn.net/thumbnails/images/goods_img/20240806/4300368/4300368_17243811933671_big.jpg?w=1200,없음,없음,https://image.msscdn.net/thumbnails/images/prd_img/20240806/4300368/detail_4300368_17243812001617_big.jpg?w=1200,hoodie_0289,146,150회 이상 (최근 1개월),없음,없음,없음,없음,없음,없음,없음,없음
https://www.musinsa.com/products/4375670,구름캣 자수 후드티 크림,"75,000원",35%,"48,750원",꼼파뇨,https://image.musinsa.com/mfile_s01/_brand/free_medium/compagno.png?20200914152203,상의,후드 티셔츠,https://image.msscdn.net/thumbnails/images/goods_img/20240827/4375670/4375670_17247451060320_big.jpg?w=1200,https://image.msscdn.net/thumbnails/images/prd_img/20240827/4375670/detail_4375670_17253227451408_big.jpg?w=1200,https://image.msscdn.net/thumbnails/images/prd_img/20240827/4375670/detail_4375670_17253227462215_big.jpg?w=1200,https://image.msscdn.net/thumbnails/images/prd_img/20240827/4375670/detail_4375670_17253227501554_big.jpg?w=1200,hoodie_0290,852,1천 회 이상 (최근 1개월),없음,후기 13개,4.5,하얀 느낌의 크림색상을 원했는데 받아보니 맑은 레몬 색상이라서 아쉬움이 남음  하지만 재질이 탄탄하고 프린팅이 귀여움,사이즈도 적당히 크고 좋아요! 디자인도 너무 귀엽고 마음에 듭니당~,크림색이랑 하늘색 조합 너무 좋고 자수도 넘 귀엽고 예쁘네요 다만 마감 처리가 좀 미흡해서 이 부분은 신경 써주셨으면 좋겠습니다,핏도 예쁘고 자수도 너무 예쁜데 처음에 비해 점점 퀄리티가 낮아지네요.. 초심 찾고 마감 좀 제대로 했으면 좋겠습니다,등 뒤 프린팅이 귀여워요 색상도 만족스럽습니다
https://www.musinsa.com/products/4306658,노르딕 댄 후드_그레이,"69,000원",30%,"48,300원",예일,https://image.musinsa.com/mfile_s01/_brand/free_medium/yale.png?20231222111830,상의,후드 티셔츠,https://image.msscdn.net/thumbnails/images/goods_img/20240807/4306658/4306658_17235421384961_big.jpg?w=1200,https://image.msscdn.net/thumbnails/images/prd_img/20240807/4306658/detail_4306658_17235421394281_big.jpg?w=1200,https://image.msscdn.net/thumbnails/images/prd_img/20240807/4306658/detail_4306658_17235421397593_big.jpg?w=1200,https://image.msscdn.net/thumbnails/images/prd_img/20240807/4306658/detail_4306658_17235421404720_big.jpg?w=1200,hoodie_0291,270,700회 이상 (최근 1개월),없음,후기 24개,4.8,한달후기 중학생 딸이 방학기간에 주구장창 입고 다닙니다 160cm 42kg S 사이즈로 여유로운 핏 입니다,한달후기 일부러 서이즈 업을 했는데 만족합니다!! 시보리는 엄청 쫀쫀한 느낌은 아닌거 같아요!,한달후기 시보리 등의 변형이 거의 없고 디자인이 맘에 들어요.,한달후기 심플하고 무난하고 핏도 좋고 제가 애용하고 있어요!,따뜻하고 깔끔하고 가격도 색갈도 좋아요 종말 좋아요.
https://www.musinsa.com/products/4355594,Archive Pigment Hoodie Tee Dusty Brown,"69,000원",30%,"48,300원",스컬프터,https://image.musinsa.com/mfile_s01/_brand/free_medium/sculptor.png?20240126133440,상의,후드 티셔츠,https://image.msscdn.net/thumbnails/images/prd_img/20240821/4355594/detail_4355594_17326011400885_big.jpg?w=1200,https://image.msscdn.net/thumbnails/images/prd_img/20240821/4355594/detail_4355594_17326011403766_big.jpg?w=1200,없음,https://image.msscdn.net/thumbnails/images/goods_img/20240821/4355594/4355594_17326011392123_big.jpg?w=1200,hoodie_0292,835,2.7천 회 이상 (최근 1개월),없음,후기 11개,없음,허리부분은 기장이 짧은편 입니다 . 하이웨스트로 넣어입으면 예쁠듯 합니다 . 라인은 잡아줘서 몸이 예뻐 보여요 . 허리 얇아보여 좋아요,가슴 있어도 상체 허리라인 예쁘신 분들 적극추천해요. 생각보다 타이트하긴 한게 입으면 불평하지 않아요,루즈하지도 크롭하지도 않는기장에 핏도 이뿌고 맘에들어요,몸에 딱 붙는 디자인입니다. 색감이 너무 마음에 들어요.,스컬프터에서 s사면 애매하고 xs사면 딱맞앗엇는데 이번껀 xs 좀 끼네여 소재가 쭉쭉늘어나는느낌은 아니라 그런듯 근데 관리좀더하면되죠 어차피 군살있으면 안이쁜옷이고.. 옷은 딱 이뻐요 색도 좋고 기장도 딱 크롭아닌크롭으로 좋고..
https://www.musinsa.com/products/4499870,코트스퀘어 마인드 스웨트 후드 [피그먼트 D.GREY],"62,000원",23%,"47,900원",더마일,https://image.msscdn.net/mfile_s01/_brand/free_medium/themile.png?20200608153142,상의,후드 티셔츠,https://image.msscdn.net/thumbnails/images/prd_img/20241009/4499870/detail_4499870_17301808637542_big.jpg?w=1200,없음,없음,https://image.msscdn.net/thumbnails/images/goods_img/20241009/4499870/4499870_17319939678484_big.jpg?w=1200,hoodie_0293,195,1.5천 회 이상 (최근 1개월),없음,후기 6개,4.7,한달후기 사이즈가 생각보다 약간 큰 감이 있어서 한 사이즈 작게 사는 게 좋을 것 같습니다.,한달후기 데일리로 잘 입고있습니다! 가성비 좋아요 감사합니다,핏이 좋아요. 생각보다 옷이 튼튼하고 가격에 비해 좋다.,색깔고 무난하고 이뻐서 자주입고 다닐것 같아요,그냥 이쁨 꼭 사세요! 저랑 비슷한 체형이신 분들 xl사이즈 추천
https://www.musinsa.com/products/4499857,블루밍 더스트 스웨트 후드 [피그먼트 D.GREY],"62,000원",23%,"47,900원",더마일,https://image.msscdn.net/mfile_s01/_brand/free_medium/themile.png?20200608153142,상의,후드 티셔츠,https://image.msscdn.net/thumbnails/images/prd_img/20241009/4499857/detail_4499857_17304389362062_big.jpg?w=1200,https://image.msscdn.net/thumbnails/images/prd_img/20241009/4499857/detail_4499857_17302716726324_big.jpg?w=1200,없음,https://image.msscdn.net/thumbnails/images/goods_img/20241009/4499857/4499857_17304389266921_big.jpg?w=1200,hoodie_0294,103,650회 이상 (최근 1개월),없음,후기 2개,없음,워싱이라서 확실히 예쁘고요 데일리로 입기 좋아요~ 편해요 v너무 이쁘고 따뜻해요 원단도 좋고 믿고사는 무신사 브랜드 짱짱,과하지 않은 색상 디자인과 옷사이즈 딱 좋은 핏이 나옵니다. 옷감도 탄탄하고 세탁이나 건조시 변형도 없고 항상 만족하는 더마일 좋아요~,없음,없음,없음
https://www.musinsa.com/products/4663821,포스타 체인 후드 티 블랙,"68,000원",30%,"47,600원",가까이 유니언즈,https://image.musinsa.com/mfile_s01/_brand/free_medium/gakka2.png?20210701163204,상의,후드 티셔츠,https://image.msscdn.net/thumbnails/images/prd_img/20241212/4663821/detail_4663821_17340510237220_big.jpg?w=1200,https://image.msscdn.net/thumbnails/images/prd_img/20241212/4663821/detail_4663821_17340510263328_big.jpg?w=1200,없음,https://image.msscdn.net/thumbnails/images/goods_img/20241212/4663821/4663821_17340794308578_big.jpg?w=1200,hoodie_0295,407,2.2천 회 이상 (최근 1개월),없음,후기 13개,4.6,자수로 포인트가 들어가있어서 매우만족했고 기모가 들어가있어서 보들보들 따뜻해요,"안감에 기모가 들어가있어 포근하고 원단 탄탄해서 좋아요 가까이 유니언즈 제품들은 포인트가 프린팅이나 나염이 아닌 '자수""로 들어가 있어서 항상 만족하는 의류예요 이번 후드티는 더도말고 1000만점 입니다 오버핏 선호하시는 분들은 원래 입으시는 사이즈에서 한사이즈 업 하시면 되고 176/72 기준 미듐 사이즈 충분히 오버핏 하고 크롭하게 잘 맞아요!",자수가 정말매력적이에요 다른 상품도 구매하고싶어요!,생각보다 더 예뻐요! 핏도 마음에 들규 만족입니당,박시한 핏이에요~~팔이 좀 길게 나오긴 했지만 기모도 도톰하고 가벼워서 좋아요~~세일하면 다른 색으로 또 살까봐요~~
https://www.musinsa.com/products/4585996,라운더리 스타 후드 티 버건디,"67,000원",30%,"46,900원",가까이 유니언즈,https://image.musinsa.com/mfile_s01/_brand/free_medium/gakka2.png?20210701163204,상의,후드 티셔츠,https://image.msscdn.net/thumbnails/images/prd_img/20241104/4585996/detail_4585996_17307840444656_big.jpg?w=1200,https://image.msscdn.net/thumbnails/images/prd_img/20241104/4585996/detail_4585996_17307840469890_big.jpg?w=1200,없음,https://image.msscdn.net/thumbnails/images/goods_img/20241104/4585996/4585996_17307073137354_big.jpg?w=1200,hoodie_0296,"3,804",2만 회 이상 (최근 1개월),없음,후기 89개,4.9,기모인줄 몰랐어요.. 맨밑에 작게 써있네용.. 그래도 예쁘고 배송 빨리해주셔서 감삼돠,와인색 같지 않은 포도주색 같은 버건디라 살짝 퍼플에 가깝지만 자수로 포인트가 들어가있어서 예쁘고 안감이 기모라 따뜻해요,색감 예쁘고 가운데 박힌 로고도 아주 맘에 듭니다.,기모 후드티고 시보리가 탄탄해서 좋아요 디자인도 힙해서 괜찮네용,"이 옷은 디자인과 핏 면에서 상당히 만족스러웠습니다. 우선 겉감의 색상과 재질이 고급스러워서 스타일링에 부담 없이 매치할 수 있었고, 착용감도 부드러워 일상생활에서 편하게 입기 좋았습니다. 하지만 안감에 사용된 기모 소재에서 기모 털이 조금씩 빠진다는 점입니다. 처음에는 따뜻함과 포근함이 돋보였지만, 몇 번의 세탁 후 미세한 털이 옷 전체에 나타나 관리에 다소 불편함을 주었습니다. 그래도 할인할때 싸게 사서 많이 입고다닐거 같아요"
https://www.musinsa.com/products/4586001,라운더리 스타 후드 티 그레이,"67,000원",30%,"46,900원",가까이 유니언즈,https://image.musinsa.com/mfile_s01/_brand/free_medium/gakka2.png?20210701163204,상의,후드 티셔츠,https://image.msscdn.net/thumbnails/images/prd_img/20241104/4586001/detail_4586001_17307840624716_big.jpg?w=1200,https://image.msscdn.net/thumbnails/images/prd_img/20241104/4586001/detail_4586001_17307840649384_big.jpg?w=1200,없음,https://image.msscdn.net/thumbnails/images/goods_img/20241104/4586001/4586001_17307073000919_big.jpg?w=1200,hoodie_0297,409,3.4천 회 이상 (최근 1개월),없음,후기 2개,없음,로고도 예쁘고 기모 들어가있어서 따뜻하고 체형 보완도 됩니다 색도 예뻐서 맘에들어요!,기모도 따뜻하고 옷도 튼튼해서 마음에 들어요 ㄹㅇ겁나추천,없음,없음,없음
https://www.musinsa.com/products/4503716,[기모선택]Evenbetter Heavy Terry Hoodie,"54,900원",15%,"46,670원",비바라비다,https://image.musinsa.com/mfile_s01/_brand/free_medium/vivalavida.png?20240724113548,상의,후드 티셔츠,https://image.msscdn.net/thumbnails/images/goods_img/20241010/4503716/4503716_17386343171752_big.jpg?w=1200,https://image.msscdn.net/thumbnails/images/prd_img/20241010/4503716/detail_4503716_17386343236164_big.jpg?w=1200,없음,https://image.msscdn.net/thumbnails/images/prd_img/20241010/4503716/detail_4503716_17386343247926_big.jpg?w=1200,hoodie_0298,47,없음,없음,없음,없음,없음,없음,없음,없음,없음
https://www.musinsa.com/products/4345587,INK FLY 크롭 후드(SKHKNK-033),"58,500원",21%,"46,500원",키치앤키스,https://image.musinsa.com/mfile_s01/_brand/free_medium/kitschnkiss.png?20240228180817,상의,후드 티셔츠,없음,없음,없음,https://image.msscdn.net/thumbnails/images/goods_img/20240820/4345587/4345587_17243876706068_big.jpg?w=1200,hoodie_0299,55,300회 이상 (최근 1개월),없음,후기 2개,4.5,이 가격에 따뜻한 기모 크롭후드를 살 수 있다니 갓성비 아주짱짱,탄탄하고 좋아요. 근데 생각보다 짧아요. 시보리도 엄청 짱짱해요.,없음,없음,없음
https://www.musinsa.com/products/4697060,[송이송이 PICK]88 피그먼트 후디-오프화이트,"74,000원",41%,"43,900원",필루미네이트,https://image.musinsa.com/mfile_s01/_brand/free_medium/filluminate.png?20240624122453,상의,후드 티셔츠,https://image.msscdn.net/thumbnails/images/prd_img/20250103/4697060/detail_4697060_17391719686694_big.jpg?w=1200,https://image.msscdn.net/thumbnails/images/prd_img/20250103/4697060/detail_4697060_17376250927902_big.jpg?w=1200,없음,https://image.msscdn.net/thumbnails/images/goods_img/20250103/4697060/4697060_17391730162897_big.jpg?w=1200,hoodie_0300,"1,280",1.1만 회 이상 (최근 1개월),없음,후기 10개,4.7,색깔이 너무 이쁘게 잘 빠졌네요 잘 입고 다닐꺼같아요.,"겨울에 입기에는 얇지만 봄, 가을에 입기에 적절하고 핏도 괜찮아요!",생각보다 후들ㅜ들한ㅌ재질인데 색이 너무 예뻐요 화면과 같아요,"생각보다 소재가 얇아서 흐물흐물해요…봄, 가을에 입기에 좋을 것 같고 옷 자체는 예쁩니다. 핏도 괜찮아요",우선 오프화이트라는 컬러가 너무 이쁘고 독특해서 맘에 들어요. 적당히 힙한 사이즈로 나와서 어디다가 툭걸쳐도 정말 예쁘네요.
https://www.musinsa.com/products/4721704,MIGHTY TIGER LOGO HOOD SWEAT_3%MELANGE GRAY,"94,000원",10%,"84,600원",아웃스탠딩,https://image.musinsa.com/mfile_s01/_brand/free_medium/outstanding.png?20200730105116,상의,후드 티셔츠,https://image.msscdn.net/thumbnails/images/goods_img/20250115/4721704/4721704_17388916228216_big.jpg?w=1200,https://image.msscdn.net/thumbnails/images/prd_img/20250115/4721704/detail_4721704_17388916376343_big.jpg?w=1200,https://image.msscdn.net/thumbnails/images/prd_img/20250115/4721704/detail_4721704_17388916315292_big.jpg?w=1200,https://image.msscdn.net/thumbnails/images/prd_img/20250115/4721704/detail_4721704_17388916337808_big.jpg?w=1200,hoodie_0301,219,3.3천 회 이상 (최근 1개월),없음,없음,없음,없음,없음,없음,없음,없음
https://www.musinsa.com/products/4721708,MIGHTY TIGER LOGO HOOD SWEAT_BLACK,"94,000원",10%,"84,600원",아웃스탠딩,https://image.musinsa.com/mfile_s01/_brand/free_medium/outstanding.png?20200730105116,상의,후드 티셔츠,https://image.msscdn.net/thumbnails/images/goods_img/20250115/4721708/4721708_17388913080784_big.jpg?w=1200,https://image.msscdn.net/thumbnails/images/prd_img/20250115/4721708/detail_4721708_17388913278498_big.jpg?w=1200,https://image.msscdn.net/thumbnails/images/prd_img/20250115/4721708/detail_4721708_17388913229151_big.jpg?w=1200,https://image.msscdn.net/thumbnails/images/prd_img/20250115/4721708/detail_4721708_17388913248927_big.jpg?w=1200,hoodie_0302,111,2천 회 이상 (최근 1개월),없음,없음,없음,없음,없음,없음,없음,없음
https://www.musinsa.com/products/4721705,MIGHTY TIGER LOGO HOOD SWEAT_NAVY,"94,000원",10%,"84,600원",아웃스탠딩,https://image.musinsa.com/mfile_s01/_brand/free_medium/outstanding.png?20200730105116,상의,후드 티셔츠,https://image.msscdn.net/thumbnails/images/goods_img/20250115/4721705/4721705_17388914267360_big.jpg?w=1200,https://image.msscdn.net/thumbnails/images/prd_img/20250115/4721705/detail_4721705_17388914873439_big.jpg?w=1200,https://image.msscdn.net/thumbnails/images/prd_img/20250115/4721705/detail_4721705_17388914817790_big.jpg?w=1200,https://image.msscdn.net/thumbnails/images/prd_img/20250115/4721705/detail_4721705_17388914861135_big.jpg?w=1200,hoodie_0303,124,1.9천 회 이상 (최근 1개월),없음,없음,없음,없음,없음,없음,없음,없음
https://www.musinsa.com/products/4345043,T-Logo Hoodie Heather Grey,"95,000원",30%,"66,500원",디스이즈네버댓,https://image.musinsa.com/mfile_s01/_brand/free_medium/thisisneverthat.png?20240122174353,상의,후드 티셔츠,https://image.msscdn.net/thumbnails/images/goods_img/20240820/4345043/4345043_17248088394803_big.jpg?w=1200,https://image.msscdn.net/thumbnails/images/prd_img/20240820/4345043/detail_4345043_17248088470943_big.jpg?w=1200,https://image.msscdn.net/thumbnails/images/prd_img/20240820/4345043/detail_4345043_17248088482699_big.jpg?w=1200,https://image.msscdn.net/thumbnails/images/prd_img/20240820/4345043/detail_4345043_17248088518192_big.jpg?w=1200,hoodie_0304,"12,801",9만 회 이상 (최근 1개월),3.1천 개 이상,후기 251개,4.9,원피리미리씨를 손민수하기 위해 샀는데 계속 입고 다니고 있어요,대학생 언니보고 중1딸아이가 자기도 입고 싶다고 해서 구매했는데 이쁘다고 이리저리 거울보는 모습에 귀엽습니다~,팔 길이 때문에 s랑 고민했는데 m사길 잘한 거 같네용 ㅎㅎ 얼른 추워져서 입고 싶네요 !!,좋아용 모자깊어서좋아용 아늑해요 에어팟끼고 모자쓰고 후드모자쓰고 다니면 대중교통에서도 아늑함을느낄수잇어요 근데모자가 좀힘이잇어서? 부피가잇어서? 머리는 묶고입는게나음 앞으로 쏟아놓거나,진짜 이쁘고 색감이 지려요 일반 후드티의 회색이 아닙니다
https://www.musinsa.com/products/4744124,BLEACHED PULL-OVER HOODIE_WASHED BLACK,"148,000원",30%,"103,600원",미스치프,https://image.msscdn.net/mfile_s01/_brand/free_medium/mischief.png?1738715687512,상의,후드 티셔츠,https://image.msscdn.net/thumbnails/images/goods_img/20250124/4744124/4744124_17385505555472_big.jpg?w=1200,없음,없음,https://image.msscdn.net/thumbnails/images/prd_img/20250124/4744124/detail_4744124_17385505603143_big.jpg?w=1200,hoodie_0305,"1,460",2만 회 이상 (최근 1개월),없음,후기 6개,4.8,😎미스치프감성이 충만한 후드✨️ 🖤실제로 보면 베이지브라운톤의 워싱이 더 잘보이는데 워싱장인이 워싱하셨나...진짜 멋있어요! 🖤160에게는 M사이즈도 충분히 오버핏 나오지만 소매 시보리를 믿고 더더 오버핏 원하시면 L로 가셔도 좋을 것 같아요! 🖤츄리닝이랑 편하게 입어도 예쁘고 날씨가 따뜻해지면 룩북처럼 입고 싶어요🥰,빛바랜 느낌이 멋져요 큼직하게 입을수 있어여 로고도 굳,선물용인데 워싱이 들어가서 빈티지스럽고 너무 예쁩니다. 로고가 포인트가 되어서 좋아요.,미스치프감성이 충만한 후드 실제로 보면 워싱이 더 멋스럽고 핏도 진짜 예뻐요. 츄리닝이랑 편하게 입다가 날씨가 따뜻해지면 룩북처럼 입고 싶어요.,비싸서 고민하긴 했지만 맘에들어요! 생각보다 얇았어요 무거울가봐 걱정했는데 오히려 좋아용 굿굿!!!!
https://www.musinsa.com/products/4307044,헬로 월드 LOVE 후드티_네이비,"85,000원",15%,"72,250원",밈더워드로브,https://image.msscdn.net/mfile_s01/_brand/free_medium/mimthewardrobe.png?1730455159578,상의,후드 티셔츠,https://image.msscdn.net/thumbnails/images/prd_img/20240807/4307044/detail_4307044_17261216766173_big.jpg?w=1200,https://image.msscdn.net/thumbnails/images/prd_img/20240807/4307044/detail_4307044_17248318991202_big.jpg?w=1200,없음,https://image.msscdn.net/thumbnails/images/goods_img/20240807/4307044/4307044_17290490557539_big.jpg?w=1200,hoodie_0306,"5,645",1.7만 회 이상 (최근 1개월),1천 개 이상,후기 134개,4.9,핏도 너무 예쁘고 안에 셔츠 레이어드 해서 입으면 왕 예뻐요 모두 사세요,핏이 딱 예쁜핏이고 착용감이 좋아요 색갈도 맘에 들었어요,"체험단 밈더위드로브_헬로 월드 LOVE 후드티 [네이비, 사이즈 3]착용 후기입니다.  ✔️사이즈팁 - 키 173 기준 3사이즈 착용해도 크롭한 기장감 - 전체적인 핏은 세미오버핏으로, 정사이즈로 착용해서 완전 크롭 기장 & 딱 떨어지는 핏으로 착용했을 때 가장 예쁜 디자인인 것 같습니다. 편하게 착용하고 싶다면 3사이즈로 가셔도 과하지 않은 오버핏으로 착용 가능합니다  ✔️디자인 - 푸른끼 적은 어두운 네이비 컬러 - 전면부의 커다란 화이트&레드 컬러의 귀여운 프린팅 덕분에 캐주얼한 무드가 강한 제품 - 후드끈 없이 아일렛디테일만 있어서 좀 더 깔끔한 느낌으로 착용 가능 - 후드 크기는 오버핏은 아니지만, 쓰지 않았을 때 쉐입이 예쁘게 잡히고 후드가 무거워서 넥라인이 뒤로 쏠리는 현상이 적었음  ✔️원단 - 봄/가을엔 단품으로, 겨울에는 이너로 착용 가능한 두께감 - 얇지도, 두껍지도 않은 정석적인 쭈리원단이라 적당히 핏이 잡히면서도 갑갑하지 않습니다  ✔️코디팁 - 적당한 크롭 기장이기 때문에, 제 착용샷처럼 단독으로 착용해도 예쁘고, 셔츠&티셔츠를 이너로 레이어링해도 예쁩니다. 밑단 쭈리가 짱짱한 디자인이 아니라 레이어드 이너가 찝혀 올라가는 현상이 적었습니다. - 그레이, 블랙, 다크브라운, 크림, 연청/중청 등 다양한 컬러의 하의와 잘 어울립니다.  ✔️총평 세미오버핏&크롭한 기장감의 쭈리 후드티 캐주얼한 무드로 포인트 줄 수 있는 후드티를 찾는 분들께 추천",너무 편하게 잘입고 있는 후디 부해보이지 않고 기장감도 적당하고 와이드한 팬츠랑 같이 매치했을때 더더욱 분위기있어보여서 넘 마음에 들어요 소재감도 좋고 탄탄하고 세탁해도 변형 없네오 162기준으로 기장감 딱 좋고 데일리하게 입기 정말 좋습니다 ~~~!!! 패턴도 넘 귀여워요ε(´･●_･｀)з,2사이즈인데도 길이가 생각보다 안 길어서 좋았고 귀여워요!!
https://www.musinsa.com/products/4265248,그래피티 로고 후드티_네이비,"49,800원",42%,"28,900원",어나더 아카이브,https://image.musinsa.com/mfile_s01/_brand/free_medium/anotherarchive.png?20220819175620,상의,후드 티셔츠,https://image.msscdn.net/thumbnails/images/prd_img/20240722/4265248/detail_4265248_17243380430712_big.jpg?w=1200,https://image.msscdn.net/thumbnails/images/prd_img/20240722/4265248/detail_4265248_17243380463127_big.jpg?w=1200,없음,https://image.msscdn.net/thumbnails/images/goods_img/20240722/4265248/4265248_17243380383879_big.jpg?w=1200,hoodie_0307,"24,970",9만 회 이상 (최근 1개월),9.6천 개 이상,후기 945개,4.8,"중학생입니다. 교복이 남색인데... 교복 대신 입을 수 있는 옷이 남색이라서, 여러 메이커들 남색 후드티중에 아이가 직접 골랐어요. 딱 잘어울리고 예뻐요. 키에 비해서 너무 마른체형이라, 옷을 크게 입어서 체형을 보완하는 편입니다. L사이즈 잘입고있어요.",후드티가 하나도 없어서😢 무신사 앱을 켜서 후드티를 찾아 보고 있는데 제 마음속에 바로 pick❗️되어서 샀는데 배송도 빠르게 오구 착용 해봤는데 기모인지 엄청 따뜻했어요❗️ 새벽근무 인데 제 애착 옷이 되지 않을까 싶어요😍,굿굿 짧지도 않고 조음 키키 다들 사세여 가을에 입기 딱임,따듯하고 디자인도 이뻐용 ~ m사이즈라 조금 크지만 겨울이라 히트텍 입고 입음 좋아용,세일할 때 잘 산 것 같아요 모자 핏도 좋아서 이뻐요
https://www.musinsa.com/products/4599344,[SET] 피그먼트 워싱 셋업 - 3Color,"161,000원",47%,"84,900원",에스이에스티,https://image.msscdn.net/mfile_s01/_brand/free_medium/selfesteem.png?20200608153142,상의,후드 티셔츠,없음,없음,없음,https://image.msscdn.net/thumbnails/images/goods_img/20241108/4599344/4599344_17310416492575_big.jpg?w=1200,hoodie_0308,"1,516",1.3만 회 이상 (최근 1개월),없음,후기 42개,4.5,한달후기 디자인이 예뻐요 편하게 동네마실 할때 굿입니다,생각한 색상 보다는 좀 색이 덜 빠진 느낌이에요 .. 블루보다는 네이비에 가까운색이예요 그래도 옷 재질도 좋고 넘 편하네요!! 전 넘 무거운 면옷 보단 이정도 두께의 면옷이 입고 관리기도 편하고 좋은것 같아요 ㅋㅋ,생각한 색상 보다는 좀 색이 덜 빠진 느낌이에요 .. 블루보다는 네이비에 가까운색이예요 그래도 옷 재질도 좋고 넘 편하네요!! 전 넘 무거운 면옷 보단 이정도 두께의 면옷이 입고 관리기도 편하고 좋은것 같아요 ㅋㅋ,옷을 받고 후드에 달린 끈을 당기는데 끈 아래쪽 핀이 바로 떨어져서 끈을 그냥 뺐어요ㅠㅠ  옷 안 쪽 천이 피부에 다으면 좀 따가운 까끌까끌한 천이에요.  세탁을 몇 번 행궈서 했는데도 손에 검게 물이베는.. 그레이색 바지랑 같이 세탁했는데 때 탄 것처럼 물이들었어요.  할인하는 이유가 있네요~~~,바지가 좀 펄럭펄럭 느낌이긴한데 적응이 잘 안되긴 하지만 허허 위에는 이쁨
https://www.musinsa.com/products/4458372,MWL STRING HOODIE - MELANGE,"72,000원",30%,"50,400원",팬쇼,https://image.msscdn.net/mfile_s01/_brand/free_medium/fanshow.png?1730452256652,상의,후드 티셔츠,https://image.msscdn.net/thumbnails/images/prd_img/20240924/4458372/detail_4458372_17273218244407_big.jpg?w=1200,https://image.msscdn.net/thumbnails/images/prd_img/20240924/4458372/detail_4458372_17273218275565_big.jpg?w=1200,없음,https://image.msscdn.net/thumbnails/images/goods_img/20240924/4458372/4458372_17273218171010_big.jpg?w=1200,hoodie_0309,"5,396",3만 회 이상 (최근 1개월),없음,후기 42개,4.9,오버핏 편하게 나오고 밑단 스트링이라 좋아요 근데이제 안감이 이너티에 많이 묻어나오는,한달후기 사이즈가 넉넉해서 남편이랑 같이 입고있어요 따뜻해요,보풀은 좀 생기는 듯한데 가격 대비 원단이나 두께 색감 핏이 예뻐서 동생이 좋아해요. 솔직히 저도 탐남 ㅋㅋ,오버핏 편하게 나오고 밑단 스트링조절이라 편해요 근데 이제 안감이 이너티에 엄청 묻어나오는..,옷 스타일이 다양하게 표현 가능해서 좋고 그렇게 많이 두껍지않아서 좋아요
https://www.musinsa.com/products/4342731,심볼로고 배색 래글런 트랙 후드티 GHT-481,"49,900원",25%,"37,400원",고스트리퍼블릭,https://image.musinsa.com/mfile_s01/_brand/free_medium/ghostrepublic.png?20221013171800,상의,후드 티셔츠,https://image.msscdn.net/thumbnails/images/prd_img/20240819/4342731/detail_4342731_17297384076291_big.jpg?w=1200,https://image.msscdn.net/thumbnails/images/prd_img/20240819/4342731/detail_4342731_17294789129124_big.jpg?w=1200,없음,https://image.msscdn.net/thumbnails/images/goods_img/20240819/4342731/4342731_17297383983482_big.jpg?w=1200,hoodie_0310,"11,665",5만 회 이상 (최근 1개월),3.5천 개 이상,후기 302개,4.7,꾸안꾸 느낌으로 멋스럽네요 핏좋고 소재도 부드러워요 착용감도 좋고 색상 다른 걸로 하나 더 사고 싶네요,굉장히 아름다워요 뷰티풀합니다 뷰티풀라잎뷰티풀데이.. 하지만 카레를 흘려버린. 굉장히 안타까운. 카레이슈,"체험단 남동생이 입어야 딱 괜찮을 거 같아서 줬는데 예쁘네용~ 편하게 입기 좋은 거 같아요! 170정도에 75키로인데 딱 정핏으로 맞네요!! 좀 더 큰 사이즈는 오버핏으로 입기 좋을 거 같아요! 같은 체형을 가진 분들은 참고하세요! 다른 색도 많던데 더 살 의향 있어용~ 트레이닝 바지에 입는 게 제일 잘어울리는 거 같고, 그렇다고 청바지랑 입는게 안 어울리진 않더라고요!! 어디에나 잘 어울리는 옷 감사히 잘 입을게요~ 그리고 길이는 아까 말했듯이 정핏이라 허리라인 살짝 아래에 위치하네요! 고스트 리퍼블릭!! 애용할게요ㅎㅎ 굿굿!!!",세탁을 한후 빡쳐서 ~검정색 몸판에서 나온 기모가 흰색팔..모자에 가득~그리고 색상이물들어서 회색이 되었습니다 그냥 물빨래만 했을뿐인데~,너무 이쁘네용 #데일리룩 #캐주얼 #후드티 #후드티코디 #가을
https://www.musinsa.com/products/4683265,[송이송이 PICK]FLM 스티치 로고 후디-스카이블루,"64,000원",45%,"34,900원",필루미네이트,https://image.musinsa.com/mfile_s01/_brand/free_medium/filluminate.png?20240624122453,상의,후드 티셔츠,https://image.msscdn.net/thumbnails/images/goods_img/20241227/4683265/4683265_17391719305604_big.jpg?w=1200,https://image.msscdn.net/thumbnails/images/prd_img/20241227/4683265/detail_4683265_17391719496695_big.jpg?w=1200,https://image.msscdn.net/thumbnails/images/prd_img/20241227/4683265/detail_4683265_17376252409242_big.jpg?w=1200,https://image.msscdn.net/thumbnails/images/prd_img/20241227/4683265/detail_4683265_17376257654516_big.jpg?w=1200,hoodie_0311,572,6.7천 회 이상 (최근 1개월),없음,없음,없음,없음,없음,없음,없음,없음
https://www.musinsa.com/products/4440029,BIG TYPO HOODIE GREY,"74,000원",20%,"59,200원",아메스 월드와이드,https://image.msscdn.net/mfile_s01/_brand/free_medium/amesworldwide.png?1730455523530,상의,후드 티셔츠,https://image.msscdn.net/thumbnails/images/prd_img/20240913/4440029/detail_4440029_17373351576421_big.jpg?w=1200,https://image.msscdn.net/thumbnails/images/prd_img/20240913/4440029/detail_4440029_17373351692957_big.jpg?w=1200,없음,https://image.msscdn.net/thumbnails/images/goods_img/20240913/4440029/4440029_17302623518017_big.jpg?w=1200,hoodie_0312,"36,978",8만 회 이상 (최근 1개월),5.7천 개 이상,후기 625개,4.8,"개인적으로 후드티 모자핏, 질감, 핏 굉장히 중요하게 보는데 적당한 시보리로 라인감 살리고 기모 부들부들에다가 폭닥하게 덮이는 모자. 그리고 귀여운 글씨가 이 후드T의 kick이네요.",다른 후기들 저럼 목이 좁긴 한데 입고 벗을 때 말고는 딱히 불편하진 않아요 기모도 따뜻하고 팔기장도 길고 좋으네요.,목이 좀 답답해요 디자인은 예쁘고 따뜻한데 후드가 좀 무거워요 그게 좀 아쉽네요,여자친구랑 커플로 맞췄는데 너무 예뻐요:) 어깨부분이 조금 올라오는데 구매하실때 참고하셔요 목부분도 다른 후드티에 비해 짱짱하게 잡아줘서 좋고 기모가 있어서 겨울에 입기에 따숩네요^^,레터링도 귀엽고 덩치 커보이긴한데 이런 느낌 좋아해서 맘에들어요! 기모도 있어서 올 겨울 교복템 될 거 같은 느낌?!
https://www.musinsa.com/products/4361189,LONELY/LOVELY FLUFF HOODIE CHARCOAL-NAVY,없음,없음,"168,000원",노앙,https://image.msscdn.net/mfile_s01/_brand/free_medium/nohant.png?20200608153142,상의,후드 티셔츠,https://image.msscdn.net/thumbnails/images/goods_img/20240822/4361189/4361189_17245661634938_big.jpg?w=1200,https://image.msscdn.net/thumbnails/images/prd_img/20240822/4361189/detail_4361189_17245661730925_big.jpg?w=1200,https://image.msscdn.net/thumbnails/images/prd_img/20240822/4361189/detail_4361189_17245661738193_big.jpg?w=1200,https://image.msscdn.net/thumbnails/images/prd_img/20240822/4361189/detail_4361189_17245661785845_big.jpg?w=1200,hoodie_0313,876,3.7천 회 이상 (최근 1개월),없음,후기 53개,4.9,색깔이 너무 맘에듭니다!!! 사이즈도 적당하구요! 다른색 또 구매할려구요!,말모죠 퀄리티 좋고 예쁩니다 저번에 사이즈 없어 미듐으로 샀다가 라지로 시켜봤는데 폼 넓고 또 다른 맛이네요 좋아요,이후드 핏이 일단 너무 좋고 색감이 너무이쁩니다,"이번에 맨투맨제품과 같이 노앙 제품 처음 구매해봤는데, 소재 핏 칼라감 너무 만족했습니다. 핏이랑 소재가 진짜 마음에 들어요! 후드 끈 없는걸 개인적으로 좋아하는데 만족쿠100임미다",노앙 후드 항상 잘입고있어요 핏이 예쁘고 컬러도 예뻐요
https://www.musinsa.com/products/4456834,1996 아치 그래픽 오버핏 배색 후드티셔츠 네이비,"49,800원",40%,"29,880원",언탭트 스튜디오,https://image.msscdn.net/mfile_s01/_brand/free_medium/untapped.png?1730708272814,상의,후드 티셔츠,https://image.msscdn.net/thumbnails/images/prd_img/20240924/4456834/detail_4456834_17271530543191_big.jpg?w=1200,https://image.msscdn.net/thumbnails/images/prd_img/20240924/4456834/detail_4456834_17271530551427_big.jpg?w=1200,없음,https://image.msscdn.net/thumbnails/images/goods_img/20240924/4456834/4456834_17314751955244_big.jpg?w=1200,hoodie_0314,885,5.6천 회 이상 (최근 1개월),없음,후기 28개,4.6,좋긴한데 옷밑에 벤딩 부분이 약해서 조금 아쉬워요.,생각보다 크지않고 165키에도 딱 맞습니다 특유의 톡톡튀는 느낌이 잘느껴져서 좋았어요,디자인 맘에들고 특히 쌀쌀한 가을 아님 봄때 입으면 좋을것 같습니다,조금 얇아서 봄에 입기 좋을 것 같고 색감도 나쁘지않음,배송도 빠르고 제품도 퀄리티가 상당합니다. 마음에 쏙 듭니다. 강츄!!!
https://www.musinsa.com/products/4421601,크랙 프린팅 로고 후드 - 그레이,"75,000원",20%,"60,000원",구빈,https://image.musinsa.com/mfile_s01/_brand/free_medium/gubin.png?20230914173849,상의,후드 티셔츠,https://image.msscdn.net/thumbnails/images/goods_img/20240909/4421601/4421601_17262069599679_big.jpg?w=1200,https://image.msscdn.net/thumbnails/images/prd_img/20240909/4421601/detail_4421601_17262069677869_big.jpg?w=1200,https://image.msscdn.net/thumbnails/images/prd_img/20240909/4421601/detail_4421601_17262069689461_big.jpg?w=1200,https://image.msscdn.net/thumbnails/images/prd_img/20240909/4421601/detail_4421601_17262069767646_big.jpg?w=1200,hoodie_0315,"1,389",3.8천 회 이상 (최근 1개월),없음,후기 21개,4.9,박성호 손민수로 샀어요!후기보니까 저랑 비슷한분들은 다들 m사셨길래 저도 m을 샀는데 생각보다 많이 큽니당 오버핏 수준이아니라 엉덩이를 다덮고 팔길이도 길어서 두번 접으면 겨우 손이 나올정도에요. 그래도 디자인이나 재질도 좋고 청바지랑 입으면 예뻐서 교환은 따로 하지않고 입기로 했습니다 저랑 스펙 비슷하신분들은 꼭 s사세요!,박성호 손민수 한건데 넘 이뻐요ㅎㅎ 원햇던 핏이고 모자도 넉넉해서 좋아요,체험단 먼저 택배가 도착했을 때 포장지를 보고 놀랐습니다 종이?느낌에 포장지인데 뜯기도 편하고 깔끔하고 뜯기도 전부터 기분이 좋아지는 느낌입니다!  저는 M을 선택했는데 제 키를 생각안하고 선택했나봅니다.. ㅜㅜ 158 에겐 기장이 조금 깁니다 그래도 오버핏으로 예쁘게 입을 수 있을 것 같아요 😁 팔부분도 부피가 넉넉해서 가오리 느낌의 오버핏으로 예쁘게 입을 수 있을 것 같습니다  로고에 크랙 프린팅으로 빈티지 느낌이 너무 예쁩니다 마침 후드티의 계절이라 후드티를 살 생각이었는데 체험단으로 구빈 후드티에 당첨되어 영광입니다 🍀🙌🏻  전체적으로 너무 다 마음에 들어서 앞으로도 구빈 이라는 브랜드를 애용하게 될 것 같습니다 🙆🏻‍♀️ 감사합니다 ~~!!,체험단 사진과 똑같습니다 아니 그이상으로 맘에듭니당 키179 몸무게77 라지사이즈 가슴단면이 꽤 크게 나왔는데 딱 자연스러운 오버핏으로 떨어지고요 전면 데미지스러운 프린팅이 빈티지함을 한층 더 강조합니다 제가 찍은 착샷은 그레이 컬러가 좀 옅게 나왔는데 실제 색상은 모델샷에 훨씬 더가깝습니다 전면 하단 주머니에 찡? 포인트도 예쁘고 주머니도 활용도가 너무 좋습니당 무게감은 보통 후드티 정도고 한여름빼고는 두루두루 계속해서 잘 입을수 있을것 같아요 후드티 안에 하얀 티셔츠 같이 입어주면 딱입니다 강추합니다 파랑도 예쁜데 그레이가 찐입니다,체험단 후기에 앞서 체험단에 선정해주신 분들께 감사드립니다:)  일단 사이즈는 적당히 오버핏입니다. 가슴이나 팔의 폭이 여유가 있어요. 원래 입으시던 사이즈로 시키시면 오버핏으로 입을 수 있고 딱 맞게 입고 싶으시면 한 사이즈 작게 시키시면 되겠습니다.  디자인은 예쁩니다. 무난한 회색 후드에 크랙 프린팅이 되어 있어서 빈티지하면서도 힙한 느낌이 나요. 보통 프린팅 로고는 세탁하다보면 뜯어지는 경우가 있는데 이 후드는 그런 걱정은 안해도 될거 같아요. 회색 배경에 버건디 글자도 조합이 좋은 것 같아요.  그런데 옷에 공장 특유의 냄새가 다른 새옷에 비해 많이 납니다. 한 번 빨아입으면 좀 괜찮을 것 같네요. 배송은 조금 늦은 편이었으나 문제 될 정도는 아니었습니다.  코디할 때는 평소에 캐주얼하게 입기도 좋고 꾸안꾸 느낌으로도 좋을 것 같아요. 파라슈트 팬츠나 조거 팬츠랑 잘 어울릴 듯 하네요. 와이드 팬츠라면 웬만하면 잘 어울릴 건 같아요
https://www.musinsa.com/products/4412404,뉴웨이브 메트로라인 기모 후드 버건디 YKHD1495,"65,900원",40%,"39,800원",페플,https://image.musinsa.com/mfile_s01/_brand/free_medium/fp142muji.png?20220517173446,상의,후드 티셔츠,없음,없음,없음,https://image.msscdn.net/thumbnails/images/goods_img/20240905/4412404/4412404_17255304296209_big.jpg?w=1200,hoodie_0316,"4,760",1.1만 회 이상 (최근 1개월),1.7천 개 이상,후기 152개,4.9,완전이쁨오버핏으로 좋아요 기모도 따뜻합니다,따뜻한 기모 소재의 후드티로 버건디 색상이 너무 예쁘게 나온 제품입니다 이곳저곳 아무렇게나 입어도 다 잘어울려요 강추👍,엄청 자주 입고 다니고 너무 편해서 어딜 가든 입을 수 있어서 좋은 거 같다,색갈도 예쁘고 편해서 좋아요 기모도있어서 너무너무 따뜻해요,"처음 왔을때 먼지가 있고, 냄새가 조금 났지만 그 외에는 너무 만족스럽습니다~!"
https://www.musinsa.com/products/4339019,스페이스 빌런 체크 후드 멜란지화이트,"79,000원",35%,"51,350원",후드후드,https://image.msscdn.net/mfile_s01/_brand/free_medium/hoodhood.png?1730454920852,상의,후드 티셔츠,https://image.msscdn.net/thumbnails/images/prd_img/20240816/4339019/detail_4339019_17249966485393_big.jpg?w=1200,https://image.msscdn.net/thumbnails/images/prd_img/20240816/4339019/detail_4339019_17249966493869_big.jpg?w=1200,없음,https://image.msscdn.net/thumbnails/images/goods_img/20240816/4339019/4339019_17249966402000_big.jpg?w=1200,hoodie_0317,"3,593",1.4만 회 이상 (최근 1개월),없음,후기 50개,4.8,이한이 손민수템인데 저한테는 안어울리네요.. 그래도 이뻐요!!,사이즈도 딱 맞아서 좋고 이한이 손민수 해서 기분이 좋네요 모자 포인트도 넘 좋아요 😻,제 최애가 입어서 손민수 했는데 진짜 너무 예뻐용 ㅎㅎ,"살가말가 망설이다가 타임세일해서 바로 구매햇어요~ 색감 너무이쁘고 후드 체크 포인트 좋아요! 사이즈도 오버핏맘에들지마 밑단 시보리 좀만더 짱짱했으면,,","살가말가 망설이다가 타임세일해서 바로 구매햇어요~ 색감 너무이쁘고 후드 체크 포인트 좋아요! 사이즈도 오버핏맘에들지마 밑단 시보리 좀만더 짱짱했으면,,"
https://www.musinsa.com/products/4355506,Stripe Hoodie Tee Burgundy,"65,000원",25%,"48,750원",스컬프터,https://image.musinsa.com/mfile_s01/_brand/free_medium/sculptor.png?20240126133440,상의,후드 티셔츠,https://image.msscdn.net/thumbnails/images/prd_img/20240821/4355506/detail_4355506_17313049259648_big.jpg?w=1200,https://image.msscdn.net/thumbnails/images/prd_img/20240821/4355506/detail_4355506_17313049261859_big.jpg?w=1200,없음,https://image.msscdn.net/thumbnails/images/goods_img/20240821/4355506/4355506_17313049251238_big.jpg?w=1200,hoodie_0318,"7,039",2만 회 이상 (최근 1개월),없음,후기 179개,4.8,줄무늬옷 살때 옆면 줄 라인 맞는걸 중요시여기는데... 스컬프터 실망이네용;; 이런후기를 봤다면 안샀을텐데 가격이 싸지도 않은데 이런퀄리티라니...반품 귀차나서 그냥 입어요,스컬프터가.. 핏은 정말 잘뽑는거같습니다.. 너무 예뻐요 요즘 최애옷,이런 색감 딱 좋아해서 잘 산 것 같다는 생각이 들어요 ㅎㅎ 개강하면 입고 다녀야겠어유,"상세컷만 봤을때도 마음에 들었는데 역시나 입어봤는데 예쁘네요 여기저기 매치하기도 편하고, 흔치않은 버건디 컬러라서 더 좋은거같아요",사이즈는 그냥 기장만 보시면 될 것 같아요 누가 입어도 그냥 히트택이 돼요
https://www.musinsa.com/products/4342727,타이푼 스포티 배색 후드티 GHT-482,"49,900원",25%,"37,400원",고스트리퍼블릭,https://image.musinsa.com/mfile_s01/_brand/free_medium/ghostrepublic.png?20221013171800,상의,후드 티셔츠,https://image.msscdn.net/thumbnails/images/prd_img/20240819/4342727/detail_4342727_17289532191211_big.jpg?w=1200,https://image.msscdn.net/thumbnails/images/prd_img/20240819/4342727/detail_4342727_17258431896073_big.jpg?w=1200,없음,https://image.msscdn.net/thumbnails/images/goods_img/20240819/4342727/4342727_17289532339728_big.jpg?w=1200,hoodie_0319,"6,230",3만 회 이상 (최근 1개월),1.2천 개 이상,후기 142개,4.9,요즘은 디자인이 튀지 않고 약간의 포인트만 되는거에 꽂혀서 이것저것 주문중인데 그 중 가장 마음에 드는게 요거인거 같아요! 배색의 디자인이 튀지 않고 어떤옷이든 휘뚜루마뚜루 잘 어울려요! 특히 진청이랑 입으면 넘 이뿌고요! 사이즈 넉넉히 했더니 오버핏하게 떨어지는게 핏감 넘 마음에 듭니다~ 완전 추천이에요!,"체험단 1. 사이즈 키 186에 체격이 조금 있는 편으로 평상시에 상의 XL-2XL입는데 이 제품 2XL는 넉넉하게 잘 맞았어요. 평상시에 팔길이에 좀 예민한데 팔길이도 넉넉해서 좋았습니다!  2. 재질 포근하고 편한 원단이에요. 안에 아무것도 안입고 입은적도 있는데 안에 아무것도 받쳐입지 않아도 까끌거리지 않고 부드러워서 완전 편했어요👍 쭈리원단은 조금 루즈하게 떨어지는 편이라, 각잡힌걸 원하시는 분들은 기모원단으로 구입하시는 걸 추천 드려요.  3. 디자인 배색이 너무 맘에 들었고, 꾸민듯 편하게 입을 때 너무 좋은 것 같아요😊 검정색도 사고 싶어졌어요.  배송도 빠르고 디자인도 딱 제스타일이라 전반적으로 맘에 들었습니다! 간절기에 입기에는 더할 나위없는 제품인거 같아요! 체험해볼 수 있는 좋은 기회를 주셔서 감사합니다😊",팔기장 넉넉하니 좋아요! 롱슬리브 대신 종종 입는데 롱스커트랑도 잘어울립니다. 품은 너무 넓지도 않고 핏이 마음에 드네요!,생각보다 더 얇긴한데 안에 반팔티랑 입으니까 딱 좋았어요!! 너무 부해보이지 않고 만족스럽습니다🥰,한달후기 편하게입기 좋고 무난하게 입기 좋으면서 가성비 좋아요
https://www.musinsa.com/products/4430476,"미니 스타 후디,블랙","85,000원",30%,"59,500원",오피쉬,https://image.musinsa.com/mfile_s01/_brand/free_medium/oafish.png?20240104160438,상의,후드 티셔츠,https://image.msscdn.net/thumbnails/images/goods_img/20240911/4430476/4430476_17260768986856_big.jpg?w=1200,https://image.msscdn.net/thumbnails/images/prd_img/20240911/4430476/detail_4430476_17260769111987_big.jpg?w=1200,https://image.msscdn.net/thumbnails/images/prd_img/20240911/4430476/detail_4430476_17260769118977_big.jpg?w=1200,https://image.msscdn.net/thumbnails/images/prd_img/20240911/4430476/detail_4430476_17260769139284_big.jpg?w=1200,hoodie_0320,"16,598",5만 회 이상 (최근 1개월),1.4천 개 이상,후기 201개,4.7,후드 너무 귀여워요. 특이하게 스웨터? 같은 재질이네요. 안에 기모로 되어 있어서 따뜻하고 겨울에도 입을 수 있는 후드티입니다. 모자에 끈이 달려있지 않아서 깔끔해요. 2사이즈 했는데 길이나 핏은 적당한 핏이고 1해도 됐을 거 같아요. 오피쉬 후드 맛집이네요. 굳,안에 기모가 앞뒤로 얇게 들어있는데 부들부들하고 엄청 따수워요!! 그리고 별 왕창 박혀 있는게 진짜 귀엽습니다… 친구가 잠옷이냐고 물어보긴 했는데 귀여우면 됐죠 뭐…,안감이 기모라 넘 따뜻하고 부드러워서 맨살에 입어도 안 불편했어욤 ❤️❤️,귀엽습니다 길이도 적당해요 따뜻해용,갑자기 입원하게 되느냐고 손을 자주 씻다보니 핸드크림을 못가져가서 손이 악건조할때 이옷을 입게 되었는데 난 보호자였다 손이 닿는곳에 뜯기고 보풀 생기고 너무 속상
https://www.musinsa.com/products/4331059,[Tiger Collection] 타이거 버킷 후디 BLACK,"239,000원",30%,"167,300원",말본 골프,https://image.musinsa.com/mfile_s01/_brand/free_medium/malbongolf.png?20210804102653,스포츠/레저,상의,https://image.msscdn.net/thumbnails/images/goods_img/20240814/4331059/4331059_17236167511321_big.jpg?w=1200,없음,없음,https://image.msscdn.net/thumbnails/images/prd_img/20240814/4331059/detail_4331059_17236167518971_big.jpg?w=1200,hoodie_0321,6,없음,없음,후기 1개,없음,역시 골프웨어는 말본입니다……!!!!! 평상복으로 입어도 좋고 사이즈도 딱 알맞네요,없음,없음,없음,없음
https://www.musinsa.com/products/4723717,TCM so hoodie (black),"89,000원",10%,"80,100원",더콜디스트모먼트,https://image.musinsa.com/mfile_s01/_brand/free_medium/thecoldestmoment.png?20200710145248,상의,후드 티셔츠,https://image.msscdn.net/thumbnails/images/goods_img/20250116/4723717/4723717_17387151242830_big.jpg?w=1200,https://image.msscdn.net/thumbnails/images/prd_img/20250116/4723717/detail_4723717_17387151313974_big.jpg?w=1200,https://image.msscdn.net/thumbnails/images/prd_img/20250116/4723717/detail_4723717_17387151321662_big.jpg?w=1200,https://image.msscdn.net/thumbnails/images/prd_img/20250116/4723717/detail_4723717_17387151337784_big.jpg?w=1200,hoodie_0322,321,1.2천 회 이상 (최근 1개월),없음,없음,없음,없음,없음,없음,없음,없음
https://www.musinsa.com/products/4375688,DTF 스탠다드 유니버시티스웨츠 후디 블랙 화이트,"49,000원",27%,"35,800원",리브레너,https://image.musinsa.com/mfile_s01/_brand/free_medium/rebrenner.png?20220930124641,상의,후드 티셔츠,https://image.msscdn.net/thumbnails/images/goods_img/20240827/4375688/4375688_17247432246843_big.jpg?w=1200,없음,없음,https://image.msscdn.net/thumbnails/images/prd_img/20240827/4375688/detail_4375688_17247432294685_big.jpg?w=1200,hoodie_0323,"6,701",4만 회 이상 (최근 1개월),3.3천 개 이상,후기 200개,4.7,"배송이 빠르고 디자인이 마음에 들어 샀는데, 입어보니 편하고 마음에 들어요",옷이 깔끔하고 편하게 입기 좋습니다.중딩 딸 주려고 구매했어요,사이즈 딱 적당하고 재질이 얇아서 잠바 안에 입기 편한고 같습니다 뚜껍고 따뜻한 재질은 아니니 참고 하셔요,깔끔하고 예뻐요! 무난하게 입기 좋을 것 같습니다,디자인 이쁘고 간편하게 입기에 편해요~! 봄 가을에 입기 좋습니다.
https://www.musinsa.com/products/4397049,[4COLOR] DOODLE HEART HOODIE,"79,000원",20%,"63,200원",메종미네드,https://image.musinsa.com/mfile_s01/_brand/free_medium/maisonmined.png?20240126133232,상의,후드 티셔츠,https://image.msscdn.net/thumbnails/images/prd_img/20240903/4397049/detail_4397049_17355447958793_big.jpg?w=1200,https://image.msscdn.net/thumbnails/images/prd_img/20240903/4397049/detail_4397049_17355447965004_big.jpg?w=1200,없음,https://image.msscdn.net/thumbnails/images/goods_img/20240903/4397049/4397049_17355447799203_big.jpg?w=1200,hoodie_0324,"10,354",2만 회 이상 (최근 1개월),3.9천 개 이상,후기 432개,4.9,"🏷 배송 : 오후 늦게 주문했는데 약 2일 소요 되었습니다!  🏷 원단 : 촉감은 부드럽고 안쪽도 꺼칠한 느낌이 없고, 지금 날씨에는 이것만 입고 조금 더 추워지면 이너로 아우터랑 같이 입기 좋은 두께감👍  🏷 사이즈 & 착용감 등 : L 사이즈 구매해서 입었는데, 핏도 원하는 느낌이고 기장도 적당한 기장감에 안에 레이어드해서 입으면 이쁘더라고요👍 안감도 꺼칠한 느낌은 없어서 안에 따로 입지 않아도 신경쓰이거나 불편한 부분은 없을 것 같습니다👍 프린팅도 너무 심심하지 않은데 부담스러울 정도도 아니였고 무엇보다 버건디 컬러가 진짜 이쁩니다!!!!! 가격대도 적당하게 구입해서 다른 컬러도 구입해볼까 고민될 만큼 만족합니다!!!",L사이즈로 왔는데 괜찮아요 크게 입을게요 색도 이쁘고 조합하기 쉬울거같아요,24.10.14,배송은 넘느리지만 옷은 가볍고 화면보다 진한 벽돌색이라 고급스럽고 이뻐요 169에 55중딩 마른남 s사이즈 길이 짧은거 같아 m사이즈 했는데 길이는 딱좋은데 품이랑 팔길이가 좀기네요 S사이즈가 딱맞을거같네요 마른남성 여성분들은 무조건 s사이즈 가야되요 다른 브랜드 한사이즈 오버 같아요,주문한지 2일만에 도착했어요. 주말간 날씨 너무 좋아서 바로 착용했습다~  ✅배송 : 2일 ✅원단 : 지금(가을) 입기 딱 좋은 소재 ✅사이즈\착용감: L사이즈 구매했는데 약간 크롭하여 다리가 길어보이고 버건디 컬러가 가을철 포인트 주기 너무 좋은 컬러같아요  ✅ 지금 할인에 쿠폰까지 먹여서 저렴하게 구입했어요.! 다른 컬러로 구입 예정입니다 ㅎㅎ  메종미네드 최고❗️
https://www.musinsa.com/products/4460025,FLYING CATS HOODIE light heather gray,"99,000원",30%,"69,300원",엘엠씨,https://image.musinsa.com/mfile_s01/_brand/free_medium/lmc.png?20220610163914,상의,후드 티셔츠,https://image.msscdn.net/thumbnails/images/prd_img/20240924/4460025/detail_4460025_17292303924169_big.jpg?w=1200,https://image.msscdn.net/thumbnails/images/prd_img/20240924/4460025/detail_4460025_17272455591360_big.jpg?w=1200,없음,https://image.msscdn.net/thumbnails/images/goods_img/20240924/4460025/4460025_17297344262539_big.jpg?w=1200,hoodie_0325,747,2.5천 회 이상 (최근 1개월),없음,후기 26개,없음,"체험단 174, 72 스펙에 M사이즈를 착용했는데, 기장도 딱 적당하고 소매길이도 손바닥 아랫부분까지 커버되서 딱 좋았습니다😁 착용감은 좀 얇다고 생각할 수 있는데, 막상 입어보면 안쪽에 기모인지는 모르겠는데, 옷 안쪽면이 까슬까슬하지않고 따뜻하면서도 부드러워서 너무 좋았어요✨️ 뒷면에 LMC 시그니처 프린팅도 너무 힙하잖아?....지구본 모양에 고양이 그림이 너무나도 이쁘죠?? 옷 앞부분에는 깔끔하게 LMC로고가 미니멀하게 들어가있었어요! 겨울철에는 아우터 안에 입어도 좋을 듯 합니다🫧  조만간 또 다른 옷도 구매해봐야겠어요💪",고양이가 너무 귀여워요. 아들 선물로 사줬더니 좋아하네요.,디자인도 진짜 예쁜거같아요 코디하기도 쉽고p,한달후기 잘 입고 있어요 예쁘고 기모 버전도 구매해보고 싶음,한달후기 가족여행가서 단체티로 맞췄는데 정말좋았어요 ㅎㅎ
https://www.musinsa.com/products/4421709,피그먼트 헤비 스웨트 후디_Charcoal,"99,900원",35%,"64,900원",맨인스토어 프로덕트,https://image.musinsa.com/mfile_s01/_brand/free_medium/maninstore.png?20240108135743,상의,후드 티셔츠,없음,없음,없음,https://image.msscdn.net/thumbnails/images/goods_img/20240909/4421709/4421709_17367435119776_big.jpg?w=1200,hoodie_0326,"5,498",5만 회 이상 (최근 1개월),2.4천 개 이상,후기 185개,4.8,이런 ssibal 이거 중고 상품 입니까? 마감처리 왜 이따구? 여기저기 실밥 다 튀어 나와있네 새상품 받고 기분 더러운적 오랜만인듯 ^1부럴것,두툼하고 좋습니다 색상도 피그먼드로 잘빠졋고 다만,이물질이 묻은 제품을 받아서 교환 받았더니 이번엔 마감 불량이네요 옷은 이쁜데 품질이 굉장히 별로입니다.,"후드티 정면 주머니에 얼굴이 좀 크게 있는데 그냥 예쁘고 마감도 괜찮아서 감안하고 입으려구요,,, 재고에 신경 좀 써 주세요. 디자인은 예쁜데 얼룩이 안지워지면 맘이 좀 아프겠네요",너무 이뻐요 다른색도 사고 싶습니다. 친구가 손민수 해감..
https://www.musinsa.com/products/4465425,워커 웜 후드 브라운 HYHD4657,"63,600원",31%,"43,900원",퍼스텝,https://image.musinsa.com/mfile_s01/_brand/free_medium/perstep.png?20230926180845,상의,후드 티셔츠,없음,없음,없음,https://image.msscdn.net/thumbnails/images/goods_img/20240926/4465425/4465425_17273135158732_big.jpg?w=1200,hoodie_0327,"1,083",1.5천 회 이상 (최근 1개월),없음,후기 45개,4.8,한달후기 요즘 넘 자주 입고 다녀요 색상도 넘 예쁘고 옷도 변형없이 탄탄한 소재가 맘에들어요,한달후기 고민 많이 하고 구매하였는데 너무 마음에 드네요 감사합니다 ㅎㅎ,한달후기 옷도 따둣하고 재질도 좋아서 겨울에도 입기 좋아요!,큼ㅜ 통이랑 길이 다 커서 건조기 돌림 그니까 좀 입을만함,가격대에 비해 퀄리티 괜찮네요 ! 재질도 괜찮아서 오래 입을 수 있을 것 같아요 !
https://www.musinsa.com/products/4429387,Wrap Half Zip Hoodie - Melange Grey & Oatmeal,없음,없음,"129,000원",앵글런,https://image.musinsa.com/mfile_s01/_brand/free_medium/anglan.png?20201106180309,상의,후드 티셔츠,https://image.msscdn.net/thumbnails/images/goods_img/20240911/4429387/4429387_17267954350283_big.jpg?w=1200,https://image.msscdn.net/thumbnails/images/prd_img/20240911/4429387/detail_4429387_17267954730057_big.jpg?w=1200,https://image.msscdn.net/thumbnails/images/prd_img/20240911/4429387/detail_4429387_17267954741903_big.jpg?w=1200,https://image.msscdn.net/thumbnails/images/prd_img/20240911/4429387/detail_4429387_17267954784945_big.jpg?w=1200,hoodie_0328,97,350회 이상 (최근 1개월),없음,후기 2개,없음,한달후기 후드 넘 귀엽고 예뻐요 오버핏도 맘에 들고 완전 잘 입고댕김,기다린 보람이 있어요 완잔 예쁩니다 지금 입기 딱인듯해요오,없음,없음,없음
https://www.musinsa.com/products/4367044,890G 머드 다잉 후드-더스키 버건디-,"126,700원",50%,"63,300원",소버먼트,https://image.musinsa.com/mfile_s01/_brand/free_medium/sovermentwithlomort.png?20201105164327,상의,후드 티셔츠,없음,없음,없음,https://image.msscdn.net/thumbnails/images/goods_img/20240823/4367044/4367044_17250161736617_big.jpg?w=1200,hoodie_0329,"1,166",6.6천 회 이상 (최근 1개월),없음,후기 34개,4.9,소버먼트 후드티 고민많이했는데 생각한느낌인거같아요 두툼해서 여름제외하고 많이입을듯 합니다,색상 ㄱㅊ고 짱짱함 나쁘지 않음 가격도 뭐 나름 ㄱㅊ은듯함,"한달후기 다른 버건디들은 좀 쨍해서 어두운 버건디를 찾고 있었는데, 검정 워싱이 들어가서 너무 예뻐요~ 면이 두툼해요~ 세미 오버핏인데, 핏에 비에 총장이 조금 크롭하게 느껴져요~","다른 버건디들은 좀 쨍해서 어두운 버건디를 찾고 있었는데, 검정 워싱이 들어가서 너무 예뻐요~ 면이 두툼해요~ 세미 오버핏인데, 핏에 비에 총장이 조금 크롭하게 느껴져요~",배송도빠르고상품도좋아요 처음 접해보는데 다른리뷰처럼 묵지하니좋습니다
https://www.musinsa.com/products/4324653,MOVING SYMBOL HOODIE_BLACK(NG2EFUM416A),"79,000원",20%,"63,200원",나이스고스트클럽,https://image.msscdn.net/mfile_s01/_brand/free_medium/niceghostclub.png?1730455267007,상의,후드 티셔츠,https://image.msscdn.net/thumbnails/images/prd_img/20240813/4324653/detail_4324653_17237787349536_big.jpg?w=1200,https://image.msscdn.net/thumbnails/images/prd_img/20240813/4324653/detail_4324653_17237787352035_big.jpg?w=1200,없음,https://image.msscdn.net/thumbnails/images/goods_img/20240813/4324653/4324653_17237787341588_big.jpg?w=1200,hoodie_0330,"3,516",7.1천 회 이상 (최근 1개월),없음,후기 27개,없음,"배송도 빠르고, 핏이랑 프린팅도 이쁘고 좋습니다",제 키에 오버핏을 좋아하신다면 고민하지 마시고 L사이즈로 주문하시길 바래요,생각보다 사이즈다 엄청 크더라고요 교환하기 귀찮기도 하고 못입을 정도는 아니라 그냥 입기로 했어요 재질이 무척 마음에 들어요,샀는데 넘 예뽀서 애인도 선물해 준 후드티… 🥰 은은하게 빛나는 듯한 프린팅도 이쁘고 예쁜 후드티 핏이라 마음에 드네요 껴입으면 겨울용 간절기까지 휘뚤마뚤 가능할 것 가턴… ///_/// 추천합니당!!,샀는데 넘 예뻐서 애인 것두 사주었어요… 애인두 넘 마음에 들어하쉼 커플룩이 되어버렷잖아~~….🥰 프린팅 은은하게 빛나는 거 같다구~~ 예쁘다고 하심
https://www.musinsa.com/products/4348548,Int Prty Hoodie (White)_K24ZB765,"85,000원",30%,"59,900원",네스티킥,https://image.msscdn.net/mfile_s01/_brand/free_medium/nastykick.png?20200608153142,상의,후드 티셔츠,https://image.msscdn.net/thumbnails/images/goods_img/20240820/4348548/4348548_17254243088219_big.jpg?w=1200,https://image.msscdn.net/thumbnails/images/prd_img/20240820/4348548/detail_4348548_17254243159932_big.jpg?w=1200,https://image.msscdn.net/thumbnails/images/prd_img/20240820/4348548/detail_4348548_17248260964301_big.jpg?w=1200,https://image.msscdn.net/thumbnails/images/prd_img/20240820/4348548/detail_4348548_17248261043376_big.jpg?w=1200,hoodie_0331,"15,473",1.4만 회 이상 (최근 1개월),1.8천 개 이상,후기 230개,4.8,"완전 쌩화이트 색상에 핏, 디자인까지 다 너무 맘에 들어요",핏이 원하능 핏이 아니라 슬펐어요 길이가 짧은편이예요,예쁜데 건조기돌렷더니 오버핏으로입으려고햇던데 확 줄어버려서 정핏도아니고뭐도아닌그런핏이되어버림… 건조기절대돌리지마세요 ㅠ,무겁지 않고 얇은 후드티에요! 시보리 짱짱하고 기엽네요 근데 입으니까 생각보다 프린팅이 좀 큰 느낌? 저렴하게 사서 좋아요! 근데 옷 냄새가 넘 심해ㅜㅜ,한달후기 빨래 몇번 돌려도 실밥 몇개 말고는 처음이랑 똑같은 컨디션
https://www.musinsa.com/products/4424295,[SET] 스포티 래글런 후드티 2종 세트,"99,800원",40%,"59,900원",고스트리퍼블릭,https://image.musinsa.com/mfile_s01/_brand/free_medium/ghostrepublic.png?20221013171800,상의,후드 티셔츠,https://image.msscdn.net/thumbnails/images/goods_img/20240910/4424295/4424295_17259443483593_big.jpg?w=1200,https://image.msscdn.net/thumbnails/images/prd_img/20240910/4424295/detail_4424295_17259443736468_big.jpg?w=1200,https://image.msscdn.net/thumbnails/images/prd_img/20240910/4424295/detail_4424295_17259443746121_big.jpg?w=1200,https://image.msscdn.net/thumbnails/images/prd_img/20240910/4424295/detail_4424295_17259444140172_big.jpg?w=1200,hoodie_0332,988,6.2천 회 이상 (최근 1개월),없음,후기 30개,4.9,올해 내가 산 후드 중에 제일 마음에 든다. 사세요 여러분!,딸이랑 커플로 구매했는데 디자인이 이쁘고 따뜻하고 편합니다,"배송 빠르고, 포장상태 좋고, 질 톡톡해요 근데 L사이즈가 좀 작아요 ㅠ 결론은 딱맞아서 아쉬움 일반 여성옷 사이즈인듯 ㅠ 다행히 하나는 XL여서 오버핏 될듯",딸아이가 디자인이 맘에 들어해 선물로 구매했습니다 만족하며 즐겨 입는거 같습니다,사이즈 잘 맞고 디자인 무난해서 자주 입게되네요.
https://www.musinsa.com/products/4353527,ANGELDEM 오버핏 후드 티셔츠 6 COLORS [기모],"49,800원",30%,"34,800원",프라임에이트,https://image.musinsa.com/mfile_s01/_brand/free_medium/primate.png?20240202165942,상의,후드 티셔츠,https://image.msscdn.net/thumbnails/images/goods_img/20240821/4353527/4353527_17250031813514_big.jpg?w=1200,https://image.msscdn.net/thumbnails/images/prd_img/20240821/4353527/detail_4353527_17250031895734_big.jpg?w=1200,https://image.msscdn.net/thumbnails/images/prd_img/20240821/4353527/detail_4353527_17250031926634_big.jpg?w=1200,https://image.msscdn.net/thumbnails/images/prd_img/20240821/4353527/detail_4353527_17250032026196_big.jpg?w=1200,hoodie_0333,"12,903",8만 회 이상 (최근 1개월),6.2천 개 이상,후기 433개,4.8,완전 카키로 색chill 해져서 입는 순간 chillguy이가 되버렸다.. 생각보다 어두웠고 더 오버핏 원할려면 L로 가는게 맞다,다른건 다 좋은데 안에 기모가 계속 묻어 나와요 몇번 빠니까 덜 하긴 하네요,디자인 예쁘고 소재 탄탄한데 사이즈가 지이이인짜 큼 저랑 비슷한 스펙이신분들은 더 작은 사이즈로 사세요…,옷도 예쁘고 모자핏도 잘 떨어져서 좋아요. 그리고 옷이 엄청 부드러워서 입기 편해요.,색깔 너무 이쁘고 시보리도 짱짱해서 좋아요 상세사이즈보다 살짝 커요!!
https://www.musinsa.com/products/4735388,Overdyed Embroidery Hoodie Dusty Pink,없음,없음,"119,000원",디스이즈네버댓,https://image.musinsa.com/mfile_s01/_brand/free_medium/thisisneverthat.png?20240122174353,상의,후드 티셔츠,https://image.msscdn.net/thumbnails/images/goods_img/20250122/4735388/4735388_17386557163522_big.jpg?w=1200,https://image.msscdn.net/thumbnails/images/prd_img/20250122/4735388/detail_4735388_17386557217027_big.jpg?w=1200,https://image.msscdn.net/thumbnails/images/prd_img/20250122/4735388/detail_4735388_17386557228519_big.jpg?w=1200,https://image.msscdn.net/thumbnails/images/prd_img/20250122/4735388/detail_4735388_17386557248201_big.jpg?w=1200,hoodie_0334,111,300회 이상 (최근 1개월),없음,없음,없음,없음,없음,없음,없음,없음
https://www.musinsa.com/products/4307553,W NEW CLASSIC LOGO HOODIE oatmeal,없음,없음,"109,000원",마리떼,https://image.musinsa.com/mfile_s01/_brand/free_medium/marithefrancoisgirbaud.png?20210127142317,상의,후드 티셔츠,없음,없음,없음,https://image.msscdn.net/thumbnails/images/goods_img/20240808/4307553/4307553_17235127317260_big.jpg?w=1200,hoodie_0335,"3,070",1.8만 회 이상 (최근 1개월),없음,후기 95개,4.9,뭔가 .. 옷이 어정쩡함 10만원의 퀄리티가 아닌듯함,매장에서 입어보고 구매합니다 소재도 너무 만족해요,#크롭후드티#가을교복#후드티#여자후드티#겨울쿨톤코디 평소에 아이보리 옷중에 노란끼 들어간게 잘 안어울리는 겨울쿨톤 입니다. 그래서 로고 컬러가 묘한 챠콜색이라 맘에 들었구 작은 키를 보완시킬 크롭한 기장도 차분한 아이보리컬로도 맘에 딱 드네요. 키크시면 좀 짧을수도 있겠네요. 기모 도톰하게 들어간 똑같은 디자인도 판매해주셨으면 좋겠어요~~,한달후기 휘뚜루마뚜루 입고 다니기 좋아요 좀 짧은거 같긴한데 편합니다,"너무 예뻐요. 사이즈랑 색상 모두 만족해요. 쿠폰 사용하여 저렴하게 구입했어요,"
https://www.musinsa.com/products/4496910,KITTY TAG HOODIE - CHARCOAL,"109,000원",10%,"98,100원",브라운브레스,https://image.msscdn.net/mfile_s01/_brand/free_medium/brownbreath.png?20200608153142,상의,후드 티셔츠,https://image.msscdn.net/thumbnails/images/prd_img/20241008/4496910/detail_4496910_17289757241057_big.jpg?w=1200,https://image.msscdn.net/thumbnails/images/prd_img/20241008/4496910/detail_4496910_17289757249134_big.jpg?w=1200,없음,https://image.msscdn.net/thumbnails/images/goods_img/20241008/4496910/4496910_17289739830990_big.jpg?w=1200,hoodie_0336,"2,027",9.4천 회 이상 (최근 1개월),없음,후기 32개,4.9,꼭 한 번 사고 싶었지만 할인 폭도 적고 비싼 편(?)이라 보류하다가 이번에 샀어요  실망시키지 않아요,브라운 브레스 반팔티를 너무 잘 입어서 후드티도 한번은 사봐야지 하다가 이제서야 사보네요  티와 마찬가지로 질도 좋고 이뻐요,흑ㅠㅠ 진짜로 너무이뻐요!! 진짜 제 인생 후드티입니다 생각보다 옷이 좀 얇앗는데 그래두 진짜 너무이뻐요,한달후기 생각보다 얇음 근데 탄탄하고 착용감 좋음 왜케 비쌀까.. 했는데 생각보다 괜찮음~,한달후기 재질이 너무 좋아요. 부드럽고 톡톡하고 빨아도 보풀이나 뒤틀림 없구요. 사이즈도 살짝 여유있게 딱 좋아요.
https://www.musinsa.com/products/4320233,[SET] 트라이벌 배색 오버핏 후드 트레이닝 셋업 오트밀,"119,000원",20%,"95,200원",모즈모즈,https://image.msscdn.net/mfile_s01/_brand/free_medium/mozmoz.png?20200608153142,상의,후드 티셔츠,https://image.msscdn.net/thumbnails/images/prd_img/20240812/4320233/detail_4320233_17236074466893_big.jpg?w=1200,https://image.msscdn.net/thumbnails/images/prd_img/20240812/4320233/detail_4320233_17236074477488_big.jpg?w=1200,없음,https://image.msscdn.net/thumbnails/images/goods_img/20240812/4320233/4320233_17244000882020_big.jpg?w=1200,hoodie_0337,489,1.5천 회 이상 (최근 1개월),없음,후기 15개,4.9,가격대비 만족스러워서 다른 색상도 구매하고 싶네요~,"세트라 고민 없이 막 집어 입을 수 있어서 좋아요 생각보다 얇아서 봄, 가을에나 단독으로 입으면 더 예쁠 거 같아요",C hi nbdft I bcdssthhvjkkj,세트 옷을 편하게 잘 입어서 구매했어요. 상의는 사이즈가 괜찮은데 바지는 사이즈 제일 작게 해도 크더라구요ㅋㅋ 거의 가슴밑까지 끌어올려서 입습니다ㅋㅋ,생각보다 사이즈가 커요! 여자분들은 둘 다 1사이즈 해도 다 입을 수 있을 것 같아요
https://www.musinsa.com/products/4277689,Swift Symbol Dying Hoodie Sand,"119,000원",20%,"95,200원",아이돈워너셀,https://image.musinsa.com/mfile_s01/_brand/free_medium/idontwannasell.png?20240219180627,상의,후드 티셔츠,https://image.msscdn.net/thumbnails/images/goods_img/20240726/4277689/4277689_17319128938078_big.jpg?w=1200,https://image.msscdn.net/thumbnails/images/prd_img/20240726/4277689/detail_4277689_17242483898113_big.jpg?w=1200,https://image.msscdn.net/thumbnails/images/prd_img/20240726/4277689/detail_4277689_17242483905604_big.jpg?w=1200,https://image.msscdn.net/thumbnails/images/prd_img/20240726/4277689/detail_4277689_17242483976257_big.jpg?w=1200,hoodie_0338,707,800회 이상 (최근 1개월),없음,후기 21개,4.9,한달후기 큰맘먹고 평소 즐겨보던 브랜드 옷 구매하게 되었는데 너무 맘에 들고 좋네요,한달후기 색감이 실물이 훨씬 이쁘고 재질이 탄탄해서 좋아요,한달후기 이렇게 좋은 옷을.. 매일 입고 다니고 있음 코디하기 좋음,색감도 이쁘고 핏이 넉넉하니 아주 편해요 시보리가 짱짱해서 좋아요,색이 굉장히 오묘하니 이뻐요 오트밀과 베이지 사이의 색상! 가격이 비싼 감이 있지만 잘 입을 것 같아요
https://www.musinsa.com/products/4440284,스트라이프 스냅 버튼 후드티 (그레이),"109,000원",15%,"92,650원",허그유어스킨,https://image.musinsa.com/mfile_s01/_brand/free_medium/hugyourskin.png?20240820134344,상의,후드 티셔츠,https://image.msscdn.net/thumbnails/images/goods_img/20240913/4440284/4440284_17307037689979_big.jpg?w=1200,https://image.msscdn.net/thumbnails/images/prd_img/20240913/4440284/detail_4440284_17307037749812_big.jpg?w=1200,https://image.msscdn.net/thumbnails/images/prd_img/20240913/4440284/detail_4440284_17307037759244_big.jpg?w=1200,https://image.msscdn.net/thumbnails/images/prd_img/20240913/4440284/detail_4440284_17307037770688_big.jpg?w=1200,hoodie_0339,"1,726",2.9천 회 이상 (최근 1개월),없음,후기 14개,4.8,옷이 너무 귀여워용 근데 목부분이 좀 없어보여서 잘 입어야대용…. 그리고 좀추워요 목부분이 … 그치만 부들부들해서 계속 만지고싶고 입으면 너무 귀여워지는 옷이에영 소매도 길어서 조아요 ㅎㅎ,"한달후기 아우터 안에 얇은 이너 입는거 좋아해서 구매했는데 너무 예쁘고 착용감도 좋고, 가벼워서 잘 입고 있어요! 검정도 같이 가지고 있는데 저는 갠적으로 회색이 더 예쁜것 같아요 ㅎㅎ",색감도 예쁘고 핏도 귀여움 처음엔 비싸다고 생각했는데 재질 좋아서 만족,한달후기 옷이 너무 귀여워요ㅎㅎ 근데 생각보다 얇아서 초가을에만 단독으로 입을 수 있을것 같아요,"후기가 좋길래 궁금해봤는데 핏도 너무 예쁘고 디테일도 좋고, 소재도 좋은것 같아요! 너무 무거운 후드는 싫어하는데 가벼우면서 디테일 많아서 하나만 입어도 포인트가 됩니다! 진짜 마음에 들어서 다른 옷들도 더 구매해보려구요!"
https://www.musinsa.com/products/4279980,S.P.L HOODIE - MELANGE,없음,없음,"92,000원",노매뉴얼,https://image.msscdn.net/mfile_s01/_brand/free_medium/nomanual.png?20200608153142,상의,후드 티셔츠,https://image.msscdn.net/thumbnails/images/goods_img/20240729/4279980/4279980_17231769868035_big.jpg?w=1200,https://image.msscdn.net/thumbnails/images/prd_img/20240729/4279980/detail_4279980_17235997004424_big.jpg?w=1200,https://image.msscdn.net/thumbnails/images/prd_img/20240729/4279980/detail_4279980_17235997012790_big.jpg?w=1200,https://image.msscdn.net/thumbnails/images/prd_img/20240729/4279980/detail_4279980_17235997026724_big.jpg?w=1200,hoodie_0340,460,1.5천 회 이상 (최근 1개월),없음,후기 8개,없음,소재 탄탄하고 디자인 예뻐요! 모자 목 부분이 많이 올라와 잇어서 모자 썻을때 머리카락을 못 뺀다는 단점이 잇지만.. 핏이 예쁘니 참고 입을게여,무엇보다 핏이 예쁘게 떨어지고 옷 자체에 두께도 마음에 들어요!,우선 흔하지않고 예쁘다는게 가장 큰 장점인 거 같아요 예쁜 후드티 찾다가 구매했는데 꼭 고민하시는 분들 있으면 사세요 후회 안합니다!,한달후기 핏도 이쁘고 자주 데일리로 사용하기 좋어요 많이 애용합니다,후드각도 괜찮고 전체적인 핏 여유롭게 떨어지고 예쁩네여~~
https://www.musinsa.com/products/4747156,Waffle Balaclava Hoodie blue,"115,000원",5%,"109,250원",더왈드,https://image.msscdn.net/mfile_s01/_brand/free_medium/thewarld.png?1735007599436,상의,후드 티셔츠,https://image.msscdn.net/thumbnails/images/goods_img/20250130/4747156/4747156_17382363655546_big.jpg?w=1200,https://image.msscdn.net/thumbnails/images/prd_img/20250130/4747156/detail_4747156_17382363666149_big.png?w=1200,https://image.msscdn.net/thumbnails/images/prd_img/20250130/4747156/detail_4747156_17382363668930_big.jpg?w=1200,https://image.msscdn.net/thumbnails/images/prd_img/20250130/4747156/detail_4747156_17382363675965_big.jpg?w=1200,hoodie_0341,117,1.3천 회 이상 (최근 1개월),없음,없음,없음,없음,없음,없음,없음,없음
https://www.musinsa.com/products/4723699,TCM missing hoodie (grey),"92,000원",10%,"82,800원",더콜디스트모먼트,https://image.musinsa.com/mfile_s01/_brand/free_medium/thecoldestmoment.png?20200710145248,상의,후드 티셔츠,https://image.msscdn.net/thumbnails/images/goods_img/20250116/4723699/4723699_17387151751477_big.jpg?w=1200,https://image.msscdn.net/thumbnails/images/prd_img/20250116/4723699/detail_4723699_17387152679970_big.jpg?w=1200,https://image.msscdn.net/thumbnails/images/prd_img/20250116/4723699/detail_4723699_17387152687279_big.jpg?w=1200,https://image.msscdn.net/thumbnails/images/prd_img/20250116/4723699/detail_4723699_17387152705160_big.jpg?w=1200,hoodie_0342,163,550회 이상 (최근 1개월),없음,없음,없음,없음,없음,없음,없음,없음
https://www.musinsa.com/products/4474407,테일러 코튼 스웻 후드 티셔츠 네이비,"129,000원",25%,"96,750원",신앤리,https://image.musinsa.com/mfile_s01/_brand/free_medium/ssinandlee.png?20220415170116,상의,후드 티셔츠,https://image.msscdn.net/thumbnails/images/prd_img/20240929/4474407/detail_4474407_17276324459610_big.jpg?w=1200,https://image.msscdn.net/thumbnails/images/prd_img/20240929/4474407/detail_4474407_17276324468675_big.jpg?w=1200,없음,https://image.msscdn.net/thumbnails/images/goods_img/20240929/4474407/4474407_17276324366066_big.jpg?w=1200,hoodie_0343,"6,031",3만 회 이상 (최근 1개월),없음,후기 8개,4.9,끼야호🕺🕺💃💜👍👍🌝🌝🤘🤘원래 무신사 타임세일충이라 큰 맘 먹고 구매했는데 너무너무너무너무 맘에 듭니다 원단도 흐물거리는 면 아니고 뻣뻣(?)한 소재의 면이라 더 좋아요,탄탄한 재질에 앞에 단추가 있어서 새로운 느낌의 후드에요,기장도 크기도 적당하고 색깔도 이쁩니다 마음에 들어요,한달후기 트레이닝 셋업으로 구매했는데 평상시 데님에도 잘 입고 다니고 있어요~,끼야호🕺🕺💃💜👍👍🌝🌝🤘🤘원래 무신사 타임세일충이라 큰 맘 먹고 구매했는데 너무너무너무너무 맘에 듭니다 원단도 흐물거리는 면 아니고 뻣뻣(?)한 소재의 면이라 더 좋아요
https://www.musinsa.com/products/4422948,스프레드 그래피티 로고 오버핏 후드 티셔츠 블랙,"89,000원",60%,"35,900원",엔피스튜디오,https://image.musinsa.com/mfile_s01/_brand/free_medium/nastypalm.png?20230823161649,상의,후드 티셔츠,https://image.msscdn.net/thumbnails/images/goods_img/20240909/4422948/4422948_17276713170128_big.jpg?w=1200,https://image.msscdn.net/thumbnails/images/prd_img/20240909/4422948/detail_4422948_17270735617379_big.jpg?w=1200,없음,https://image.msscdn.net/thumbnails/images/prd_img/20240909/4422948/detail_4422948_17276713232590_big.jpg?w=1200,hoodie_0344,532,350회 이상 (최근 1개월),없음,후기 5개,4.6,한달후기 무난합니다 아이가 잘입고다녀요 아이가 사달라고 했어요,오버핏으로 딱 이쁘게 핏이 떨어지네요. 아주 마음에 듭니다.,옷 안이 부드럽고 따뜻하게 입을 수 있음 그리고 겨울때 편하게 할 수 있는 게 제일 좋음,중학생아들이 너무좋아했어요 실물핏이 더이쁘네요,실측이랑 같은 거 같아요. 디자인 뚜렷하고 총장 72정도 레이어드 티에 입으면 예쁘게 떨어질 듯합니다.
https://www.musinsa.com/products/4466415,루즈핏 크루넥 후드 티셔츠 Cream,"79,000원",10%,"71,100원",챔피온,https://image.msscdn.net/mfile_s01/_brand/free_medium/champion.png?20200608153142,상의,후드 티셔츠,없음,없음,없음,https://image.msscdn.net/thumbnails/images/goods_img/20240926/4466415/4466415_17377033805647_big.jpg?w=1200,hoodie_0345,76,200회 이상 (최근 1개월),없음,후기 4개,없음,"우선 사이즈가 딱 맞아서 오버핏 느낌을 제대로 살릴 수 있었고, 너무 크거나 작지 않아서 체형에 자연스럽게 어울렸어요. 컬러도 깔끔하면서도 세련된 색감으로 어디에나 매치하기 좋아요. 베이직한 느낌이지만 동시에 스타일리시한 포인트가 되어줘서 데일리룩으로 완벽합니다. 챔피온 브랜드라 그런지 소재와 마감 모두 믿고 입을 수 있는 퀄리티입니더 오래 입어도 변형이 없을 것 같은 튼튼함이 느껴졌어요. 역시 챔피온답습니다! 활용도가 높은 후드티 찾고 있다면 강력 추천합니다!","한달후기 색감: 은은한 크림 컬러가 정말 매력적이에요. 다양한 코디에 잘 어울릴 듯! 핏: 여유 있는 루즈핏이라 체형 커버도 되고, 스타일리시해 보임 퀄리티: 소재도 부드럽고, 마감도 깔끔해서 퀄리티 만족스러움  편안하면서도 센스 있는 데일리룩 완성하기에 딱 좋은 아이템입니다!","우선 사이즈가 딱 맞아서 오버핏 느낌을 제대로 살릴 수 있었고, 너무 크거나 작지 않아서 체형에 자연스럽게 어울렸어요. 컬러도 깔끔하면서도 세련된 색감으로 어디에나 매치하기 좋아요. 베이직한 느낌이지만 동시에 스타일리시한 포인트가 되어줘서 데일리룩으로 완벽합니다.  챔피온 브랜드라 그런지 소재와 마감 모두 믿고 입을 수 있는 퀄리티입니더 오래 입어도 변형이 없을 것 같은 튼튼함이 느껴졌어요. 역시 챔피온답습니다!  활용도가 높은 후드티 찾고 있다면 강력 추천합니다!",가볍고 색감도 딱 원하던 색감이라 너무 마음에 듭니다. 챔피온 와펜이 팔에만 있어서 깔끔해서 더 좋은 것 같습니다. 언제든지 편하게 입을 것 같습니다~,없음
https://www.musinsa.com/products/4345042,T-Logo Hoodie Black,"95,000원",30%,"66,500원",디스이즈네버댓,https://image.musinsa.com/mfile_s01/_brand/free_medium/thisisneverthat.png?20240122174353,상의,후드 티셔츠,https://image.msscdn.net/thumbnails/images/goods_img/20240820/4345042/4345042_17248088811417_big.jpg?w=1200,https://image.msscdn.net/thumbnails/images/prd_img/20240820/4345042/detail_4345042_17248088873653_big.jpg?w=1200,https://image.msscdn.net/thumbnails/images/prd_img/20240820/4345042/detail_4345042_17248088885435_big.jpg?w=1200,https://image.msscdn.net/thumbnails/images/prd_img/20240820/4345042/detail_4345042_17248088912951_big.jpg?w=1200,hoodie_0346,"4,095",3만 회 이상 (최근 1개월),1.2천 개 이상,후기 102개,4.8,180에 78킬로 아들한테 사이즈 딱입니다 디자인좋고 만듬세좋네요 아주맘에듬,한달후기 옷이 튼튼해서 자주 입고 세탁해도 손상 없습니다! 이 점이 너무 좋아용,털이 너무 많이 빠져요 ㅠ 빨래 여러번 돌렸는데 여전히 그냥 기모 털 쭉쭉 빠지네요 그거 말곤 괜찮아요 정사이즈보다 조듬 더 큰거같아요,핏 탄탄하고 후드티의 정석 느낌입니다 다른 색도 사고싶어요,역시 짱짱하니 좋아요 이젠 저렴이 여러개보단 적당한 가격 있는거 하나가 좋은거같아요
https://www.musinsa.com/products/4385282,BASIC LOGO HOODIE NAVY,"79,000원",20%,"63,200원",아메스 월드와이드,https://image.msscdn.net/mfile_s01/_brand/free_medium/amesworldwide.png?1730455523530,상의,후드 티셔츠,https://image.msscdn.net/thumbnails/images/goods_img/20240829/4385282/4385282_17268101879334_big.jpg?w=1200,https://image.msscdn.net/thumbnails/images/prd_img/20240829/4385282/detail_4385282_17268100653980_big.jpg?w=1200,https://image.msscdn.net/thumbnails/images/prd_img/20240829/4385282/detail_4385282_17268100664373_big.jpg?w=1200,https://image.msscdn.net/thumbnails/images/prd_img/20240829/4385282/detail_4385282_17268100685713_big.jpg?w=1200,hoodie_0347,"5,043",1.3만 회 이상 (최근 1개월),없음,후기 62개,4.8,한달후기 한번 빨았는데도 옷 주머니에 손을 넣고다니면… 손톱 안에 먼지가 들어가요ㅠㅠ 때낀거마냥.. 그거빼곤 다 좋아요진짜..,남자친구랑 같이 입으려고 샀어요!ㅎㅎ 아직 안줬는데 색도 예쁘네요!,시보리 짱짱하고 너무 오버하지않고 사이즈 딱 좋네요 만족합니다 !,무난하고 예쁩니당 어느 하의에나 다 어울리는 것 같아서 좋아요,찐한 네이비색에 전면 로고가 박힌게 매력적입니다
https://www.musinsa.com/products/4439591,CGP 아치 로고 후드티_스카이블루,"69,000원",10%,"62,100원",코드그라피,https://image.msscdn.net/mfile_s01/_brand/free_medium/codegraphy.png?1733796001765,상의,후드 티셔츠,https://image.msscdn.net/thumbnails/images/goods_img/20240913/4439591/4439591_17291427425835_big.jpg?w=1200,https://image.msscdn.net/thumbnails/images/prd_img/20240913/4439591/detail_4439591_17261975391518_big.jpg?w=1200,https://image.msscdn.net/thumbnails/images/prd_img/20240913/4439591/detail_4439591_17261975411332_big.jpg?w=1200,https://image.msscdn.net/thumbnails/images/prd_img/20240913/4439591/detail_4439591_17291476010306_big.jpg?w=1200,hoodie_0348,"1,558",9.4천 회 이상 (최근 1개월),없음,후기 15개,4.9,키가 작은 편이라 S샀는데 어깨선이 조금 내려오는 것 빼고는 크게 불편함 없음! 색 밝고 예뻐서 기분 좋아짐🥰,한달후기 색깔도 예쁘고 옷 편하고 좋아요 잘 입고 있어요. 히,디자인도 마음에들고 배송도 빨라서 너무 좋았어요 잘쓰겠습니다~,상품소개 사진과 모두 동일해요 넘 예뻐요 봄에 예쁠 것 같아요,사이즈도 넉넉하고 색이 예뻐서 커플로 입을겸 하나 사줬는데 잘 어울려서 맘에 들어오
https://www.musinsa.com/products/4696322,넘버볼 후드티 [네이비],"79,000원",25%,"59,250원",낫온리포투데이,https://image.msscdn.net/mfile_s01/_brand/free_medium/notonlyfortoday.png?1727142157428,상의,후드 티셔츠,https://image.msscdn.net/thumbnails/images/prd_img/20250103/4696322/detail_4696322_17367397311423_big.jpg?w=1200,https://image.msscdn.net/thumbnails/images/prd_img/20250103/4696322/detail_4696322_17367397375695_big.jpg?w=1200,없음,https://image.msscdn.net/thumbnails/images/goods_img/20250103/4696322/4696322_17367397252713_big.jpg?w=1200,hoodie_0349,198,4.4천 회 이상 (최근 1개월),없음,후기 5개,없음,이 후드티 다른색 샀었는데 새로운 색이 나와서 구매했습니다 ㅎㅎ 일단 후드각이 잘 나와서 이쁘게 잡아준다는 느낌이 있어요! 핏은 세미오버핏으로 너무 오버하지 않아 좋습니다. 그리고 시보리가 짱짱해서 늘어져보이지 않아요. 이너로 입기도 좋아서 코트랑 매치해도 괜찮은 것 같아요 @@ 추천합니다 ㅎㅎ,원단이 부드럽고 디자인이 세련되어 어떤 코디에도 잘 어울려요!,디자인도 좋고 무엇보다 키가 좀 작은데 사이즈가 살짝 오버핏이여서 너무 좋은거 같아요 ㅎㅎ,기모가 없어서 탄탄해서 마음에 들고 좋네요~ 배송도 빨라서 좋앙ᆢㄷ,배송이 진짜 빠르고 실물이 더 예뻐요. 색감도 좀더 청끼나는 네이비라 맘에듭니다.
https://www.musinsa.com/products/4474408,테일러 코튼 스웻 후드 티셔츠 블랙,"129,000원",25%,"96,750원",신앤리,https://image.musinsa.com/mfile_s01/_brand/free_medium/ssinandlee.png?20220415170116,상의,후드 티셔츠,https://image.msscdn.net/thumbnails/images/prd_img/20240929/4474408/detail_4474408_17276323698377_big.jpg?w=1200,https://image.msscdn.net/thumbnails/images/prd_img/20240929/4474408/detail_4474408_17276323706360_big.jpg?w=1200,없음,https://image.msscdn.net/thumbnails/images/goods_img/20240929/4474408/4474408_17276323573284_big.jpg?w=1200,hoodie_0350,909,9천 회 이상 (최근 1개월),없음,후기 12개,4.9,정떤남자와 송떤남자가 입은 걸 보고 홀린듯이 손민수 했습니다. 디자인 ㄹㅇ 느좋이라 따라사길 너무 잘햇구요 팬츠까지 사서 세트로 입고다녀야겟음 굿굿,너무마음에들ㅇ요 빠른 배송도적당히빠르고포장상태도너무좋으네요,진짜로 마음에 드는옷 오랜만에 산거 같아요 배송도 빠르고 진짜 최고,취소와 재결제를 반복해서 진짜 고민하다가 샀는데 일단 옷은 특이해서 맘에 들어요 근데 새옷인데 뭔가 얼룩덜룩 묻어이씀,오버핏으로 입고싶어서 남자사이즈로 시켰는데 딱 좋아요! 단추는 2-3개정도 풀고입는게 예뻐요~~
https://www.musinsa.com/products/4446128,Banana Boy Hoodie (Brown)_K24ZB767,"85,000원",30%,"59,900원",네스티킥,https://image.msscdn.net/mfile_s01/_brand/free_medium/nastykick.png?20200608153142,상의,후드 티셔츠,https://image.msscdn.net/thumbnails/images/goods_img/20240919/4446128/4446128_17267416149330_big.jpg?w=1200,https://image.msscdn.net/thumbnails/images/prd_img/20240919/4446128/detail_4446128_17267416206092_big.jpg?w=1200,https://image.msscdn.net/thumbnails/images/prd_img/20240919/4446128/detail_4446128_17267416245586_big.jpg?w=1200,https://image.msscdn.net/thumbnails/images/prd_img/20240919/4446128/detail_4446128_17267416320670_big.jpg?w=1200,hoodie_0351,"11,722",2만 회 이상 (최근 1개월),2천 개 이상,후기 249개,4.8,XL는 너무 클 것 같아서 L로 샀는데 제가 원하던 기장이고요 오버핏이길 바랐는데 딱 원하던 핏이어서 엄청 만족입니다 프린팅이 너무너무 귀엽고 색도 예뻐요 배송오자마자 제 최애 후드티가 됐어요..!,한달후기 오버핏 후드티가 아니라 작은 차이지만 l 사이즈 입어야 조금 더 널널한 핏 나올 듯 소매랑 밑밴딩이 짱짱하고 기장이 길지 않아요 색감 너무 이뽀구 프린팅도 커요,두꺼운후드 기대한사람은 좀 아쉽네요 생각보다 얇고 오버핏 진짜 아니어서 한사이즈씩 큰걸로 사세요….s입는사람이 m사도 딱맞아요…,엄마의 만류를 뿌리치고 L사이즈로 샀는데 엄청 오버핏은 아니에요 적당한 오버핏이어서 이뻐요 프린팅도 귀여움 옷은 좀 얇은 편이에요,한달후기 일단 한달동안 제 최애후드티로써 감히 말씀드리자면 일단 너무 귀여워요 뒤에 있는 포인트가 진짜 깨물어주고 싶구요 한달동안 겨울에 추워 죽을 거 같아도 얘만 입고 다녔어요 모두에게 자랑하고 싶은 후드티입니다 색도 진한 브라운이라서 피부에 형광등키게 만들어주는 색이에요
https://www.musinsa.com/products/4724776,송지오옴므 오토그래프 어시메트릭 후드 레드 SH2TS215RD,없음,없음,"429,000원",송지오,https://image.musinsa.com/mfile_s01/_brand/free_medium/songzio.png?20240529120520,상의,후드 티셔츠,없음,없음,없음,https://image.msscdn.net/thumbnails/images/goods_img/20250116/4724776/4724776_17373374634539_big.jpg?w=1200,hoodie_0352,1,150회 이상 (최근 1개월),없음,없음,없음,없음,없음,없음,없음,없음
https://www.musinsa.com/products/4725152,투톤아치 후드_그레이,"79,000원",25%,"59,000원",예일,https://image.musinsa.com/mfile_s01/_brand/free_medium/yale.png?20231222111830,상의,후드 티셔츠,https://image.msscdn.net/thumbnails/images/goods_img/20250116/4725152/4725152_17370095025574_big.jpg?w=1200,https://image.msscdn.net/thumbnails/images/prd_img/20250116/4725152/detail_4725152_17370095064337_big.png?w=1200,https://image.msscdn.net/thumbnails/images/prd_img/20250116/4725152/detail_4725152_17370095089354_big.png?w=1200,https://image.msscdn.net/thumbnails/images/prd_img/20250116/4725152/detail_4725152_17370095187302_big.jpg?w=1200,hoodie_0353,"1,013",2만 회 이상 (최근 1개월),없음,후기 9개,4.9,편하고 좋습니다. 회색 후드티 필요했는데 딱 좋아요.,원하던 색깔에 원하던 재질이여서 너무나도 만족합니다! 무엇보다도 가운데에 예일이 너무 예뻐요,진짜 이뻐서 좋앗는데 완전 봄가을때 입으면 좋을거가튼 재질인듯?? 완전 이쁘긴함!!,너무너무 이뻐요 귀엽고 핏도 이뻐요 디자인이 생각보다 글씨가 커서 좋아요,배송도 빠르고 어머니 생신 선물로 사드렸는데 이쁘다구 너무 좋아하시네요 예일 옷 잘 만드네요 번창하세요
https://www.musinsa.com/products/4716800,IM PUFF HOOD TEE(BLACK),"69,000원",20%,"55,200원",러브이즈트루,https://image.musinsa.com/mfile_s01/_brand/free_medium/luvistrue.png?20201208110338,상의,후드 티셔츠,https://image.msscdn.net/thumbnails/images/goods_img/20250113/4716800/4716800_17370115931235_big.jpg?w=1200,https://image.msscdn.net/thumbnails/images/prd_img/20250113/4716800/detail_4716800_17370116323708_big.jpg?w=1200,https://image.msscdn.net/thumbnails/images/prd_img/20250113/4716800/detail_4716800_17370116331775_big.jpg?w=1200,https://image.msscdn.net/thumbnails/images/prd_img/20250113/4716800/detail_4716800_17370116352747_big.jpg?w=1200,hoodie_0354,359,3.9천 회 이상 (최근 1개월),없음,없음,없음,없음,없음,없음,없음,없음
https://www.musinsa.com/products/4650380,[무료반품]피그먼트 아플리케 스타로고 후드티_다크그레이,"69,000원",20%,"54,900원",게인스보로,https://image.musinsa.com/mfile_s01/_brand/free_medium/gainsboro.png?20200929171808,상의,후드 티셔츠,https://image.msscdn.net/thumbnails/images/prd_img/20241205/4650380/detail_4650380_17333615244416_big.jpg?w=1200,https://image.msscdn.net/thumbnails/images/prd_img/20241205/4650380/detail_4650380_17333666802732_big.jpg?w=1200,없음,https://image.msscdn.net/thumbnails/images/goods_img/20241205/4650380/4650380_17333614735788_big.jpg?w=1200,hoodie_0355,547,6.9천 회 이상 (최근 1개월),없음,후기 6개,4.8,"체험단 제가 잘못 눌러서 S사이즈를 선택해버렸기 때문에 살짝 작아보이는 감은 있지만, 옷은 죄가 없습니다 너무 예뻐요..^_ㅠ 캐쥬얼하게 바지랑 입는 것도 좋지만, 치마에다가 입으면 얼마나 귀엽게요.. 🥹 싼 원단 가져다가 만드는 얇은 후드티가 많아서 평소에 후드티 잘 안 샀는데, 이건 디테일도 예쁘고 소재도 짱짱하고 도톰하니 너무 좋았어요!! 곧 개강철이고, 가격도 학생분들이 사시에 부담없을 가격이니 저처럼 가방이랑 치마랑 매치하면 남들과 다른 센스있는 개강룩으로 입을 수 있을 것 같습니다✌️ 굿 초이스하세요~!","체험단 1. 재질 - 겉감은 피그먼트 재질로 소재 특성 상 옷에 무게가 약간 있기는 합니다만 색이 굉장히 이쁘게 빠졌고, 빈티지한 느낌으로 슬렉스를 제외하고는 어느 바지에도 잘 어울릴 만한 디자인을 가지고 있습니다. - 안감은 기모 재질로 세탁 없이 2일 간 착용하였음에도 속옷에 보풀이 뭍어 나오지 않아 안감 기모 재질도 퀄리티도 상당한 것으로 보입니다.  2. 디자인 - 피그먼트 재질이기에 옷이 어느 정도 빳빳한 형태를 가지고 있기 때문에 체형을 잘 잡아주며, 핏이 이쁘게 떨어집니다. - 전면 프린팅 로고는 힙한 느낌을 잘 살려주며, 프린팅 색이 엄청 밝아서 튀거나 반대로 엄청 어두워서 안보이는 그런 수준이 아닌 딱 절적한 색상으로 포인트로 들어가 옷과 잘 어우러 집니다. 특히 프린팅 퀄리티가 좋아 세탁 몇 번 한다고 떨어져 나가거나 하는 일은 절대 없을 것 같습니다.  3. 사이즈 - 평소 오버핏을 즐겨 입으신다면 한사이즈 업을 추천드리고 정핏은 평소 사이즈 그대로 선택하시면 적절 할 것으로 보입니다. - 아쉬운 부분이라면 사이즈가 2XL까지는 나왔으면 하는 바램이 있습니다.  4. 총평 - 안감이 기모 소재라 굉장히 따뜻해서 F/W 시즌에 입기 딱 좋은 후드티 입니다. - 정장 슬렉스 바지만 아니라면 어느 바지에도 잘 어울립니다. (특히 로고 포인트가 이쁨) - 피그먼트 소재라 빈티지 느낌을 잘 살려주고 또 색상이 정말 이쁘게 잘 빠졌습니다","체험단 먼저 게인스보로 제품의 체험단으로 선정되어 감사합니다. 일단 총장이 짧아서 굉장히 마음에 드네요. 174/60 제 스펙에 사진과 같은 실루엣이 나오고요. 기모라서 겨울에 이너로 입기 따뜻할것 같고 겨울을 제외한 봄, 가을에 단품으로 가볍게 입기 상당히 좋을것 같습니다. 가운데 로고가 심심하지 않게 포인트를 줘서 좋고 무엇보다 피그먼트 후드티라 상당히 만족스럽습니다.  남녀공용으로 나온거라 와이프랑 같이 입을 예정이고 나머지 다른 색상도 추가로 구매할까 생각중입니다. 올 겨울의 마무리는 게인스보로 기모 후드티와 함께 마무리 잘 해보겠습니다",후드가 생각보다 크고요.적당한 오버핏이고 예뻐요.,m사이즈 품절이라 s로 샀는데 기장이 좀 짧아요~ 키 156cm 기준이요! 그래도 적당히 입을만해용
https://www.musinsa.com/products/4720429,[기모선택] Stamp Heavy Terry Hoodie,없음,없음,"54,900원",비바라비다,https://image.musinsa.com/mfile_s01/_brand/free_medium/vivalavida.png?20240724113548,상의,후드 티셔츠,https://image.msscdn.net/thumbnails/images/goods_img/20250115/4720429/4720429_17376964582560_big.jpg?w=1200,https://image.msscdn.net/thumbnails/images/prd_img/20250115/4720429/detail_4720429_17376964673243_big.jpg?w=1200,https://image.msscdn.net/thumbnails/images/prd_img/20250115/4720429/detail_4720429_17376964680849_big.jpg?w=1200,https://image.msscdn.net/thumbnails/images/prd_img/20250115/4720429/detail_4720429_17376964696579_big.jpg?w=1200,hoodie_0356,76,650회 이상 (최근 1개월),없음,후기 3개,없음,디자인 재질 모두 만족스러워요!!! 돈이 아깝지 않네욘 아무때나 편하게 입기 좋은것 같습니닿ㅎ,핏이 너무 예뻐요ㅠ 캐주얼하게 어디에나 잘 어울리는 후드 핏 이네요! 원단도 부드럽고 편하게 잘 입고 다닐것 같아요!,기모가 부드러워서 좋아요 소매 시보리도 짱짱해서 오버핏 낭낭하게 나오는게 느좋이에요,없음,없음
https://www.musinsa.com/products/4345039,T-Logo Hoodie Dark Grey,"95,000원",30%,"66,500원",디스이즈네버댓,https://image.musinsa.com/mfile_s01/_brand/free_medium/thisisneverthat.png?20240122174353,상의,후드 티셔츠,https://image.msscdn.net/thumbnails/images/goods_img/20240820/4345039/4345039_17248090287069_big.jpg?w=1200,https://image.msscdn.net/thumbnails/images/prd_img/20240820/4345039/detail_4345039_17248090372047_big.jpg?w=1200,https://image.msscdn.net/thumbnails/images/prd_img/20240820/4345039/detail_4345039_17248090380149_big.jpg?w=1200,https://image.msscdn.net/thumbnails/images/prd_img/20240820/4345039/detail_4345039_17248090395926_big.jpg?w=1200,hoodie_0357,"3,834",1.6만 회 이상 (최근 1개월),없음,후기 74개,4.9,마른 184? 한테 딱맞아요 커플티 주고 담날에 헤어져서 잘 몰라요 흥..,탄탄하고 사이즈 잘 떨어지고 색감이랑 두께감도 너무 좋음,한달후기 좀 쭈글쭈글하게 나오긴했는데 레터링 색이 포인트되고 러블리하게 이뻐요!  소재는 탄탄하고 보시는 것처럼 시보리는 조금 강한편이에요! 그래도 작은 사이즈는 아니어서 불편하거나 그런거 없이 손이 잘가는 아이템이었어요!  사이즈는 키 170대에 s사이즈도 넉넉했습니다~~!,"✔️디자인 : 색조합이 너무 이뻐서 맘에 쏙 들었어요! ✔️사이즈 : 사이즈는 여성분이시라면 다 S 추천해요~~ 제가 키가 큰 편인데도, s가 기장이 짧지 않더라고요~! 품도 넉넉해요! ✔️특징 : 시보리랑 재질이 탄탄한 편이에요!!",디스이즈네버댓 후드티는 나오때마다 매년 사는거 같아요
https://www.musinsa.com/products/4471575,[엄태구 착용]Daily Work Hoodies DCHD002WGray,"69,000원",30%,"48,300원",데케트,https://image.musinsa.com/mfile_s01/_brand/free_medium/decet.png?20211012173012,상의,후드 티셔츠,https://image.msscdn.net/thumbnails/images/goods_img/20240927/4471575/4471575_17285507999315_big.jpg?w=1200,https://image.msscdn.net/thumbnails/images/prd_img/20240927/4471575/detail_4471575_17285508126108_big.jpg?w=1200,https://image.msscdn.net/thumbnails/images/prd_img/20240927/4471575/detail_4471575_17285508137171_big.jpg?w=1200,https://image.msscdn.net/thumbnails/images/prd_img/20240927/4471575/detail_4471575_17285508228556_big.jpg?w=1200,hoodie_0358,654,1.1천 회 이상 (최근 1개월),없음,후기 56개,4.9,엄태구님이 착용해서 사봤습니다. 튼튼하고 예쁘네요~,멜란지그레이 색감이 적절히 밝아서 저가 제품 느낌이 안들어요~! 후드 스트링도 다른 배색으로 배치해서 하나의 포인트도 되고 전면 프린팅도 굉장히 깔끔한 듯! 얇고 가벼운 기모 제품이라 이너로도 부담없는 점까지 너무 맘에 들어요~!,엄태구 포토카드 샀더니 후드티를 주셨어요 왕 큰 선물❤️,이쁜 오버핏이고 옷도 부드러워요 다른색상도 구매하고싶어요,한달후기 옷이 탄탄하고 기모라 따뜻하고 이뻐요 잘 입고 있어요
https://www.musinsa.com/products/4285379,TCM rag hoodie (black),"89,000원",10%,"80,100원",더콜디스트모먼트,https://image.musinsa.com/mfile_s01/_brand/free_medium/thecoldestmoment.png?20200710145248,상의,후드 티셔츠,https://image.msscdn.net/thumbnails/images/goods_img/20240731/4285379/4285379_17233461476822_big.jpg?w=1200,https://image.msscdn.net/thumbnails/images/prd_img/20240731/4285379/detail_4285379_17233461553725_big.jpg?w=1200,https://image.msscdn.net/thumbnails/images/prd_img/20240731/4285379/detail_4285379_17233461561152_big.jpg?w=1200,https://image.msscdn.net/thumbnails/images/prd_img/20240731/4285379/detail_4285379_17233461575575_big.jpg?w=1200,hoodie_0359,"18,001",4만 회 이상 (최근 1개월),2.8천 개 이상,후기 343개,4.8,"살짝 크롭하게 입고싶어서 m시켰는데 넘 좋았고, 사이즈가 남녀 따로 있어서 커플후디로 넘 좋아버립니다!",유튜버 보고 제 스타일 같아서 샀습니다. 이쁩니다,"전체적인 기장이랑 팔 소매 길이가 적당해서 좋았어요! 색은 2, 3번째 사진이랑 비슷하고 지금 날씨에 단독으로 입어도 괜찮았습니다! 강추강추강추",이쁘네요!! 사이즈 고민하다가 산건데 M 치고 통이 작은느낌같아용!!,생각했던거보다 재질도 탄탄하고 좋아용 무엇보다 핏도 너무 예뿌고 어디에나 입을 수 있는 무난한 디자인이에용 나염에 뭐가 뭍어서 교환신청했는데 친절하게 교환해주셨어요 다만 아쉬운점음 모자핏이 너무 별로고 팔이 살짝길어요ㅜㅜ 구래더 예뻐서 맨날 입고다닐 것 같아오
https://www.musinsa.com/products/4683966,TCM vintage starfish hoodie (black),"89,000원",10%,"80,100원",더콜디스트모먼트,https://image.musinsa.com/mfile_s01/_brand/free_medium/thecoldestmoment.png?20200710145248,상의,후드 티셔츠,https://image.msscdn.net/thumbnails/images/goods_img/20241230/4683966/4683966_17370367877021_big.jpg?w=1200,https://image.msscdn.net/thumbnails/images/prd_img/20241230/4683966/detail_4683966_17370367985106_big.jpg?w=1200,https://image.msscdn.net/thumbnails/images/prd_img/20241230/4683966/detail_4683966_17370367994045_big.jpg?w=1200,https://image.msscdn.net/thumbnails/images/prd_img/20241230/4683966/detail_4683966_17370368010279_big.jpg?w=1200,hoodie_0360,"1,098",1만 회 이상 (최근 1개월),없음,후기 5개,없음,저 불가사리가 .. 참 예뻐요 할인 받아서 잘 산 거 같습니당,남자친구가 좋아하는 브랜드라 손민수 했는데 알고보니 남자친구 꺼는 구버전이었다는 ... 3-4년 입었다는데 전혀 그래보이지 않을 정도로 탄탄하고 오래 입을 수 있음을 몸소 증명함. 구버전도 예쁘지만 제 후드가 더 예쁜 것 같네욤 하하 이제는 남자친구가 제 새버전 후드 손민수 하겠다네요 ^*^,배송 엄청 빠르고 기여워!! 사은품으로 받은 노트도 굿,사이즈도 완전 찰떡이고 두께가 딱 좋아서 봄가을에도 입기 좋은거 같습니다,옷 재질이 좋고 디자인이 맘에 들어요 잘 입고있습니다
https://www.musinsa.com/products/4285381,TCM rag hoodie (indi pink),"89,000원",10%,"80,100원",더콜디스트모먼트,https://image.musinsa.com/mfile_s01/_brand/free_medium/thecoldestmoment.png?20200710145248,상의,후드 티셔츠,https://image.msscdn.net/thumbnails/images/goods_img/20240731/4285381/4285381_17242038550945_big.jpg?w=1200,https://image.msscdn.net/thumbnails/images/prd_img/20240731/4285381/detail_4285381_17242038684630_big.jpg?w=1200,https://image.msscdn.net/thumbnails/images/prd_img/20240731/4285381/detail_4285381_17242038704684_big.jpg?w=1200,https://image.msscdn.net/thumbnails/images/prd_img/20240731/4285381/detail_4285381_17242038725327_big.jpg?w=1200,hoodie_0361,"7,192",1.2만 회 이상 (최근 1개월),없음,후기 116개,4.8,예뻐여 인디핑크색이라 엄청 튀지듀듀ㄷㅠ바바ㅂ바않고 잘 입을 것 같아요,딱 가을에 입기좋은 후드티입니다.. 생각보다 크지않게 나왔기때문에 아방한핏이 좋으시다면 한치수 더 크게 사시는걸 추천드려요,사쿠야 손민수 めっちゃかわいい〜！♡ 너무 마음에 들어서 천백십팔년 입고 다닐거예요。이 옷 입고 wishful winter 들으면 좋아요^_^,음 기대했던 거 보단 좀 작고 색이 그저 그렇지만 이쁩니다 엔시티위시 친구가 입은 거 보고 이뻐서 샀어요,생각했던 색이랑 살짝 달랐지만 예뻐요 끈 안 달려서 양치할 때 안 묻고 좋아용 커플티로 맞춰 입으니까 귀여워요
https://www.musinsa.com/products/4496269,베어유니온 피그먼트 스웨트셔츠 스모크블랙,"72,000원",35%,"46,800원",꼼파뇨,https://image.musinsa.com/mfile_s01/_brand/free_medium/compagno.png?20200914152203,상의,후드 티셔츠,https://image.msscdn.net/thumbnails/images/goods_img/20241008/4496269/4496269_17283588078985_big.jpg?w=1200,https://image.msscdn.net/thumbnails/images/prd_img/20241008/4496269/detail_4496269_17283677745436_big.jpg?w=1200,https://image.msscdn.net/thumbnails/images/prd_img/20241008/4496269/detail_4496269_17283677755408_big.jpg?w=1200,https://image.msscdn.net/thumbnails/images/prd_img/20241008/4496269/detail_4496269_17283677788010_big.jpg?w=1200,hoodie_0362,372,650회 이상 (최근 1개월),없음,후기 13개,4.8,한달후기 꼼파뇨는 소재가 좋아서 세탁후에도 변형 되지도 않고 사이즈도 넉넉해서 편합니다 컬러도 굿~,색상도.핏도.길이도 딱 좋아요. 물빠짐좀 있지만 매우만족합니다.,한달후기 사이즈가 좀 크네요. 오버핏으로 입고 다니네요. 잘입고 다니고 있어요,너무 이쁘네요 싸게 잘산거 같아요 잘입을꺼 같아요,실물이 더 예뻐요. 좋은제품 세일해서 잘 샀네요. 감사합니다 ^^
https://www.musinsa.com/products/4696321,넘버볼 후드티 [버건디],"79,000원",25%,"59,250원",낫온리포투데이,https://image.msscdn.net/mfile_s01/_brand/free_medium/notonlyfortoday.png?1727142157428,상의,후드 티셔츠,https://image.msscdn.net/thumbnails/images/prd_img/20250103/4696321/detail_4696321_17367396722802_big.jpg?w=1200,https://image.msscdn.net/thumbnails/images/prd_img/20250103/4696321/detail_4696321_17367396757198_big.jpg?w=1200,없음,https://image.msscdn.net/thumbnails/images/goods_img/20250103/4696321/4696321_17367396670617_big.jpg?w=1200,hoodie_0363,452,7.3천 회 이상 (최근 1개월),없음,후기 7개,없음,색이 너무 이뻐요. 버건디색이 자칫 잘못하면 촌스러워 보일 수 있는데 전혀 그렇지 않아요. 무채색 옷을 입다가 기분 전환할 때 입으면 딱이에요. 엄마도 이쁘대요~,색감이 맘에들고 사이즈도 좋고 다 좋은 것 같아요,진짜 이뻐요ㅜ 조금 더 진한 색감을 원하긴 했지만 촌스러운 버건디가 아니라서 좋은 것 같아요 재질도 좋고 색도 나름 예쁘고 기장도 딱 잘 맞습니다!,정말 예뻐요 앞으로 쭉 잘입을것 같아요 어디에든 다 잘 어울려서 좋아요,디자인도 좋고 무엇보다 키가 좀 작은데 사이즈가 살짝 오버핏이여서 너무 좋은거 같아요 ㅎㅎ
https://www.musinsa.com/products/4523592,에센셜 피그먼트 오버핏 후디 2COLOR,"64,000원",30%,"44,800원",쿠톤,https://image.msscdn.net/mfile_s01/_brand/free_medium/quton.png?20240522135844,상의,후드 티셔츠,https://image.msscdn.net/thumbnails/images/goods_img/20241016/4523592/4523592_17290624716974_big.jpg?w=1200,https://image.msscdn.net/thumbnails/images/prd_img/20241016/4523592/detail_4523592_17290624894854_big.jpg?w=1200,없음,https://image.msscdn.net/thumbnails/images/prd_img/20241016/4523592/detail_4523592_17290573019557_big.jpg?w=1200,hoodie_0364,561,5.1천 회 이상 (최근 1개월),없음,후기 3개,없음,옷이 사진과 같고 착용감이 너무 좋습니다. 재구매 가능!,좀 더 작은 걸로 살 걸 그랬어요. 허리 부분에 밴딩이 있으면 좋겠어요. 옷은 예쁘고 색감도 좋고 탄탄해요. 잘 입겠습니다,사이즈도 넉넉하고 재질도 탄탄하니 좋네요! 그레이색상도 사야할거같아요,없음,없음
https://www.musinsa.com/products/4701943,NBN0F1A113 / UNI USA 클래식 후드티 (BLACK),없음,없음,"99,900원",뉴발란스,https://image.msscdn.net/mfile_s01/_brand/free_medium/newbalance.png?20200608153142,상의,후드 티셔츠,https://image.msscdn.net/thumbnails/images/prd_img/20250107/4701943/detail_4701943_17376155754602_big.jpg?w=1200,https://image.msscdn.net/thumbnails/images/prd_img/20250107/4701943/detail_4701943_17376155990716_big.jpg?w=1200,없음,https://image.msscdn.net/thumbnails/images/goods_img/20250107/4701943/4701943_17376155816806_big.jpg?w=1200,hoodie_0365,271,7.7천 회 이상 (최근 1개월),없음,후기 7개,없음,"체험단 1.배송예정일보다 빠르게 배송되었고 포장상태 또한 깔끔합니다.  2. 두께 두툼할줄알았는데 생각보다 얇습니다. 아마 사진으로도 느껴지실 것 같습니다. 얇아서 그런지 약간은 흘러내리는 핏이 발생합니다 겨울보다는 봄가을에 활용하면 야무질것같습니다.  3. 핏 완전 오버핏은 아니고 적당한 세미오버핏입니다. 소매통이 살짝 넓어서 쌓이는 그런 핏을 원했는데 그런핏은 아니고 적당한 세미오버핏이나옵니다. 목부분은 제가 얼굴이 크긴한데 저보다 더크신분들은 불편하실 수 있을정도로 좁습니다. 이건 개인차가 있을 것 같아요. 그리고 어깨선이 살짝 내려와있긴 해서 어깨가 조금 넓어보이긴하는데 다른 브랜드와 달리 봉제선이 정중앙보다는 약간 앞으로 나와있는것같아요 제 체형탓일지는 모르겠어요  4. 촉감 약간 폴리가 섞여서 탄탄,쫀쫀하면서도 부드럽습니다.  5. 코디 가운데 큼지막한 아치형 레터링과 블랙의 조화라 코디는 깡패인것같습니다. 데님과 입어도 이쁘고 스웻팬츠랑 입어도 너무 좋습니다.  6. 총평 겨울보다는 다가올 봄에 검정 후드티가 필요하신분은 강추드립니다! 완전 오버한 핏을 싫어하시는 분이라면 더욱 추천드릴 수 있을 것 같아요 역시 뉴발란스....최고..",170/73 딱 편하고 예쁘네요 그렇게 오버핏 같진 않고 거의 정사이에요,옷이 생각보다 작아요 한사이즈 업해도 될거같아요,디자인이 맘에 들어서 구입 했어요 소재도 사이즈도 괜찮아요,이쁨! 어디에든 무난하게 코디 가능할 듯! 오버핏 느낌 부족.. 사이즈 바꾸기 귀찮..
https://www.musinsa.com/products/4408187,(-er Series)EMT hoodie black,"89,000원",51%,"43,990원",아이아우어,https://image.musinsa.com/mfile_s01/_brand/free_medium/iouwer.png?20240509134915,상의,후드 티셔츠,없음,없음,없음,https://image.msscdn.net/thumbnails/images/goods_img/20240905/4408187/4408187_17261216999416_big.jpg?w=1200,hoodie_0366,48,200회 이상 (최근 1개월),없음,없음,없음,없음,없음,없음,없음,없음
https://www.musinsa.com/products/4474670,(W) 테일러 코튼 스웻 후드 티셔츠 네이비,"129,000원",25%,"96,750원",신앤리,https://image.musinsa.com/mfile_s01/_brand/free_medium/ssinandlee.png?20220415170116,상의,후드 티셔츠,https://image.msscdn.net/thumbnails/images/prd_img/20240930/4474670/detail_4474670_17276341160812_big.jpg?w=1200,https://image.msscdn.net/thumbnails/images/prd_img/20240930/4474670/detail_4474670_17276341170413_big.jpg?w=1200,없음,https://image.msscdn.net/thumbnails/images/goods_img/20240930/4474670/4474670_17276341073602_big.jpg?w=1200,hoodie_0367,"13,420",6만 회 이상 (최근 1개월),없음,후기 61개,4.8,꺄르륵 성찬쿤 손민수를 해봤는데용 ㅋ 단추나 모자 포인트가 많아서 좋아요 너무 크롭하다는 후기가 있길래 남자 사이즈로 구매할까 하다 여자 사이즈로 했는데 잘한거 같아요 핏 아쥬 굿,"너무 흔한 레터링이나 자수 후드티는 이제 질려서 깔끔하면서도 딱 포인트 되는 편안한 후드티 없을까 검색하구 검색하다가 마침내 발견한 완내스,,^^ 무게감은 살짝 있디만 살짝 클까봐 걱정한 마음 무색하게 품 낙낙하게 잘 맞았어요 단추 두개 풀고 입는 게 정말 예뻐욤,, 트레이닝복 바지랑 매치해주면 편하지만 스타일리쉬해보이고 저처럼 치마랑 입으면 꾸안꾸 스타일 완성^_^!!","위아래 세트로 주문했는데 기장이 생각보다 많이 짧아요,,! 기장 제대로 안 본 잘못도 있지만 상품명에 크롭이라고 써있으면 좋을 듯 합니다ㅠㅠ  바지랑 후드랑 가격이 같은데 바지에 비해 디테일이 너무 없다는 게 아쉬워요",후드 안좋아하는편인데 이건 디자인이예쁘고 답답하지않아서 마음에듭니다,한달후기 너무 잘입고 다녀요 퀄리티나 마감상태 다 좋은데 핏은 좀 왜소해 보이는 부분이 없잖아 있어요
https://www.musinsa.com/products/4330528,[4color] Answer Key Vintage Hood,"89,000원",25%,"66,750원",마틴플랜,https://image.musinsa.com/mfile_s01/_brand/free_medium/martinplan.png?20210817140457,상의,후드 티셔츠,https://image.msscdn.net/thumbnails/images/prd_img/20240814/4330528/detail_4330528_17345829681247_big.jpg?w=1200,https://image.msscdn.net/thumbnails/images/prd_img/20240814/4330528/detail_4330528_17345829527667_big.jpg?w=1200,없음,https://image.msscdn.net/thumbnails/images/goods_img/20240814/4330528/4330528_17350089975882_big.jpg?w=1200,hoodie_0368,"2,083",6.3천 회 이상 (최근 1개월),없음,후기 146개,4.9,체험단 😎먼저 당첨에 도움을 주신 무신사와 마틴플랜 분들에게 감사인사 드립니다! 글자수 제한이 생겨 알찬 후기만 쏙쏙 남겨볼게요! 먼저 옷 받자마자 한번 피팅 해봤는데 핏이 진짜 맛있습니다! 바지를 어떤걸 입어도 찰떡으로 잘 어울려요! 청바지는 무조건 그냥 잘어울립니다! 대학생 분들 캠퍼스 룩으로 진짜 잘 맞으실듯 해요! 무게도 그렇게 무거운 편은 아니고 굉장히 부드러운 느낌입니다! 얇은 편도 아니여서 지금같이 추워질때부터 입기 시작해서 겨울까지도 알차게 입을 것 같아요! 저는 뭔가 요즘 후드티에 하얀 레이어드 티만 매치해서 지겨운 느낌이라 남색 셔츠를 매치해봤는데 생각보다 괜찮더라고요! 핏도 살짝 오버핏 한 느낌으로 제가 아주 좋아하는 핏으로 떨어져서 전 진짜 너무 기부니가 좋았습니다💕 다음으로 이 마탠플랜 시그니처 그래픽과 레터링!!! 이거 진짜 개인적으로 너무 마음에 들어요! 브랜드 슬로건이 담긴 레터링까지.. 대체 어디까지 신경쓰신건가요 마틴플랜!! 남녀노소 누구나 입어도 진짜 이쁘게 알차게 입을수 있는 후드티 찾으신다면 요거 하나 데리고 오는거 진짜 추천추천이에요! 저보다 더 멋지게 코디 하실수 있으실거에요!! 많은 분들에게 도움이 됐길 바라며 짧지만 알찬 리뷰 마치겠습니다! 감사합니당😄,"체험단 안녕하세요. 오늘 리뷰할 제품은 마틴플랜의 후디입니다. 멋진 아이템을 경험할 수 있는 기회를 제공해주신 무신사와 마틴플랜에 감사의 말씀 드립니다.  마틴플랜은 특유의 감성적이면서도 레트로한 무드가 정말 매력적인 브랜드인데, 역시나 이 아이템에도 그 감성이 잘 녹아있었습니다. 전면에 크게 들어간 레터링과 복잡한 프린팅의 조합은 아이템 하나만으로도 충분한 포인트가 되어줍니다. 무난할 수 있는 빅 프린팅이지만, 레트로한 폰트 덕분에 감도가 더욱 살아나는 느낌이에요.  원단감은 너무 얇지도 두껍지도 않은 중간에 있고, 여름을 제외한 모든 계절에 활용할 수 있는 정도라고 보시면 되겠습니다. 터치감도 어느정도 부드럽고, 단품으로 입어도 전혀 까끌거리지 않아 좋았습니다.  핏은 자연스럽게 몸을 타면서 떨어지는데, 너무 오버하지 않고 살짝 여유로운 세미오버 실루엣은 깔끔하게 유행 타지 않고 입기에 좋을 것 같은 느낌입니다. 95~100 사이즈 기준으로 S 추천드리고, 여유로운 실루엣을 좋아하시면 한 사이즈 업 추천드립니다. 저는 다시 구매한다면 M 으로 구매할 것 같습니다.  ""감성적인 포인트 후디를 찾는다면""  좋은 아이템을 경험할 기회를 제공해주신 마틴플랜과 무신사 측에 다시 한번 감사의 말씀 드리고, 긴 후기를 읽어주신 모든 분들께도 또한 감사의 말씀 드립니다. 감사합니다! :)",모자각도 훌륭하고 사이즈감도 넉넉해서 편하게 착용하기 너무좋아요 레터링이랑 후드전체 컬러 배색이 조화로워서 더 예쁜거 같아요 커플로 착용해도 좋을듯한 제품입니다,넘 맘에 들어요 짱짱하고 예쁘네요 ㅎㅎ 사이즈도 좋아요,자켓 안에 후드 매체하기에 딱입니다. 그냥 무난한 회색 후드티가 아니라 중앙에 글자 포인트가 되게 매력있는 거 같아요. 옷 퀄리티도 훌륭합니다.
https://www.musinsa.com/products/4494424,스너그 후디 티셔츠 (그레이),없음,없음,"39,000원",오엑스 스튜디오,https://image.msscdn.net/mfile_s01/_brand/free_medium/oxstudios.png?20200608153142,상의,후드 티셔츠,https://image.msscdn.net/thumbnails/images/goods_img/20241007/4494424/4494424_17283114688243_big.jpg?w=1200,https://image.msscdn.net/thumbnails/images/prd_img/20241007/4494424/detail_4494424_17283114799590_big.jpg?w=1200,없음,https://image.msscdn.net/thumbnails/images/prd_img/20241007/4494424/detail_4494424_17283114808813_big.jpg?w=1200,hoodie_0369,437,2.2천 회 이상 (최근 1개월),없음,후기 52개,4.9,얇아서 이너로 코디하기 짱 좋습니다! 썸홀도 있어서 좋네요 겨울 봄까지 잘 입겠습니다,이너 후드티로 구매했는대 재일이 부드러워서 맨살에 입어도 불편함 없이 잘 입을 수 있습니다. 소매길이도 길어서 포인트 주기 좋아요,기본템으로 갖고있으면 너무 좋아요 얇음생각보다,레이어드 해서 입기 너무 이쁘고 퀄리티도 좋아요,레이어드 후드로 가성비 좋아요 워머부분의 마감과 디테일이 좀 아쉽긴하지만 가격을 생각하면 포기가 되는 부분입니다
https://www.musinsa.com/products/4562491,moxie 오버핏 후드티 -블랙,"71,000원",45%,"38,900원",엠더바스,https://image.msscdn.net/mfile_s01/_brand/free_medium/mthebas.png?20240823140555,상의,후드 티셔츠,없음,없음,없음,https://image.msscdn.net/thumbnails/images/goods_img/20241028/4562491/4562491_17300540718634_big.jpg?w=1200,hoodie_0370,36,150회 이상 (최근 1개월),없음,없음,없음,없음,없음,없음,없음,없음
https://www.musinsa.com/products/4422864,네코 팜 로고 오버핏 후드 티셔츠 버건디,"89,000원",60%,"35,900원",엔피스튜디오,https://image.musinsa.com/mfile_s01/_brand/free_medium/nastypalm.png?20230823161649,상의,후드 티셔츠,https://image.msscdn.net/thumbnails/images/goods_img/20240909/4422864/4422864_17258833037451_big.jpg?w=1200,https://image.msscdn.net/thumbnails/images/prd_img/20240909/4422864/detail_4422864_17270743937201_big.jpg?w=1200,없음,https://image.msscdn.net/thumbnails/images/prd_img/20240909/4422864/detail_4422864_17270743944656_big.jpg?w=1200,hoodie_0371,"5,147",5.8천 회 이상 (최근 1개월),없음,후기 92개,4.7,#엔피스튜디오 #네코팜 #로고후드티 #버건디 #XL,박시하게 오버핏으로 입으려고 L 사이즈 선택했는데 엉덩이 다 덮어주고 핏 널널하고 예쁘게 떨어져서 딱 좋아요!,고양이,한달후기 몇번 입지는 않았지만 핏 색상 디자인 머 다좋아요,"버건디 후드티 갖고싶어서 샀는데, 생각보다 두꺼워서 샀을 당시에는 좀 더운 느낌이 있었는데, 이젠 따뜻하게 입기 좋아요"
https://www.musinsa.com/products/4307562,BIG CLASSIC LOGO HOODIE ZIPUP oatmeal,없음,없음,"129,000원",마리떼,https://image.musinsa.com/mfile_s01/_brand/free_medium/marithefrancoisgirbaud.png?20210127142317,상의,후드 티셔츠,없음,없음,없음,https://image.msscdn.net/thumbnails/images/goods_img/20240808/4307562/4307562_17235158975130_big.jpg?w=1200,hoodie_0372,"1,314",6.7천 회 이상 (최근 1개월),없음,후기 32개,4.9,한달후기 173 기준으로 골반까지 와서 기장이 딱 적당해영 되게 따뜻하고 스타일링도 쉽습니댜 모자가 살짝 무거운데 그거 빼면 만족해용!,"하 정말 마음에 들어요 아무도 몰랐으면 좋겠습니다ㅠㅜ 사이즈,품질 정말 다 좋아요",딱 라지하길 너무 잘 한거 같구 핏이 넘 이뻐요 작년꺼랑 다르게 백프린팅 되어 있는 점이 너무 맘에 들어서 구매했는데 완전 만족! 아방한 핏이에요,잘입겠습니다. 색이 이쁩니다. 평소에 잘 입고다니겠습니다.,친구 선물 했는데 좋아해요 :) 아이보리 색상 하의 아무거나에 다 잘어울릴거 같아요
https://www.musinsa.com/products/4467229,Outline lettering 그래픽 오버핏 배색 후드 티셔츠 네이비,"49,800원",30%,"34,860원",언탭트 스튜디오,https://image.msscdn.net/mfile_s01/_brand/free_medium/untapped.png?1730708272814,상의,후드 티셔츠,https://image.msscdn.net/thumbnails/images/goods_img/20240926/4467229/4467229_17313169879110_big.jpg?w=1200,https://image.msscdn.net/thumbnails/images/prd_img/20240926/4467229/detail_4467229_17313169999670_big.jpg?w=1200,없음,https://image.msscdn.net/thumbnails/images/prd_img/20240926/4467229/detail_4467229_17313170006922_big.jpg?w=1200,hoodie_0373,72,350회 이상 (최근 1개월),없음,없음,없음,없음,없음,없음,없음,없음
https://www.musinsa.com/products/4683972,TCM vintage starfish hoodie (brown),"89,000원",10%,"80,100원",더콜디스트모먼트,https://image.musinsa.com/mfile_s01/_brand/free_medium/thecoldestmoment.png?20200710145248,상의,후드 티셔츠,https://image.msscdn.net/thumbnails/images/goods_img/20241230/4683972/4683972_17370367596667_big.jpg?w=1200,https://image.msscdn.net/thumbnails/images/prd_img/20241230/4683972/detail_4683972_17370367683932_big.jpg?w=1200,https://image.msscdn.net/thumbnails/images/prd_img/20241230/4683972/detail_4683972_17370367692398_big.jpg?w=1200,https://image.msscdn.net/thumbnails/images/prd_img/20241230/4683972/detail_4683972_17370367712363_big.jpg?w=1200,hoodie_0374,"1,442",1.1만 회 이상 (최근 1개월),없음,후기 8개,4.8,생각보다 커서 한사이즈 작은 걸로 살 걸 그랬어요. 그래도 귀여워서 만족합니다.,너무너무 이뻐요 그냥저냥 입기 좋아요 가운데에 별이 크케 있어서 포인트되고 좋아요옹ㅇㅇ 근데 딱 한번빨았는데 한쪽별 끝쪽이 떨어졌어요ㅜ 가격 생각하면 이런ㅂ부분좀 신경써줄수 있지 안나싶어요,엄청예뻐요 옷 반딱반딱아주빛나요 가격값 해요 무조건사요,봉투가 이뻐서 엄청 설레고 까보면 후드색도예쁘고 핏도좋고 최고에요,색 예쁘고 편하게 입기 좋을것 같아요. 근데 보풀 잘 생길것 같음
https://www.musinsa.com/products/4285383,TCM rag hoodie (sky blue),"89,000원",10%,"80,100원",더콜디스트모먼트,https://image.musinsa.com/mfile_s01/_brand/free_medium/thecoldestmoment.png?20200710145248,상의,후드 티셔츠,https://image.msscdn.net/thumbnails/images/goods_img/20240731/4285383/4285383_17233460844856_big.jpg?w=1200,https://image.msscdn.net/thumbnails/images/prd_img/20240731/4285383/detail_4285383_17233461146183_big.jpg?w=1200,https://image.msscdn.net/thumbnails/images/prd_img/20240731/4285383/detail_4285383_17233461155489_big.jpg?w=1200,https://image.msscdn.net/thumbnails/images/prd_img/20240731/4285383/detail_4285383_17233461177828_big.jpg?w=1200,hoodie_0375,"15,974",3만 회 이상 (최근 1개월),1.6천 개 이상,후기 263개,4.8,색감이 너무 귀엽습니다.. 안감도 부드럽고 정핏으로 입고싶어서 m샀는데 여자치고 어깨랑 뼈대가 큰 편이라 품이 생각보다 작아서 L교환 할까 하다 총장때문에 그냥 입기로 했어용,진청 바지랑 같이 입으면 너무너무 귀엽.. 맘에 들어요,모자가 넘 짝아,생각보다 밝은 색상은 아니였지만 예쁩니다!!! 일본에서 입었는데 너무 예뻤습니다~,아니 색감 너무 잘 뽑은거 아님니까 이렇게 귀여우면 어짜죠 기모는 없는 제품인데 너무 귀여워서 추워도 잘 입고 다녀요 로고도 귀여움니다 ㅠ___ㅠ
https://www.musinsa.com/products/4683277,FLM 스티치 로고 후디-차콜,"64,000원",45%,"34,900원",필루미네이트,https://image.musinsa.com/mfile_s01/_brand/free_medium/filluminate.png?20240624122453,상의,후드 티셔츠,https://image.msscdn.net/thumbnails/images/goods_img/20241227/4683277/4683277_17376250707599_big.jpg?w=1200,https://image.msscdn.net/thumbnails/images/prd_img/20241227/4683277/detail_4683277_17376252572411_big.jpg?w=1200,https://image.msscdn.net/thumbnails/images/prd_img/20241227/4683277/detail_4683277_17376260285280_big.jpg?w=1200,https://image.msscdn.net/thumbnails/images/prd_img/20241227/4683277/detail_4683277_17376257987038_big.jpg?w=1200,hoodie_0376,120,1.9천 회 이상 (최근 1개월),없음,없음,없음,없음,없음,없음,없음,없음
https://www.musinsa.com/products/4265193,그래피티 로고 후드티_그레이,"49,800원",42%,"28,900원",어나더 아카이브,https://image.musinsa.com/mfile_s01/_brand/free_medium/anotherarchive.png?20220819175620,상의,후드 티셔츠,https://image.msscdn.net/thumbnails/images/goods_img/20240722/4265193/4265193_17243382854984_big.jpg?w=1200,https://image.msscdn.net/thumbnails/images/prd_img/20240722/4265193/detail_4265193_17243382902290_big.jpg?w=1200,https://image.msscdn.net/thumbnails/images/prd_img/20240722/4265193/detail_4265193_17243382931071_big.jpg?w=1200,https://image.msscdn.net/thumbnails/images/prd_img/20240722/4265193/detail_4265193_17243382988927_big.jpg?w=1200,hoodie_0377,"6,206",2만 회 이상 (최근 1개월),3.8천 개 이상,후기 446개,4.8,기장은 약간 길긴한데 두툼하고 겨울에 입기좋아요 날씨도 쌀쌀한데 좋은거같아요!,한달후기 기모가 부드럽고 따뜻해요 착용감이 좋아서 자주 입고 싶어요 회색에 프린트가 스타일리쉬해서 데일리룩으로 딱이네요 비싸지 않은 가격으로 구입했는데 만족스럽네요 날이 더 추워지면 더 잘입을 것 같아요,입었을 때 기모가 부드럽다는 느낌이 첫번째로 들어서 기분 좋았어요 핏도 제 스펙에는 큰 사이즈이긴 하지만 이쁘고요 디자인도 크게 튀지 않고 데일리해서 교복템으로 딱이네요 배달도 빠르게 오고 좋았어요,입었을 때 기모가 부드럽다는 느낌이 첫번째로 들어서 기분 좋았어요 핏도 제 스펙에는 큰 사이즈이긴 하지만 이쁘고요 디자인도 크게 튀지 않고 데일리해서 교복템으로 딱이네요 배달도 빠르게 오고 좋았어요,한달후기 한달동안 잘 입어보았습니다 모처럼 추운 겨울 이 후드티로 따뜻하게 보내는중입니다. 따뜻한 안감기모가 더욱더 보온을 높여주고 앞면에 있는 로고는 세련함이 돋보이는 후드티입니다. 평범한듯 일상속 후드티를 입으면 꾸민듯 안꾸민듯 하는 아이템이로군요. 한달동안 잘 입었습니다
https://www.musinsa.com/products/4318941,아치 로고 후드 티셔츠 와인,"50,000원",14%,"42,900원",마카사이트,https://image.musinsa.com/mfile_s01/_brand/free_medium/macasite.png?20221017155838,상의,후드 티셔츠,https://image.msscdn.net/thumbnails/images/goods_img/20240812/4318941/4318941_17243849449862_big.jpg?w=1200,없음,없음,https://image.msscdn.net/thumbnails/images/prd_img/20240812/4318941/detail_4318941_17234298571506_big.jpg?w=1200,hoodie_0378,"4,867",1.1만 회 이상 (최근 1개월),1.7천 개 이상,후기 186개,4.8,배송 오자마자 입고 나갔는데 친구들이 옷이 이쁘다 말해줬고 후드 모자도 적당하게 크고 좋은데 팔이 살짝 긴 편이어서 사이즈 잘 참고하시고 사시는 게 좋을 것 같아요,한달후기 재질이 탄탄하고 세탁후에도 변형이 없고 너무 예뻐요! 오래 입어도 색도 안빠질것 같아요 저렴하게 구매했는데 너무 좋은거 같아요,한달후기 사이즈에 잘 맞고 이뻐요 버건디라는 색이 이쁘고 해서 잘 어울리네여,수학여행 가서 입었는데 애들도 이쁘다 해주고 무엇보다 찐한 와인색 컬러가 맘에 들어요.,한달후기 후드각은 적당한거같아서 만족하고 모자가 작지 않아서 좋았어요 ! 색감도 원하던 색감이었고 기장이 조금 긴것 빼곤 다 좋았건것같아요
https://www.musinsa.com/products/4439440,Focus 피그먼트 후드티,"67,000원",20%,"53,900원",벤힛,https://image.musinsa.com/mfile_s01/_brand/free_medium/venhit.png?20220907174723,상의,후드 티셔츠,https://image.msscdn.net/thumbnails/images/goods_img/20240913/4439440/4439440_17261948311659_big.jpg?w=1200,https://image.msscdn.net/thumbnails/images/prd_img/20240913/4439440/detail_4439440_17262046409048_big.png?w=1200,없음,https://image.msscdn.net/thumbnails/images/prd_img/20240913/4439440/detail_4439440_17262046475521_big.jpg?w=1200,hoodie_0379,"22,638",3만 회 이상 (최근 1개월),2.9천 개 이상,후기 284개,4.7,거의 2주넘게 기다려서 받았는데 이게뭔가요 뜯어져 있어요 당장 해외나가서 반품도 못하고 짜증나네요,사진과 같은 색깔이여서 마음에 들었습니다. 그리고 글자 포인트가 핑크색으로 되어있어 힙하게 입을 수 있을꺼같습니다. 그렇지만 생각보다 사이즈를 크게 사서 아쉽웠습니다. 다들 이 옷 사시고 기분 하루 보내세요😚,한달후기 너무큰가했는데 입으니까 사이즈 딱좋았어요 근데 색이 물들어요 한번빨고입으세요ㅠ,이뻐용 핏 맘에 들고 색깔 맘에 들고 원래 체격이 좀 있어서 오버핏이 별로인 스타일이라 xl 했으면 너무 컸을뻔했어요 딱 방방하니 얘쁨,체험단 가을과 겨울 그리고 초봄까지 캐주얼하게 입을 수 있는 두깨감의 후드티인 focus 후드티는 빈티지한 느낌의 피그먼트 더스트 차콜 색상답게 어느 바지랑 매치를 하여도 어울리네요. 한 겨울에는 이너로 입고 밖에 점퍼나 패딩을 입어주면 캐주얼한 무드를 살리면서 자연스러운 멋을 매치할 수 있을 것 같습니다. 무엇보다 전면부 디자인이 매우 마음에 들었고 후면부의 디자인은 호불호가 있을 수 있지만 무난하지 않는 디테일이 이 후드티의 장점이라 생각 됩니다.  저와 같은 체형은 xl을 입으면 무난한 오버핏으로 입을 수 있을 것 같고 집근처나 약속이 있을 때 또는 운동시에도 기모가 없는 후드티다 보니 무난하게 입기 좋았습니다.  캐주얼하게 입을 후드티를 찾고 있는데 너무 심심하지 않는 디테일의 후드티를 찾으신다면 위 아이템을 추천드려요
https://www.musinsa.com/products/4453739,[고민시 착용]헤리티지 데님 후드 (3color),"129,000원",10%,"116,100원",오아이오아이 컬렉션,https://image.msscdn.net/mfile_s01/_brand/free_medium/5252byoioi.png?1734933845387,상의,후드 티셔츠,없음,없음,없음,https://image.msscdn.net/thumbnails/images/goods_img/20240923/4453739/4453739_17270780468967_big.jpg?w=1200,hoodie_0380,"3,258",1.7만 회 이상 (최근 1개월),없음,후기 13개,4.8,직접 보니까 더 예쁜 것 같아요!! 처음 뜯었을 때는 이상한 냄새가 나긴 했지만 그리고 핏이 전체적으로 예쁜 옷인 것 같아요!,M · LIGHT BLUE 구매,진짜 색감 너무 이쁘고 시보리도 짱짱해서 좋아요!!,"고민 많이 하고 샀는데, 너무 마음에 드네요 감사합니다",완전 이뻐요!!! 색상도 아주 만족하고 할인해서 잘 구매 했어요!
https://www.musinsa.com/products/4733539,Cowl neck botton hoodie CHARCOAL,"128,000원",10%,"115,200원",미세키서울,https://image.musinsa.com/mfile_s01/_brand/free_medium/misekiseoul.png?20230707140259,상의,후드 티셔츠,https://image.msscdn.net/thumbnails/images/goods_img/20250121/4733539/4733539_17383055768471_big.jpg?w=1200,https://image.msscdn.net/thumbnails/images/prd_img/20250121/4733539/detail_4733539_17383055842470_big.jpg?w=1200,없음,https://image.msscdn.net/thumbnails/images/prd_img/20250121/4733539/detail_4733539_17383055849312_big.jpg?w=1200,hoodie_0381,398,2.9천 회 이상 (최근 1개월),없음,없음,없음,없음,없음,없음,없음,없음
https://www.musinsa.com/products/4330937,1989 배색 후드(STHSTD-0099),"78,000원",50%,"38,900원",1989스탠다드,https://image.musinsa.com/mfile_s01/_brand/free_medium/1989standard.png?20221220163307,상의,후드 티셔츠,https://image.msscdn.net/thumbnails/images/prd_img/20240814/4330937/detail_4330937_17349212787136_big.jpg?w=1200,https://image.msscdn.net/thumbnails/images/prd_img/20240814/4330937/detail_4330937_17338841711250_big.jpg?w=1200,없음,https://image.msscdn.net/thumbnails/images/goods_img/20240814/4330937/4330937_17349212683654_big.jpg?w=1200,hoodie_0382,"3,765",2만 회 이상 (최근 1개월),2.3천 개 이상,후기 239개,4.8,"체험단 - 착용 사이즈 : XL - 여, 167/60  색 조합이 너무 귀여워서 반해버린 1989후드 후기입니다 ⁀‿⁀ 실물 색상은 모델분이 입고 계시는 사진보다 아래 상품샷 쪽이 가까워요 ! ! 네이비에 크림색 모자라 색상만으로도 따뜻하고 폭닥한 느낌이 느껴집니당 🤍  기모가 든 옷 치고 두꺼운 편은 아닌 것 같고, 천도 다른 후드들에 비해 보들보들? 약간 매끈한 느낌이 들어요 저는 그 안감 기모인 옷들 특유의 주름 잘 안 지고 둔둔한 느낌 . . ? 옷 자체가 튼실한 느낌?을 엄청 싫어하는데 이 후드는 두껍지 않아서 그런지 그런 느낌이 없더라구요! 그렇다고 너무 힘없이 흐물흐물하지도 않은!! 딱 좋은 중간의 느낌이라 너무 마음에 들었어요 겨울에 외투 안에 입기에도 답답하지 않을 딱 좋은 두께라고 생각하고 추위를 많이 타시는 분들은 지금도 충분히 밤에 입으실 수 있을 것 같숩니다  기장은 엉덩이를 덮는 정도이고 시보리도 적당히 짱짱해서 원하는 정도에 걸쳐 입을 수 있어요 ! 갖고 있는 배색 후드가 하나도 없었는데 휘뚜루마뚜루 기본 템으로 정말 마음에 들어서 강추합니다 ~~~~ 짱 !!! 👍👍👍","체험단 키: 162cm 사이즈/ 핏: 162기준 예쁘게 딱 떨어지는 핏이에요! 다만 팔이 조금 긴데 저는 긴거 좋아해서 더 마음에 들었어요!! 조금 더 귀여워보이는 포인트랄까..?기모도 적당히 들어가 있어서 지금 날씨에 딱 입기 좋아요ㅎㅎ  디자인: 배색이 포인트인 후드티에요! 포근한 느낌의 아이보리와 네이비 조합이 잘어울리고, 진짜 귀여운 포인트는 1989글자를 감싸고 있는 청색자수..✨  스타일링: 사실 어디에나 다 잘어울리는 후드티여서 추리닝, 청바지 다 잘 어울려요! 저는 배색이 네이비인만큼 청바지와 코디해주었습니다 ㅎㅎ 그리고 학생분들 교복위에 입기 너무 좋을 것 같아요!! 귀여움 가득합니다..💗","체험단 배색 후드는 깔끔한 디자인에 센스 있는 컬러 배색이 더해져 어디에나 잘 어울리는 아이템이에요. 두께감이 적당해서 외투 안에 입기에도 부담 없고, 청바지든 조거 팬츠든 하의 가리지 않고 매치하기 쉬워서 데일리룩으로 딱이에요.  핏도 정말 예쁘게 떨어져요! 기본 핏으로 입으면 깔끔하고 단정한 느낌이고, 한 사이즈 업하면 요즘 트렌드인 오버핏 스타일로 연출할 수 있어요. 넉넉하게 입고 싶다면 L 사이즈 추천합니다.  게다가 안감이 기모라서 포근하고 따뜻해요. 부드러운 촉감 덕분에 입었을 때 기분도 좋고, 겨울철 내내 손이 자주 갈 것 같은 후드티예요. 심플하면서도 스타일 살려주는 후드 찾고 있다면 추천합니다!",한달후기 빨자마자 검은 털이 너무 나와서 며칠을 고생했습니다 ㅜㅜ,원하던 핏에 색감입니다 자수 글씨까지 너무 잘 어울립니다 간절기때 고려해서 L사이즈 굿 초이스! 기모도 따뜻합니다^^
https://www.musinsa.com/products/4311973,OG COMBO HOODIE camo,"119,000원",10%,"107,100원",엘엠씨,https://image.musinsa.com/mfile_s01/_brand/free_medium/lmc.png?20220610163914,상의,후드 티셔츠,https://image.msscdn.net/thumbnails/images/prd_img/20240808/4311973/detail_4311973_17356262244688_big.jpg?w=1200,https://image.msscdn.net/thumbnails/images/prd_img/20240808/4311973/detail_4311973_17356262255436_big.jpg?w=1200,없음,https://image.msscdn.net/thumbnails/images/goods_img/20240808/4311973/4311973_17356262117250_big.jpg?w=1200,hoodie_0383,"8,741",6.7천 회 이상 (최근 1개월),없음,후기 101개,4.9,카키색감이 너무 좋았고 브라운 계열 청바지랑 입으면 이쁠거 같은 옷입니댜 ㅜㅜ 저는 회색티 레이어드 해서ㅜ입엇는데 그냥 옷 자체가 이뻐서 편하게 입어두 이쁠거 같네뇨,한달후기 엘엠씨 솔직히 흔한 브랜드인데 이 디자인은 안흔해요 입은 사람 대학교에서도 본 적 없음,친구꺼랑 같이 시키긴 했는데 S가 먼저 왓어요! 입엇는데 진짜 개 이뻣음 ㅜㅜ 몸에 핏 딱 떨어지고 촌스럽지도않고 색깔도 이뻐서 만족 해ㅛ습니당,기모없는 후드라 봄가을에 입기 좋고 겨울에 패딩 안에 입어도 괜찮아요,옷이 많이 까슬해요..생각보다 색깔이 연해서 아쉽습니다 그래도 잘 입으려구요
https://www.musinsa.com/products/4388396,[기모선택]Hitten Heavy Terry Hoodie,"54,900원",15%,"46,670원",비바라비다,https://image.musinsa.com/mfile_s01/_brand/free_medium/vivalavida.png?20240724113548,상의,후드 티셔츠,https://image.msscdn.net/thumbnails/images/goods_img/20240830/4388396/4388396_17375280876112_big.jpg?w=1200,https://image.msscdn.net/thumbnails/images/prd_img/20240830/4388396/detail_4388396_17375280940279_big.jpg?w=1200,없음,https://image.msscdn.net/thumbnails/images/prd_img/20240830/4388396/detail_4388396_17375280947297_big.jpg?w=1200,hoodie_0384,"1,456",7천 회 이상 (최근 1개월),없음,후기 57개,4.9,"체험단 비바라비다의 회색 후드티는 깔끔한 그레이 컬러 덕분에 다양한 룩에 쉽게 매치할 수 있어 데일리로 입기에 좋은것 같습니다. 과하지 않으면서도 포인트가 될 수 있는 디자인이라 일상적으로 편하게 입기에도, 멋을 내고 싶은 날에도 잘 어울리는것 같고 특히 가슴 부분에 있는 귀여운 고양이 모양이 시선을 사로잡아서 포인트 주기 매우 좋습니다. 배송 오기전에는 나이에 안맞으려나? 라는 걱정도 조금 있었는데 포인트주기 너무 좋았습니다!  또 재질도 부드럽고 거칠하지 않아서 피부에 자극 없이 착용할 수 있을것 같습니다. 이너 입고 입긴했는데 피부 예민한 편이었는데 큰 불편함은 못 느꼈습니다. 그리고 적당한 두께감 덕분에 간절기와 겨울철 이너로 활용하기에도 딱입니다. 오버핏으로 여유로운 실루엣이 자연스럽게 떨어져 편안하게 착용할 수 있고, 남녀 모두에게 잘 어울리는 핏입니다.  편안하면서도 귀여운 디테일이 더해진 후드티를 찾는 분들이면 좋은 옷일것 같습니다! 감사합니다!",그래픽이 귀여워서 구매했는데 받아보니 옷 재질도 좋고 핏이 너무 예뻐요ㅠㅠ 가을 겨울에 손이 자주 갈것 같아요!!,체험단 안녕하세요 무신사 체험단에 당첨되어 리뷰를 쓰게 되었습니다. 저는 179에 77키로정도 나갑니다. 네이비 XL 를 입어보고 꾸밈없는 후기를 남겨보자면 우선 정말 기본적인 후드티입니다 너무 오버하지도 않고 너무 작지도 않아 누구나 쉽게 입을 수 있고 색상 또한 너무 밝지 않은 네이비 색이라 부담없이 입을 수 있습니다 앞판에 고양이와 시보리 근처에 자수 디테일이 있어 심심함을 좀 덜어줍니다 시보리도 적당이 있어 너무 불편하지 않게 핏을 잡아주어 아무생각 없이 편하게 입고 코디할 수 있는 후드티라 소장 가치가 있다고 생각합니다! 앞서 말했지만 앞판에 고양이가 있어 귀여운 느낌을 낼 때도 좋은 것 같습니다 저랑 스팩이 비슷하시면 무조건 XL 가시고 175보다 작으신 분들은 L 추천드립니다 너무 크게 입으면 안예쁜 오버핏이 나올 수도 있습니다!,체험단 체험단 당첨돼서 감사합니다. 공짜로 옷 득템해서 기분 좋아서 바로 후기남깁니다. 185 85키로 상의xl 너무 딱맞고요. 색깔 핏 다 너무 좋아요. 고양이그림도 있어서 귀여움2배에요. 그냥 돈주고 사라고했었어 샀을거같아요.아닌가 아무튼 공짜르받았지만 개꿀이에오. 와이드 데님팬츠랑 입으면 국밥템입니다.요즘 추운데 이너로 입고 아우터 입으면 캐주얼 국밥입니다. 너무 잘입고다니고있습니다. 또 당청되면 좋겠네요.잘입겠습니다. 22자남았는데 그냥 사진보면 아시겠지만 그레이후드중 귀엽고므난하고 핏좋고 사면 후회는안하심,체험단 체험단 당첨 감사합니다😍 총평 : 별 다섯개 ⭐️⭐️⭐️⭐️⭐️ 일단 핏 너무 완벽해요 s랑 m이랑 고민했는데 m하니깐 딱 제가 원하던 여유로운 핏이에요ㅠㅠ 너무 오버한것도 아니고 적당히 낙낙하니 활동하기도 편해요! 그리고 모자도 너무 마음에 들어요 모자사이즈가 커서 딱 썼을때 머리 작아보이는 핏ㅎㅎ근데 저한테 모자 커서 엄청 무거운 후드집업이 있거든요?? 그래서 걘 입고있으면 모자때문에 목졸리는 기분이고 무게감땨문에 불편해서 손이 안가는데 얘는 모자 큰데도 하나도 안무거워요 완벽해요 ㅠㅠ 시보리도 짱짱해서 아방하게 핏 잘잡혀요 소매도 시보리 짱짱함👏 디자인도 고양이 귀엽고 레터링도 진짜 예쁜 파란색!!💙💙 색감도 따악 적당한 멜란지그레이 ㅎㅎ 촉감도 부드러워요 입어본 날 너무 마음에 들고 편해서 바로 입고 외출했어요 제 교복템이 될 예정💙
https://www.musinsa.com/products/4265243,그래피티 로고 후드티_차콜,"49,800원",28%,"35,800원",어나더 아카이브,https://image.musinsa.com/mfile_s01/_brand/free_medium/anotherarchive.png?20220819175620,상의,후드 티셔츠,https://image.msscdn.net/thumbnails/images/goods_img/20240722/4265243/4265243_17243381335199_big.jpg?w=1200,https://image.msscdn.net/thumbnails/images/prd_img/20240722/4265243/detail_4265243_17243381383837_big.jpg?w=1200,https://image.msscdn.net/thumbnails/images/prd_img/20240722/4265243/detail_4265243_17243381408523_big.jpg?w=1200,https://image.msscdn.net/thumbnails/images/prd_img/20240722/4265243/detail_4265243_17243381468426_big.jpg?w=1200,hoodie_0385,"4,281",1.8만 회 이상 (최근 1개월),3.1천 개 이상,후기 350개,4.8,"체험단 기모있는 후드티입니다 제 키 170에 엉덩이 덮는 기장입니다 어깨며 팔 기장, 오버핏으로 코디하기 딱 좋아요!! 저는 주로, 화이트 블랙을 선호하는데 어나더아카이브는 차콜을 선택했어요!! 실제로 받아보니, 로고디자인, 색상 다 마음에 듭니다 ^^  안에 기모가 있는데, 퀄리티 좋구요!! 부들부들합니다 맨살에 입어봤는데도 부드러워요^^ 그리고 중요한거!! 살짝 오버핏이지만 무겁지 않습니다 코디하기 편하고, 데일리템으로 아주 좋습니당  저는 데일리템으로 강추한다는걸 강조하기위해서 주로 입는 청바지로 코디했는데, 정말 휘뚜루마뚜루 여러코디에 잘 어울릴 후드입니다^^",기모가 있어서 엄청 따뜻하고 차콜생에 검정프린팅이라 무채색 코디하기도 좋은거같아요,가격봐요~~~그냥사세요 저 키작은 뚱초딩인데 이거 입음 간지나요 신발은 크록스 우리엄마 열받았어요 제꺼는 비싸게 샀대요 ㅋㅋ 기분좋음,그냥 휘뚜루 마뚜루 입기도 좋아요,어ㅓ나더 아카이브후드티를 즐겨ㅕ입는데 이거 진짜 쥑여요 디자인도 겁내 이쁘고여ㅕ
https://www.musinsa.com/products/4701944,NBN0F1A113 / UNI USA 클래식 후드티 (GRAY),없음,없음,"99,900원",뉴발란스,https://image.msscdn.net/mfile_s01/_brand/free_medium/newbalance.png?20200608153142,상의,후드 티셔츠,https://image.msscdn.net/thumbnails/images/prd_img/20250107/4701944/detail_4701944_17376155239779_big.jpg?w=1200,https://image.msscdn.net/thumbnails/images/prd_img/20250107/4701944/detail_4701944_17376155038361_big.jpg?w=1200,없음,https://image.msscdn.net/thumbnails/images/goods_img/20250107/4701944/4701944_17376155365633_big.jpg?w=1200,hoodie_0386,689,2만 회 이상 (최근 1개월),없음,후기 14개,없음,기모없어서 착용감도 좋고 면도 고급이고 핏두 좋습니다,기모는 없고 가벼운 원단이라 봄에 입기 좋아요. 박시하게 입으려고 XL로 주문했는데 엉덩이 다 덮히는 기장이에요. 저는 키가 170으로 큰편이라 어렵겠지만 작으신분들은 원피스로도 입을 수 있을 것 같아요:),와이프랑 커플 후드티 했습니다 재질 좋고 젊어 보여요 ㅎ,와이프랑 커플 후드티 했습니다 재질 좋고 젊어 보여요 ㅎ,와이프랑 커플 후드티 했습니다 재질 좋고 젊어 보여요 ㅎ
https://www.musinsa.com/products/4453890,(공용) 듀얼 프렌치 테리 후디 - 그르나슈 / FOA4061809B2,없음,없음,"98,000원",오클리,https://image.msscdn.net/mfile_s01/_brand/free_medium/oakley.png?20200608153142,상의,후드 티셔츠,https://image.msscdn.net/thumbnails/images/goods_img/20240923/4453890/4453890_17294905875085_big.jpg?w=1200,https://image.msscdn.net/thumbnails/images/prd_img/20240923/4453890/detail_4453890_17294906046736_big.jpg?w=1200,https://image.msscdn.net/thumbnails/images/prd_img/20240923/4453890/detail_4453890_17294906165223_big.jpg?w=1200,https://image.msscdn.net/thumbnails/images/prd_img/20240923/4453890/detail_4453890_17294906149502_big.jpg?w=1200,hoodie_0387,70,650회 이상 (최근 1개월),없음,후기 1개,없음,옷 자체는 여유있고 좋습니다 원단도 괜찮긴한데 좀 많이 흐물거려요~ 그것보다 잴 중요한건 내외부 테리 부분 실밥이 좀 삐져나와있는데... 세탁하면 여기저기 이런게 많이 생길 것 같아요~,없음,없음,없음,없음
https://www.musinsa.com/products/4697347,Leopard Heart Hoodie [Ivory],"89,000원",30%,"62,300원",로제프란츠,https://image.msscdn.net/mfile_s01/_brand/free_medium/rosefrantz.png?1726714962255,상의,후드 티셔츠,https://image.msscdn.net/thumbnails/images/goods_img/20250103/4697347/4697347_17358855601567_big.jpg?w=1200,https://image.msscdn.net/thumbnails/images/prd_img/20250103/4697347/detail_4697347_17358855609234_big.jpg?w=1200,없음,https://image.msscdn.net/thumbnails/images/prd_img/20250103/4697347/detail_4697347_17358855612004_big.jpg?w=1200,hoodie_0388,744,3.5천 회 이상 (최근 1개월),없음,없음,없음,없음,없음,없음,없음,없음
https://www.musinsa.com/products/4474671,(W) 테일러 코튼 스웻 후드 티셔츠 블랙,"129,000원",25%,"96,750원",신앤리,https://image.musinsa.com/mfile_s01/_brand/free_medium/ssinandlee.png?20220415170116,상의,후드 티셔츠,https://image.msscdn.net/thumbnails/images/prd_img/20240930/4474671/detail_4474671_17276340724081_big.jpg?w=1200,https://image.msscdn.net/thumbnails/images/prd_img/20240930/4474671/detail_4474671_17276340733205_big.jpg?w=1200,없음,https://image.msscdn.net/thumbnails/images/goods_img/20240930/4474671/4474671_17276340633532_big.jpg?w=1200,hoodie_0389,"5,093",2만 회 이상 (최근 1개월),없음,후기 56개,4.8,원단이 브드러운 원단일줄 알았는데 힘있고 좀 거친 원단입니다.뻣뻣 흐드고 해야하나....전 그래서 아쉽네요.부드러운 원단이면 더 여리해보이고 모자도 좀더 지연스럽게 떨어지는 핏이 될듯한데...아쉬워요.디자인은 마음에 듭니다.원단에 비해 가격이 많이 비싼감은 있어요.,한달후기 누가 입은 거 보고 예뻐서 따라 샀어요 근데 제가 입으니까 코디 조금 어려워요,심플하면서 무난하면서 핏도 이쁘고 너무 좋습니다,핏이 좋고 라벨이 너무 예뻐요 단추를 많이 열 수 있어서 여러 느낌으로 입기 좋아요,한달후기 흔하지 않은 디자인이라 마음에 들어요 잘 입고 있어용
https://www.musinsa.com/products/4328600,스케이트보드 피그먼트 그래픽 오버핏 후드 (CHARCOAL),"52,000원",16%,"43,850원",트릴리온,https://image.musinsa.com/mfile_s01/_brand/free_medium/trillion.png?20210702123042,상의,후드 티셔츠,https://image.msscdn.net/thumbnails/images/goods_img/20240814/4328600/4328600_17249638690148_big.jpg?w=1200,https://image.msscdn.net/thumbnails/images/prd_img/20240814/4328600/detail_4328600_17249639705262_big.jpg?w=1200,https://image.msscdn.net/thumbnails/images/prd_img/20240814/4328600/detail_4328600_17249639713428_big.jpg?w=1200,https://image.msscdn.net/thumbnails/images/prd_img/20240814/4328600/detail_4328600_17249639773431_big.jpg?w=1200,hoodie_0390,"8,370",1.9만 회 이상 (최근 1개월),2.2천 개 이상,후기 176개,4.7,남성 · 178cm · 68kg,처음엔 너무 어벙벙하게 나와서 놀랬는데 한번 세탁하니 적당히 부드러워서 잘 입고 다닙니다,후드 입을 째 손목 부분이랑 허리 부분의 고무줄의 당김 정도가 세지 않아서 편안하게 입을 수 있는 옷이에요! 저처럼 고무줄이 세게 당기는 게 힘드신 분들에게는 좋을 것 같아요!,이쁘고 핏도 마음에 들어요 옷이 살짝 무겁긴합니다,"주문한지 딱 한 달만에 받았습니다. 9월 16일 주문하고 25일 송장번호 뜨더니 오질않아 몇번이나 문의했는데, 기다리라고 보냈다고만 하고 안 보낸건지... 기다리다 또 문의했더니 재출고했으니 또 기다리래요.뭐 이런데가 다 있어요.정말 짜증났어요.솔직히 옷이 이쁜지 뭔지도 눈에 들어오지도 않아요.대처가 너무 짜증납니다"
https://www.musinsa.com/products/4304694,어센틱 로고 후디 블랙,"79,000원",20%,"62,900원",커버낫,https://image.msscdn.net/mfile_s01/_brand/free_medium/covernat.png?1730451801416,상의,후드 티셔츠,https://image.msscdn.net/thumbnails/images/prd_img/20240807/4304694/detail_4304694_17301035788196_big.jpg?w=1200,https://image.msscdn.net/thumbnails/images/prd_img/20240807/4304694/detail_4304694_17301035791282_big.jpg?w=1200,없음,https://image.msscdn.net/thumbnails/images/goods_img/20240807/4304694/4304694_17301035779483_big.jpg?w=1200,hoodie_0391,"1,671",8.9천 회 이상 (최근 1개월),없음,후기 58개,4.8,길이가 많이 길어요. 팔길이는 또 적당하구요~ 원하는 스타일이 계속 품절상태라 고민하다 이걸로 샀어요. 이것도 나름 괜찮은것 같아요!^^,이거 안에 반팔이라도 입으면 안에 털 엉청 많이 묻고요 피부에도 털 엉청 묻습니다 입을때마다 너무 많이 묻어서 입기 힘드네요,한달후기 170cm 54kg. 중학생아들 넉넉히 잘 맞아요 아들이 맘에 들어해서 좋네요,깔끔하고 핏 예뻐서 좋아요 사이즈도 딱 생각한 느낌!,로고가 민트색인 줄 몰랐는데 민트색이여서 좀 당황 했어요 그래도 핏도 이쁘고 정핏 입니다
https://www.musinsa.com/products/4311874,BIG TYPO HOODIE KHAKI,"74,000원",20%,"59,200원",아메스 월드와이드,https://image.msscdn.net/mfile_s01/_brand/free_medium/amesworldwide.png?1730455523530,상의,후드 티셔츠,https://image.msscdn.net/thumbnails/images/prd_img/20240808/4311874/detail_4311874_17373353047056_big.jpg?w=1200,https://image.msscdn.net/thumbnails/images/prd_img/20240808/4311874/detail_4311874_17373353094691_big.jpg?w=1200,없음,https://image.msscdn.net/thumbnails/images/goods_img/20240808/4311874/4311874_17240469335125_big.jpg?w=1200,hoodie_0392,"16,094",3만 회 이상 (최근 1개월),3.2천 개 이상,후기 343개,4.8,디자인도 너무 예쁘고 겨울에 잘 입을 것 같아 미리 구매했는데 머리 넣는 부분이 왜 이렇게 작나요 ㅠㅠ 제 머리가 큰건지.. 그런건지는 모르겠지만 얼굴 넣는 부분이 스판도 하나 없고 구멍이 너무 작아서 얼굴부터 안 들어감이슈…… 근데 디자인은 너무 예뻐요!!,카키색 옷 처음 사보는데 완전 만족 합니다 색감이 정말 예쁘고 원래 리뷰 많이 없는건 거의 안 사는 편인데 이 후드티는 보자 마자 너무 마음에 들어서 바로 주문 했어요!!,색이 예쁘고 후드가 튼튼합니다 옷은 정말 예뻐요,안에 기모가 똑같이 카키색으로 되어 있어서 좋아용 따뜻하고,사이즈도 딱 좋고 색도 사진이랑 똑같아용 하의 뭐랑 입어도 다 이쁠 것 같아용
https://www.musinsa.com/products/4637373,[기모선택] 패터링 오버핏 후디 3COLOR,"59,000원",30%,"41,300원",쿠톤,https://image.msscdn.net/mfile_s01/_brand/free_medium/quton.png?20240522135844,상의,후드 티셔츠,https://image.msscdn.net/thumbnails/images/goods_img/20241126/4637373/4637373_17334485392500_big.jpg?w=1200,https://image.msscdn.net/thumbnails/images/prd_img/20241126/4637373/detail_4637373_17364771317070_big.jpg?w=1200,https://image.msscdn.net/thumbnails/images/prd_img/20241126/4637373/detail_4637373_17364824046618_big.jpg?w=1200,https://image.msscdn.net/thumbnails/images/prd_img/20241126/4637373/detail_4637373_17334486847045_big.jpg?w=1200,hoodie_0393,981,1.1만 회 이상 (최근 1개월),없음,후기 28개,4.6,진짜 예쁨 진짜로 진짜 진짜로 예쁨 진짜 후회안함,"후드티 후기  최근에 구매한 후드티에 대해 자세히 말씀드릴게요. 처음 패키지를 열었을 때부터 정말 만족스러웠습니다. 우선 디자인이 군더더기 없이 깔끔하고 심플한데, 유행을 타지 않는 스타일이라 다양한 코디에 활용하기 좋았습니다. 컬러도 홈페이지에서 본 것과 거의 차이가 없어서 믿음이 갔어요.  1. 소재와 착용감 후드티의 가장 중요한 점은 착용감이라고 생각하는데, 이 제품은 정말 만족스러웠습니다. 안감이 부드럽고 촉촉한 느낌이라 맨살에 입어도 전혀 거슬리지 않았어요. 두께도 적당해서 간절기에는 단독으로, 겨울에는 아우터 안에 입기 좋더라고요. 특히 후드 부분이 너무 얇지도, 두껍지도 않아서 모양이 잘 잡혔습니다.  2. 핏과 사이즈 핏은 딱 제가 원하는 오버핏으로 나왔습니다. 몸에 딱 달라붙지 않아서 편안하고, 그렇다고 너무 박시하지 않아서 깔끔한 느낌을 줍니다. 기장도 적당히 엉덩이를 덮어주고, 소매 길이도 팔목까지 딱 떨어져서 굉장히 만족스러웠어요. 특히 체형을 커버해 주는 디자인이라 누구나 부담 없이 입을 수 있을 것 같아요.  3. 디테일 후드의 끈도 단순한 끈이 아니라 살짝 두꺼운 느낌이라 고급스럽고, 스티치 마감도 꼼꼼히 처리되어 있어서 제품의 퀄리티를 높여주는 요소였습니다. 포켓 부분도 손을 넣었을 때 딱 적당한 깊이라 실용적이었고, 봉제도 튼튼해서 금방 헤지지 않을 것 같습니다",너무너무너무너무머누누너무예뻐요 진짜 꼭 사세요 진짜 예뻐용,어두운 색 옷들이 많은데 화이트멜란지 입으니까 얼굴도 환해 보이고 마른체구도 커버 되서 좋아요.,깔끔한 디자인과 화이트멜란지라서 부담없이 입기 편한 색이여서 마음에 들어요.
https://www.musinsa.com/products/4522626,Logo Oversized Hoodie (MELANGE WHITE),없음,없음,"89,000원",펀치드렁크파티즈,https://image.musinsa.com/mfile_s01/_brand/free_medium/punchdrunkparties.png?20220511150844,상의,후드 티셔츠,https://image.msscdn.net/thumbnails/images/goods_img/20241016/4522626/4522626_17310414197881_big.jpg?w=1200,https://image.msscdn.net/thumbnails/images/prd_img/20241016/4522626/detail_4522626_17310414282367_big.jpg?w=1200,https://image.msscdn.net/thumbnails/images/prd_img/20241016/4522626/detail_4522626_17310414530731_big.jpg?w=1200,https://image.msscdn.net/thumbnails/images/prd_img/20241016/4522626/detail_4522626_17310414546900_big.jpg?w=1200,hoodie_0394,"1,240",1.1만 회 이상 (최근 1개월),없음,후기 33개,4.9,"편안하게 입을 수 있는 후드티를 찾던 중에 이 제품을 찾게 됐어요. 처음 입어보고 느꼈던 점은 주머니가 없어서 놀랐어요.. 후드티에 주머니가 없다니,, 너무나도 저에게는 커다란 충격이였습미다만..! 핏이 너무 예뻐요. 스투시 똑같은 색상의 후드티 구매했었던적 있는데 옷이 두껍고 핏도 맘에 들지 않아서 별로 착용 안했었는데 이 제품은 너무 맘에 들어서 잘 착용하고 있어요. 이너로 입어도 문제 없고 단품으로 입어도 문제 없습니다! 배송도 엄청 빠르기때문에 다른 고민하고 계시는 분이 있으시다면 추천 드립니다",한달후기 제가 최근에 구매했던 후드티중에서 제일 핏적으로 맘에 드는 제품이에요. 많이 착용도 하고 재질도 괜찮은 편 같아서 정말 맘에 들어요. 다만 흰색 후드티 특성상 때가 많이 타서 조금 마음 아프게 착용 할 때가 있긴 해요. 물론 흰색 후드티는 모두가 그러니까 뭐라 하는건 아닙니다. 핏적으로 너무 만족했기 때문에 다음번에도 같은 브랜드 상품 살 생각 있어요. 추천 드립니다!,디자인 깔끔하고 기모도 있어서 겨울에 잘 입고 다닐것 같아요,딱 상상했던 화이트멜란지색!! 기모때문에 겨울에 입기 넘 좋아요 포근~~~~~~~^^,그레이 없어서 샀는데 나름 괜찮아요 존맛탱이예요!!
https://www.musinsa.com/products/4374902,레터링 빅 로고 후드 티셔츠(N243TH020P) 아이스,없음,없음,"89,000원",엔비에이,https://image.musinsa.com/mfile_s01/_brand/free_medium/nba.png?20200921140341,상의,후드 티셔츠,https://image.msscdn.net/thumbnails/images/prd_img/20240827/4374902/detail_4374902_17247384980474_big.jpg?w=1200,없음,없음,https://image.msscdn.net/thumbnails/images/goods_img/20240827/4374902/4374902_17247384968481_big.jpg?w=1200,hoodie_0395,66,150회 이상 (최근 1개월),없음,없음,없음,없음,없음,없음,없음,없음
https://www.musinsa.com/products/4462114,Studded Leaf Hooded Long Sleeve (Black),"98,000원",15%,"83,300원",아캄,https://image.musinsa.com/mfile_s01/_brand/free_medium/aakam.png?20221014164004,상의,후드 티셔츠,https://image.msscdn.net/thumbnails/images/goods_img/20240925/4462114/4462114_17310474411085_big.jpg?w=1200,https://image.msscdn.net/thumbnails/images/prd_img/20240925/4462114/detail_4462114_17310474460231_big.jpg?w=1200,https://image.msscdn.net/thumbnails/images/prd_img/20240925/4462114/detail_4462114_17309438108313_big.jpg?w=1200,https://image.msscdn.net/thumbnails/images/prd_img/20240925/4462114/detail_4462114_17309438182412_big.jpg?w=1200,hoodie_0396,"5,073",1.8만 회 이상 (최근 1개월),없음,후기 74개,4.8,패딩 베스트 안에 착용한 것이 이 제품입니다 디자인 정말 이쁘고 마음에 드는데 살을 좀 더 빼야 핏이 더 이쁠 것 같네요.!.!, 사진으로 봤을땐 뭔가 포인트 되고 예뻐보였는데 실물은 사진만큼은 아니에요 그리고 모델분.. 얼마나 마르셨는지 .. 저도 상체에 살 없는 편인데 타이트하게 맞았어요 진짜 뼈만 있으신 분들이 좀 여유핏으로 맞을듯요 솔직히 가격대비 그만한 옷은 아닌 것 같아요! 너무 비싸요ㅠ,옷이 엄청 핏하고 뷰들부들 하고 좋아요 옷에 포인트도 귀엽고 마음에 들어요 힙하고 완전 제 스타일이에오,후기 원래 잘 안쓰는데 핏이 잘빠져서 완전 잘입구있음,진짜 너무 귀엽고 예뻐요 큐빅같이 달려있는 것도 포인트라 귀엽고 무엇보다 핏이 완전 제스타일입니다.. 개말라핏 연출 가능! 소매 길이도 널널해서 좋아용 :)
https://www.musinsa.com/products/4331057,[Tiger Collection] 타이거 버킷 후디 OFF WHITE,"239,000원",30%,"167,300원",말본 골프,https://image.musinsa.com/mfile_s01/_brand/free_medium/malbongolf.png?20210804102653,스포츠/레저,상의,https://image.msscdn.net/thumbnails/images/goods_img/20240814/4331057/4331057_17236167469465_big.jpg?w=1200,없음,없음,https://image.msscdn.net/thumbnails/images/prd_img/20240814/4331057/detail_4331057_17236167477633_big.jpg?w=1200,hoodie_0397,1,없음,없음,없음,없음,없음,없음,없음,없음,없음
https://www.musinsa.com/products/4345608,TCM soft soap hoodie (grey),"89,000원",10%,"80,100원",더콜디스트모먼트,https://image.musinsa.com/mfile_s01/_brand/free_medium/thecoldestmoment.png?20200710145248,상의,후드 티셔츠,https://image.msscdn.net/thumbnails/images/goods_img/20240820/4345608/4345608_17241392613302_big.jpg?w=1200,https://image.msscdn.net/thumbnails/images/prd_img/20240820/4345608/detail_4345608_17241392671568_big.jpg?w=1200,https://image.msscdn.net/thumbnails/images/prd_img/20240820/4345608/detail_4345608_17241392680291_big.jpg?w=1200,https://image.msscdn.net/thumbnails/images/prd_img/20240820/4345608/detail_4345608_17241392700265_big.jpg?w=1200,hoodie_0398,"3,512",3.6천 회 이상 (최근 1개월),없음,후기 37개,4.9,더콜디스트모먼트 후드티는 믿고 사요. 핏도 좋고 디자인도 이뻐서 다 잘 어울려요,한달후기 많이 안 커서 좋아요 기모가 없어서 가볍게 입기 좋아요,"L인데 완전커여 ,, 깜짝 놀램 근데 예뿜 교환하려니 재입고 기다려야해서 남동생엑 선물로 줬어여 ,, 여성분들은 충분히 S,M 가능할듯해요 !",가성비 좋은 제품 입니다 너무 좋아요 따뜻해서 좋아요,후드끈없는 게 좋아서 삿는데 너무 귀여워요 프린팅도 독특하고 품도 낙낙하고 좋아요
https://www.musinsa.com/products/4423205,ANCHORS AWEIGH HOODY _ GRAY,"89,000원",15%,"75,650원",프리즘웍스,https://image.msscdn.net/mfile_s01/_brand/free_medium/frizmworks.png?20200608153142,상의,후드 티셔츠,https://image.msscdn.net/thumbnails/images/goods_img/20240910/4423205/4423205_17267069608193_big.jpg?w=1200,https://image.msscdn.net/thumbnails/images/prd_img/20240910/4423205/detail_4423205_17267069711778_big.jpg?w=1200,https://image.msscdn.net/thumbnails/images/prd_img/20240910/4423205/detail_4423205_17267069720477_big.jpg?w=1200,https://image.msscdn.net/thumbnails/images/prd_img/20240910/4423205/detail_4423205_17267069767717_big.jpg?w=1200,hoodie_0399,"1,315",8천 회 이상 (최근 1개월),없음,후기 76개,4.9,한달후기 뒤쪽 부분이 보풀이 일어납니다 그거 제외하곤 아주 좋아요,사이즈도 넉넉하고 기장도 너무 길지 않아 이쁘네요. 디자인도 맘에 들고 전체적으로 만족합니다! 굳,역시 프리즘웍스다! 핏도 재질도 두께감도 완벽합니다!,"매장가서 사이즈 입어보고 너무 예뻐서 바로 주문했네요! 무난하게 포인트가 툭툭 있어서 오래 입을 것 같아여 밑단, 소매 시보리도 탄탄합니다!",전체적으로 만족합니다 전체적으로 만족합니다
https://www.musinsa.com/products/4647221,[X SOULPUSSSY CAT]GHOSTSOULGIRL GYARU HOODIE_BLACK(NG2EFUM430D),"89,000원",15%,"75,650원",나이스고스트클럽,https://image.msscdn.net/mfile_s01/_brand/free_medium/niceghostclub.png?1730455267007,상의,후드 티셔츠,https://image.msscdn.net/thumbnails/images/goods_img/20241203/4647221/4647221_17339850076853_big.jpg?w=1200,https://image.msscdn.net/thumbnails/images/prd_img/20241203/4647221/detail_4647221_17339850083311_big.jpg?w=1200,https://image.msscdn.net/thumbnails/images/prd_img/20241203/4647221/detail_4647221_17339850084607_big.jpg?w=1200,https://image.msscdn.net/thumbnails/images/prd_img/20241203/4647221/detail_4647221_17339867822238_big.jpg?w=1200,hoodie_0400,"1,341",5천 회 이상 (최근 1개월),없음,후기 6개,4.8,넘 귀여워요 M 사길 잘한거 같아요 기장이 꽤 짧아서 164-5이신 분들은 M추천드립니당,세일할때 싸게 삿어요 프린팅 깜찍하고 엘사이즈도 큰 느낌은 없어요,한달후기 프린팅 짱짱하고 예쁘지만 먼지가 잘 붙어요? 그래도 예뻐서 상관없음ㅜ,편하게 입을 때 계속 손이 가요 디자인도 귀엽고 무난한데 예뻐요,L사이즈도 큰 편은 아니에요 프린팅이 너무 귀여워요
