detail_url,product_name,product_price,discount_rate,final_price,brand_name,brand_image,category,category_sub,product_images_1,product_images_2,product_images_3,product_images_4,product_code,heart_cnt,numof_views,total_sales,review_cnt,review_rating,review1,review2,review3,review4,review5
https://www.musinsa.com/products/4509977,반폴라 세미 오버핏 모크넥 니트 [블랙],"33,000원",30%,"23,000원",워크온바디오프,https://image.msscdn.net/mfile_s01/_brand/free_medium/workonbodyoff.png?1730455452711,상의,니트/스웨터,https://image.msscdn.net/thumbnails/images/goods_img/20241011/4509977/4509977_17289702809308_big.jpg?w=1200,https://image.msscdn.net/thumbnails/images/prd_img/20241011/4509977/detail_4509977_17289702976363_big.jpg?w=1200,https://image.msscdn.net/thumbnails/images/prd_img/20241011/4509977/detail_4509977_17289702987209_big.jpg?w=1200,https://image.msscdn.net/thumbnails/images/prd_img/20241011/4509977/detail_4509977_17322548821003_big.jpg?w=1200,knit_0001,"28,808",12만 회 이상 (최근 1개월),3만 개 이상,"후기 2,466개",4.8,착용했을 때 핏이나 구겨짐 등이 적은게 장점이지만 상세페이지 사진과 다르게 광택감이 꽤 있습니다 그래도 정말 싼 맛에 괜찮게 구했다는 생각이 듭니다,"체험단 체험단으로 선정 해주신 워크온바디오프, 무신사 정말 감사드립니다! 183/70 조금 마른체형 남자입니다  -핏 : 세미 오버핏이라서 너무 크지도 않고 너무 조이지도 않아서 좋아요! 기장이 긴편이라서 바지에 넣어입으시면 딱 좋을거 같아요! 이너로 입어도 좋고 싱글로 입어도 예뻐요!  -사이즈 : 팔과 기장이 긴편이고 목폴라가 너무 길지 않아서 답답하지 않아요! 만약 저랑 비슷한 체형이시면 L사이즈 추천드리구요 이너 위주로 입으실 분들은 조금 더 작은 사이즈인 M사이즈 추천드려요!  -원단 : 탄탄한 재질이라서 쉽게 늘어나지 않을거 같아요! 생각했던것 보다 두께가 두꺼워서 따뜻해요!",이너로 입으려고 샀는데 단품으로도 입기에 폼이 넉넉하고 좋아요,남자친구도 사줬는데 핏도 예쁘고 재질도 맘에든다고 하네요!!,테일러링이 좋아요 자켓 입었을때 딱 소매 살짝 보이게 입을수 있어요 자켓 걸쳐입기도 좋고 단독으로 입기도 좋고 소재도 부들부들 포근하네요 ㅎㅎ
https://www.musinsa.com/products/4584154,소프트 헨리넥 라운드 긴팔 니트 [베이지],"51,000원",25%,"38,250원",노드유,https://image.musinsa.com/mfile_s01/_brand/free_medium/nodu.png?20240329122454,상의,니트/스웨터,https://image.msscdn.net/thumbnails/images/goods_img/20241104/4584154/4584154_17306775620945_big.jpg?w=1200,https://image.msscdn.net/thumbnails/images/prd_img/20241104/4584154/detail_4584154_17306775667153_big.jpg?w=1200,https://image.msscdn.net/thumbnails/images/prd_img/20241104/4584154/detail_4584154_17306775717936_big.jpg?w=1200,https://image.msscdn.net/thumbnails/images/prd_img/20241104/4584154/detail_4584154_17306775818465_big.jpg?w=1200,knit_0002,"11,719",9만 회 이상 (최근 1개월),9.7천 개 이상,"후기 1,150개",4.8,너무 이쁩니다! 안에 아무것도 안 입고 입어도 괜찮아욤,핏 좋고 재질도 마음에 듭니다. 까칠한 느낌 없고 부드럽네요. 가격이 착해서 불안했는데 상당히 좋아요. 168/68 신체에 M사이즈가 크지도 꽉 끼지도 않고 잘 맞습니다. 다른색상 있다면 전부 구매하고싶을정도로 좋아요,니트원단이 너무 따뜻하고 좋네요~! 다른색도 구매 할려고 해요!,맘에 들어요!!! 편하고 사이즈도 넉넉해서 검정으로 하나 더 사고싶어요 :) 이너로 체크셔츠나 편한 티셔츠 입고 입으면 더 좋은거같아요,이쁜데 냄새나서 못입고 있어요.. 공장냄새가 나는것 같은데 아쉽네요
https://www.musinsa.com/products/4285909,오버핏 케이블 라운드 니트 5COLOR,"49,957원",30%,"34,970원",언탭트 스튜디오,https://image.msscdn.net/mfile_s01/_brand/free_medium/untapped.png?1730708272814,상의,니트/스웨터,https://image.msscdn.net/thumbnails/images/prd_img/20240731/4285909/detail_4285909_17247442748222_big.jpg?w=1200,https://image.msscdn.net/thumbnails/images/prd_img/20240731/4285909/detail_4285909_17247442757429_big.jpg?w=1200,없음,https://image.msscdn.net/thumbnails/images/goods_img/20240731/4285909/4285909_17247442451593_big.jpg?w=1200,knit_0003,"56,532",31만 회 이상 (최근 1개월),4만 개 이상,"후기 3,507개",4.8,한달후기 이만큼 좋은 핏 없고 늘어나는거 없고 또한벌 삿습니다!,#꽈배기니트 #니트 #네이비,총장이 긴데 시보리까지 느슨하여 기장이 많이 애매합니다  다리 가뜩이나 짧은데 더 숏다리가 되,캐이블 니트는 처음인데 어깨도 더 넓어보이고 재질도 부드러워서 편한니 좋으네요!!넣입해야 전 더 이쁜거같아요!!!,"장점 핏 XL 사이즈라 그런지 적당히 루즈하면서도 너무 벙벙하지 않은, 딱 예쁜 오버핏이에요. 어깨가 자연스럽게 떨어져서 체형 커버도 되고, 여유로운 느낌이라 요즘 트렌드에 딱 맞습니다.  컬러 네이비 컬러가 너무 진하지도, 흐리멍텅하지도 않아서 고급스러워 보입니다. 깔끔한 기본 컬러라 슬랙스나 청바지랑 다 잘 어울려서 코디 걱정이 없어요.  소재 니트 특유의 부드럽고 따뜻한 촉감이 마음에 들었어요. 적당한 두께감 덕에 단품으로 입어도 충분히 따뜻하고, 코트나 패딩 안에 레이어드하기도 딱 좋습니다.  디자인 케이블 니트 디테일이 과하지 않으면서도 포인트가 돼서 심심하지 않아요. 기본 라운드넥 디자인이라 어떤 스타일에도 무난하게 어울립니다.  단점 사이즈감 오버핏이라 키가 작거나 마른 분들은 조금 더 커 보일 수 있을 것 같아요. 저는 딱 좋았지만, 사이즈 고민은 필요할 듯.  유지 관리 니트다 보니 털 뭉침(필링)이 생길 수 있을 것 같아요. 오래 깔끔하게 입으려면 관리에 신경 써야 할 듯 싶습니다.  총평 네이비 컬러와 깔끔한 오버핏이 매력적인 니트로, 스타일과 보온성을 동시에 챙길 수 있는 아이템이에요. 기본템 좋아하시는 분들에게 강추합니다"
https://www.musinsa.com/products/4584153,소프트 헨리넥 라운드 긴팔 니트 [블랙],"51,000원",25%,"38,250원",노드유,https://image.musinsa.com/mfile_s01/_brand/free_medium/nodu.png?20240329122454,상의,니트/스웨터,https://image.msscdn.net/thumbnails/images/goods_img/20241104/4584153/4584153_17306774298955_big.jpg?w=1200,https://image.msscdn.net/thumbnails/images/prd_img/20241104/4584153/detail_4584153_17306774350916_big.jpg?w=1200,https://image.msscdn.net/thumbnails/images/prd_img/20241104/4584153/detail_4584153_17306774413218_big.jpg?w=1200,https://image.msscdn.net/thumbnails/images/prd_img/20241104/4584153/detail_4584153_17306774518371_big.jpg?w=1200,knit_0004,"4,959",6만 회 이상 (최근 1개월),4.2천 개 이상,후기 391개,4.8,"남자친구 : 착용감이 정말 편안하고, 핏이 깔끔해서 어떤 코디에도 잘 어울려요. 깔끔한 헨리넥 디자인 덕분에 겨울철 레이어링용으로도 추천합니당 여자친구 : 선물하길 잘한 것 같아요 입고 신나서 여기저기 텀블링하고다녀요🤦🏻‍♀️",체험단 새옷 기름 냄새가 있어 세탁 후 입어봤지만 옷의 변형은 크게 느끼지 못했네요 옷이 처지지 않고 각이 잘잡혀 있어 체형보완도 잘되고 어깨도 넓어보여 좋아요 두께도 두툼해서 입자마자 따듯하니 보온성 좋네요 이너 없이 단품으로 입어도 될만큼 까슬거림은 느끼지 못했네요 제가 상체발달형이지만 옷이 세미 오버핏으로 나와 m사이즈 입어도 편하고 괜찮아요 기장감이 길지 않은게 특히 마음에 드네요 디자인은 헨리넥 5버튼 디테일이 튀지도 않고 심심하지 않고 적절하게 포인트 되서 깔끔한 캐쥬얼 느낌이에요 전체적인 느낌은 가성비 좋게 어느 코디에도 잘 뭍어나는 스타일이라 활요성 좋아요,한달후기 진짜 이뻐요 니트 끝판왕 이거 사고 노드유한테 반했어요,원단도 부들부들하고 고급스럽네요 착한 아이템,원단도 부들부들하고 고급스럽네요 좋은가격은 덤
https://www.musinsa.com/products/4743432,워셔블 레이어드 헨리넥 니트티셔츠 [블랙],"52,000원",10%,"46,800원",알리스,https://image.musinsa.com/mfile_s01/_brand/free_medium/alyss.png?20230117135312,상의,니트/스웨터,없음,없음,없음,https://image.msscdn.net/thumbnails/images/goods_img/20250124/4743432/4743432_17388154218594_big.jpg?w=1200,knit_0005,"1,520",1.1만 회 이상 (최근 1개월),없음,후기 2개,없음,친구 선물용으로 구입했습니다. 이너나 단품으로 활용 잘 할거같데네요 좋아합니다.,레이어드가 부담 없고 원단도 찰랑거리고 고급스러움 대만족 넣어 입는게 더 이쁜듯,없음,없음,없음
https://www.musinsa.com/products/4385997,[무료반품](우먼)캐시미어 100 홀가먼트 브이넥 니트 - 7 COLOR,"125,000원",28%,"89,900원",수아레 우먼,https://image.msscdn.net/mfile_s01/_brand/free_medium/suarewomen.png?1738913918728,상의,니트/스웨터,https://image.msscdn.net/thumbnails/images/goods_img/20240829/4385997/4385997_17333648071019_big.jpg?w=1200,https://image.msscdn.net/thumbnails/images/prd_img/20240829/4385997/detail_4385997_17255812814080_big.jpg?w=1200,https://image.msscdn.net/thumbnails/images/prd_img/20240829/4385997/detail_4385997_17255812825572_big.jpg?w=1200,https://image.msscdn.net/thumbnails/images/prd_img/20240829/4385997/detail_4385997_17255812956879_big.jpg?w=1200,knit_0006,"3,415",1만 회 이상 (최근 1개월),2.6천 개 이상,후기 243개,4.8,제품 설명 그대로예요. 다른 색으로 사고 싶을 만큼 마음에 듭니다.,엄마 선물로 사드렸는데 재질도 부드럽고 가격대비 고급져보인다고 좋아하시네요!,편하고 좋아요 따갑지 않고요 가격대비 좋아요 색상도 이쁘네요,보라끌레르님 찬스로 좋은 옷을 넘싸게 사서 감사합니다 배송기간 이 좀 있었지만 도톰하구 질좋고 색감좋고 핏좋고 다한 넘넘 맘에드는 니트입니다 이렇게 좋을줄 알았으면 다른색도 살껄 ~~~후회중 잘입을게요,부드럽고 좋아요~ 포장도 예쁘게 와서 선물받은 느낌이에요! 라운드넥 두개 샀는데 브이넥이 더 예쁜거 같아요~ 입었을 때 더 날씬한 느낌. 추가 구매 의사 있어요!
https://www.musinsa.com/products/4444745,폭스 헤드 인타르시아 컴포트 하이넥 니트 - 블랙 / NM00807KM0329P199,"628,000원",47%,"333,990원",메종 키츠네,https://image.musinsa.com/mfile_s01/_brand/free_medium/maisonkitsune.png?20210625151409,상의,니트/스웨터,https://image.msscdn.net/thumbnails/images/goods_img/20240919/4444745/4444745_17280005478861_big.jpg?w=1200,https://image.msscdn.net/thumbnails/images/prd_img/20240919/4444745/detail_4444745_17280005538420_big.jpg?w=1200,https://image.msscdn.net/thumbnails/images/prd_img/20240919/4444745/detail_4444745_17280005547935_big.jpg?w=1200,https://image.msscdn.net/thumbnails/images/prd_img/20240919/4444745/detail_4444745_17280005598065_big.jpg?w=1200,knit_0007,145,1.8천 회 이상 (최근 1개월),없음,후기 1개,없음,사이즈도 정핏이구 길이감도 좋습니다 재질은 살짝 얇은 편이지만 그래도 입기좋습니다,없음,없음,없음,없음
https://www.musinsa.com/products/4718450,Commando Knit Sweater Oatmeal,"104,000원",20%,"83,200원",에스피오나지,https://image.msscdn.net/mfile_s01/_brand/free_medium/espionage.png?20200608153142,상의,니트/스웨터,https://image.msscdn.net/thumbnails/images/prd_img/20250114/4718450/detail_4718450_17370079313463_big.jpg?w=1200,https://image.msscdn.net/thumbnails/images/prd_img/20250114/4718450/detail_4718450_17370079320486_big.jpg?w=1200,없음,https://image.msscdn.net/thumbnails/images/goods_img/20250114/4718450/4718450_17370079245184_big.jpg?w=1200,knit_0008,333,8.5천 회 이상 (최근 1개월),없음,후기 5개,없음,사이즈 딱 이뻐요. 색상도 좋고. 에스피오나지 옷들은 전부 탄탄해서 맘에 듭니다.,에스피오나지 제품 항상 믿고 구매하는데 역시네요,옷 원단 느낌이 고급지고 핏도 이쁩니다! 부들부들해서 좋아요,어께 디테일때문에 투박한 맛이 좀 있는거 같습니다. 일반적인 니트 슬랙스보단 퍼티그나 치노에 입는게 더 이쁠것같아요,어께 디테일때문에 투박한 맛이 좀 있는거 같습니다. 일반적인 니트 슬랙스보단 퍼티그나 치노에 입는게 더 이쁠것같아요
https://www.musinsa.com/products/4387116,리브드 오버핏 헨리넥 니트 [블랙],"78,000원",21%,"62,000원",르아르,https://image.musinsa.com/mfile_s01/_brand/free_medium/leire.png?20230712152623,상의,니트/스웨터,https://image.msscdn.net/thumbnails/images/prd_img/20240830/4387116/detail_4387116_17255484309227_big.jpg?w=1200,https://image.msscdn.net/thumbnails/images/prd_img/20240830/4387116/detail_4387116_17255484316861_big.jpg?w=1200,없음,https://image.msscdn.net/thumbnails/images/goods_img/20240830/4387116/4387116_17255484228160_big.jpg?w=1200,knit_0009,"10,459",8만 회 이상 (최근 1개월),5천 개 이상,후기 491개,4.9,유튜버 추천으로 구매 했는데 나쁘지 않을 것 같습니다. 세일 할 때 한개 쟁여 두시면 유용하게 손이 갈 것 같습니다. 기분 헨리넥으로 고민 중이시라면 고~,한달후기 단추가 포인트라서 좋은디 보풀이 잘생기는게 아쉽네요,두께감도 적당하고 단품으로도 이쁘고 셔츠 레이어드로도 이뻐요ㅔ,니트가 너무 편안하고 부드러워요 예쁩니다 가을 날씨에 입기 좋아요,가격대비 적당한 재질과 생각한 디자인과 핏이 잘맞게 나와서 만족합니다.
https://www.musinsa.com/products/4597583,소프트 텍스처 니트 [8COLOR],"54,000원",21%,"42,900원",페이크캠퍼,https://image.musinsa.com/mfile_s01/_brand/free_medium/fakecamper.png?20221128170607,상의,니트/스웨터,https://image.msscdn.net/thumbnails/images/goods_img/20241107/4597583/4597583_17375201632827_big.jpg?w=1200,https://image.msscdn.net/thumbnails/images/prd_img/20241107/4597583/detail_4597583_17326873095718_big.jpg?w=1200,https://image.msscdn.net/thumbnails/images/prd_img/20241107/4597583/detail_4597583_17375210287768_big.jpg?w=1200,https://image.msscdn.net/thumbnails/images/prd_img/20241107/4597583/detail_4597583_17375210238758_big.jpg?w=1200,knit_0010,643,9.9천 회 이상 (최근 1개월),없음,후기 10개,4.7,촉감 부들부들하고 기장감 좋고 핏감 좋고 이뻐요!,"일단 색감이 훌륭하고, 패턴?도 자세히 보면 디테일이 흘륭합니다!",기본 니트로 딱 좋네요 촉감도 부드럽고 좋습니다 옷에서 시큼한 냄새가 조금 나는게 살짝 아쉽네요,니트는 살ㅈ닥 짧아야 조흔데 기장 자체가 짧어서 좋았어옷,좋았습니다 다음에도 구매하겠습니다 번창하세요
https://www.musinsa.com/products/4471880,Sun Jacquard Zip-Up Sweater (Dark Gray),"159,000원",10%,"143,100원",아캄,https://image.musinsa.com/mfile_s01/_brand/free_medium/aakam.png?20221014164004,상의,니트/스웨터,https://image.msscdn.net/thumbnails/images/goods_img/20240927/4471880/4471880_17346067396057_big.jpg?w=1200,https://image.msscdn.net/thumbnails/images/prd_img/20240927/4471880/detail_4471880_17346067453155_big.jpg?w=1200,https://image.msscdn.net/thumbnails/images/prd_img/20240927/4471880/detail_4471880_17346067530778_big.jpg?w=1200,https://image.msscdn.net/thumbnails/images/prd_img/20240927/4471880/detail_4471880_17346067577256_big.jpg?w=1200,knit_0011,"12,848",2만 회 이상 (최근 1개월),없음,후기 117개,4.7,디자인이나 핏은 좋은데 원부자재 퀄리티가 너무…특히 옷 가격이 비해 지퍼가 너무 싸구려임,지퍼가 너무 싸구려임... 가성비 좋다고는 절대 못 하고 그냥 디자인 이뻐서 입어요... 이정도 가격이면 조금이라도 더 좋게 만들 수 있지 않았나...ㅜㅜ 아쉽다,생각보다 얇아용 튀는듯 무난한듯한 느낌이에용,디자인이 너무 예뻐요 핏도 너무 예쁘고 재질도 좋은것같네요,한달후기 아주 잘 입고 있습니다 저의 일상의 한 자리를 차지 했네요
https://www.musinsa.com/products/4421530,에센셜 헤어리 라운드 니트_차콜 그레이,"55,000원",27%,"39,900원",디미트리블랙,https://image.musinsa.com/mfile_s01/_brand/free_medium/dimitriblack.png?20210325153706,상의,니트/스웨터,https://image.msscdn.net/thumbnails/images/goods_img/20240909/4421530/4421530_17268220223163_big.jpg?w=1200,https://image.msscdn.net/thumbnails/images/prd_img/20240909/4421530/detail_4421530_17268220329047_big.jpg?w=1200,https://image.msscdn.net/thumbnails/images/prd_img/20240909/4421530/detail_4421530_17268220336569_big.jpg?w=1200,https://image.msscdn.net/thumbnails/images/prd_img/20240909/4421530/detail_4421530_17268220507495_big.jpg?w=1200,knit_0012,"23,920",6.9천 회 이상 (최근 1개월),1.2만 개 이상,"후기 1,423개",4.8,부드럽고 따뜻해요 보풀도 안생길거같아요 ~ 저희집 고양이도 좋아하네요,일단 너무 부드럽고 어깨가 넓어 보여서 좋아요 다만 옷 기장이 좀 짧아서 아쉽긴 하지만 다른건 만족합니다,한달후기 털이 생각보다 부드러워서 놀랐고 가성비 치고 옷이 너무 마음에 듭니다 다만 총길이가 약간 짧아서 아쉬웠고 다른부분은 만족 스러워요,부드럽고 털빠짐 없고 정말 예뻐요. 근데 생각보다 무겁고 두툼해요. 접었을 때 웬만한 후드티 보다 혹은 만큼 두툼합니다.,부들부들하고 털도 잘 안빠져요 !! 실수로 건조기에 돌렸더니 줄어들어서 슬퍼요
https://www.musinsa.com/products/4332038,워셔블 아란 케이블 후드 집업 니트 (MELANGE GRAY),"69,000원",20%,"55,200원",트릴리온,https://image.musinsa.com/mfile_s01/_brand/free_medium/trillion.png?20210702123042,상의,니트/스웨터,https://image.msscdn.net/thumbnails/images/goods_img/20240814/4332038/4332038_17248323624473_big.jpg?w=1200,https://image.msscdn.net/thumbnails/images/prd_img/20240814/4332038/detail_4332038_17248323841233_big.jpg?w=1200,https://image.msscdn.net/thumbnails/images/prd_img/20240814/4332038/detail_4332038_17248323853369_big.jpg?w=1200,https://image.msscdn.net/thumbnails/images/prd_img/20240814/4332038/detail_4332038_17248323946406_big.jpg?w=1200,knit_0013,"7,644",3만 회 이상 (최근 1개월),1.5천 개 이상,후기 155개,4.8,투웨이지퍼라 편하고 기장도 너무 길지 않고 두께도 도톰하고 좋아요~,이쁘네요 핏도 나쁘지 않고요 173cm 70kg 딱 맞아요.,160cm한테 딱 맞는 사이즈 재질도 마음에 들어요,일단 가격이 너무 좋고 등급이 나쁘지 않아서 좀 더 싸게 잘 산 거 같네요 되게 두툼하고 겨울엔 아닌거 같고 겨울지나서는 입을만 해요 따뜻하니 모양도 나고 좋아요 엄마가 뺏어 입을 정도,생각보다 두꺼워서 초겨울까진 입고 다닐수 있을거 같습니다.
https://www.musinsa.com/products/4441592,크롭 실루엣 니트 [멜란지 그레이],"108,000원",20%,"86,400원",밀로 아카이브,https://image.musinsa.com/mfile_s01/_brand/free_medium/millo.png?20230302173640,상의,니트/스웨터,https://image.msscdn.net/thumbnails/images/prd_img/20240916/4441592/detail_4441592_17268218441927_big.jpg?w=1200,https://image.msscdn.net/thumbnails/images/prd_img/20240916/4441592/detail_4441592_17268218431768_big.jpg?w=1200,없음,https://image.msscdn.net/thumbnails/images/goods_img/20240916/4441592/4441592_17268183875497_big.jpg?w=1200,knit_0014,"7,042",5만 회 이상 (최근 1개월),1.2천 개 이상,후기 156개,4.9,부담 스럽지 않은 전체 기장이고 다른 니트들에 비해 밑으로 축 나오지 않아 좋았어요ㅎㅎ,니트 색상 차분해서 좋아요 크롭기장 너무 좋아요 부드러움 너무 좋아여 다른 색상도 구입할 생각입니다 추천해요,배송도 빠르고 나름 재질도 좋고 핏도좋고 저렴하게 구입란긋,이쁘긴 한데 재질이 조금 인조적인 느낌이 있어 아쉽네요,상품 사진과 너무 똑같고 재질도 좋고 가격도 저렴하고 너무 좋아용
https://www.musinsa.com/products/4664627,네이비 코튼 크레이프 밀라노 스티치 4 니트 - 네이비 / FKA239A00219415,"1,650,000원",50%,"825,990원",톰브라운,https://image.musinsa.com/mfile_s01/_brand/free_medium/thombrowne.png?20210625151314,상의,니트/스웨터,https://image.msscdn.net/thumbnails/images/goods_img/20241213/4664627/4664627_17362233304576_big.jpg?w=1200,https://image.msscdn.net/thumbnails/images/prd_img/20241213/4664627/detail_4664627_17362233463626_big.jpg?w=1200,https://image.msscdn.net/thumbnails/images/prd_img/20241213/4664627/detail_4664627_17362233472091_big.jpg?w=1200,https://image.msscdn.net/thumbnails/images/prd_img/20241213/4664627/detail_4664627_17362233531279_big.jpg?w=1200,knit_0015,128,2.6천 회 이상 (최근 1개월),없음,후기 2개,없음,한 칫수 업해서 셔츠랑 레이어드하니 편하고 좋습니다. 같은 소재의 톰브 니트 스커트랑 코디하니 셋업 느낌도 나고요.,"톰브 42사이즈 입는데,다른 제품보다 더 슬림핏으로 나온 것 같아 한칫수 크게 주문했더니, 여유있고 이너 셔츠도 레이어드 할 수 있어 좋습니다.",없음,없음,없음
https://www.musinsa.com/products/4675147,워셔블 노르딕 자카드 2WAY 후드 집업 니트 [아이보리],"56,000원",20%,"45,000원",트릴리온,https://image.musinsa.com/mfile_s01/_brand/free_medium/trillion.png?20210702123042,상의,니트/스웨터,https://image.msscdn.net/thumbnails/images/goods_img/20241219/4675147/4675147_17346048925479_big.jpg?w=1200,https://image.msscdn.net/thumbnails/images/prd_img/20241219/4675147/detail_4675147_17346049001428_big.jpg?w=1200,https://image.msscdn.net/thumbnails/images/prd_img/20241219/4675147/detail_4675147_17346049022706_big.jpg?w=1200,https://image.msscdn.net/thumbnails/images/prd_img/20241219/4675147/detail_4675147_17346049084298_big.jpg?w=1200,knit_0016,"1,375",2만 회 이상 (최근 1개월),없음,후기 13개,4.6,카키색도 사야하나... 고민될정도로 옷이 너무 이뻐요 하늘색.좋아하는디 딱 좋아하는 하늘색이여라,이뻐서 바로 사버렸어요 다행히 생각보다 두툼해서 따뜻할것 같아요,가볍고 패딩 안에 받춰 입기 너무 편하고 좋은거 같아요 사이즈도 딱 좋습니다,옷색감이 너무 귀엽고 예뻐요! 요즘날씨에 패딩안에 입기에도 좋아요,동생사줬는데 맘에 든대요ㅎㅎ 색이 예쁘고 안뻣뻣하고 좋아요
https://www.musinsa.com/products/4252738,[with 김무열]캐시미어 100 홀가먼트 니트 - 8 COLOR,"125,000원",20%,"99,900원",수아레,https://image.musinsa.com/mfile_s01/_brand/free_medium/suare.png?20220824173325,상의,니트/스웨터,https://image.msscdn.net/thumbnails/images/prd_img/20240716/4252738/detail_4252738_17292129877959_big.jpg?w=1200,https://image.msscdn.net/thumbnails/images/prd_img/20240716/4252738/detail_4252738_17236285343778_big.jpg?w=1200,없음,https://image.msscdn.net/thumbnails/images/goods_img/20240716/4252738/4252738_17292129827867_big.jpg?w=1200,knit_0017,"2,631",1만 회 이상 (최근 1개월),2.2천 개 이상,후기 317개,4.7,한달후기 남성용으로 사서 입으니 훨씬 활동하기 자유롭고 따뜻하네요,너무너무 부드러워 맨살에 입어도 따갑지 않아 좋습니다 남자용이라 기장이 좀 길지만 나머지는 다 좋아요,66반정도입는데 여자입기에도 넘좋아요^^ 포근하고 부드러워요,한달후기 부드럽고 가벼워요. 여자가 입으면 오버핏으로 루즈하게 연출할 수 이어요.,한달후기 보들보들 촉감이 너무 좋아요 붉은 기 없는 매트하고 어두운 갈색입니다
https://www.musinsa.com/products/4427040,노라 투웨이 버튼 가디건 [FOREST],"48,000원",35%,"31,200원",제로플래닛,https://image.msscdn.net/mfile_s01/_brand/free_medium/zeroplanet.png?20240809123044,상의,니트/스웨터,https://image.msscdn.net/thumbnails/images/prd_img/20240910/4427040/detail_4427040_17259647909847_big.jpg?w=1200,https://image.msscdn.net/thumbnails/images/prd_img/20240910/4427040/detail_4427040_17259647935089_big.jpg?w=1200,없음,https://image.msscdn.net/thumbnails/images/goods_img/20240910/4427040/4427040_17385582052466_big.jpg?w=1200,knit_0018,"10,110",2만 회 이상 (최근 1개월),3천 개 이상,후기 238개,4.7,아무렴 천의 그라데이션이 랜덤이라지만 안내된 컬러감이랑 느낌은 비슷해야하지 않나요...포레스트라더니 제가 받은 건 거의 단풍🍁숲이네요...3만원에 샀는데 6천원 주고 환불하자니 그냥 한철 어떻게든 입는 게 낫겠어요. 상품안내페이지부터 협찬으로 들어간 연예인이 착용한 상품은 완전 포레스트 컬러답게 다운된 초록빛인데 왜 일반 고객들이 받는 건 다 붉은 빛이 메인이 그득그득한 건지...그라데이션으로 인한 교환환불 불가하다는 멘트도 이럴 거 대비해서 안전빵으로 깔아둔 거 같네요. 지인한테 보여줬더니 절대 같은 옷으로 안보인답니다,"한달후기 몰랐는데 그라데이션 무늬가 다 다르네요 상관없긴 하지만,, 일단 제 키에는 딱 배꼽까지 왔고 하이웨스트 바지랑 잘 어울려요! 추워지기전에 가을에 잘 입었습니다. 두께도 꽤 있고요. 아쉬운점은 단독으로 입기에는 좀 까슬거려서 나시나 내의 필수입니다.",한달후기 털날림 조금 있는데 그래도 예뻐요. 리버시블인데 오픈숄더로 입으면 너무 다 보이긴 해요!,부드럽고 예뻐요. 붉은끼 많이 돌면 어쩌나 했는데 적당히 섞여있어 만족합니다,색감이 너무 이쁘고 적당히 짧아서 이뻐요 오프숄더로도 입어봤는데 꾸미는 날엔 좋은 것 같아요 근데 한 번 입어도 보풀은 많이 일어납니다..
https://www.musinsa.com/products/4419402,[오정규PICK]메리노 울100 베이직 크루넥 니트_9 COLOR,"79,000원",25%,"59,000원",이코르,https://image.musinsa.com/mfile_s01/_brand/free_medium/ecorr.png?20221013171738,상의,니트/스웨터,https://image.msscdn.net/thumbnails/images/goods_img/20240909/4419402/4419402_17261970562099_big.jpg?w=1200,https://image.msscdn.net/thumbnails/images/prd_img/20240909/4419402/detail_4419402_17261165558083_big.jpg?w=1200,https://image.msscdn.net/thumbnails/images/prd_img/20240909/4419402/detail_4419402_17261165640570_big.jpg?w=1200,https://image.msscdn.net/thumbnails/images/prd_img/20240909/4419402/detail_4419402_17261165915086_big.jpg?w=1200,knit_0019,"3,248",1.3만 회 이상 (최근 1개월),3천 개 이상,후기 448개,4.8,"사이즈 105(L/XL)정도 입고, 체지방 낮음 정사이즈로 입을거여서 L로 구입했고 딱 맞는 사이즈 메리노 울이라 정말 가벼우면서도 부드럽고 편안하고 고급스러운 질감 부드럽고 마감도 좋아서 맨살에 착용해도 편안함 두께감도 적당하고 따뜻해서 봄, 가을, 겨울에 입기 좋음 니트 하나만으로도 스타일 해도 되고 심플한 디자인이라 아우터 안에 입거나 목도리나 다른 아이템으로 연출해도 좋음 슬랙스나 청바지에도 잘어울려서 포멀/댄디/캐주얼에 잘어울림 개인적인 의견으로는 아이보리랑 블랙이 심플하고 활용도가 좋아서 아이보리 구입했고, 다른 컬러들은 톤온톤/톤인톤 잘 맞춰서 스타일하면 이쁠거같음  코디 커스텀에이드 - 스웨이드 모크슈즈 트래비스 무신사 스탠다드 - 리얼 와이드 히든 밴딩 슬랙스 (더스트 베이지) 디미트리 블랙 - 와이드 데님팬츠 (더스트블랙) 무신사 스탠다드 - 캐시미어 블렌드 오버사이즈 미니멀 발마칸 코트 (토프) 무신사 스탠다드 - 사피아노 신세틱 레더 벨트 (브라운/실버) 오드스튜디오 - 베이직 니트 체크 머플러 (우디체크)",원래 울 소재는 까칠거리는 느낌 때문에 잘 못 입는 편인데 메리노 울이라 그런지 옷이 너무 부드러워서 단독으로 입어도 불편하지가 않네요! 너무 마음에 듭니다👍🏻👍🏻,체험단 여러번 입고 쓰는 체험단 후기입니다(세탁은 아직 x) 실측은 대략 이정도 입니다 어깨 47 총장 66 가슴 53 팔길이 59 95 정사이즈 느낌이라고 보면 될꺼같습니다( 줄자로 직접 확인)  1. 촉감은 부드러운 편입니다 예민한 피부 기준으로도 맨살 피팅 가능한편이고 두께는 얇은편이지만 촘촘한 타입으로 보시면 될꺼같습니다  2. 사이즈랑 피팅감이 중요할꺼같은데 보통 95-100입는 기준으로 보면 살짝 타이트 하게 맞습니다 평소 자기 사이즈로 가는게 좋을꺼같습니다 이런류 니트는 크게 입는것보다 정사이즈가 예뻐요( 코트나 가디건안에 입는 느낌으로)  3. 지금블프라 가격도 괜찮아서 기본 깔끔템으로 강추 드리고 여자친구도 한범 입혀봤는데 생각보다 핏이 깔끔하게 떨어져서 여자분들도 자기 사이즈라면 추추입니다,한달후기 울100프로에 촉감도 좋아 이너로 입고다니기 알맞아요,메리노 울 소재라 너무 부드럽고 좋아요. 다만 두께가 얇아서 안에 발열내의나 셔츠 레이어드해서 입으면 괜찮습니다. 앞으로도 잘 입겠습니다.
https://www.musinsa.com/products/4744084,스포티 트랙 세미 크롭 니트 집업 - SKY BLUE,"89,000원",34%,"59,000원",오드스튜디오,https://image.msscdn.net/mfile_s01/_brand/free_medium/oddstudio.png?1732780510434,상의,니트/스웨터,https://image.msscdn.net/thumbnails/images/goods_img/20250124/4744084/4744084_17377028366888_big.jpg?w=1200,https://image.msscdn.net/thumbnails/images/prd_img/20250124/4744084/detail_4744084_17377013130687_big.jpg?w=1200,https://image.msscdn.net/thumbnails/images/prd_img/20250124/4744084/detail_4744084_17377013137986_big.jpg?w=1200,https://image.msscdn.net/thumbnails/images/prd_img/20250124/4744084/detail_4744084_17377028442227_big.jpg?w=1200,knit_0020,"1,080",9.8천 회 이상 (최근 1개월),없음,후기 1개,없음,재질 탄탄하고 색감 예뻐서 좋습니다 핏도 예뻐서 맘에 듭니다,없음,없음,없음,없음
https://www.musinsa.com/products/4371211,스포티 트랙 세미 크롭 니트 집업 - CHARCOAL,"89,000원",34%,"59,000원",오드스튜디오,https://image.msscdn.net/mfile_s01/_brand/free_medium/oddstudio.png?1732780510434,상의,니트/스웨터,https://image.msscdn.net/thumbnails/images/prd_img/20240826/4371211/detail_4371211_17361423045559_big.jpg?w=1200,https://image.msscdn.net/thumbnails/images/prd_img/20240826/4371211/detail_4371211_17361423076843_big.jpg?w=1200,없음,https://image.msscdn.net/thumbnails/images/goods_img/20240826/4371211/4371211_17361422998163_big.jpg?w=1200,knit_0021,"19,229",5만 회 이상 (최근 1개월),1.9천 개 이상,후기 188개,4.8,핑크 살까 하다가 차콜에 핑크 포인트 샀는데 넘넘 맘에 들어용 청바지랑 입으면 힙해보이고 치마랑 레그워머랑 같이 했는데 귀여워요 완전 벙벙햐서 귀엽구 생각보다 안 무거워서 좋아룡 ㅎㅎ 핑크도 사고 싶어요,색감이 너무이쁘고 너무 디자인도 이뻐서 마음에듭니다 배송도 빠르고 진짜 좋아요,너무 예뻐요 ㅜㅜ 치마에 입어도 예쁘고 흑청바지나 청바지 다 잘어울리고 따듯하고 ㅜㅜ 감동입니다 ㅜㅜ 너무 예뻐요 ㅠㅜ,컬러가 너무 귀엽구 핏도 넘 예뻐여 폭닥폭닥허고 퀄도 괜찮아요 ㅎㅎ 너무 잘 입을러 같아요,모델 입은거 보자마자 차콜+핑크 배합이 너무 예뻐서 바로 구매했습니다 ㅎㅎ 너무 크롭하지도 않은 기장에 적당히 골반에 걸려서 좋구여 지퍼가 투웨이라 연출하기에도 좋습니다 목까지 올려입는게 제일 핏이 괜찮아보이고 소매에 구멍이 있다고 했는데 저는 이것도 디자인인 것 같아서 맘에 드네여 지금 날씨에 그냥 툭 걸치고 나가기 좋아여~~
https://www.musinsa.com/products/4285815,오버핏 케이블 카라 니트 3COLOR,"49,957원",30%,"34,970원",언탭트 스튜디오,https://image.msscdn.net/mfile_s01/_brand/free_medium/untapped.png?1730708272814,상의,니트/스웨터,https://image.msscdn.net/thumbnails/images/prd_img/20240731/4285815/detail_4285815_17307814527994_big.jpg?w=1200,https://image.msscdn.net/thumbnails/images/prd_img/20240731/4285815/detail_4285815_17307814535921_big.jpg?w=1200,없음,https://image.msscdn.net/thumbnails/images/goods_img/20240731/4285815/4285815_17307814421798_big.jpg?w=1200,knit_0022,"4,242",5만 회 이상 (최근 1개월),3.7천 개 이상,후기 504개,4.8,"체험단 167fm 여자가 입기에는 손이 좀 많이 길었어영 제가 손이 긴 편인데도 많이 남아요 근데 접어서 입으면 오버핏처럼 보여서 많이 귀엽습니다! 재질은 무난무난하고, 먼지가 잘 달라붙긴하네요 어깨가 딱 끊어지는 니트는 아니라서 자칫하면 좀 뚱뚱해보일 수 있겠다고 생각했었는데, 막상 입어보니 그런 느낌 없었어요! 위에 브이넥 카라가 있어서 목라인이 잘 보여, 부한 느낌은 안들고 꾸안꾸룩, 기본템으로 좋은것 같아영 완전 겨울에는 단독으로 입기에는 많이 추울것 같고 안에 받혀입으면 딱 좋을듯 하네요! 무난템으로 추천합니당",핏이 정말 예쁩니다! 가을이라 이제 다들 쌀쌀할텐데 청바지에 걸치기만해도 예쁠듯 싶어요 ㅎㅎ 🍂,체험단 평소 라운드넥만 입다보니 카라넥니트는 부담스러워 하였는데 생각보다는 무난하게 입을수 있을것 같네요. 디자인 자체가 특이하고 화려하지않아서 데일리 니트로 안성맞춤 인듯 합니다. 색상도 평소 블랙또는 화이트만 착용하였는데 딥그린색상이 추운겨울 착용 하였을때 시크하면서도 단정한 느낌을 줄수있는 색상이라 생각할 만큼 색상이 좋아요. 핏 자체는 오버핏으로나와 제 스펙 기준 조금 큰느낌이 있습니다. 아무래도 패딩이나 코트착용하기에는 조금 부담스러운 사이즈이니 한치수 작게 착용하여도 큰 무리없이 적당한 핏이 되지않을까 생각됩니다. 무엇보다 니트가 주는 촉감에대한 편견이 있지만 그편견을 없애주는 니트네요. 촉감이 부드럽고 까실거리지않아 무척좋아요,핏이너무좋아용 두벌사서한벌 할인 받아서 너무 좋았어요!!!,따뜻하고 편합니다. 휘두르로 갈 수 있는 템입니다. 많이 구매하세요.
https://www.musinsa.com/products/4429225,Commando Knit Sweater Olive,"104,000원",20%,"83,200원",에스피오나지,https://image.msscdn.net/mfile_s01/_brand/free_medium/espionage.png?20200608153142,상의,니트/스웨터,https://image.msscdn.net/thumbnails/images/prd_img/20240911/4429225/detail_4429225_17267966242443_big.jpg?w=1200,https://image.msscdn.net/thumbnails/images/prd_img/20240911/4429225/detail_4429225_17382929010794_big.jpg?w=1200,없음,https://image.msscdn.net/thumbnails/images/goods_img/20240911/4429225/4429225_17267966156873_big.jpg?w=1200,knit_0023,"3,315",3만 회 이상 (최근 1개월),1.3천 개 이상,후기 199개,4.9,까슬하지만 이너 입으면 될 것 같고 보온 좋을 것 같습니다,두툼해서 따뜻한데 확실히 까슬거림은 있습니다. 예민하지 암ㅎ더라도 이너는 꼭 입는 게 좋을 것 같아요! 기장도 너무 길지 않고 색감이 정말 잘 나와서 추천드립니다.,너무 따듯하게 색감이 미쳤습니다. 이것만 입고 싶어요!!!,니트가 도톰합니다 추운겨울 이너로 아주좋으네요 착용했을때 니트 특성상 불편한 느낌 있어요 니트안에 반팔티셔츠 착용하고 입으세요,단독으로는 못입을만큼 까끌하긴한데 이뻐요 무난하고 이뻐서 굿
https://www.musinsa.com/products/4617119,네프사 핸드메이드 니트 - 네이비,"139,000원",20%,"111,200원",프라게,https://image.msscdn.net/mfile_s01/_brand/free_medium/frage.png?1731551444912,상의,니트/스웨터,https://image.msscdn.net/thumbnails/images/goods_img/20241115/4617119/4617119_17316546659403_big.jpg?w=1200,https://image.msscdn.net/thumbnails/images/prd_img/20241115/4617119/detail_4617119_17316546759432_big.jpg?w=1200,https://image.msscdn.net/thumbnails/images/prd_img/20241115/4617119/detail_4617119_17316546787906_big.jpg?w=1200,https://image.msscdn.net/thumbnails/images/prd_img/20241115/4617119/detail_4617119_17316546810741_big.jpg?w=1200,knit_0024,53,450회 이상 (최근 1개월),없음,후기 6개,없음,"네이비 기본 니트를 사려고 했었는데 좀 심심한 것 같아서 고민하다가 요 제품 발견~ 다른 컬러 실들이 군데군데 포인트로 들어가 있어서 예뻐요, 자꾸 사진 찍게 되는 니트! 튀지 않으면서 너무 무난한 건 싫은 분들 추천합니다. 옷장에 있는 어떤 바지와 입어도 어울릴 듯.",색상이 넘 이뻐요 어떤옷이랑도 잘~어우려요 다른제품도 구매하고 싶네요~!,입었을 때도 느낌이 좋네요. 찾고 있던 색감이라 그런지 너무 마음에 들고 따뜻해서 좋네요. 위에 코트랑 입기 딱 좋아요,따뜻하고 색감도 마음에 너무 들어요~ 딱 찾는 색감이었어요!!!,밤하늘에 별처럼 보이는 니트입니다. 약간 밝은 군청색이라 어둡기보다는 밝은 느낌입니다. 맑은 밤하늘에 별들에 모습 같답니다. 잘 산것 같아요.
https://www.musinsa.com/products/4643479,[2PACK] 꽈배기 헨리넥 니트,"119,800원",42%,"69,900원",맨인스토어 프로덕트,https://image.musinsa.com/mfile_s01/_brand/free_medium/maninstore.png?20240108135743,상의,니트/스웨터,없음,없음,없음,https://image.msscdn.net/thumbnails/images/goods_img/20241129/4643479/4643479_17328618321294_big.jpg?w=1200,knit_0025,380,3.6천 회 이상 (최근 1개월),없음,후기 16개,4.8,사이즈 재질 다 좋아요 ~ 입었을때 생각했던거보다 더 편합니다.,색감 예쁘고 가성비 좋은 니트에요 겨울철 입기 좋습니다,한달후기 옷은 예쁘고 사이즈도 좋은데 보풀이 너무 심해요,남자는 헨리넥..! 가격 생각했을 때 퀄리티 좋구요. 데일리로 입기 좋습니다.,핏이 생각보다 가볍고 좋아서 만족합니다. 또 구매희망
https://www.musinsa.com/products/4309108,VSW Hairy Wave Stripe Knit Burgundy,"109,000원",40%,"65,400원",비전스트릿웨어,https://image.musinsa.com/mfile_s01/_brand/free_medium/visionstreetwear.png?20231213104236,상의,니트/스웨터,https://image.msscdn.net/thumbnails/images/prd_img/20240808/4309108/detail_4309108_17249216770143_big.jpg?w=1200,https://image.msscdn.net/thumbnails/images/prd_img/20240808/4309108/detail_4309108_17255969311506_big.jpg?w=1200,없음,https://image.msscdn.net/thumbnails/images/goods_img/20240808/4309108/4309108_17249216585001_big.jpg?w=1200,knit_0026,"3,685",1.2만 회 이상 (최근 1개월),없음,후기 119개,4.8,재질좋고 옷도 예쁩니다 가을에 입기 딱 좋은 옷 같아오,체격 있는 편이라 L랑 M 중에서 고민했는데 M도 낙낙해요. 후기에 온통 정전기 얘기밖에 없던데 정전기 진짜 많이 나요 입을 때 타닥타닥 소리날정도. 소재 때문에 윤기나고 핏도 예뻐요. 스트레이트 체형 보완해주는 픽은 아니지만(오히려 네모인간되는 느낌) 그냥 보는 것보다 입으면 더 예뻐서 자주 입을 것 같아요,재질이 부드러워서 맨살에 입을 수 있고 과하지 않게 포인트가 되어 좋습니다.,맨살에 입어도 하나도 안까슬하고 보들보들해요 넘 예뻐용 정전기 좀 나긴 한데 심하진 않고 털빠짐도 없어요 짱...🥰,색이 어두워서 겨울에 잘 어울리네요. 부들부들해서 입기 좋습니다.
https://www.musinsa.com/products/4737610,울 & 실크 블렌드 쇼트 슬리브 니트 스웨터,없음,없음,"129,000원",마시모두띠,https://image.msscdn.net/mfile_s01/_brand/free_medium/massimodutti2.png?1730876125532,상의,니트/스웨터,https://image.msscdn.net/thumbnails/images/goods_img/20250122/4737610/4737610_17375320599068_big.jpg?w=1200,https://image.msscdn.net/thumbnails/images/prd_img/20250122/4737610/detail_4737610_17375320606570_big.jpg?w=1200,https://image.msscdn.net/thumbnails/images/prd_img/20250122/4737610/detail_4737610_17375320608103_big.jpg?w=1200,https://image.msscdn.net/thumbnails/images/prd_img/20250122/4737610/detail_4737610_17375320620480_big.jpg?w=1200,knit_0027,7,없음,없음,없음,없음,없음,없음,없음,없음,없음
https://www.musinsa.com/products/4387120,리브드 오버핏 헨리넥 니트 [오트밀],"78,000원",21%,"62,000원",르아르,https://image.musinsa.com/mfile_s01/_brand/free_medium/leire.png?20230712152623,상의,니트/스웨터,https://image.msscdn.net/thumbnails/images/prd_img/20240830/4387120/detail_4387120_17255485082729_big.jpg?w=1200,https://image.msscdn.net/thumbnails/images/prd_img/20240830/4387120/detail_4387120_17255485089880_big.jpg?w=1200,없음,https://image.msscdn.net/thumbnails/images/goods_img/20240830/4387120/4387120_17255484995617_big.jpg?w=1200,knit_0028,"2,797",1.8만 회 이상 (최근 1개월),없음,후기 112개,4.9,"한달후기 보플?도 적당히 헤어리한것처럼? 살짝 이라 괜찮네요. 밑단 안풀리게 시보리가 좀만더 탄성이 좋았으면 좋았을듯, 두꺼워서 넣입하긴 애매해서 빼입접어입기하거든요",기장도 딱 좋고 헨리넥으로 되어 있어서 넥타이 하고 입기 좋습니다,까끌거릴줄 알았는데 생각보다 괜찮았고 무엇보다 예뻐서 입게 되는 옷,한달후기 아직 날씨가 추워지지는 않아서 못 입었는데 가끔씩 포인트 니트로 입고 다닐 것 같아요,깔끔하고 편하다 괜찮은 것 같다 다음에 또 구입할 의향있음☺️
https://www.musinsa.com/products/4514652,워셔블 빅 케이블 오버핏 크루넥 니트 [카키],"53,000원",21%,"42,000원",트릴리온,https://image.musinsa.com/mfile_s01/_brand/free_medium/trillion.png?20210702123042,상의,니트/스웨터,https://image.msscdn.net/thumbnails/images/goods_img/20241014/4514652/4514652_17296793573353_big.jpg?w=1200,https://image.msscdn.net/thumbnails/images/prd_img/20241014/4514652/detail_4514652_17296793708500_big.jpg?w=1200,https://image.msscdn.net/thumbnails/images/prd_img/20241014/4514652/detail_4514652_17296793715887_big.jpg?w=1200,https://image.msscdn.net/thumbnails/images/prd_img/20241014/4514652/detail_4514652_17296793779428_big.jpg?w=1200,knit_0029,"2,854",1.3만 회 이상 (최근 1개월),1.2천 개 이상,후기 150개,4.9,초록색은 처음인데 예뻐요 근데 밑에 바지 뭐입어야하나요 형님들 도와주세요 그냥 검은 슬랙스하나살까요,"체험단 트릴리온의 워셔블 빅 케이블 오버핏 크루넥 니트는 고급스러운 케이블 니트 짜임과 트렌디한 오버핏 실루엣이 돋보입니다. 카키 컬러가 은은하면서도 세련된 느낌을 주며, 다양한 하의와 손쉽게 매치할 수 있어 스타일링이 편리합니다. 특히 워셔블 소재로 제작되어 관리가 수월하며 세탁 후에도 변형이 적어 실용적입니다. 부드러운 터치감 덕분에 장시간 착용에도 편안하며, 포근한 보온성을 제공해 가을과 겨울철 데일리룩으로 적합합니다. 클래식하면서도 실용적인 니트를 찾는 분들께 추천할 만한 제품입니다",품도 낭낭하고 핏이 좋아요 색은 많이 어두워요옹,두툼해서 입었을때 뭔가 귀여운 느낌?이 있어서 만족스러워요,색이 독특하고 두툼하고 패턴이 이뻐서 좋은 제품입니다
https://www.musinsa.com/products/4676729,Classic Overfit V-Neck Knit_Navy,"79,000원",20%,"63,200원",노리그렛,https://image.msscdn.net/mfile_s01/_brand/free_medium/noregret.png?1733464524045,상의,니트/스웨터,없음,없음,없음,https://image.msscdn.net/thumbnails/images/goods_img/20241220/4676729/4676729_17346802881558_big.jpg?w=1200,knit_0030,645,8.5천 회 이상 (최근 1개월),없음,후기 2개,없음,브이넥 니트 찾고 있었는데 핏이랑 컬러 모두 마음에 드는 제품을 찾았어요 세일해서 가격도 부담없고 다른 컬러도 구매하고 싶네요 루즈핏으로 너무 예쁘네요,두께감도 조금 있고 무엇보다 사이즈가 크지도 작지도 않아서 좋았어요! 길이감도 생각보다 짧지 않아요!,없음,없음,없음
https://www.musinsa.com/products/4346438,레글런 트랙 니트 집업 [BLACK],"74,000원",15%,"62,900원",레더리,https://image.musinsa.com/mfile_s01/_brand/free_medium/leathery.png?20220124140405,상의,니트/스웨터,https://image.msscdn.net/thumbnails/images/prd_img/20240820/4346438/detail_4346438_17243777749147_big.jpg?w=1200,https://image.msscdn.net/thumbnails/images/prd_img/20240820/4346438/detail_4346438_17243777757655_big.jpg?w=1200,없음,https://image.msscdn.net/thumbnails/images/goods_img/20240820/4346438/4346438_17303579349919_big.jpg?w=1200,knit_0031,"12,367",1.4만 회 이상 (최근 1개월),2.1천 개 이상,후기 310개,4.7,"폭닥폭닥 그 잡채,,,이번 달 제일 맘에 드는 소비에요! 진짜 단점이 한 개도 없으니까 꼭 사세요 다들!",지퍼에 돈을 쓰면 벌금이라도 내나요? 중국에서도 안 팔 것 같은 지퍼가 달려있어요. 10도 정도에 입기 딱 좋은 두께감입니다.,사이즈도 딱이고 색감도 사진이랑 똑같아요! 톡톡하니 10월쯤 입으면 될 것 같아용 비싸다 생각했는데 짱만족스러움..,까슬거리지 않고 부드러워서 좋아요. 지금보다 조금 더 추워지면 잘 입을 덧 같습니당,한달후기 이쁜데 핏 자체가 막 입고 다니기 쉬운 느낌은 아닙니다
https://www.musinsa.com/products/4368593,피그먼트 리브드 크루 넥 니트 [차콜 그레이],"69,900원",10%,"62,890원",무신사 스탠다드,https://image.msscdn.net/mfile_s01/_brand/free_medium/musinsastandard.png?20200608153142,상의,니트/스웨터,https://image.msscdn.net/thumbnails/images/goods_img/20240826/4368593/4368593_17276824964843_big.jpg?w=1200,https://image.msscdn.net/thumbnails/images/prd_img/20240826/4368593/detail_4368593_17276825024631_big.jpg?w=1200,https://image.msscdn.net/thumbnails/images/prd_img/20240826/4368593/detail_4368593_17276825033471_big.jpg?w=1200,https://image.msscdn.net/thumbnails/images/prd_img/20240826/4368593/detail_4368593_17276825053530_big.jpg?w=1200,knit_0032,561,3.5천 회 이상 (최근 1개월),없음,후기 79개,4.9,색깔도 예쁘고 사리즈도 좋아요. 181 78 정도 입니다 착용 사이즈 L . 오버핏으로 입으려면 한사이즈 크게,티셔츠가 굉장히 재질이 좋습니다 되게 편해서 자주 입을것 같습니다,오프라인 매장에서 입어보고 샀습니다 핏이 맘에 드는 친구입니다,색깔도 예쁘고 사리즈도 좋아요. 181 78 정도 입니다. 오벛핏으로 입으려면 한사이즈 크게,한달후기 오오 색감맘에드는데 빨래할때 안에서 먼지가 꽤많이나오긴함
https://www.musinsa.com/products/4719794,(우먼) 브이넥 스트라이프 니트_핑크,"69,000원",10%,"62,100원",코드그라피,https://image.msscdn.net/mfile_s01/_brand/free_medium/codegraphy.png?1733796001765,상의,니트/스웨터,https://image.msscdn.net/thumbnails/images/goods_img/20250114/4719794/4719794_17376939295334_big.jpg?w=1200,https://image.msscdn.net/thumbnails/images/prd_img/20250114/4719794/detail_4719794_17376939229780_big.jpg?w=1200,https://image.msscdn.net/thumbnails/images/prd_img/20250114/4719794/detail_4719794_17376773016518_big.jpg?w=1200,https://image.msscdn.net/thumbnails/images/prd_img/20250114/4719794/detail_4719794_17376773072122_big.jpg?w=1200,knit_0033,662,6.9천 회 이상 (최근 1개월),없음,없음,없음,없음,없음,없음,없음,없음
https://www.musinsa.com/products/4540836,[SET] 슬림 골지 가디건 - 브이넥/라운드넥/카라넥,"92,000원",40%,"55,200원",몽돌,https://image.musinsa.com/mfile_s01/_brand/free_medium/mongdol.png?20200616112509,상의,니트/스웨터,https://image.msscdn.net/thumbnails/images/goods_img/20241021/4540836/4540836_17301692671868_big.jpg?w=1200,https://image.msscdn.net/thumbnails/images/prd_img/20241021/4540836/detail_4540836_17301693981680_big.jpg?w=1200,https://image.msscdn.net/thumbnails/images/prd_img/20241021/4540836/detail_4540836_17301693994191_big.jpg?w=1200,https://image.msscdn.net/thumbnails/images/prd_img/20241021/4540836/detail_4540836_17301694206738_big.jpg?w=1200,knit_0034,"1,412",1만 회 이상 (최근 1개월),없음,후기 21개,4.9,"옷은 이쁘나 팔 움직이면 어깨가 솟아버려서 계속 옷정리를 해줘야해요,,",사이즈표랑 사진보고 어깨좁고 길쭉해서 걱정했는데 입었을때 핏이 너무 맘에 듭니다!! 엄마가 말라보인대욯ㅎㅎ 골지에 핏이랑 허리를 딱 잡아줘서 예뻐요 색감도 딱 모델사진이랑 같은색이에요,너무 예뻐요 사이즈표랑 사진보고 너무 어깨가 좁게 긴 디자인이어서 핏 안예쁠까 걱정많이 했는데 골지에 잘 늘어나서 오히려 입었을때 핏이 이쁩니다. 말라보여서 너무 맘에 들어욯ㅎ,핏도 예쁘고 부들부들 해서 좋아요 가격대비 퀄 좋은 것 같아요 단추를 다 채우는 것보단 아래 두 개는 꼭 푸르세용,두개에 37000원으로 구매했어요 다시 구매하려고 보니 가격이 올랐네요 너무 이뻐요 핏하게 맞아요
https://www.musinsa.com/products/4292995,리브드 슬리브 니트 - 블랙,"52,000원",46%,"28,000원",르마드,https://image.musinsa.com/mfile_s01/_brand/free_medium/lemard.png?20240216172209,상의,니트/스웨터,https://image.msscdn.net/thumbnails/images/goods_img/20240802/4292995/4292995_17225811992679_big.jpg?w=1200,https://image.msscdn.net/thumbnails/images/prd_img/20240802/4292995/detail_4292995_17225811999380_big.jpg?w=1200,https://image.msscdn.net/thumbnails/images/prd_img/20240802/4292995/detail_4292995_17225812001230_big.jpg?w=1200,https://image.msscdn.net/thumbnails/images/prd_img/20240802/4292995/detail_4292995_17225812008493_big.jpg?w=1200,knit_0035,410,2천 회 이상 (최근 1개월),없음,후기 59개,4.8,슬림하게 세쿠시한 핏이나와서 잘 입고다닐거같습니아,얇은게 세쿠시한 느낌도 나고 좋네요 잘 입고 다닐게요,회색을 시작으로 3가지 색 다 모았는데 다 마음에 듭니다! 이너로도 그냥 단품으로도 입기 좋습니다! 이너로 잘입고다니는데 은근 따뜻해서 히트택 대신 입고다닙니다! 망가지면 또 구매할게요!,진짜잘삿어요~부드럽고 얇아서 이너로입기딱입니다,얇은 니트느낌인데 봄에 입기 좋을거같아요! 할인할때 구매해서 만족하면서 입고있어요!
https://www.musinsa.com/products/4387516,에센셜 크루 넥 니트 [블랙],"49,900원",25%,"37,290원",무신사 스탠다드,https://image.msscdn.net/mfile_s01/_brand/free_medium/musinsastandard.png?20200608153142,상의,니트/스웨터,https://image.msscdn.net/thumbnails/images/goods_img/20240830/4387516/4387516_17328467168538_big.jpg?w=1200,https://image.msscdn.net/thumbnails/images/prd_img/20240830/4387516/detail_4387516_17328467243390_big.jpg?w=1200,https://image.msscdn.net/thumbnails/images/prd_img/20240830/4387516/detail_4387516_17328467252585_big.jpg?w=1200,https://image.msscdn.net/thumbnails/images/prd_img/20240830/4387516/detail_4387516_17328467283508_big.jpg?w=1200,knit_0036,"1,302",1.4만 회 이상 (최근 1개월),1.4천 개 이상,후기 158개,4.6,일단 보풀심하고 옷도 재질이 한참 부족합니다 재구매의사는 없어요 핏은 나쁘지 않은데 재질좀 신경좀;;,편하게 입기 좋고 많이 두꺼운편은 아니에요 한번 빨아서 입었는데 줄어든 느낌은 없어요,사이즈 좋아요 베이직한 디자인도 좋음. 근데 좀 얇은 니트임,무신사 옷 굉장히 애용하는데 이 니트는 최악입니다 너무 얇아 후줄근하고 그냥 사람이 없어보여요,우선 맨살에 입어도 좋은촉감이구요(가격대비 좋은 재질이지만 탄탄한 느낌보다는 늘어나는 느낌) 다 좋은데 팔길이가 좀 길고 실측 대략 어깨 50 팔길이 61.5 총장 69 가슴단면 56나옵니다 세탁이 안되는점이 좀 걸리긴 하지만 검은색이다 보니 잘 관리해서 입으면 예쁘게 입을꺼같습니다
https://www.musinsa.com/products/4305227,헤비코튼 크루넥 머슬 니트 (블랙) 24NTL01,없음,없음,"84,000원",나인제트,https://image.musinsa.com/mfile_s01/_brand/free_medium/ninez.png?20231228120516,스포츠/레저,상의,https://image.msscdn.net/thumbnails/images/goods_img/20240807/4305227/4305227_17351801819982_big.jpg?w=1200,https://image.msscdn.net/thumbnails/images/prd_img/20240807/4305227/detail_4305227_17254295217018_big.png?w=1200,https://image.msscdn.net/thumbnails/images/prd_img/20240807/4305227/detail_4305227_17254295229249_big.png?w=1200,https://image.msscdn.net/thumbnails/images/prd_img/20240807/4305227/detail_4305227_17351802066905_big.jpg?w=1200,knit_0037,"3,901",1.6만 회 이상 (최근 1개월),2.7천 개 이상,후기 227개,4.8,체형 보완도 해주고 재질도 괜찮은 것 같다고 생각이 드네요!,나인제트 반팔 제품들을 정말 잘 입어서 긴팔제품도 믿고 구매하였는데 역시나 깔끔하네요. 면과 아크릴 혼용 제품이라 짜임이 탄탄하고 마감이 좋아서 고급스러워 보여요. 다만 아크릴 혼용이라 착용자에 따라 재질이 거칠게 느낄 수 있으니 이너로 반팔티 하나 착용하시길 추천드립니다.  상품평이 많이 없어 사이즈 선택이 어려웠으나 적당히 잘 맞게 산 듯 합니다. 추후 세탁기+건조기 사용시 얼마나 줄어들지 모르겠으나 조직이 탄탄하여 큰 변형이 없을 듯 하네요.  갈색 제품도 추가구매 해야겠어요! 아주 만족합니다.  실측) 사이즈L 어깨 47cm/ 가슴반품 51cm/ 총장 64cm,이딴옷을 5만원이나 주고 산게 아까울지경 입으면 크롭티됨 배가 다보임 쓰래기 사지마셈,핏도 좋고 이쁩니다~! 단점은 가격정도?! 그리고 기장이 크롭한 편이에요 저는 오히려 좋지만 참고하세오,길이가 엄청 짧습니다. 170넘어가시는 분들은 최소 L이상 가셔야 해요.
https://www.musinsa.com/products/4580631,소프트 하찌 하프 터틀넥_5COLOR,"75,000원",30%,"52,500원",인더스트,https://image.musinsa.com/mfile_s01/_brand/free_medium/corrs.png?20240131152231,상의,니트/스웨터,없음,없음,없음,https://image.msscdn.net/thumbnails/images/goods_img/20241101/4580631/4580631_17304261582750_big.jpg?w=1200,knit_0038,248,2.1천 회 이상 (최근 1개월),없음,후기 33개,4.9,엄청 예쁩니다. 제 스펙에는 라지 사세요. 원단 약간 무거운 느낌으로 좋아요,핏도 예쁘고 색감도 예쁘고 회사에서 잘입을 수 있습니다,핏도 예쁘고 색감도 예쁘고 회사에서 잘입을 수 있습니다.,두툼하고 부드럽습니다. 핏도 이쁘게 떨어집니다,사이즈도 맞고 원하던 핏이라 아주 만족합니다~ 그레이색상도 구매할 예정
https://www.musinsa.com/products/4384143,COLOR LINE POINT LOGO KNIT PULLOVER IN GREY,없음,없음,"148,000원",마뗑킴,https://image.musinsa.com/mfile_s01/_brand/free_medium/matinkim.png?20220107104948,상의,니트/스웨터,없음,없음,없음,https://image.msscdn.net/thumbnails/images/goods_img/20240829/4384143/4384143_17253456291864_big.jpg?w=1200,knit_0039,"5,122",9.9천 회 이상 (최근 1개월),없음,후기 106개,4.9,제 키에 딱 맞는 사이즈고 디자인도 너무 너무 맘에 들어요,한달후기 탄탄한 니트인건 알았는데 너무너무 따뜻해요 강추위에 입으면 바람도 안들어오고 너무 따뜻해요,실제보는 색이 더 이쁘네요^^ 겨울에 잘입고 다닐수 있을거같아요,사이즈 넉넉하니 좋습니다! 안따갑고 적당한 두깨여서 만족합니다,옷이뻐요 비싼값합니다 사이즈는 조금크지만 손많이가요
https://www.musinsa.com/products/4514677,워셔블 노르딕 자카드 카라넥 2WAY 집업 니트 [블랙],"54,000원",20%,"43,000원",트릴리온,https://image.musinsa.com/mfile_s01/_brand/free_medium/trillion.png?20210702123042,상의,니트/스웨터,https://image.msscdn.net/thumbnails/images/goods_img/20241014/4514677/4514677_17296758291231_big.jpg?w=1200,https://image.msscdn.net/thumbnails/images/prd_img/20241014/4514677/detail_4514677_17296758397509_big.jpg?w=1200,https://image.msscdn.net/thumbnails/images/prd_img/20241014/4514677/detail_4514677_17296758405219_big.jpg?w=1200,https://image.msscdn.net/thumbnails/images/prd_img/20241014/4514677/detail_4514677_17296758480428_big.jpg?w=1200,knit_0040,"4,542",3만 회 이상 (최근 1개월),1.8천 개 이상,후기 160개,4.6,귀찮은데 나같은 사람 없길 바라며 쓴다. 내가 후기 진짜 잘주는데 이가격에 이런 퀄리티 반성해라 무신사 욕먹인다 무신사는 이런옷 들이지마라 제발  어제 이거보다 훨 좋은 퀄리티 옷 후기 남겼다 참고해라,"배송 생각보다 빨리 왔고, 디자인은 확실히 이쁜 거 같아요! 하나 아쉬운거는 주머니가 없어서 살짝 아쉽네요ㅠㅠ","배송 생각보다 빨리 왔고, 디자인은 확실히 이쁜 거 같아요! 하나 아쉬운거는 주머니가 없어서 살짝 아쉽네요ㅠㅠ","한달후기 다른 리뷰들처럼 지퍼가 버벅이긴 하는데, 디자인이 이뻐서 참고 입는중입니다. 디자인은 진짜 깡패에요 ㅜ",너무 이뻐요!! 딱 겨울에 맞는 옷이에요. 패딩안에 입으면 따숩!
https://www.musinsa.com/products/4514671,워셔블 노르딕 자카드 카라넥 2WAY 집업 니트 [아이보리],"54,000원",20%,"43,000원",트릴리온,https://image.musinsa.com/mfile_s01/_brand/free_medium/trillion.png?20210702123042,상의,니트/스웨터,https://image.msscdn.net/thumbnails/images/goods_img/20241014/4514671/4514671_17296760013405_big.jpg?w=1200,https://image.msscdn.net/thumbnails/images/prd_img/20241014/4514671/detail_4514671_17296760119507_big.jpg?w=1200,https://image.msscdn.net/thumbnails/images/prd_img/20241014/4514671/detail_4514671_17296760128274_big.jpg?w=1200,https://image.msscdn.net/thumbnails/images/prd_img/20241014/4514671/detail_4514671_17296760218203_big.jpg?w=1200,knit_0041,"2,498",2만 회 이상 (최근 1개월),없음,후기 96개,4.8,정말 따뜻하고 입기 좋은 옷 같습니다 색도 엄청 예뻐요,생각보다 어깡이 되는 것 같아 아쉬웠어요 ㅠ 디자인은 예쁩니다,배송도 빠르고 가격도 좋고 따뜻해서 지금날씨에 딱인거 같아요,1월에 삿포로 여행가서 입으려고 저렴할 때 미리 샀는데 배송도 빠르고 옷도 너무 예쁩니다! 생각보다 얇지 않고 겨울에 입기에도 좋을 것 같아요. 놀러가서 예쁜 사진 많이 건질 수 있을 것 같습니다~❄️,한달후기 빨아도 변형이 잘 없고 색감도 여전히 이뻐서 잘 입고 있습니다!
https://www.musinsa.com/products/4718332,스트라이프 럭비 니트 (T12F0KPO330MT1DW5),없음,없음,"299,000원",타미힐피거,https://image.msscdn.net/mfile_s01/_brand/free_medium/tommyhilfiger.png?20200608153142,상의,니트/스웨터,https://image.msscdn.net/thumbnails/images/goods_img/20250114/4718332/4718332_17376896032128_big.jpg?w=1200,없음,없음,https://image.msscdn.net/thumbnails/images/prd_img/20250114/4718332/detail_4718332_17376896056552_big.jpg?w=1200,knit_0042,3,150회 이상 (최근 1개월),없음,후기 1개,없음,옷 너무 예뻐요 우리 예랑이랑 이쁘게 잘 입을게요.,없음,없음,없음,없음
https://www.musinsa.com/products/4446338,파크 카라 니트 스웨터(그레이),"99,000원",10%,"89,100원",더웨더이즈어썸,https://image.musinsa.com/mfile_s01/_brand/free_medium/theweatherisawesome.png?20211201145911,상의,니트/스웨터,https://image.msscdn.net/thumbnails/images/goods_img/20240919/4446338/4446338_17269045430759_big.jpg?w=1200,https://image.msscdn.net/thumbnails/images/prd_img/20240919/4446338/detail_4446338_17269046604257_big.jpg?w=1200,없음,https://image.msscdn.net/thumbnails/images/prd_img/20240919/4446338/detail_4446338_17269046643582_big.jpg?w=1200,knit_0043,"1,431",2만 회 이상 (최근 1개월),없음,후기 40개,4.8,가격대비 퀄리티가 상당한 제품입니다 저만 알고 싶은 브랜드가 될것 같아요,"후기 사진보고 망설여졌는데, 입어보니 마음에들어서 좋아요",오오 이거 그냥 저를 위한 옷이군요 핏이 딱 저를 위한거네요,아 저는 이것만 입을게요 여기 브랜드만 3개 삼요,색감 이쁘고 사이즈도 딱 잘맞아요 날씨 풀리면 입기 좋을듯
https://www.musinsa.com/products/4472117,[적립금 20%]케이블 풀오버 (다크 그린),"299,000원",10%,"269,100원",라코스테,https://image.msscdn.net/mfile_s01/_brand/free_medium/lacoste.png?20200608153142,상의,니트/스웨터,https://image.msscdn.net/thumbnails/images/goods_img/20240927/4472117/4472117_17280206122467_big.jpg?w=1200,https://image.msscdn.net/thumbnails/images/prd_img/20240927/4472117/detail_4472117_17280206229733_big.jpg?w=1200,https://image.msscdn.net/thumbnails/images/prd_img/20240927/4472117/detail_4472117_17280206268418_big.jpg?w=1200,https://image.msscdn.net/thumbnails/images/prd_img/20240927/4472117/detail_4472117_17280206535541_big.jpg?w=1200,knit_0044,704,3.6천 회 이상 (최근 1개월),없음,후기 41개,없음,색깔이 진해서 이쁘네요 배달이 하루 늦게 온 거 빼곤 다 마음에 들어요,한달후기 한달동안 사용하면서 불편하지않고 잘사용하고있습니다.,색감도 너무 이쁘고 재질도 좋습니다 ! 추천합니다,와이프랑 커플로 입어요 감사합니다! 사이즈는 여유있어요!,사이즈 잘 맞고 재질이 좋네요 안따갑고 부드러워요 색은 좀 밝아요
https://www.musinsa.com/products/4627561,바시티 배색 투웨이 라운드 집업 니트 자켓 [차콜],"62,000원",40%,"37,200원",노드유,https://image.musinsa.com/mfile_s01/_brand/free_medium/nodu.png?20240329122454,상의,니트/스웨터,https://image.msscdn.net/thumbnails/images/goods_img/20241120/4627561/4627561_17321463243309_big.jpg?w=1200,https://image.msscdn.net/thumbnails/images/prd_img/20241120/4627561/detail_4627561_17321463303882_big.jpg?w=1200,https://image.msscdn.net/thumbnails/images/prd_img/20241120/4627561/detail_4627561_17321463309399_big.jpg?w=1200,https://image.msscdn.net/thumbnails/images/prd_img/20241120/4627561/detail_4627561_17321463319835_big.jpg?w=1200,knit_0045,"1,276",1.2만 회 이상 (최근 1개월),없음,후기 40개,4.8,선물했는데 마음에 들어합니다. 옷이 깔끔하고 정사이즈 핏이예요,제품은 괜찮으나 마감이 아쉽습니다 오래 입을 순 없을거 같아요,니트집업치고 조금 두툼해서 이너로 입으려면 가벼운 코트 정도가 좋을것 같고 바람 많이부는 가을보다는 봄 아우터로 코디하는게 좋아보여요 두툼한거치고 가볍고 마른사람이 입으면 덩치있어보이게 하기 좋을것 같아요 아직 보풀은 많이 안일어 나는데 색 조합이 쨍하지 않고 살짝 가벼워서 편하게 입고다니기 좋을것 같네요,사이즈도 딱맞구 색감도 잘나와서 좋습니다 자주입을거같아요,실물이 색감이 더 이뻐서 좋아요~ 이너로 입기에도 딱입니다:)
https://www.musinsa.com/products/4372762,케이블 헨리넥 니트 차콜,"98,100원",25%,"73,575원",머드솔트,https://image.musinsa.com/mfile_s01/_brand/free_medium/mudsalt.png?20230808170150,상의,니트/스웨터,https://image.msscdn.net/thumbnails/images/prd_img/20240827/4372762/detail_4372762_17249083782608_big.jpg?w=1200,https://image.msscdn.net/thumbnails/images/prd_img/20240827/4372762/detail_4372762_17249083819507_big.jpg?w=1200,없음,https://image.msscdn.net/thumbnails/images/goods_img/20240827/4372762/4372762_17249083525718_big.jpg?w=1200,knit_0046,"1,429",8천 회 이상 (최근 1개월),없음,후기 97개,4.9,케이블 무늬 은은하게 보여 이쁘네요. 딱 생각했던 느낌의 핏이라 잘입을거같슺니다,"헨리넥 니트 찾아보다가, 얇고 이쁜 헨리넥 니트 어디 없나 했더니.. 머드솔트가 딱이었네요!  살짝핏하면서 미니멀한 느낌도 챙길 수 있는데 헨리넥 니트 찾으시는 분들에게 적극 추천드립니다!!",은은하게 들어가있는 아가일 패턴이 포인트가 되어서 이너로도 좋고 자개 단추가 고급스러움을 올려주네요 단추를 풀었을때 느껴지는 자연스러운 실루엣이 마음에 드네요!,옷감이 너무 부드럽고 옷핏이 딱 맞아요 옆에 케이블 디테일이 있어서 이뻐요 완전 만족합니다 구매 추천해요!,아가일디테일있어서 비슷한 다른 제품보다 포인트 되어 좋아요 손 많이감
https://www.musinsa.com/products/4762610,스트라이프 크루넥 스웨터 atb1284m(BLACK/RED),없음,없음,"245,000원",앤더슨벨,https://image.musinsa.com/mfile_s01/_brand/free_medium/anderssonbell.png?20230308181150,상의,니트/스웨터,https://image.msscdn.net/thumbnails/images/goods_img/20250206/4762610/4762610_17388108205206_big.jpg?w=1200,https://image.msscdn.net/thumbnails/images/prd_img/20250206/4762610/detail_4762610_17388138867464_big.jpg?w=1200,https://image.msscdn.net/thumbnails/images/prd_img/20250206/4762610/detail_4762610_17388138878321_big.jpg?w=1200,https://image.msscdn.net/thumbnails/images/prd_img/20250206/4762610/detail_4762610_17388139006593_big.jpg?w=1200,knit_0047,26,450회 이상 (최근 1개월),없음,없음,없음,없음,없음,없음,없음,없음
https://www.musinsa.com/products/4464114,울 칼라 니트_DORMOUSE BEIGE,"98,900원",30%,"69,230원",넌블랭크,https://image.musinsa.com/mfile_s01/_brand/free_medium/nonblank.png?20210830161415,상의,니트/스웨터,https://image.msscdn.net/thumbnails/images/prd_img/20240925/4464114/detail_4464114_17278864485768_big.png?w=1200,https://image.msscdn.net/thumbnails/images/prd_img/20240925/4464114/detail_4464114_17278864501596_big.png?w=1200,없음,https://image.msscdn.net/thumbnails/images/goods_img/20240925/4464114/4464114_17278864374684_big.png?w=1200,knit_0048,464,2.1천 회 이상 (최근 1개월),없음,후기 14개,4.7,"색상도 이쁘고 핏, 디자인 만점입니다. 특히 단추 안감 포인트가 굳입니다.",디자인 깔끔하고 보들보들해서 맨살에 입을수 있을거 같아요,한달후기 넌블랭크 옷 몇개 구입하였지만 그 중 이 옷이 제일 이쁨.,쌀쌀해진 요즘 간절기 기간에 잘 입을것 같아요. 소재덕에 살짝 까실까실 하지만 핏이나 색상은 참 맘에듭니다.,핏이나 색감은 마음에 드는데 맨살에 입기는 좀 까끌거리네요
https://www.musinsa.com/products/4464166,스트라이프 울 칼라 니트_WINE,"98,900원",30%,"69,230원",넌블랭크,https://image.musinsa.com/mfile_s01/_brand/free_medium/nonblank.png?20210830161415,상의,니트/스웨터,https://image.msscdn.net/thumbnails/images/prd_img/20240925/4464166/detail_4464166_17278866417467_big.png?w=1200,https://image.msscdn.net/thumbnails/images/prd_img/20240925/4464166/detail_4464166_17278866434124_big.png?w=1200,없음,https://image.msscdn.net/thumbnails/images/goods_img/20240925/4464166/4464166_17278866318883_big.png?w=1200,knit_0049,737,1.1천 회 이상 (최근 1개월),없음,후기 18개,4.9,휘뚤마뚤 입기 좋아요 안에 이너는 필수 적당히 오버하게 맞습니당 예뻐요,설명대로 부드러운 재질은 아니에요 예민한 사람들은 난리칠 재질임더 그래도 귀여워요~,예전에 같은 제품의 다른 색상인 카키 색상을 구매했었는데 그때 카키색상은 저와 잘 않맞는다 생각해서 반품을 했었는데 이번에 와인 색상이 블프때 할인이 크게 적용되서 다시 도전했는데 와인색상이 정답이었네요 와인 특유의 튀지 않으면서도 포인트로도 좋고 와인과 그레이 색상의 조합이 니트만으로도 포인트 주는 느낌이 정말 좋아요 사이즈도 과하지 않게 정사이즈로 나와서 단일 이너로 입어도 좋고 안에 셔츠를 입고 입어도 충분할 정도로 잘 나와서 아주 연출하기도 좋네요,다른사람이 입은거 보고 이뻐서 샀습니다 사진이랑 색감 똑같은데 좀 얆고 너무 까슬해서 목이랑 살에 닿는부분이 따갑네요 ㅠ 총장이 다른옷들에 비해 짧게 나와있어서 xl시켰는데 총장이 좀 짧습니다 가슴이랑 소매길이는 어엄청 넉넉해요 상체 기신분 참고하세요 옷은 이뻐요,까슬까슬하지만 너무 예쁘네여 캐주얼하게 입을 스 있어서 좋아요 두께가 좀 얇아요
https://www.musinsa.com/products/4323246,[오정규X알리스] 그라데이션 하찌 라운드 니트 [블랙],"76,000원",10%,"68,400원",알리스,https://image.musinsa.com/mfile_s01/_brand/free_medium/alyss.png?20230117135312,상의,니트/스웨터,https://image.msscdn.net/thumbnails/images/goods_img/20240813/4323246/4323246_17344133085756_big.jpg?w=1200,없음,없음,https://image.msscdn.net/thumbnails/images/prd_img/20240813/4323246/detail_4323246_17344133277531_big.jpg?w=1200,knit_0050,"2,456",8.3천 회 이상 (최근 1개월),없음,후기 151개,4.8,가격치고는 괜찮은 면 니트라고 할 수 있겠네요. 하지만 가격이 저렴한 만큼 마감+소재감이 그리 좋지는 않아요. 기대했던 그라데이션 느낌도 생각보다 자연스럽지는 않고 오히려 컬러블락과 같이 좀 선명하게 나눠진 느낌입니다. 니트 팔 끝부분과 밑단 시보리도 꽉 잡아주는 느낌은 아니고 흘러내리는 느낌입니다. 하지만 핏 만큼은 요즘 핏인 어깨는 살짝 흘러내리는 오버핏에 몸통은 크고 밑단은 짧습니다,가격치고는 괜찮은 면 니트라고 할 수 있겠네요. 하지만 가격이 저렴한 만큼 마감+소재감이 그리 좋지는 않아요. 기대했던 그라데이션 느낌도 생각보다 자연스럽지는 않고 오히려 컬러블락과 같이 좀 선명하게 나눠진 느낌입니다. 니트 팔 끝부분과 밑단 시보리도 꽉 잡아주는 느낌은 아니고 흘러내리는 느낌입니다. 하지만 핏 만큼은 요즘 핏인 어깨는 살짝 흘러내리는 오버핏에 몸통은 크고 밑단은 짧습니다,덩치가 많이 큰편인데 보통 옷이 105 ~ 110 이상 이옷은 굉장히 큰편이네요 특히 손쪽이 길어요 제 키가 작아서 그럴 수 도 있지만... 덩치있고 키 작으시면 사이즈 판단을 잘 판단해야 할 듯 합니다,덩치가 많이 큰편인데 보통 옷이 105 ~ 110 이상 이옷은 굉장히 큰편이네요 특히 손쪽이 길어요 제 키가 작아서 그럴 수 도 있지만... 덩치있고 키 작으시면 사이즈 판단을 잘 판단해야 할 듯 합니다,한달후기 완전 잘입고있습니다 편하고 이뻐요. 근데 소매부분 올풀림이 좀 있었어요 ㅠ
https://www.musinsa.com/products/4323248,[오정규X알리스] 그라데이션 하찌 라운드 니트 [그레이시블루],"76,000원",10%,"68,400원",알리스,https://image.musinsa.com/mfile_s01/_brand/free_medium/alyss.png?20230117135312,상의,니트/스웨터,없음,없음,없음,https://image.msscdn.net/thumbnails/images/goods_img/20240813/4323248/4323248_17258474110909_big.jpg?w=1200,knit_0051,"2,128",3.8천 회 이상 (최근 1개월),없음,후기 133개,4.8,핏이 특이합니다 약간가오리 핏에 밑은 짧고 어깨는 오버핏이에요 밑이 짧지만 라지 시켯다면 소매가 길었을 것 같습니다 짧은게 특이한거지 이상한건 아니구요 이쁩니다 바지라인 잘 드러나서 더 이쁠지도,아주 좋아요 색깔도 이쁘고 길이도 적당하고 무조건 사세여,색깔 너무 이쁘고 길이도 적당하고 아주 좋아요 강추,한달후기 입으면 입을수록 마음에 너무 쏙 들어요 구매하기를 잘했어요,한달후기 이쁨 여자친구 한테 칭찬받음 옷 괜찮다고 개안네
https://www.musinsa.com/products/4742575,[2 PACK] 컴포터블 오버핏 반집업 카라넥 니트 (4color),"119,800원",44%,"66,900원",피아네르,https://image.musinsa.com/mfile_s01/_brand/free_medium/pianer.png?20220830140640,상의,니트/스웨터,https://image.msscdn.net/thumbnails/images/goods_img/20250124/4742575/4742575_17376825837033_big.jpg?w=1200,https://image.msscdn.net/thumbnails/images/prd_img/20250124/4742575/detail_4742575_17376826315868_big.jpg?w=1200,https://image.msscdn.net/thumbnails/images/prd_img/20250124/4742575/detail_4742575_17376826023412_big.jpg?w=1200,https://image.msscdn.net/thumbnails/images/prd_img/20250124/4742575/detail_4742575_17376826723211_big.jpg?w=1200,knit_0052,8,없음,없음,없음,없음,없음,없음,없음,없음,없음
https://www.musinsa.com/products/4648116,벨루어 스트라이프 PK니트 [블랙/그레이],"74,000원",10%,"66,600원",슬로우애시드,https://image.musinsa.com/mfile_s01/_brand/free_medium/slowacid.png?20240807120648,상의,니트/스웨터,https://image.msscdn.net/thumbnails/images/prd_img/20241203/4648116/detail_4648116_17343983654611_big.jpg?w=1200,https://image.msscdn.net/thumbnails/images/prd_img/20241203/4648116/detail_4648116_17343983662409_big.jpg?w=1200,없음,https://image.msscdn.net/thumbnails/images/goods_img/20241203/4648116/4648116_17343983410307_big.jpg?w=1200,knit_0053,204,2.9천 회 이상 (최근 1개월),없음,후기 3개,없음,디자인이랑 촉감이 너무 좋아요 잘입고 다니겠습니다,디자인이랑 촉감이 너무 좋아요 잘입고 다니겠습니다,처음 받은건 올이 많이 풀려서 교환했는데 옷이 이뻐서 반품할까하다 교환해서 이쁘게 잘 입습니다.,없음,없음
https://www.musinsa.com/products/4512871,COMFORT WOOL KNIT HOOD [GRAY],"118,000원",5%,"112,100원",유니온블루,https://image.musinsa.com/mfile_s01/_brand/free_medium/unionblue.png?20221006173333,상의,니트/스웨터,없음,없음,없음,https://image.msscdn.net/thumbnails/images/goods_img/20241014/4512871/4512871_17288881093323_big.jpg?w=1200,knit_0054,"1,183",7.8천 회 이상 (최근 1개월),없음,후기 275개,4.9,"까슬거림 1도 없고 손목, 밑단 시보리 짱짱해요 유블 워낙 퀄 좋은 브랜드로 유명하죠 기대한만큼 이뻐요 배송도 빨라서 좋았고 M사이즈는 완전 정핏이라 L사이즈 살걸 약간 후회 중..",가격대비 질 디자인 다 완벽한 니트 후드입니다 고급스럽고 소재감이 좋아서 코트 이너로 입었을때 아주 찰떡입니다 후드 끈이 살짝 거슬리긴 하는데 이건 뺄수 있으니 취향껏 조절하시면 될것같아요,부드럽고 팔길이 좋고 품 좋고 기장좋고 후드 각도 이쁘고,시보리가 힘이 있어요. 조금만 넓은 상태에서 힘이 있었으면 더 좋았을 듯 합니다.,니트후드는 처음인데 약간 작게나왔네요 ㅜㅜ 2xl 주문할걸그랬습니다
https://www.musinsa.com/products/4480365,Beethoven Knit Sweater Olive,"109,000원",40%,"65,400원",에스피오나지,https://image.msscdn.net/mfile_s01/_brand/free_medium/espionage.png?20200608153142,상의,니트/스웨터,https://image.msscdn.net/thumbnails/images/goods_img/20241002/4480365/4480365_17280182663777_big.jpg?w=1200,https://image.msscdn.net/thumbnails/images/prd_img/20241002/4480365/detail_4480365_17280182735942_big.jpg?w=1200,https://image.msscdn.net/thumbnails/images/prd_img/20241002/4480365/detail_4480365_17280182744641_big.jpg?w=1200,https://image.msscdn.net/thumbnails/images/prd_img/20241002/4480365/detail_4480365_17280182830981_big.jpg?w=1200,knit_0055,156,1.5천 회 이상 (최근 1개월),없음,후기 5개,없음,은근히 베토벤 프린트가 안 보임. 무슨 추상미술 같은 니트 프린팅 느낌. 하지만 가만 보면 베토벤! 따뜻하고 오히려 좋아.,한달후기 느꺄지는가 베토벶의 고뇌와 슬픔 그리고 포스가…,"제가 선생님인데, 아이들이 옷 멌있다고 어디서샀냐고 물어보더군요~~ 너무만족스럽네옹",그림이 너무 예쁘고 니트도 짱짱해서 좋았어요 약간의 까끌함은 있어요,베토벤의 강렬한 혼이 스며드는 느낌. 따뜻하고 짱짱하다. 리스펙!
https://www.musinsa.com/products/4343592,하찌 라운드 투웨이 집업 니트 - 4 COLOR,"62,000원",36%,"39,900원",수아레,https://image.musinsa.com/mfile_s01/_brand/free_medium/suare.png?20220824173325,상의,니트/스웨터,https://image.msscdn.net/thumbnails/images/prd_img/20240819/4343592/detail_4343592_17242299666732_big.jpg?w=1200,https://image.msscdn.net/thumbnails/images/prd_img/20240819/4343592/detail_4343592_17242299675116_big.jpg?w=1200,없음,https://image.msscdn.net/thumbnails/images/goods_img/20240819/4343592/4343592_17258604597748_big.jpg?w=1200,knit_0056,"5,040",2만 회 이상 (최근 1개월),1.7천 개 이상,후기 247개,4.8,남편사줬는데 품 넉넉하니 셔츠에 입으니 너무 이뻤어요 가격대비 퀄 좋네요! 가대안하고 삿는데 맘에 들어요 ! 두툼합니다 추천이요,디미트리 블랙 스웻 팬츠 매치 했는데 스트릿 느낌으로 편하고 좋슴다. 소재 두껍고 평슈 105-110 입는데 넉넉하게 맞는 핏은 아니고 딱 핏임. 무난하고 추천함니다.,니트 첨으로 사봤는데 집업으로 달려 있어서 아주 편합니다,생각보다 도톰하고 무겁습니다. 소매 기장이 긴게 좀 아쉬워요. M도 괜찮을 것 같습니다,두툼하고 부드럽습니다. 좋은 옷이네요. 색이 차분해서 코디하기 좋네요.
https://www.musinsa.com/products/4517188,[무료반품]라이프 페어 아일 스우시 스웨터 M - 뉴트럴 올리브 / FZ0126-276,없음,없음,"229,000원",나이키,https://image.msscdn.net/mfile_s01/_brand/free_medium/nike.png?20200608153142,상의,니트/스웨터,https://image.msscdn.net/thumbnails/images/goods_img/20241015/4517188/4517188_17304265710868_big.jpg?w=1200,https://image.msscdn.net/thumbnails/images/prd_img/20241015/4517188/detail_4517188_17304265791093_big.jpg?w=1200,https://image.msscdn.net/thumbnails/images/prd_img/20241015/4517188/detail_4517188_17304265801913_big.jpg?w=1200,https://image.msscdn.net/thumbnails/images/prd_img/20241015/4517188/detail_4517188_17304265811788_big.jpg?w=1200,knit_0057,450,6.5천 회 이상 (최근 1개월),없음,후기 19개,없음,나이키에서 꽤 비싼측에 속한 니트인데 전혀 후회없네요. 정100 입는데 이건 M사이즈가 정입니다. 사진은 L사이즈이구요. 한사이즈 다운이 정핏입니다. 퀄리티나 보온성 정말 좋고. 돈값하는 니트입니다. 교환 접수하자마다 담날 보내주시고 교환해주셔서 넘 편하게 잘 받았습니다. 나이키는 무신사에서 구매하세요!,두껍고 따뜻해요  XL가 105-110 정도 같아요,짱짱하고 클래식하니 좋네요 엄마가 이쁘디고함,너무 두껍지도 얇지도 않아서 간절기에 입기 딱 좋아요. 재질도 탄탄해서 몇 번 빨아도 변형 없이 잘 유지돼요.,퀄리티좋아요 실밥튀어나온거하나없이 마감깔끔함
https://www.musinsa.com/products/4694319,데미지드 브이넥 리브드 니트 원피스 [멜란지],"74,000원",20%,"59,200원",헬레네파리스,https://image.musinsa.com/mfile_s01/_brand/free_medium/heleneparis.png?20240503161520,상의,니트/스웨터,없음,없음,없음,https://image.msscdn.net/thumbnails/images/goods_img/20250102/4694319/4694319_17376973617349_big.jpg?w=1200,knit_0058,106,500회 이상 (최근 1개월),없음,후기 2개,없음,여러가지로 활용하기 좋은 원피스 기장의 니트입니다. 바지랑 매치해서 입는게 제일 예뻐요,몸매를 엄청 좋아보이게 만드는 핏이에요 바지에 매치해서 입어봤는데 찰떡입니다! 다른 컬러도 사려구요,없음,없음,없음
https://www.musinsa.com/products/4502094,모먼트 하트 니트 - 블랙,"84,000원",30%,"58,800원",엠오오,https://image.musinsa.com/mfile_s01/_brand/free_medium/moo.png?20240103112854,상의,니트/스웨터,없음,없음,없음,https://image.msscdn.net/thumbnails/images/goods_img/20241010/4502094/4502094_17285341949364_big.jpg?w=1200,knit_0059,448,2.6천 회 이상 (최근 1개월),없음,후기 14개,없음,색감 핏감 등 사진에사 느껴지는 것과 같습니다. 아주 맘에들어요,한달후기 이쁘고 코디하기도 넘 좋아요 보풀이 좀 생기지만 한해 잘 입을것 같아요,남동생도 탐낸.. 너무 힙하고 이쁜 니트.. 🥹 컬러가 너무 독특하고 이뻐요,한달후기 소재도 괜찮고 따뜻하고 좋아요 한겨울 강추합니당,완전 귀엽습니다!! 맨살에 입으면 재질이 좀 까끌따깝긴한데 어차피 안에 티셔츠 받쳐 입을거라 상관 없어요!
https://www.musinsa.com/products/3833439,캐시팝 트위드 크루넥 니트 (블랙),"110,000원",10%,"99,000원",쿠어,https://image.musinsa.com/mfile_s01/_brand/free_medium/coor.png?20210907122610,상의,니트/스웨터,없음,없음,없음,https://image.msscdn.net/thumbnails/images/goods_img/20240130/3833439/3833439_17067543392690_big.jpg?w=1200,knit_0060,"2,332",9.8천 회 이상 (최근 1개월),1.8천 개 이상,"후기 1,089개",4.9,"마냥 오버하기보단, 트렌디한 볼륨감과 몸판 조직 디테일을 가진 매력 있는 니트입니다.  넥 부분이나, 팔과 어깨가 이어지는 부분 등, 쿠어의 명성답게 깔끔합니다.","쿠어 울 니트만 사다가 다른 종류의 니트를 사봤는데, 생각보다 두꺼워서 좋아요 ㅎㅎ 그냥 딱 니트의 정석 느낌이에요. 핏도 예쁘게 빠지고 역시 쿠어입니다.",그냥 m하시면 핏좋게 입으실수 있으실겁니다 추천,반팔에 이 니트 입으면 딱 좋은거같아요 제가 복부비만인데도 사이즈 세미오버 나오구요 기장이 길진않아서 요즘 트렌드한 기장이라 이쁨,기본검정색ᆢ기본라운드ᆢ기본니트두께감ᆢ 데일리룩으로 모든옷에 코디가능합니다.
https://www.musinsa.com/products/4348449,오버핏 볼륨 워셔블 크루넥 케이블 니트_9COLOR,"33,500원",44%,"18,900원",리메인세컨드,https://image.msscdn.net/mfile_s01/_brand/free_medium/lemainsecond.png?1732688630600,상의,니트/스웨터,https://image.msscdn.net/thumbnails/images/goods_img/20240820/4348449/4348449_17388221494595_big.jpg?w=1200,https://image.msscdn.net/thumbnails/images/prd_img/20240820/4348449/detail_4348449_17242233801407_big.jpg?w=1200,https://image.msscdn.net/thumbnails/images/prd_img/20240820/4348449/detail_4348449_17242233744979_big.jpg?w=1200,https://image.msscdn.net/thumbnails/images/prd_img/20240820/4348449/detail_4348449_17242233782901_big.jpg?w=1200,knit_0061,"1,729",2.7천 회 이상 (최근 1개월),없음,후기 111개,4.9,배송은 2~3일 정도 걸렸구요 사이즈 딱 맞아요 2월인데 아직도 추워서 니트 입기에는 딱 인거 같아요 핏도 괜찮고 겉에 아우터만 입으면 좋을거 같습니다,배송은 2~3일 정도 걸렸구요 사이즈 딱 맞아요 2월인데 아직도 추워서 니트 입기에는 딱 인거 같아요 핏도 괜찮고 겉에 아우터만 입으면 좋을거 같습니다,체험단 우선 색깔 엄청 예쁜 주황입니다♡ 브릭 색깔 같기도하면서 오렌지 느낌인듯한 색상이요 에르메스 주황보다는 살짝 다크하다고 보면 됩니다 기본 블랙 화이트 그레이 색상은 다 있어서 기분전환으로 포인트 주고 싶을때 입으면 확실히 기분전환 되네요~^^ 딱 맞게 입으면 S 사이즈 입는데 일부러 크게 입으려고 M 사이즈로 했네요~ 청바지나 블랙데님에 포인트로 입기 딱 좋습니다!! 꽈배기 문양도 예쁘게 꼬임이 되어있어서 과하지 않고 적당합니다~ 퀄리티도 좋아서 오래오래 입을 수 있을것 같아서 만족스럽습니다~^^,"체험단 178 / 74 기준 m사이즈 착용시 세미 오버핏으로 착용하기 좋습니다. 한 사이즈 다운했어도 좋을 것 같네요  옷은 두께가 그리 두껍지는 않아서 겨울엔 안에 티를 받쳐입는게 좋을 것 같아요. 그래도 맨살에 입어도 까끌거리지 않고 부드럽습니다.  목 부분이나 허리쪽 부분 시보리가 짱짱하진 않습니다. 목 쪽은 잘 늘어날 수도 있을 것 같습니다.  색감은 차콜이지만 약간의 카키색도 있는 것 같아요. 무난한 차콜색상 니트로 베이지색 치노팬츠나, 셀비지 데님, 흑청데님과도 잘 매치되네요. 이번 봄까지도 잘 활용할 것 같습니다",한달후기 편하고 같이 산 바지랑도 잘 어울려서 자주 손이 가요
https://www.musinsa.com/products/4423743,클래식 머슬핏 니트 (Black),"89,000원",35%,"57,800원",에이치덱스,https://image.musinsa.com/mfile_s01/_brand/free_medium/hadex.png?20220929173733,스포츠/레저,상의,https://image.msscdn.net/thumbnails/images/goods_img/20240910/4423743/4423743_17270757472052_big.jpg?w=1200,없음,없음,https://image.msscdn.net/thumbnails/images/prd_img/20240910/4423743/detail_4423743_17270757480059_big.jpg?w=1200,knit_0062,125,850회 이상 (최근 1개월),없음,후기 20개,4.6,딱 맞아서 좋아요 신기하게 이 제품을 입으니까 몸이 엄청 커보이네요,세일할때샀어요 딱맞아요 재질도 좋아여 팔꿈치 늘어남은 있어요,한달후기 생각보다 따뜻하고 몸 실루엣이 잘 드러나서 좋아요,머슬핏 니트가 많이 없기도 하고해서 구매했습니다. 마음에 드네요.,에이치덱스 의류는 항상 만족하고있습니다. 머슬핏 니트가 많이 없어서 만족합니다. 다만 상체 길이가 좀 긴 느낌이 있네요..
https://www.musinsa.com/products/4371644,[남녀공용] 캐시미어 에센셜 라운드넥 가디건 그레이,없음,없음,"198,000원",제이리움,https://image.msscdn.net/mfile_s01/_brand/free_medium/jrium.png?20200608153142,상의,니트/스웨터,https://image.msscdn.net/thumbnails/images/goods_img/20240826/4371644/4371644_17247206877428_big.jpg?w=1200,https://image.msscdn.net/thumbnails/images/prd_img/20240826/4371644/detail_4371644_17247206950217_big.jpg?w=1200,없음,https://image.msscdn.net/thumbnails/images/prd_img/20240826/4371644/detail_4371644_17247207015975_big.jpg?w=1200,knit_0063,568,7.7천 회 이상 (최근 1개월),없음,후기 8개,없음,"📍리뷰 - 디자인, 핏, 원단 빠지는거 없는 제품으로 특히 터치감이 마치 보드라운 모달을 만지는 느낌이랄까요 - 캐주얼하게도 미니멀하게도 착용하기 너무 좋은 제품이네요! - 더 자세한 내용은 한달리뷰로 돌아오겠습니다!","📍리뷰 - 디자인, 핏, 원단 빠지는거 없는 제품으로 특히 터치감이 마치 보드라운 모달을 만지는 느낌이랄까요 - 캐주얼하게도 미니멀하게도 착용하기 너무 좋은 제품이네요! - 더 자세한 내용은 한달리뷰로 돌아오겠습니다!",일단 맨살에도 입을 수 있을정도로 부들부들해서 만족스럽고 제 스펙기준 조금 핏합니다 참고하세요.,마음에 듭니다. 사이즈도 적당하고 다른색상도 구매예정,이 옷은 소재가 다했네요. 겉으로 보기에도 좋아보이는데 입어보면 부드러움이 더욱 고급스럽게 느껴집니다.. 요즘 보기힘든 정핏느낌의 옷이라 자주 손이 갈거같아요..이너로 롱슬리브를 입으니 좀 둔해보여서 반팔입으니 괜찮네요. 저한테는 어깨가 좀 끼는 느낌인데 기장이랑 품은 잘 맞는거 같아서 그냥 입으려고 합니다..
https://www.musinsa.com/products/4371645,[남녀공용] 캐시미어 에센셜 라운드넥 가디건 오트밀,없음,없음,"198,000원",제이리움,https://image.msscdn.net/mfile_s01/_brand/free_medium/jrium.png?20200608153142,상의,니트/스웨터,https://image.msscdn.net/thumbnails/images/goods_img/20240826/4371645/4371645_17247205518056_big.jpg?w=1200,https://image.msscdn.net/thumbnails/images/prd_img/20240826/4371645/detail_4371645_17247205661099_big.jpg?w=1200,없음,https://image.msscdn.net/thumbnails/images/prd_img/20240826/4371645/detail_4371645_17247205756718_big.jpg?w=1200,knit_0064,27,150회 이상 (최근 1개월),없음,없음,없음,없음,없음,없음,없음,없음
https://www.musinsa.com/products/4387512,부클 칼라드 니트 [멜란지 그레이],"69,900원",20%,"55,690원",무신사 스탠다드,https://image.msscdn.net/mfile_s01/_brand/free_medium/musinsastandard.png?20200608153142,상의,니트/스웨터,https://image.msscdn.net/thumbnails/images/goods_img/20240830/4387512/4387512_17319983785134_big.jpg?w=1200,https://image.msscdn.net/thumbnails/images/prd_img/20240830/4387512/detail_4387512_17319983837792_big.jpg?w=1200,https://image.msscdn.net/thumbnails/images/prd_img/20240830/4387512/detail_4387512_17319983846125_big.jpg?w=1200,https://image.msscdn.net/thumbnails/images/prd_img/20240830/4387512/detail_4387512_17319983863693_big.jpg?w=1200,knit_0065,274,3.8천 회 이상 (최근 1개월),없음,후기 32개,4.7,감도 좋도 옷도 보들보들 하니 좋습니다 앱으로 봤을때는 관심이 안갔던 상품인데 오프라인 매장가서 보고 바로 겟 나중에 할인또 하면 다른색도 사보려 합니다,한달후기 색감이랑 재질 모두 만족합니다😊 데일리로 입기 좋아요!,한달후기 자주 입고 있어요 따뜻하고 가벼워요 고급스럼까지~,사이즈가 조금 크게 나오는 감이 있지만 좋습니다.,옷 특성상 먼지랑 정전기가 많습니다 그래도 이뻐서 감안됩니다
https://www.musinsa.com/products/4502336,[무료반품]남성 더블페이스 베이직 풀오버 [그레이],"279,000원",30%,"195,300원",라코스테,https://image.msscdn.net/mfile_s01/_brand/free_medium/lacoste.png?20200608153142,상의,니트/스웨터,https://image.msscdn.net/thumbnails/images/goods_img/20241010/4502336/4502336_17285361244955_big.jpg?w=1200,https://image.msscdn.net/thumbnails/images/prd_img/20241010/4502336/detail_4502336_17285361272029_big.jpg?w=1200,https://image.msscdn.net/thumbnails/images/prd_img/20241010/4502336/detail_4502336_17285361283280_big.jpg?w=1200,https://image.msscdn.net/thumbnails/images/prd_img/20241010/4502336/detail_4502336_17285361322982_big.jpg?w=1200,knit_0066,44,1.2천 회 이상 (최근 1개월),없음,후기 4개,없음,005 사이즈가 XL에 근접하게 착장 가능해요 원단 소재 재질감 모두 우수해요,배송도 빠르고 제품 품질도 좋습니다 감사합니다,배송도 빠르고 제품 품질도 좋습니다 감사합니다,105사이즈로 구매했어요. 도톰하고 많이 까칠하지 않아서 좋습니다.,없음
https://www.musinsa.com/products/4505998,L14 OFF-SHOULDER KNIT (BLUE),"110,000원",15%,"93,500원",라티젠,https://image.musinsa.com/mfile_s01/_brand/free_medium/lartigent.png?20211115153420,상의,니트/스웨터,https://image.msscdn.net/thumbnails/images/prd_img/20241010/4505998/detail_4505998_17291667787058_big.jpg?w=1200,https://image.msscdn.net/thumbnails/images/prd_img/20241010/4505998/detail_4505998_17291667795978_big.jpg?w=1200,없음,https://image.msscdn.net/thumbnails/images/goods_img/20241010/4505998/4505998_17291667647602_big.jpg?w=1200,knit_0067,"5,352",1.4만 회 이상 (최근 1개월),없음,후기 14개,4.6,일단 니트 색감은 사진보다 살짝 연해요. 제가 생각했던것보다 두께감도 얇고 마냥 보들보들 하지는 않아요. 제가 마른편이고 어좁이인데도 어깨 끝까지 내리는게 아슬아슬해요. 단추가 터질것만 가틈..ㅋㅋ 생각보다 작은거같아요 좀 불편해도 예쁘니까 입으려고 노력해볼게요..ㅎ,색감도 예쁘고 예상한대로 핏이 나왔어요 생각보다 따뜻해서 좋았고 가격값 하는것 같아서 다행이네요,어깨가 넓어서 버튼하나 풀러야 했지만 나름 여리여리해 보이고 데이트룩으로도 좋을듯,컬러도 예쁘고 착용감도 편해요. 통통한편인데 생각보다 붙지 않음,선물하려고 사서 보냈는데 예약배송 일자보다 빨리 가서 좋았어요
https://www.musinsa.com/products/4470450,[with 김무열]코튼 테라조 라운드 니트 - 3 COLOR,"89,000원",33%,"59,900원",수아레,https://image.musinsa.com/mfile_s01/_brand/free_medium/suare.png?20220824173325,상의,니트/스웨터,https://image.msscdn.net/thumbnails/images/prd_img/20240927/4470450/detail_4470450_17312852255880_big.jpg?w=1200,https://image.msscdn.net/thumbnails/images/prd_img/20240927/4470450/detail_4470450_17288685128677_big.jpg?w=1200,없음,https://image.msscdn.net/thumbnails/images/goods_img/20240927/4470450/4470450_17312852197566_big.jpg?w=1200,knit_0068,"2,578",8.5천 회 이상 (최근 1개월),없음,후기 78개,4.7,생각보다 두꺼워요 고급스러워 보이기도하고 블프에 가격도 괜찮게 구매 했는데 맘에들아요,옷이 이쁘네여. 친구에게도 추천하겠습니다. 좋아요,도톰하니 한겨울에 딱이에요. 색감도 따듯해 보이니 너무 좋아요,완전 도톰한 니트에요. 코트안에 입긴 좀 낄수 있으나 핏이랑 진짜 이뻐요,사이즈도 적당하고 퀄리티도 좋아요 추천입니다
https://www.musinsa.com/products/4483363,울 캐시미어 크루넥 스웨터 (T22E7KTO601WL1B60),"275,000원",30%,"192,500원",타미힐피거,https://image.msscdn.net/mfile_s01/_brand/free_medium/tommyhilfiger.png?20200608153142,상의,니트/스웨터,https://image.msscdn.net/thumbnails/images/goods_img/20241002/4483363/4483363_17286158403286_big.jpg?w=1200,없음,없음,https://image.msscdn.net/thumbnails/images/prd_img/20241002/4483363/detail_4483363_17286158433900_big.jpg?w=1200,knit_0069,63,350회 이상 (최근 1개월),없음,없음,없음,없음,없음,없음,없음,없음
https://www.musinsa.com/products/4316138,울 블랜디드 코만도 피셔맨 니트 집업 [IVORY]_SEKT027IVORY,"89,000원",39%,"54,200원",세컨모놀로그,https://image.musinsa.com/mfile_s01/_brand/free_medium/secondmonolgue.png?20230207122236,상의,니트/스웨터,https://image.msscdn.net/thumbnails/images/goods_img/20240809/4316138/4316138_17243678053965_big.jpg?w=1200,https://image.msscdn.net/thumbnails/images/prd_img/20240809/4316138/detail_4316138_17243678176027_big.jpg?w=1200,https://image.msscdn.net/thumbnails/images/prd_img/20240809/4316138/detail_4316138_17243678185710_big.jpg?w=1200,https://image.msscdn.net/thumbnails/images/prd_img/20240809/4316138/detail_4316138_17243678194741_big.jpg?w=1200,knit_0070,369,1.9천 회 이상 (최근 1개월),없음,후기 4개,3.3,받자마자 입어봤는데 팔쪽에 립스틱 같이 갈색으로 이염 되어있어 기분이 썩 좋진 않네요 교환이나 환불은 귀찮아서 그냥 빨아서 입으려고 합니다.,딱 맞게 입으면 예쁠 것 같아요. 전 좀 커서.. 원하던 핏은 아닙니다.,한달후기 아빠 생신선물로 산 건데 제가 입어도 편하고 이뻐용 사이즈 딱임👍🏻👍🏻,생각보다 엄청 두껍지 않습니다. 가볍게 걸치기 좋고 이너로 입기에 적합합니다.,없음
https://www.musinsa.com/products/4309816,코튼 브이넥 니트 멜란지 차콜,"64,000원",10%,"57,600원",애습,https://image.musinsa.com/mfile_s01/_brand/free_medium/asp.png?20220623172914,상의,니트/스웨터,https://image.msscdn.net/thumbnails/images/goods_img/20240808/4309816/4309816_17232750161213_big.jpg?w=1200,https://image.msscdn.net/thumbnails/images/prd_img/20240808/4309816/detail_4309816_17232750274989_big.jpg?w=1200,https://image.msscdn.net/thumbnails/images/prd_img/20240808/4309816/detail_4309816_17232750281799_big.jpg?w=1200,https://image.msscdn.net/thumbnails/images/prd_img/20240808/4309816/detail_4309816_17232750309441_big.jpg?w=1200,knit_0071,"1,505",7.2천 회 이상 (최근 1개월),없음,후기 212개,4.9,평소 105정사이즈 입는데 적당히 잘 맞네요 부담스럽지않은 브이넥이라 자주 입을듯합니다,셔츠랑 레이어드해서 입을만한 니트 찾고 있었는데 부드럽고 핏도 잘 빠지네요,1. 장점 - 밑단 시보리의 쪼임이 적당하여 넣입 연출도 가능함 - 보풀이 거의 없는 재질 - 맨살에도 가능한 부드러움 - 깊이감이 좋은 v넥  2. 단점 - 그나마 뽑자면 소매가 길다?  정말 좋은 가격대에 구매할 수 있는 v넥 제품입니다. 고민하시는 분들에게 추천드립니다!,1. 장점 - 밑단 시보리의 쪼임이 적당하여 넣입 연출도 가능함 - 보풀이 거의 없는 재질 - 맨살에도 가능한 부드러움 - 깊이감이 좋은 v넥  2. 단점 - 그나마 뽑자면 소매가 길다?  정말 좋은 가격대에 구매할 수 있는 v넥 제품입니다. 고민하시는 분들에게 추천드립니다!,체험단 애습 코튼 브이넥 니트 멜란지 차콜 라지 사이즈 착용해보았습니다.  핏은 자연스럽게 내려오는 드롭숄더에 팔기장은 여유있게 길고 총장은 짧은 스타일입니다. 목쪽 시보리는 잘 안늘어날거같게 탄탄하면서 봉제 디테일이 좋습니다. 넓이도 딱 적당해서 안에 흰티부터 셔츠까지 잘 어울릴 것 같습니다. 몸쪽 시보리는 여유있는편이여서 캐주얼하게 스타일링하기에 좋을것 같습니다.  색감은 짙게 차분해서 미니멀한 스타일에도 잘 붙을 것 같습니다.  가공된 코튼 백프로 원단이라서 그런지 촉감은 굉장히 부드러워서 울 니트보다 착용감이 좋았습니다. 예민하지 않으시면 맨살 착용도 가능할거 같습니다. 동시에 두께 덕분인지 중량감도 있어서 겨울철에 굉장히 따뜻하게 입을 수 있을것 같습니다.  전반적으로 무난하게 모든 스타일에 잘 맞는 브이넥 니트라고 생각합니다. 거기에 현재 가격을 생각하면 가격대비 만족감은 이만한 제품이 없을 것 같네요! 올 가을철 국밥템으로 추천합니다! 아직 날씨가 안풀려서 집에서 착용할수밖에없었는데 빨리 날이풀려서 많이 활용하고 싶네요!!
https://www.musinsa.com/products/4704578,Oblique line button knit GREY,"98,000원",10%,"88,200원",미세키서울,https://image.musinsa.com/mfile_s01/_brand/free_medium/misekiseoul.png?20230707140259,상의,니트/스웨터,https://image.msscdn.net/thumbnails/images/goods_img/20250108/4704578/4704578_17382954530489_big.jpg?w=1200,https://image.msscdn.net/thumbnails/images/prd_img/20250108/4704578/detail_4704578_17376997620445_big.jpg?w=1200,없음,https://image.msscdn.net/thumbnails/images/prd_img/20250108/4704578/detail_4704578_17373585174274_big.jpg?w=1200,knit_0072,"1,438",1.6만 회 이상 (최근 1개월),없음,후기 10개,4.1,미세키서울 신상 기대하고 있었는데 모델 착샷 보자마자 아 얜 사야겠다 싶어서 벼르고 있다 바로 구매했습니다..사진을 못찍는 저를 탓해야죠..옷은 죄가 없습니다ㅜ실물 기대이상이에요 저의 감동 포인트를 알려드리자면 사선 단추 포인트도 마음에 들고 끝에 언발한 것도 뽀인트..🥹아래의 작은 로고 킥입니다.단추에도 미세키서울 적혀있는거 보이십니까 흑 색도 예쁜 그레이고 포슬포슬해서 촉감도 합격입니다ㅠ 미세키서울 감성 가득 담긴 니트 넘흐 좋아요🫶,일단 배송이 엄청 빨리와서 구웃👍🏻 주말에나 입을 수 있을 줄 알았는데 바로 와서 너무 좋았어렿ㅎㅎ 그리고 니트류 입을 때 까끌거리는거 진짜 싫어하는데 이거는 부드럽고 몸에 착이여서 좋아여!! 막 부담스럽게 핏하지도 않고 말라보여서 예쁜거같아여☺️ 디자인도 흔하지 않고 포인트 되서 무난한 하의랑 입어도 예쁜거같아여! 빨리 날 따뜻해져서 이거 하나만 입고 다니고 싶네여 너무 맘에 들어여🫶🏻,일단 너무 예뻐요 화면이랑 똑같아서 만족합니당 어깨선이랑 버튼 디테일이 매력있고 고급져요!! 아래에 조그맣게 미세키 로고? 달려있는것도 포인트되면서 귀염뽀짝해요!! 재질도 탄탄하고 얇지않아서 지금부터 봄까지 잘 입을거같고 생각보다 부드러워서 따갑거나 까슬하지않고 좋아요!!,후기가 없어서 걱정했는데 사이즈도 잘 맞고 예뻐요! 딱 맞진 않고 살짝 널널하긴 한데 그래도 예쁘게 널널한 편이라 잘 입을거 같네요,엥 이거 이렇게 이쁜게 가능한가여? 선물포장에 감동먹고 느좋옷에 2차 감동 그냥 늘 예쁘게 입을게요💗 아니 아껴입을랭 오래입거시퍼ㅠ
https://www.musinsa.com/products/4450335,램스울 케이블 스웨터 (T12E7KPO200MT2BDS),"259,000원",30%,"181,300원",타미힐피거,https://image.msscdn.net/mfile_s01/_brand/free_medium/tommyhilfiger.png?20200608153142,상의,니트/스웨터,https://image.msscdn.net/thumbnails/images/goods_img/20240922/4450335/4450335_17274073358156_big.jpg?w=1200,없음,없음,https://image.msscdn.net/thumbnails/images/prd_img/20240922/4450335/detail_4450335_17274073388275_big.jpg?w=1200,knit_0073,68,900회 이상 (최근 1개월),없음,후기 1개,없음,없음,없음,없음,없음,없음
https://www.musinsa.com/products/4432486,[무료반품]남성 베이직 클래식핏 풀오버 [블랙],"259,000원",30%,"181,300원",라코스테,https://image.msscdn.net/mfile_s01/_brand/free_medium/lacoste.png?20200608153142,상의,니트/스웨터,https://image.msscdn.net/thumbnails/images/goods_img/20240911/4432486/4432486_17260402287263_big.jpg?w=1200,없음,없음,https://image.msscdn.net/thumbnails/images/prd_img/20240911/4432486/detail_4432486_17260402315827_big.jpg?w=1200,knit_0074,220,4.5천 회 이상 (최근 1개월),없음,후기 4개,4.8,운 좋게 좋은 제품을 괜찮은 가격에 구매하게 되서 만족입니다,좋은 기회에 좋은 제품을 구매해서 만족입니다! 굿,적당한 핏의 기본템입니다. 살짝 여유있게 잘 맞고 살짝 얇네요,정말 기본에 충실한 옷임 정말 베이직함 딱 기본 그대로임,없음
https://www.musinsa.com/products/4446362,새들 브이넥 니트 스웨터(그레이),"97,000원",10%,"87,300원",더웨더이즈어썸,https://image.musinsa.com/mfile_s01/_brand/free_medium/theweatherisawesome.png?20211201145911,상의,니트/스웨터,https://image.msscdn.net/thumbnails/images/goods_img/20240919/4446362/4446362_17269089994492_big.jpg?w=1200,https://image.msscdn.net/thumbnails/images/prd_img/20240919/4446362/detail_4446362_17269091743518_big.jpg?w=1200,없음,https://image.msscdn.net/thumbnails/images/prd_img/20240919/4446362/detail_4446362_17269091780092_big.jpg?w=1200,knit_0075,882,1.3만 회 이상 (최근 1개월),없음,후기 22개,4.9,사이즈도 마음에 들었고 무엇보다도 색감이 좋았습니다.,사진과 같이 너무 예쁘고 핏도 딱 떨어지니 너무 잘 입을 것 같습니다,니트 소재가 확실히 포근하고 좋아요 디자인도 세련되구 브이넥 디자인이 자칫 촌스러워 보이지 않을까 걱정햤는데 만족,고민하다 주문했는데 고민할필요가 없었네요 아주 좋아요,핏이랑 재질이 기대 이상으로 좋았습니다 감사합니다
https://www.musinsa.com/products/4388024,[패션플래닛X더니트컴퍼니] 워셔블 코튼 크루넥 니트 12color,"57,000원",30%,"39,900원",더니트컴퍼니,https://image.msscdn.net/mfile_s01/_brand/free_medium/theknitcompany.png?1730949238237,상의,니트/스웨터,없음,없음,없음,https://image.msscdn.net/thumbnails/images/goods_img/20240830/4388024/4388024_17258834972522_big.jpg?w=1200,knit_0076,"14,762",2만 회 이상 (최근 1개월),2만 개 이상,"후기 4,042개",4.9,검정티 상의 폴로랄프로렌 하의 뉴발런스 죠그 추리링 착용했어요 그위에 니트컴파니 니트 착용,"한달후기 이 니트를 사고 두 가지 교훈을 얻었다. 밝은 색 옷은 저렴한 걸 사지 말고, 유튜버의 추천은 신중히 걸러 들을 것.  크림색은 한 번 세탁 후, 눈에 띄는 더러운 보풀이 일어나 입을 수 없게 되었고, 더스티민트는 그나마 이너로 입을 만하지만, 옷 자체가 품이 너무 넓고 총장은 짧아 내 스타일이 아니다.  봉제선은 삐뚤삐뚤, 광고와 현실의 괴리가 선명하다. 가격에 걸맞은 품질이라지만, 기대와 실망 사이의 간극은 크다.  결국, 나의 올해의 못산템으로 등극. 새로운 원칙은 이 실패에서 비롯되었다","이 니트를 사고 두 가지 교훈을 얻었다. 밝은 색 옷은 저렴한 걸 사지 말고, 유튜버의 추천은 신중히 걸러 들을 것.  크림색은 한 번 세탁 후, 눈에 띄는 더러운 보풀이 일어나 입을 수 없게 되었고, 더스티민트는 그나마 이너로 입을 만하지만, 옷 자체가 품이 너무 넓고 총장은 짧아 내 스타일이 아니다.  봉제선은 삐뚤삐뚤, 광고와 현실의 괴리가 선명하다. 가격에 걸맞은 품질이라지만, 기대와 실망 사이의 간극은 크다.  결국, 나의 올해의 못산템으로 등극. 새로운 원칙은 이 실패에서 비롯되었다",적당한 무게감에 편하고 탄탄한 옷이예요! 매우매우 맘에 듭니다~,니트 재질과 퀄리티는 이가격으로 살수있는 제품이 아닌것 같은 정도로 정말 이번 할인때 너무 잘산것 같습니다! 할인이 없더라도 하나도 아깝지 않을정도인것 같습니다 핏도 너무 이뻐요! (사이즈는 정사이즈가 딱인것 같습니다)
https://www.musinsa.com/products/4505375,CDM Basic Logo Sweater - Black,"79,000원",50%,"39,500원",캑터스도넛마켓,https://image.musinsa.com/mfile_s01/_brand/free_medium/blackend.png?20240507151837,상의,니트/스웨터,https://image.msscdn.net/thumbnails/images/goods_img/20241010/4505375/4505375_17367388402439_big.jpg?w=1200,https://image.msscdn.net/thumbnails/images/prd_img/20241010/4505375/detail_4505375_17301034402542_big.jpg?w=1200,https://image.msscdn.net/thumbnails/images/prd_img/20241010/4505375/detail_4505375_17301034408893_big.jpg?w=1200,https://image.msscdn.net/thumbnails/images/prd_img/20241010/4505375/detail_4505375_17301034416967_big.jpg?w=1200,knit_0077,"12,271",5만 회 이상 (최근 1개월),2.9천 개 이상,후기 340개,4.8,오버핏이고 딴딴하고 디자인이 귀여워서 너무 마음에 드는 니트입니다 ♡,팔 길이가 조금 긴데 저는 오히려 좋았습니다. 키 170 넘으시고 모델분이 입으신 핏처럼 입고 싶으신 분은 L 사는 걸 추천드립니다:),옷이 까chill까chill하지 않아서 좋아요.근데 먼지가 잘붙네요,레터링도 귀엽고 어디든 코디하기 좋은거같애요!,한달후기 재질이 조금 꺼끌꺼끌한 재질이어서 간지러워요 엄청 박시해서 코디하기는 편한
https://www.musinsa.com/products/4564098,(우디) 케이블 라운드넥 스웨터_SPKWF12C52,없음,없음,"49,900원",스파오,https://image.msscdn.net/mfile_s01/_brand/free_medium/spao.png?20200608153142,상의,니트/스웨터,https://image.msscdn.net/thumbnails/images/goods_img/20241028/4564098/4564098_17338890126570_big.jpg?w=1200,https://image.msscdn.net/thumbnails/images/prd_img/20241028/4564098/detail_4564098_17338890674476_big.jpg?w=1200,https://image.msscdn.net/thumbnails/images/prd_img/20241028/4564098/detail_4564098_17338890650445_big.jpg?w=1200,https://image.msscdn.net/thumbnails/images/prd_img/20241028/4564098/detail_4564098_17338890524911_big.jpg?w=1200,knit_0078,68,900회 이상 (최근 1개월),없음,후기 5개,없음,"한달후기 남편한테 입히려고 주문했어요 ☺️ 안에 셔츠까지 입기엔 살짝 불편할 것 같아서 105사이즈로 샀어요 ㅎㅎ  코트에도 잘 어울리고, 패딩에도 잘 어울려서 코디하기 너무 좋더라고요! 특히 곰돌이 자수가 귀여운 포인트랍니다 🐻  짜임도 좋고, 소재도 보들보들해요 ㋡ 남편이 착용했을 때 무게감도 가벼워서 괜찮다고 하네요 😊","이너셔츠나 이너티 입고 착용하기 좋은 기본 라운드넥 스웨터 🐻  남편한테 입히려고 주문했어요 ☺️ 안에 셔츠까지 입기엔 살짝 불편할 것 같아서 105사이즈로 샀어요 ㅎㅎ  코트에도 잘 어울리고, 패딩에도 잘 어울려서 코디하기 너무 좋더라고요! 특히 곰돌이 자수가 귀여운 포인트랍니다 🐻  짜임도 좋고, 소재도 보들보들해요 ㋡ 남편이 착용했을 때 무게감도 가벼워서 괜찮다고 하네요 😊",쨍한 색상 선명도와 니트의 재질이 가성비 있게 잘 나왔습니당,쨍한 색상이 되게 매력적입니다 빨간색 니트를 찾고 있었는데 맘에 들어 바로 줍줍했습니다,청비지 트레이닝복..잘 어울립니다. 사이즈도 괜찮고 이뻐요.
https://www.musinsa.com/products/4443086,길리 컬러 블록 스웨터 atb1170m(KHAKI),없음,없음,"168,000원",앤더슨벨,https://image.musinsa.com/mfile_s01/_brand/free_medium/anderssonbell.png?20230308181150,상의,니트/스웨터,https://image.msscdn.net/thumbnails/images/goods_img/20240919/4443086/4443086_17267137902187_big.jpg?w=1200,https://image.msscdn.net/thumbnails/images/prd_img/20240919/4443086/detail_4443086_17267207426108_big.jpg?w=1200,https://image.msscdn.net/thumbnails/images/prd_img/20240919/4443086/detail_4443086_17267207435985_big.jpg?w=1200,https://image.msscdn.net/thumbnails/images/prd_img/20240919/4443086/detail_4443086_17267207469055_big.jpg?w=1200,knit_0079,140,600회 이상 (최근 1개월),없음,후기 4개,없음,엄청 크롭한 기장의 니트 입니다 ㅎ 팔기장과 품 사이즈는 잘맞습니다.,디자인의 디테일은 실제 제품을 봐야만 알수있습니다. 컬러가 다른 블록마다 재질이 다른 섬유를 사용해 차이를 명확히 구분합니다. 촉감도 부드럽습니다.,디자인과 핏 좋아요~^^ 단지 총장이 넘 크롭기장이라서~ ㅎ 소매기장도 딱 좋은데~ 키가 크다보니 크롭하게 입어야죠~,생각보다 튀지 않고 고급스럽습니다. 단점은 보풀이 좀 빠지네요 일반적으로 긴팔티는 라지 사이즈 입는데 이옷는 m사이즈가 딱 좋게 맞네요,없음
https://www.musinsa.com/products/4435029,디스코 브러쉬드 니트 - 블랙,"67,500원",30%,"47,250원",엠오오,https://image.musinsa.com/mfile_s01/_brand/free_medium/moo.png?20240103112854,상의,니트/스웨터,https://image.msscdn.net/thumbnails/images/goods_img/20240912/4435029/4435029_17306993432058_big.jpg?w=1200,https://image.msscdn.net/thumbnails/images/prd_img/20240912/4435029/detail_4435029_17306993498508_big.jpg?w=1200,https://image.msscdn.net/thumbnails/images/prd_img/20240912/4435029/detail_4435029_17306993506340_big.jpg?w=1200,https://image.msscdn.net/thumbnails/images/prd_img/20240912/4435029/detail_4435029_17306993521864_big.jpg?w=1200,knit_0080,"1,271",2.2천 회 이상 (최근 1개월),없음,후기 45개,4.8,부들부들 따뜻하고 스타일리쉬해 보여서 자주입게 될것같아요,고민하다 질렀는데 솔직히 제일 맘에듬요 개힙걸이 되~~!!!,너무 보들보들 너무 퐁실퐁실 단독으로 입어도 너무 이쁘고 겨울에 이너로 입어도 너무 이쁠거 같아요 !!,사이즈 고민이 컸는데 다행히 잘 맞게 샀습니다 예뻐요,"핏이 딱 좋고 따뜻해요,디자인도 예쁘고 모든 바지와 무난하게 어울리네요"
https://www.musinsa.com/products/4399029,멀티 케이블 슬릿 풀오버 [IVORY] / WBD3L05521,"59,000원",20%,"47,000원",제너럴아이디어,https://image.musinsa.com/mfile_s01/_brand/free_medium/generalideastandard.png?20240418113747,상의,니트/스웨터,https://image.msscdn.net/thumbnails/images/goods_img/20240903/4399029/4399029_17253589456022_big.jpg?w=1200,https://image.msscdn.net/thumbnails/images/prd_img/20240903/4399029/detail_4399029_17253482737016_big.jpg?w=1200,https://image.msscdn.net/thumbnails/images/prd_img/20240903/4399029/detail_4399029_17253482740219_big.jpg?w=1200,https://image.msscdn.net/thumbnails/images/prd_img/20240903/4399029/detail_4399029_17253589550587_big.jpg?w=1200,knit_0081,858,2.8천 회 이상 (최근 1개월),없음,후기 9개,없음,생각보다 목 부분이 많이 파여있어요. 몸에 밀착되면서 파이면 상관없는데 밀착되지 않으니까 몸을 숙일 때 가슴이 다 드러나요 ㅠㅠ 옷 자체는 예쁘고 마음에 드는데 입을 때 신경을 많이 써야할 것 같네요 ㅠㅠ,질도 좋고 넘 예쁘네요ㅜㅜ 다만 색상이 좀 노란 아이보리이긴 해요 ! 그래도 이뻐용,한달후기 어깨는 맞고 기장은 전체적으로 짧았어요 색상이렁 핏이 예뻐서 좋아요,부드러워서 촉감도 좋습니다 아이보리색이라 얼굴도 환해보입니다,탄탄한 재질이라 오래입을 수 있을 것같아요! 허리가 좀더 들어갔으면 예뻤겠지만.. 아닐 거 예상했어서 .. ㅎㅎ 단정한 느낌으로 입어질 것같아요
https://www.musinsa.com/products/4629710,[ADULT] 스노우베어 윈터 니트_소라,"52,000원",10%,"46,800원",코코모코,https://image.msscdn.net/mfile_s01/_brand/free_medium/cocomoco.png?1731379703763,상의,니트/스웨터,없음,없음,없음,https://image.msscdn.net/thumbnails/images/goods_img/20241121/4629710/4629710_17321700592067_big.jpg?w=1200,knit_0082,732,8.4천 회 이상 (최근 1개월),없음,후기 18개,4.9,"보풀도 안나고 포근하고 따뜻해요 무엇보다 컬러가 너무 예쁩니다 아들이라, 딸래미와 커플룩 입는 엄마들 부러웠는데 저도 성공했네요ㅎㅎ",한달후기 옷이 약간 오버핏이라서 건조기 돌렸더니 딱 맞네요 ㅎㅎ 두툼해서 패딩조끼 하나 입고 다녀도 괜찮아요,이너티를 안 입고 니트를 입어서 까스로운 재질이면 손이 잘 안 가는데 까스럽지도 않고 폭닥폭닥해서 너무 좋아요,상품도 좋고 배송도 빠르고 요즘 인기가 많습니다 자주 이용하겠습니다 😊💗*** 만족 *** 평소에 이 브랜드를 사용하는데 감동받았습니다 정말 마음에 들어서 다시 구매하겠습니다,색이 예뻐서 구매했어요. 따듯하고 화면이랑 똑같아요
https://www.musinsa.com/products/4478505,알파카 폴로 니트 (올리브),"169,000원",5%,"160,550원",시에클,https://image.musinsa.com/mfile_s01/_brand/free_medium/siecle.png?20240904133932,상의,니트/스웨터,https://image.msscdn.net/thumbnails/images/goods_img/20240930/4478505/4478505_17276908426765_big.jpg?w=1200,https://image.msscdn.net/thumbnails/images/prd_img/20240930/4478505/detail_4478505_17277061216900_big.jpg?w=1200,https://image.msscdn.net/thumbnails/images/prd_img/20240930/4478505/detail_4478505_17277061226147_big.jpg?w=1200,https://image.msscdn.net/thumbnails/images/prd_img/20240930/4478505/detail_4478505_17277061245271_big.jpg?w=1200,knit_0083,387,3.1천 회 이상 (최근 1개월),없음,후기 27개,4.9,"체험단 sns를 통해 알게된 브랜드인데, 감사하게도 체험단에 선정되어 직접 경험해볼 수 있었습니다.  우선, 저는 175 64스펙에 m사이즈를 신청했고 전체적인 핏감은 괜찮다고 느꼈습니다. 조금 레귤러하지 않을까라는 걱정이 있었는데, 다행히도 세미오버하게 잘 맞았습니다.  제품에 대해 좀 더 설명을 드리자면, 우선, 올리브 색감이 정말 매력적으로 잘 나왔고, 밑단 시보리는 텐션감 있게 잘 잡아줘서 마음에 들었습니다. 또한 알파카 소재가 혼방되어 요즘같이 추운 날씨에 따뜻하게 착용할 수 있을 것 같았습니다. 알파카 소재의 경우, 털빠짐이나 까슬거림을 걱정하실텐데 제 기준 크게 신경쓰이진 않았던 것 같습니다.  전체적으로 만족감이 높았던 제품인 만큼 다른 분들도 체험해보셨으면 좋겠습니다. 특히 올리브 색상의 옷에 관심있으셨던 분들 이 제품 색감이 정말 괜찮으니 도전해보셨으면 좋겠습니다.  후기글 읽어주셔서 감사합니다 :)","체험단 딱 받았을 때부터 기대 이상이었어요. 저는 172cm에 64kg 인데 M사이즈가 딱 맞았어요. 올리브색을 선택한 이유는 가을, 겨울 시즌에 무난하면서도 따뜻한 느낌을 줄 수 있을 것 같았기 때문입니다. 제품을 개봉하자마자 알파카 특유의 부드럽고 고급스러운 텍스처가 돋보였고, 색상도 생각보다 더욱 자연스럽고 따뜻한 톤이라 다양한 스타일에 쉽게 매치할 수 있을 것 같았어요. 캐주얼하게도 입을 수 있고, 깔끔한 미니멀룩에도 잘 어울려 활용도가 높습니다.  착용감 또한 매우 만족스러웠습니다. 소재가 좋아서 피부에 자극이 없고, 편안하게 착용할 수 있었어요. 전체적인 핏은 약간 루즈하면서도 군더더기 없이 떨어져 깔끔해 보였습니다. 평소 자주 입는 데님이나 슬랙스와도 자연스럽게 어울렸고, 고급스러운 캐주얼룩을 연출하기 좋아 더욱 만족스러웠어요. 생각보다 두꺼운 편인데도 가벼워 손이 자주 갈 것 같네요. 저처럼 자주 손이 가는 옷을 선호하시는 분들에게는 더욱 추천드립니다.  포장도 깔끔했고, 작은 디테일까지 신경 쓴 점에서 브랜드의 섬세함이 느껴졌어요. 다가오는 계절에 오래도록 입을 수 있는, 스타일리시하면서도 편안한 니트를 찾는다면 이 제품을 강력히 추천드립니다. 시에클이라는 브랜드를 이번 체험단을 통해 처음 알게되었는데 느낌이 너무 좋아서 마음에 드는 제품이 생기면 구매할 예정입니다. 추천!",체험단 일단 매우 따뜻합니다. 알파카 소재 특성상 헤어리한 느낌이 있고 맨살에 닿으면 아주 약간 까끌거리기 때문에 레이어드나 이너를 입고 입으시는걸 추천드립니다. 이너는 밝은 계열로 입으시는게 좋을것 같고 핏감은 굉장히 편합니다. 버튼은 옷색깔과 통일시켜줘서 일체감이 있고 한두개정도 잠그면 예쁜 모양이 나옵니다. 손목과 하단부의 시보리가 짱짱해서 전체적인 옷의 모양을 잘잡아줍니다. 카라가 널찍하게 반집업 느낌으로 빠졌는데 이 부분이 아주 마음에 듭니다. 캐주얼함과 포멀함의 경계에 있어서 어떻게 매칭하느냐에 따라 다양한 분위기를 연출 할 수 있습니다. 컬러감이 살짝 물빠진듯한 풀색이라 어디에나 잘묻습니다. 활용도가 아주 좋을것 같은 옷입니다,셔츠 안에 입고 이거 입으면 너무 예뻐요 부들부들 촉감도 좋아여,색감은 말할것도 없고요 핏 디자인 다 만족합니다 다만 쫌 꺼슬거려서 이너 필수
https://www.musinsa.com/products/4433335,플레인 라운드 헤비 니트 풀오버 11COLOR COOSKT067,"62,000원",20%,"49,600원",커스텀어클락,https://image.musinsa.com/mfile_s01/_brand/free_medium/costumeoclock.png?20230608173614,상의,니트/스웨터,https://image.msscdn.net/thumbnails/images/prd_img/20240911/4433335/detail_4433335_17267957345265_big.jpg?w=1200,https://image.msscdn.net/thumbnails/images/prd_img/20240911/4433335/detail_4433335_17267957299926_big.jpg?w=1200,없음,https://image.msscdn.net/thumbnails/images/goods_img/20240911/4433335/4433335_17315504877701_big.jpg?w=1200,knit_0084,"6,601",2만 회 이상 (최근 1개월),3.9천 개 이상,후기 505개,4.8,"체험단 올해 괜찮은 기본 니트 하나 장만하고 싶었는데 운 좋게도 커스텀어클락 풀오버를 받아보게 되었어요!  제가 선택한 제품은 ‘플레인 라운드 헤비 니트 풀오버 라이트 그레이’인데요. 이름처럼 군더더기 없이 심플한 디자인이라 이번 가을/겨울 코디에 손이 가장 많이 갈 것 같아요.  니트하면 까끌까끌한 질감 때문에 불편해서 막상 잘 안입게 되는 경우가 많은데, 이 니트는 까끌거림 1도 없이 부들부들해서 맨살에 입어도 괜찮더라고요. 그리고 벌써 몇번 입고 나갔었는데 보풀도 잘 일어나지 않았습니다.  컬러감도 딱 제가 원하던 예쁜 밝은 그레이라 얼굴톤이 화사해 보였어요. 화면에서 보이는 것보다 실물 컬러가 훨씬 고급스러워요!  남녀공용 제품이라 부해보일까봐 걱정했는데 전혀 그렇지 않고 적당한 오버핏이라 요즘 유행하는 드뮤어룩 코디하기에도 좋을 것 같아요🩶  이런 기본템 있으면 너무 예쁜 겨울 코디 완성이죠~ 베이직한데 한겨울까지 따듯하게 입을 수 있는 니트 찾으신다면 추천합니다",추위를 많이 타는편인데 두께감 있는 니트라서 너무 만족합니다!,색감이 이쁘고 두께도 적절해서 가을 느낌 내기 좋습니다,설 행사때 구매했으면 가성비 좋게 구매했겠지만 색감이 맘에 들어 구매한거라 나름 만족합니다~!,설 행사때 구매했으면 가성비 좋게 구매했겠지만 색감이 맘에 들어 구매한거라 나름 만족합니다:)
https://www.musinsa.com/products/4600514,Horizon Sweater_Brown,없음,없음,"159,000원",아코크,https://image.msscdn.net/mfile_s01/_brand/free_medium/acoc.png?20200608153142,상의,니트/스웨터,없음,없음,없음,https://image.msscdn.net/thumbnails/images/goods_img/20241108/4600514/4600514_17310515319425_big.jpg?w=1200,knit_0085,280,750회 이상 (최근 1개월),없음,후기 1개,없음,니트 세탁하기 귀찮아서 눈여겨 보다가 구매 실물 컬러 너무 예쁨 컬러고르느라고 고민을 또했는데 받고 나니 너무 예쁨 컬러 고유마다 너무예뿜,없음,없음,없음,없음
https://www.musinsa.com/products/4556691,스프레이 리브드 라운드 니트[블루],"59,000원",24%,"45,000원",스켈리웩,https://image.msscdn.net/mfile_s01/_brand/free_medium/scallywag.png?1730455098498,상의,니트/스웨터,https://image.msscdn.net/thumbnails/images/goods_img/20241024/4556691/4556691_17350173577291_big.jpg?w=1200,https://image.msscdn.net/thumbnails/images/prd_img/20241024/4556691/detail_4556691_17321850386557_big.jpg?w=1200,https://image.msscdn.net/thumbnails/images/prd_img/20241024/4556691/detail_4556691_17321850397251_big.jpg?w=1200,https://image.msscdn.net/thumbnails/images/prd_img/20241024/4556691/detail_4556691_17321850640996_big.jpg?w=1200,knit_0086,750,5.2천 회 이상 (최근 1개월),없음,후기 19개,4.8,한달후기 이리보고 요리봐도 맘에듦 한달이 지나도 맘에들고 몇년이 지나도 맘에들 예정 소재도 튼튼 프린팅도 스트릿해 레이어링해 입기도 이쁘고 어느하나 맘에 안드는데 없음 그러나 딱하나 아쉬워서 별1뺀 이유는 소매 엄지끼는 부분이 정말 이쁘지만 개인적으로는 쓸일이 없어서 오히려 어디 뾰족한데 걸려서 옷망칠까바 염려되는정도,소재가 너무 맘에 들어요 통통하니 탄탄함 ㅋㅋ 디자인도 글씨프린팅이며 블랙 배색포인트 배합이 너무 스트릿해서 니트 지루해서 별로 안좋아하는데 너무 이뻐요 크게 무겁지도 않고 파란색 좋아하고 심심한 블랙팬츠에 입어도 이쁘기까지 완전 럭키비키자네,소재가 너무 맘에 들어요 통통하니 탄탄함 ㅋㅋ 까슬거릴줄 알앗는데 피부가 편하다고 하네요 디자인도 글씨프린팅이며 블랙 배색포인트 배합이 너무 스트릿해서 니트 지루해서 별로 안좋아하는데 너무 이뻐요 크게 무겁지도 않고 파란색 좋아하고 심심한 블랙팬츠에 입어도 이쁘기까지 완전 럭키비키자네,니트류는 저렴하면 퀄리티가 낮을거라는 고정관념을 깨줬어요. 니트에는 적어도 10만원 이상 투자해야한다고 생각해왔는데 이 제품은 이 가격으로 옷 팔면 남나?? 싶더라구요. 가격도 착한데 퀄리티가 탄탄하고 핏도 좋아요. 안 살 이유가 없었죠. 일단 단색이 아니라 그라데이션 들어가서 정말 유니크하더라구요.,소매 부분에 구멍 뚫려 있어서 유니크 합니다. 사이즈도 살짝 오버하게 나와서 예뻐요
https://www.musinsa.com/products/4332834,노모어 라운드 니트[네이비],"59,000원",19%,"48,000원",스켈리웩,https://image.msscdn.net/mfile_s01/_brand/free_medium/scallywag.png?1730455098498,상의,니트/스웨터,https://image.msscdn.net/thumbnails/images/prd_img/20240814/4332834/detail_4332834_17254133335282_big.jpg?w=1200,https://image.msscdn.net/thumbnails/images/prd_img/20240814/4332834/detail_4332834_17254133347323_big.jpg?w=1200,없음,https://image.msscdn.net/thumbnails/images/goods_img/20240814/4332834/4332834_17345917774655_big.jpg?w=1200,knit_0087,"6,170",1.2만 회 이상 (최근 1개월),없음,후기 114개,4.8,너뮤 좋아유 입었울때 덥지도 춥지도 않고 포근해서 잠와요,마음에 들어요. 외출할 때마다 자주 입고 있습니다.,이제품은 정말외소한 여자분아니면 L사이즈로 가셔야 모델분처럼 핏나올것같습니다 운동하는남자기준 옷이 크긴하나 체형상 부해보이긴하네요 그런데 가격대비 디자인 예쁘고 따수울거같아요! 시보리도 짱짱하고 보세보다 싼가격에 센스있는디자인 니트 겟한것같습니다 아래에 와이드한데님이나 스웻팬츠 카펜더팬츠 등등 잘 어울릴거같아요,원단이 탄탄하고 두께감도 있습니다 너무 예쁘고 귀엽네요,체험단 일단 어깨가 60cm정도 되어야 좀 편하고 널널하다는 느낌을 받는 편이라서 니트인데 불편하지 않을까 생각했지만 실루엣이 오버해서 좋았어요. 그리고 소재가 까끌거리지 않고 부드러워서 맨살에도 당연히 입을 수 있어요 색은 뭐 말할 것도 없이 어디에나 잘 받는 네이비 색이라 코디 하는데 범용성이 좋아요 그리고 프린팅이 너무 심심한 것도 아니고 적당히 귀여운 프린팅이라 맘에들어요 170에 77kg 의 체형에는 세미 오버 정도의 핏인 것 같아요 옷의 밑 끝단을 접어도 괜찮고 접지 않아도 보기에 괜찮아요
https://www.musinsa.com/products/4368646,우먼즈 리브드 니트 후디드 집업 [크림 베이지],"79,900원",40%,"47,590원",무신사 스탠다드 우먼,https://image.msscdn.net/mfile_s01/_brand/free_medium/musinsastandardwoman.png?1733278192535,상의,니트/스웨터,https://image.msscdn.net/thumbnails/images/goods_img/20240826/4368646/4368646_17290538125443_big.jpg?w=1200,https://image.msscdn.net/thumbnails/images/prd_img/20240826/4368646/detail_4368646_17290538196560_big.jpg?w=1200,https://image.msscdn.net/thumbnails/images/prd_img/20240826/4368646/detail_4368646_17290538209820_big.jpg?w=1200,https://image.msscdn.net/thumbnails/images/prd_img/20240826/4368646/detail_4368646_17290538234139_big.jpg?w=1200,knit_0088,217,1.7천 회 이상 (최근 1개월),없음,후기 17개,4.8,예뻐요!! 넉넉하고 스타일 좋아요~~^^ 아이보리 샀는데 색감도 원단도 좋고 엄마도 사달래요,딱.괜찮은 정도 엄청 이쁘진않아요. 재질이 고급스럽진않아요,한달후기 두툼하고 꾸안꾸 느낌이라 좋습니다 ~ 편하게 입고잇어요,"무신사 스탠다드에서 입어보고 맘에 들어서 인터넷으로 구매합니다! 처음에 딱입고 넘 귀여워서 그냥 그자리에서 바로 살 뻔 했어요;; 색 톤이 진차 이쁩니다. 저는 적당히 아방하게 입으려고 m 샀구요, 크게 입으시려면 한 치수 크게, 크롭처럼 입으시려면 한 치수 작게 시키심 될 것 같습니당",오프라인에서 보고 산건데 사진보다 실물이 훨씬 귀여워요! 요즘 니트 후드에 빠졌는데 그 중에 최대입니당
https://www.musinsa.com/products/4627425,하이넥 하프 집업 트랙 라인 배색 카라 하찌 니트 [브라운],"57,000원",25%,"42,750원",노드유,https://image.musinsa.com/mfile_s01/_brand/free_medium/nodu.png?20240329122454,상의,니트/스웨터,https://image.msscdn.net/thumbnails/images/goods_img/20241120/4627425/4627425_17321455913647_big.jpg?w=1200,https://image.msscdn.net/thumbnails/images/prd_img/20241120/4627425/detail_4627425_17321456064746_big.jpg?w=1200,https://image.msscdn.net/thumbnails/images/prd_img/20241120/4627425/detail_4627425_17321456070391_big.jpg?w=1200,https://image.msscdn.net/thumbnails/images/prd_img/20241120/4627425/detail_4627425_17321456081971_big.jpg?w=1200,knit_0089,143,1.6천 회 이상 (최근 1개월),없음,후기 3개,4.3,색감도 이쁘고 핏도 나쁘지 않네요 자주 입을 거 같아요,사진보다 밝은 톤에 색이 더 맘에 들어요 가지고 있는 바지에 모두 잘 어울려요,색깔은 이쁜데 옷 에 쿰쿰한 냄새가 나서 바로 드라이클리밍 맡겼어요,없음,없음
https://www.musinsa.com/products/4312378,UNI LOGO SWEATER coral,없음,없음,"149,000원",마리떼,https://image.musinsa.com/mfile_s01/_brand/free_medium/marithefrancoisgirbaud.png?20210127142317,상의,니트/스웨터,https://image.msscdn.net/thumbnails/images/goods_img/20240808/4312378/4312378_17255179536035_big.jpg?w=1200,https://image.msscdn.net/thumbnails/images/prd_img/20240808/4312378/detail_4312378_17255179797231_big.jpg?w=1200,없음,https://image.msscdn.net/thumbnails/images/prd_img/20240808/4312378/detail_4312378_17255179827103_big.jpg?w=1200,knit_0090,225,1천 회 이상 (최근 1개월),없음,후기 4개,없음,한달후기 생각했던 색보다는 살짝 약한데 크리스마스 시즌에 예쁘게 잘 입었어요,귀엽고 이쁜 색상의 코랄 스웨터 입니다. 청바지랑 잘 어울려요.,한달후기 색감 가을에 딱입니다 너무 이쁘고 두께감도 지금 적절해요 !,생각했더대로 사이즈 두께감 색상 모두 완벽하네요 ㅎㅎ,없음
https://www.musinsa.com/products/4318420,RUGBY SWEATER BLUE/NAVY,"159,000원",10%,"143,100원",포커페이스,https://image.musinsa.com/mfile_s01/_brand/free_medium/pokerface.png?20230831151604,상의,니트/스웨터,https://image.msscdn.net/thumbnails/images/prd_img/20240812/4318420/detail_4318420_17234267525419_big.jpg?w=1200,https://image.msscdn.net/thumbnails/images/prd_img/20240812/4318420/detail_4318420_17234267615214_big.jpg?w=1200,없음,https://image.msscdn.net/thumbnails/images/goods_img/20240812/4318420/4318420_17234267390243_big.jpg?w=1200,knit_0091,"1,179",2.1천 회 이상 (최근 1개월),없음,후기 35개,4.7,니트가 포슬포슬하니 귀여워요 옷도 가볍고 색도 귀여웡,색감이나 핏감 모두 예뻐요 두꺼운 니트고 럭비티 디자인이 귀엽습니다 박스에 담겨져와 배송도 준수합니다 원단 특성상 냄새랑 따가움이 심합니다 섬유탈취제 많이 뿌리고 2일 바람 잘 통하는 야외에 걸어놨는데 냄새가 많이 나네요.. 어쩔수없는것같습니다,핏 사이즈 너무 다 마음에 들고 가성비도 너무 좋아요 다들 구매해보세요!!,한달후기 핏 사이즈 너무 다 마음에 들고 가성비도 너무 좋아요 추천합니다!!,한달후기 소재도 두툼하고 색감 패턴이 이쁘네요!! 럭비스타일이라 체형보완도 될것 같아요!
https://www.musinsa.com/products/4734690,[COLLECTION LINE] 뉴 와일드 지브라 풀오버 니트 아이보리,"158,000원",10%,"142,200원",비욘드클로젯,https://image.musinsa.com/mfile_s01/_brand/free_medium/beyondcloset.png?20220225125715,상의,니트/스웨터,https://image.msscdn.net/thumbnails/images/goods_img/20250121/4734690/4734690_17385776450859_big.jpg?w=1200,https://image.msscdn.net/thumbnails/images/prd_img/20250121/4734690/detail_4734690_17385776526868_big.jpg?w=1200,https://image.msscdn.net/thumbnails/images/prd_img/20250121/4734690/detail_4734690_17385776538711_big.jpg?w=1200,https://image.msscdn.net/thumbnails/images/prd_img/20250121/4734690/detail_4734690_17385776598879_big.jpg?w=1200,knit_0092,14,없음,없음,없음,없음,없음,없음,없음,없음,없음
https://www.musinsa.com/products/4485636,70s 트레포일 스웨터 - 원더화이트 / JN8318,"189,000원",25%,"140,990원",아디다스,https://image.musinsa.com/mfile_s01/_brand/free_medium/adidas.png?20240220140057,상의,니트/스웨터,https://image.msscdn.net/thumbnails/images/goods_img/20241004/4485636/4485636_17285406132580_big.jpg?w=1200,https://image.msscdn.net/thumbnails/images/prd_img/20241004/4485636/detail_4485636_17285406197515_big.jpg?w=1200,https://image.msscdn.net/thumbnails/images/prd_img/20241004/4485636/detail_4485636_17285406206936_big.jpg?w=1200,https://image.msscdn.net/thumbnails/images/prd_img/20241004/4485636/detail_4485636_17285406235579_big.jpg?w=1200,knit_0093,152,800회 이상 (최근 1개월),없음,후기 15개,4.9,스타일이 힙하고 좋어요 소재는 면이라 따갑지 않아요 상당히 루즈핏이네요. 가오리핏이라서 코트나 패딩 입으면 겨드랑이가 좀 불편하지만 예뻐서 품습니다,한달후기 깔끔하고 니트 재질도 좋고 입었을때 너무 이뻐요ㅋㅋ,한달후기 너무좋아요 색감이 웜톤에딱입니다 웜톤분들 꼭사세요,사이즈 딱 넉낙하고 은은하지만 대빵만한 로고도이쁘구 재생소재는 안 까끌거려서 너무 좋아요  품절전에사세요 ㅋㄷ,세트로 구매하길 잘했어요 너무 예뻐요 xs하길 잘했어요 사이즈 딱이에요
https://www.musinsa.com/products/4581355,[DE LUXE] 데일리 재니스 브이넥 니트 DLX1512 (4 COLOR),"59,900원",33%,"39,900원",앨빈클로,https://image.musinsa.com/mfile_s01/_brand/free_medium/alvinclo.png?20220318155226,상의,니트/스웨터,https://image.msscdn.net/thumbnails/images/goods_img/20241101/4581355/4581355_17337277566056_big.jpg?w=1200,https://image.msscdn.net/thumbnails/images/prd_img/20241101/4581355/detail_4581355_17304353832299_big.jpg?w=1200,https://image.msscdn.net/thumbnails/images/prd_img/20241101/4581355/detail_4581355_17304353840096_big.jpg?w=1200,https://image.msscdn.net/thumbnails/images/prd_img/20241101/4581355/detail_4581355_17304353865776_big.jpg?w=1200,knit_0094,208,2.4천 회 이상 (최근 1개월),없음,후기 4개,없음,너무 부드럽고 잘맞는 사이즈에요 재구매 의사잇어요,사이즈도 딱 맞고 보시는거와 같이 너무 이뻐요!! 다른 분들도 추천,한달후기 낙낙하게 입기 좋았습니다 다른 색상도 구매하고싶네요,저렴한 가격에 무난하게 입을 니트네요ㅎㅎ 안에 흰티를 겹쳐있으면 더 이뻐요,없음
https://www.musinsa.com/products/4671557,VLAD 로고 자수 니트 후드 티셔츠_멜란지,"49,900원",20%,"39,900원",디미트리블랙,https://image.musinsa.com/mfile_s01/_brand/free_medium/dimitriblack.png?20210325153706,상의,니트/스웨터,https://image.msscdn.net/thumbnails/images/goods_img/20241218/4671557/4671557_17356200847953_big.jpg?w=1200,https://image.msscdn.net/thumbnails/images/prd_img/20241218/4671557/detail_4671557_17356200926458_big.jpg?w=1200,https://image.msscdn.net/thumbnails/images/prd_img/20241218/4671557/detail_4671557_17356202103507_big.jpg?w=1200,https://image.msscdn.net/thumbnails/images/prd_img/20241218/4671557/detail_4671557_17352616531794_big.jpg?w=1200,knit_0095,57,없음,없음,없음,없음,없음,없음,없음,없음,없음
https://www.musinsa.com/products/4421526,에센셜 크롭 헤어리 라운드 니트_오트밀,"52,500원",24%,"39,900원",디미트리블랙,https://image.musinsa.com/mfile_s01/_brand/free_medium/dimitriblack.png?20210325153706,상의,니트/스웨터,https://image.msscdn.net/thumbnails/images/goods_img/20240909/4421526/4421526_17268221939089_big.jpg?w=1200,https://image.msscdn.net/thumbnails/images/prd_img/20240909/4421526/detail_4421526_17268222161660_big.jpg?w=1200,https://image.msscdn.net/thumbnails/images/prd_img/20240909/4421526/detail_4421526_17268222169358_big.jpg?w=1200,https://image.msscdn.net/thumbnails/images/prd_img/20240909/4421526/detail_4421526_17268222337630_big.jpg?w=1200,knit_0096,"1,128",100회 이상 (최근 1개월),없음,후기 47개,4.8,개이쁨 ㄹㅇ로 크롭니트중 원탑 진짜 후회안함 너무이뻐,연핑크색 사고 너무 마음에 들어서 흰색도 샀어요 조만간 초록색도 사지 않을지… ㅎㅎ 보드랍고 따뜻한데 3만원이라니 ㅠ 최곱니닷,여동생 사줬는데 정말 좋아하네요 포인트 상의로 참 좋내요,한달후기 부들부들 촉감 엄청 부드럽고 전정기 일어나는 재질도 아니예요,"질도 좋고, 따듯해서 가볍게 매칭해서 입기 좋았어요!"
https://www.musinsa.com/products/4313869,[장원영 Pick]CUT OUT RIBBON BOARDER KNIT BLACK,"75,000원",10%,"67,500원",로라로라,https://image.musinsa.com/mfile_s01/_brand/free_medium/rolarola.png?20220210144021,상의,니트/스웨터,https://image.msscdn.net/thumbnails/images/goods_img/20240809/4313869/4313869_17242951846600_big.jpg?w=1200,없음,없음,https://image.msscdn.net/thumbnails/images/prd_img/20240809/4313869/detail_4313869_17242951996407_big.jpg?w=1200,knit_0097,"11,271",4만 회 이상 (최근 1개월),없음,후기 139개,4.9,#데이트룩 팔뚝 얇아보이고 도톰해서 요즘 날씨에 입기 딱이에요,구매한지 두달정도 되었는데 잘 입고있어요 보플도 안생기는 것 같고 좋습니더 팔 기장감도 넉넉하고 입으면 말라보이는 옷인 것 같아요 ✦ ✧ ⋆⁺₊⋆ 무엇보다 보들보들 소재가 너무 좋음 사길 잘 한 옷ㅠ,한달후기 니트재질 너무 부드럽고 좋아요 잘입고 다니고 있습니다,킼 !,생각보다 목부분이 많이 파이지 않은 것 같아서 좋아요. 일반 브래지어 착용했을 때 티도 안나서 좋았어요. 핏이 너무 이쁘고 생각보다 많이 달라붙지 않아요.
https://www.musinsa.com/products/4328688,헤어리 그래픽 로고 오버핏 자카드 니트 (BLACK),"52,000원",23%,"39,800원",트릴리온,https://image.musinsa.com/mfile_s01/_brand/free_medium/trillion.png?20210702123042,상의,니트/스웨터,https://image.msscdn.net/thumbnails/images/goods_img/20240814/4328688/4328688_17249553996228_big.jpg?w=1200,https://image.msscdn.net/thumbnails/images/prd_img/20240814/4328688/detail_4328688_17249554091738_big.jpg?w=1200,https://image.msscdn.net/thumbnails/images/prd_img/20240814/4328688/detail_4328688_17249554105534_big.jpg?w=1200,https://image.msscdn.net/thumbnails/images/prd_img/20240814/4328688/detail_4328688_17249554166145_big.jpg?w=1200,knit_0098,"9,068",3만 회 이상 (최근 1개월),3.4천 개 이상,후기 342개,4.7,라지 사이즈 생각보다 훨씬 루즈핏이예요! 배송 기다리다 죽기 직전 이었는데 이뻐서 용서함,배송도 빠르고 컬러감도 좋고 디자인 이뻐요 착용감이 좋아요,남자용이라서 너무 크거나 핏이 이상할까봐 걱정했는데 m으로 사니까 오버핏으로 괜찮아용 그리고 재질 완존 보들보들보들보들 털털털털입니더 참고하세요 저는 탄탄한 니트 재질인줄 알고 사서ㅋ 힙찔이 될 수 있어요 근데 여성분들은 160중후반 아래시면 추천XX 제가 167-168인데 꽤 오버핏이에요,아직 중학생인 아들이 처음으로 고른 니트입니다. 덩치가 작아 옷이좀 크지만 아이는 좋아하네요. 니트다보니 좀 무게감도 있긴 합니다,옷 엄청 예뻐요 넘 맘에듭니다 옷 자체도 탄탄하고 묵직해요 자주자주 입고 있어요
https://www.musinsa.com/products/4314531,PONY STRIPE KNIT / BLACK,없음,없음,"67,000원",애즈온,https://image.musinsa.com/mfile_s01/_brand/free_medium/ason.png?20240513134427,상의,니트/스웨터,https://image.msscdn.net/thumbnails/images/goods_img/20240809/4314531/4314531_17231810534839_big.jpg?w=1200,https://image.msscdn.net/thumbnails/images/prd_img/20240809/4314531/detail_4314531_17231812168553_big.jpg?w=1200,https://image.msscdn.net/thumbnails/images/prd_img/20240809/4314531/detail_4314531_17231812174456_big.jpg?w=1200,https://image.msscdn.net/thumbnails/images/prd_img/20240809/4314531/detail_4314531_17231812193121_big.jpg?w=1200,knit_0099,"49,318",2만 회 이상 (최근 1개월),1.7천 개 이상,후기 252개,4.5,"오..음.. 재질 쌉 구려용.. 근데 핏은 또 예쁘고 근데 얇고 초겨울만 가능하고 한겨울은 노농.,. ㅠ.ㅠ","음,, 옷은 예쁜데 뭔가 생각이랑은 좀 달라요 일단 마감이 진짜 엉망진창,, 알파카 울이라고 기재되어 있는 걸 보고 샀는데 정말 가격이 의심스러울 정도로 얇고 마감이 제대로 안 된,, 부직포로 만든 인형옷 같은 느낌이에요 특히 밑단이랑 안쪽 덧대진 부분은 풀리기 일보직전,, 핏은 예뻐요,, 글고 거칠거칠합니다 ㅜㅜ 아 무신사에서 산 것 중 가장 별루임 ㅜㅜ 옷은 그래도 이쁜데 가격대비 정말 ㅎㅎ,,ㅠ",넓은 브이넥이라 한쪽 오프숄더로 입어도 예쁘고 그냥 입어도 여리여리하고 예뻐요 핏이 마음에 들어오 처음엔 많이 까끌하다고 느꼈는데 아니여요 입다보니까 괜찮더라구여 그리고 하의는 웬만한 거 다 잘 어울리는데 흑청이 젤 색감 잘 맞구 예쁜거 같아용,일자바지나 청바지에 잘어울리거 같아요,"생각보다 작고, 얇고, 가벼웠어요 아직 더워도 미리 사는 거 추천 단독으로 입으려면 초가을 오자마자 바로 입어주야 합니다 가을 다 오고 나서 사면 아쉬울듯 그리고 내가 마른 편이다 -> 필수템 내가 바로 여리여리 가을여자 쌥가능"
https://www.musinsa.com/products/4303985,워셔블 케이블 라운드 풀오버 [블랙],"59,000원",33%,"39,530원",르뎁트,https://image.musinsa.com/mfile_s01/_brand/free_medium/ledept.png?20240318155835,상의,니트/스웨터,https://image.msscdn.net/thumbnails/images/prd_img/20240807/4303985/detail_4303985_17274020253898_big.jpg?w=1200,https://image.msscdn.net/thumbnails/images/prd_img/20240807/4303985/detail_4303985_17235967870450_big.jpg?w=1200,없음,https://image.msscdn.net/thumbnails/images/goods_img/20240807/4303985/4303985_17274020192960_big.jpg?w=1200,knit_0100,179,450회 이상 (최근 1개월),없음,후기 11개,4.6,한달후기 예쁜데 사이즈가 크네요ㅠ 어차피 키 클거니까 환불은 안했지만 조금 작게 사는걸 추천해요,한달후기 포근하고 조아용! 근데 폴로처럼 얇고 그런 재질 생각하시면 아쉬울수도..? 전 빨래도 가능해서 편하게 잘 입고있습니다,두툼하고 편하게자주입을거같아요 핏도좋아욤,원하는디자인에 깔끔하니이뻐요 잘입고다닐듯해요,한달후기 오빠가 좋아하더군 오빠가 좋으면 나두 좋지 뭐 *^^*옹
https://www.musinsa.com/products/4310109,메리노울 하프 집업 니트 멜란지 블랙,"154,000원",10%,"138,600원",애습,https://image.musinsa.com/mfile_s01/_brand/free_medium/asp.png?20220623172914,상의,니트/스웨터,https://image.msscdn.net/thumbnails/images/goods_img/20240808/4310109/4310109_17312992395174_big.jpg?w=1200,https://image.msscdn.net/thumbnails/images/prd_img/20240808/4310109/detail_4310109_17312992443767_big.jpg?w=1200,https://image.msscdn.net/thumbnails/images/prd_img/20240808/4310109/detail_4310109_17312992516502_big.jpg?w=1200,https://image.msscdn.net/thumbnails/images/prd_img/20240808/4310109/detail_4310109_17232749545554_big.jpg?w=1200,knit_0101,271,2.2천 회 이상 (최근 1개월),없음,후기 11개,없음,한달후기 원단도 탄탄하고 보풀 생기는거 없이 아직 잘 입고있습니다.,배송이 빨라서 좋았어요 촉감이 너무 부드러워요 자주 입을 하프집업니트네요,배송이 빨라서 좋았어요 촉감이 너무 부드러워요 스타일링도 편해요 자주 입을 것 같아요,뚜깨 좋고 출근룩으로 딱 좋은거 같아요. 애습에서는 바지만 샀었는데 다른 제품들도 좋네요.,탄탄하고 블랙이라 여기저기 무난하게 활용하기 좋아요!
https://www.musinsa.com/products/4514674,워셔블 노르딕 자카드 카라넥 2WAY 집업 니트 [베이지],"54,000원",20%,"43,000원",트릴리온,https://image.musinsa.com/mfile_s01/_brand/free_medium/trillion.png?20210702123042,상의,니트/스웨터,https://image.msscdn.net/thumbnails/images/goods_img/20241014/4514674/4514674_17296759641518_big.jpg?w=1200,https://image.msscdn.net/thumbnails/images/prd_img/20241014/4514674/detail_4514674_17296759769596_big.jpg?w=1200,https://image.msscdn.net/thumbnails/images/prd_img/20241014/4514674/detail_4514674_17296759779103_big.jpg?w=1200,https://image.msscdn.net/thumbnails/images/prd_img/20241014/4514674/detail_4514674_17296759878716_big.jpg?w=1200,knit_0102,"10,610",5만 회 이상 (최근 1개월),4.3천 개 이상,후기 417개,4.7,어머니께 뺏겼어요... 집에오니 어머니께서 걸치시고 계시네요,어머니께서 본인것이라고 하셨어요 집에오니 모든 상황은 종료된 상태였습니다,이번 일본여행가면서 야무지게 입고 갔습니다.  장점: 옷이 이쁩니다 색감이 정말 좋아요 코디만 잘하면 원하시는 느낌 내실수 있습니다 또 생각보다 얇지않아 가을까지 입을수 있고 겨울도 아우터 하나 더 걸치면 충분히 입습니다.  단점 : 재질이 나쁘진않은데 뭐가 붙으면 잘 안떼집니다 털뭉치같은게 묻었는데 억지로땔려하니 같이 떼어질려하다보니 그냥 냅두고 입었습니다,11월 11일 타임세일 때 구매했고 22일에 출고 하신다고 하셔서 기다렸으나 출고 연락만 딱 한 번 뜨고서 보통 이틀이면 도착해야 할 옷 도착 안 해서 분실인가 싶었는데 취소 못하게 하려고 송장만 뽑아두신 거고 27일에 문의 남겼는데 답변 빠르게 안 주셨죠. 블프 때 구매한(25일 구매 후 26일 받음) 친구보다 늦게 받은 게 어이없어서 문의 답변 확인해봤는데 26일 기상악화 핑계 대셨는데 22일에 출고 하셨으면 보통 26일 전에는 받습니다. 핑계 대실 게 아니라 빠르게 사전고지 하시고 피드백을 하셨어야죠. 약 한 달만에 옷 받았고 입을 시기 애매하고 지퍼 개빡빡하고 문의 답변 또한 느리시고 ㅋㅋ... 텍스트로 뒤늦게 죄송하다고 할 게 아니라 쿠폰이든 뭐든 뿌리세요 ㅋㅋ,디자인과 핏은 정말 마음에 드는데 지퍼나 마감처리가 좋지 못해서 아쉽네요 지퍼는 뻣뻣하다기보다 처음 결합할때 힘을 잘 줘서 끝까지 결합시켜야 지퍼가 올라가네요 재질은 어디 살짝 걸리면 올 다 나갈것같은 재질이고 받았는데 이미 올이 살짝 나가있어서 이쑤시개로 잘 집어넣었어요 한철입기에는 나쁘지 않아요
https://www.musinsa.com/products/4287381,빈티지 워싱 케이블 2WAY 집업 니트 (BLACK),"54,000원",20%,"43,000원",트릴리온,https://image.musinsa.com/mfile_s01/_brand/free_medium/trillion.png?20210702123042,상의,니트/스웨터,https://image.msscdn.net/thumbnails/images/goods_img/20240731/4287381/4287381_17288688155494_big.jpg?w=1200,https://image.msscdn.net/thumbnails/images/prd_img/20240731/4287381/detail_4287381_17288688325652_big.jpg?w=1200,https://image.msscdn.net/thumbnails/images/prd_img/20240731/4287381/detail_4287381_17288688336612_big.jpg?w=1200,https://image.msscdn.net/thumbnails/images/prd_img/20240731/4287381/detail_4287381_17288688414497_big.jpg?w=1200,knit_0103,"4,771",1.8만 회 이상 (최근 1개월),1.6천 개 이상,후기 183개,4.8,배송도 빠르고 상품도 마음에 듭니다. M사이즈 주문하니 제게 딱 정핏 나오네요. 색상은 블랙 이지만 그레이에 가깝다고 봐야하겠습니다. 재질 도톰하니 좋아요. 옆사람이 색과 핏 멋지다네요. 지퍼는 좀 거칠지만 양초 바르니 부드러워졌습니다,원단 두툼하고 좋습니다. 색상은 블랙 주문했는데 그레이로 봐야할것 같습니다. 지퍼가 거칠어서 양초 발랐더니 부드러워졌습니다.,트릴리온 옷은 진짜 이쁜데 가끔 배송이 너무 늦을때가 있어요..ㅠ 그거빼고는 옷은 진짜진짜 이쁘니까 믿고 사세요~,배송도 늦고 팔 길이가 너무 길어요 옷 자체가 물에 푹 젖은 거 마냥 무겁고 그저 그래요,빈티지하게 워싱 들어간 색감이라서 다른 제품들이랑은 다른 이 제품만의 느낌이 있어요 개인적으로 맘에 들더라구요 투웨이 지퍼라서 골반쪽이 편했으면 싶을때 열어서 입고있습니다 실버 지퍼라서 이것도 포인트가 되어주네요  원단은 살짝 도톰한 편이고 전체기장이 길지 않아서 좋았어요 들어봤을때 조금 무겁다 싶었는데 입었을때는 잘 모르겠더라구요 좀 아쉬운건 목부분 뒤로 접어서 와이넥처럼도 입을 수 있을줄 알았는데 카라가 힘이 세서 안접어져요.. 이부분은 좀 아쉽습니다ㅜ
https://www.musinsa.com/products/4287371,빈티지 워싱 케이블 2WAY 집업 니트 (STONE GRAY),"54,000원",20%,"43,000원",트릴리온,https://image.musinsa.com/mfile_s01/_brand/free_medium/trillion.png?20210702123042,상의,니트/스웨터,https://image.msscdn.net/thumbnails/images/goods_img/20240731/4287371/4287371_17288690970523_big.jpg?w=1200,https://image.msscdn.net/thumbnails/images/prd_img/20240731/4287371/detail_4287371_17288691210567_big.jpg?w=1200,https://image.msscdn.net/thumbnails/images/prd_img/20240731/4287371/detail_4287371_17288691219091_big.jpg?w=1200,https://image.msscdn.net/thumbnails/images/prd_img/20240731/4287371/detail_4287371_17288691281531_big.jpg?w=1200,knit_0104,"2,542",1.4만 회 이상 (최근 1개월),1천 개 이상,후기 151개,4.7,한달후기 재질이 좋고 짱짱한데 팔길이가 길어요 하지만 옷은 예쁘고 좋아요!!,한달후기 재질이 부드러워 좋아요 빈티지 워싱이 너무 이뻐요,빈티지 스타일이라 특이해서 매력있는거같아요 부들부들한 소재여서 기분이 좋아요,남자친구 발렌타인데이 선물로 줬는데 마음에 들어했습니다,휘뚤마뚤 입기 너무너무 좋아요 편해요 기장이 좀만 더 짧았으면 어떨까 하는 느낌 !
https://www.musinsa.com/products/4309129,VSW Hairy Stripe Knit Dark Purple,"109,000원",40%,"65,400원",비전스트릿웨어,https://image.musinsa.com/mfile_s01/_brand/free_medium/visionstreetwear.png?20231213104236,상의,니트/스웨터,https://image.msscdn.net/thumbnails/images/goods_img/20240808/4309129/4309129_17255012492468_big.jpg?w=1200,https://image.msscdn.net/thumbnails/images/prd_img/20240808/4309129/detail_4309129_17267184270929_big.jpg?w=1200,https://image.msscdn.net/thumbnails/images/prd_img/20240808/4309129/detail_4309129_17267184259388_big.jpg?w=1200,https://image.msscdn.net/thumbnails/images/prd_img/20240808/4309129/detail_4309129_17255012698969_big.jpg?w=1200,knit_0105,"4,850",1.7만 회 이상 (최근 1개월),없음,후기 139개,4.9,전기인간이 될수 있습니다. 한눈에 반해서 샀는데 정말 예뻐요. 다만 옷 꺼낼때부터 파직파직하는 소리와함께.. 전기인간이 될수있어요. 정말 부드럽고 핏좋고 전기가통합니다.,색도 이쁜데 촉감이 진짜 엄청 부들부들해요 완전 느좋입니다 딱 하나 아쉬운 건 사이즈… 오버핏 좋아하는데 s시켰더니 원하는 사이즈는 안 나오네요 ㅠㅠ 한 사이즈 더 큰 걸로 구입해도 되었을 것 같아요 ㅜ 그래도 이 사이즈도 핏하고 예쁩니당,한달후기 약간 예민한 편이라 가끔 따갑긴한데 털이 부들부들하고 유니크해서 이뻐요. 톤 좀 탈 것 같아요. 보라가 쨍하지는 않아서 엄청 튀지는 않아요.,포근포근하고 완전 따뜻해요! 소재가 너무 부드럽고.. 털도 안 빠져요 163 기준 m사이즈는 엉덩이가 살짝 가려지는 기장감이고 제가 키에 비해 팔이 긴 편이라(손은 작음) 그런지 다 내리면 손등은 다 덮고 손가락은 안 덮는 좋은 기장이에요 160 이상 여성분들은 m이나 l사이즈 둘 중 하나 사면 좋을 것 같아요 적당히 오버핏이에요,정전기가 좀 있긴하지만 색도 이쁘고 부들부들하니 너무 잘 입고 있습니다~
https://www.musinsa.com/products/4584155,소프트 헨리넥 라운드 긴팔 니트 [네이비],"51,000원",25%,"38,250원",노드유,https://image.musinsa.com/mfile_s01/_brand/free_medium/nodu.png?20240329122454,상의,니트/스웨터,https://image.msscdn.net/thumbnails/images/goods_img/20241104/4584155/4584155_17306776977914_big.jpg?w=1200,https://image.msscdn.net/thumbnails/images/prd_img/20241104/4584155/detail_4584155_17306777019880_big.jpg?w=1200,https://image.msscdn.net/thumbnails/images/prd_img/20241104/4584155/detail_4584155_17306777077561_big.jpg?w=1200,https://image.msscdn.net/thumbnails/images/prd_img/20241104/4584155/detail_4584155_17306777176007_big.jpg?w=1200,knit_0106,"1,173",1.8만 회 이상 (최근 1개월),없음,후기 71개,4.8,한달후기 뭔가 핏이 애매해요 단추 간격이 넓은 것 같아요 그래서 가슴 쪽이 좀 길어보이는? 느낌이에요 외출할때는 한번도 못 입었네요ㅜ,목 부분도 여유롭고 이쁩니다. 다만 검정이랑 핏 다릅니다. 검정은 헨리넥인데도 목티마냥 목젖 찌르네요 ㅋㅋ 검정 사지마세요,목 부분이 좀 위로 올라오는데 그것 빼곤 마음에 들어요 사이즈도 적당해요,한달후기 디자인이 잘 뽑혀서 자주 손이 갑니다. 보관만 잘하면 길게 입을것 같네요.,너무 부드럽고 입기도 편해요 ㅎㅎ 최고에요오요오요오
https://www.musinsa.com/products/4649612,CHAIN HEAVY WOOL SWEATER [BURGUNDY],"149,000원",10%,"134,100원",브랜디드,https://image.musinsa.com/mfile_s01/_brand/free_medium/branded.png?20210929171418,상의,니트/스웨터,https://image.msscdn.net/thumbnails/images/prd_img/20241204/4649612/detail_4649612_17338914698551_big.jpg?w=1200,https://image.msscdn.net/thumbnails/images/prd_img/20241204/4649612/detail_4649612_17338914707085_big.jpg?w=1200,없음,https://image.msscdn.net/thumbnails/images/goods_img/20241204/4649612/4649612_17338914616507_big.jpg?w=1200,knit_0107,203,3천 회 이상 (최근 1개월),없음,후기 15개,4.9,유튭에서 착장 보고 충동구매해버렸어요.. 맨살에도 오케이고 두툼하고 짜임이 탄탄하고 좋습니다! 버건디 이뻐유,두께가 두툼한데 많이 무겁지도 않고 재질도 좋아서 오래 입을 수 있는 니트에요,한달후기 체형보완이 진짜 잘되고 보온성도 좋아요! 그 대신 팔길이가 좀 긴 거 같았어용,주문한 다음날 바로 받았습니다 가격대가 믿기지않을정도로 좋은 퀄리티입니다 색감도 사진이랑 똑같고요,톤다운된 버건디라 부담없이 코디할 수 있어요. 약간 팥죽 컬러입니다
https://www.musinsa.com/products/4348450,오버핏 볼륨 워셔블 하프집업 케이블 니트_6COLOR,"39,000원",49%,"19,900원",리메인세컨드,https://image.msscdn.net/mfile_s01/_brand/free_medium/lemainsecond.png?1732688630600,상의,니트/스웨터,https://image.msscdn.net/thumbnails/images/goods_img/20240820/4348450/4348450_17388236793693_big.jpg?w=1200,https://image.msscdn.net/thumbnails/images/prd_img/20240820/4348450/detail_4348450_17242234588796_big.jpg?w=1200,https://image.msscdn.net/thumbnails/images/prd_img/20240820/4348450/detail_4348450_17242234570038_big.jpg?w=1200,https://image.msscdn.net/thumbnails/images/prd_img/20240820/4348450/detail_4348450_17242234606155_big.jpg?w=1200,knit_0108,"2,761",1만 회 이상 (최근 1개월),없음,후기 172개,4.8,너무 부드럽고 싸게 잘 샀슴다 담에도 여기서 사야겠어요,차분한 컬러감에 예쁜 디자인이 어우러져서 정말 고급집니다.,175 73 남동생 선물 해줬는데 잘 맞아요! 아이보리는 살짝 비쳐요 생각보다 조금 얇아보여요,색 이쁘고 제질 다 좋은데 빨래 한번 돌리면 버플 일어날 거 같아요 근데 이뻐요,디자인은 예쁜데 배송이 늦은 점은 별로였습니다
https://www.musinsa.com/products/4512811,AURORA ALPACA POLO KNIT [GRAY],"138,000원",5%,"131,100원",유니온블루,https://image.musinsa.com/mfile_s01/_brand/free_medium/unionblue.png?20221006173333,상의,니트/스웨터,없음,없음,없음,https://image.msscdn.net/thumbnails/images/goods_img/20241014/4512811/4512811_17289707503860_big.jpg?w=1200,knit_0109,500,6.1천 회 이상 (최근 1개월),없음,후기 79개,없음,"적당한 카라파임, 고급스러운 단추, 고급진 텍스쳐, 체형보정되는 품, 부해보이지 않는 어깨와 팔 라인. 완벽합니다..",팔통이 넓은 편이 아니라서 포멀하게 입을거면 좋을 것 같아요 다만 셔츠 레이어드 할때는 살짝 빡셀수 있어서 한치수 업해서 입는것도 나쁘진 않을 것 같습니다 제 기준엔 정사이즈도 사이즈감 좋습니다,핏은 제가 생각했던것보다 좀 작은 느낌이라 그렇지만 원단은 좋습니다,한달후기 단정하게 입으면서 알파카 원단으로 약간 캐쥬얼한 느낌 줄 수 있어서 좋은 것 같아요 카라각이나 터치감 모두 만족합니다. 겨울옷이라 히트텍 위에 입어서 내부 까슬함이 거슬리진 않았어요,유니온블루 니트 색별로 다 풀매수 해버리고싶네.. 진짜 재질 핏감 다 좋습니다..
https://www.musinsa.com/products/4742273,코튼 폴로 칼라 케이블 니트 스웨터,없음,없음,"129,000원",마시모두띠,https://image.msscdn.net/mfile_s01/_brand/free_medium/massimodutti2.png?1730876125532,상의,니트/스웨터,https://image.msscdn.net/thumbnails/images/goods_img/20250124/4742273/4742273_17376480108754_big.jpg?w=1200,https://image.msscdn.net/thumbnails/images/prd_img/20250124/4742273/detail_4742273_17376480119032_big.jpg?w=1200,https://image.msscdn.net/thumbnails/images/prd_img/20250124/4742273/detail_4742273_17376480120887_big.jpg?w=1200,https://image.msscdn.net/thumbnails/images/prd_img/20250124/4742273/detail_4742273_17376480138730_big.jpg?w=1200,knit_0110,5,100회 이상 (최근 1개월),없음,없음,없음,없음,없음,없음,없음,없음
https://www.musinsa.com/products/4532217,파인 캐시미어 100 크루넥 니트 13color,"168,000원",23%,"128,800원",더니트컴퍼니,https://image.msscdn.net/mfile_s01/_brand/free_medium/theknitcompany.png?1730949238237,상의,니트/스웨터,https://image.msscdn.net/thumbnails/images/prd_img/20241018/4532217/detail_4532217_17292148970244_big.jpg?w=1200,https://image.msscdn.net/thumbnails/images/prd_img/20241018/4532217/detail_4532217_17292148981758_big.jpg?w=1200,없음,https://image.msscdn.net/thumbnails/images/goods_img/20241018/4532217/4532217_17292134939230_big.jpg?w=1200,knit_0111,773,5.1천 회 이상 (최근 1개월),없음,후기 106개,4.8,한달후기 보풀 많다는 후기 솔직히 많이 봤어요  그래도 다크한 브라운 색상과 더불어 브랜드 스토리가 뭐 40년 패션 제조 산하 어쩌구 저쩌구 해서 품질 좋겠구나 생각해 믿어 의심치않아 사봤는데 아니다 다를까 몇번 입지 않았는데도 보풀이 장난아니네요  아마 저는 이 브랜드 앞으로 살 일은 없을거같습니다 모 유투버가 유니클로랑 더니트컴퍼니랑 비교하면서 정전기? 실험하는 영상보면 더니트컴퍼니가 더 품질 좋다고 하는데 둘다 정전기 똑같고 보풀도 유니가 훨 안나는거같아요 저는 그냥 일본가서 유니 사렵니다 더니트 한장이면 유니는 두장살수있어요,피부에 촉감이 부드럽고 좋습니다 색감이 환해서 얼굴이 살아요,촉감도 좋고 정핏 이지만 가슴라인과 팔소매 라인이 적절히 품도 있어서 좋습니다,가볍고 부드럽고 따뜻합니다. 첫 캐시미어니트인데 잘입을것같아요,가볍고 부드럽습니다. 근데 목이 좀 빨리 늘어날것 같은 느낌이네요
https://www.musinsa.com/products/4387117,리브드 오버핏 헨리넥 니트 [차콜],"78,000원",21%,"62,000원",르아르,https://image.musinsa.com/mfile_s01/_brand/free_medium/leire.png?20230712152623,상의,니트/스웨터,https://image.msscdn.net/thumbnails/images/prd_img/20240830/4387117/detail_4387117_17255484495091_big.jpg?w=1200,https://image.msscdn.net/thumbnails/images/prd_img/20240830/4387117/detail_4387117_17255484502426_big.jpg?w=1200,없음,https://image.msscdn.net/thumbnails/images/goods_img/20240830/4387117/4387117_17255484421436_big.jpg?w=1200,knit_0112,"2,629",2만 회 이상 (최근 1개월),1.1천 개 이상,후기 128개,4.9,크기도 적당히 크고 보들보들 합니다. 다만 안쪽 살짝 거칠어서 뭐 입어야될 것 같아요.(심하진 않음),사이즈도 생각한거랑 같고 자주 입을것 같습니다,세일할때 구매해서 너무 만족해요 핏도 좋고 예뻐요.,크기도 적당히 크고 보들보들 합니다. 다만 안쪽 살짝 거칠어서 뭐 입어야될 것 같아요.(심하진 않음),한달후기 레귤러 핏에 약간 머슬핏이 나와서 만족스럽네요
https://www.musinsa.com/products/4597445,소프트 이중직 반폴라 니트 [브라운],"49,900원",20%,"39,900원",바우로 프로덕트,https://image.musinsa.com/mfile_s01/_brand/free_medium/bowlow.png?20240520135539,상의,니트/스웨터,https://image.msscdn.net/thumbnails/images/prd_img/20241107/4597445/detail_4597445_17309682092522_big.jpg?w=1200,https://image.msscdn.net/thumbnails/images/prd_img/20241107/4597445/detail_4597445_17309682100347_big.jpg?w=1200,없음,https://image.msscdn.net/thumbnails/images/goods_img/20241107/4597445/4597445_17309682025278_big.jpg?w=1200,knit_0113,"2,162",2만 회 이상 (최근 1개월),1천 개 이상,후기 80개,4.9,약간 비싸다고 생각했는데 받아보니 핏이나 소재나 너무 좋습니다 강추,"체험단 착용감 너무 부드럽고 몸에 착달라붙는 느낌이 좋습미다. 가격대비 너무 좋은 퀄리티와 마감 원재료까지 빠짐없이 완벽하묘, 브라운색상이 무채색이 많은 저한테는 너무 찰떡인 제품이였습니다. 그냥 맨살에 입어도 까슬거림없이 잘 입을 수 있는 제품이며, 181cm에 75KG인 저한테 L사이즈가 딱 맞았습니다. 입으면 약간 체형보완이 되서 몸이 더 커 보이는 느낌을 받았으며, 이번 겨울 휘뚜루 마뚜루 입기 너무 좋은 제품인거 같습니다. 크리스마스때 남자친구분 선물로 너무 좋을구 같다는 생각입니다!",색감 고급스럽고 재질도 부드럽고 좋네요 다른 제품들보다 두께도 좀 있어서 핏도 잘 사는거 같습니다!,색감 고급스럽고 재질도 부드럽고 좋네요 다른 제품들보다 두께도 좀 있어서 핏도 잘 사는거 같습니다!,이제 갑자기 추워져서 남자친구 옷 뭐 사줄까 고민하다가 딱 제 스타일이여서 바로구매했어요!!  늦가을이다보니 브라운컬러로 구매했는데 색감이 고급지고 너무 이뻐요  면도 까끌거리지 않고 부드러워서 남자친구가 너무 좋아하네요 ㅎㅎ 너무 맘에들었는지 본인이 다른 컬러구매했어요 ㅋㅋ  바우로 반폴라 왕추천!!👍🏻👍🏻
https://www.musinsa.com/products/4328687,헤어리 그래픽 로고 오버핏 자카드 니트 (CHARCOAL),"52,000원",23%,"39,800원",트릴리온,https://image.musinsa.com/mfile_s01/_brand/free_medium/trillion.png?20210702123042,상의,니트/스웨터,https://image.msscdn.net/thumbnails/images/goods_img/20240814/4328687/4328687_17249553131953_big.jpg?w=1200,https://image.msscdn.net/thumbnails/images/prd_img/20240814/4328687/detail_4328687_17249553248496_big.jpg?w=1200,https://image.msscdn.net/thumbnails/images/prd_img/20240814/4328687/detail_4328687_17249553256833_big.jpg?w=1200,https://image.msscdn.net/thumbnails/images/prd_img/20240814/4328687/detail_4328687_17249553316792_big.jpg?w=1200,knit_0114,"10,229",4만 회 이상 (최근 1개월),4.3천 개 이상,후기 388개,4.8,두툼하니 따뜻해요 그런데 여자친구랑 커플티로 구매했는데 회사 동료와도 커플티로 입을 수 있다는 단점이 있어요,앞 디자인도 쌈@ㅃㅗㅇ 예쁩니다. 조금 두꺼워서 가을겨울에 입기 딱입니다 세일할때 사면 좋을듯요,사이즈는 좀 큰거같긴 하지만 옷은 이쁘네유! 니트제질도 너무 부드러워서 맨살에 입어도 댈거같아요 굳굳,생각했던 핏이라 좋고 색감도 좋아요 근데 잔털이 조금 많아서 빠져요,진짜 보들보들하고 따뜻해요. 안에 아무것도 안받쳐있고 맨살에 입어도 하나도 안까끌하고 진짜 너어어무 부드러워서 놀랐어요. 패턴도 너무 귀엽고 여기저기 편하게 입을수 있어서 좋아요
https://www.musinsa.com/products/4630515,울 버튼 라운드 니트 [블랙],없음,없음,"128,000원",바우로 프로덕트,https://image.musinsa.com/mfile_s01/_brand/free_medium/bowlow.png?20240520135539,상의,니트/스웨터,https://image.msscdn.net/thumbnails/images/goods_img/20241121/4630515/4630515_17321781327163_big.jpg?w=1200,https://image.msscdn.net/thumbnails/images/prd_img/20241121/4630515/detail_4630515_17321781395349_big.jpg?w=1200,https://image.msscdn.net/thumbnails/images/prd_img/20241121/4630515/detail_4630515_17321781402794_big.jpg?w=1200,https://image.msscdn.net/thumbnails/images/prd_img/20241121/4630515/detail_4630515_17321781427494_big.jpg?w=1200,knit_0115,102,1.1천 회 이상 (최근 1개월),없음,후기 2개,없음,니트 재질이 일단 너무 좋습니다 그리고 어꺄 포인트가 좋아서 무난하지 않고 예쁜 포인트가 되는 것 같아요!! 꼭 구매하세용 하하,울이라 그런지 도톰하고 따뜻합니다! 밑단이랑 소매부분 시보리도 짱짱하고 좋습니다 ㅎ 하지만 울이라 그런지 아주 약간 거친느낌은 있어용 맨살에 못입을 정도는 아닙니다 ㅎ 단추도 유광이 아니라 무광이였이면 더 이쁘지 않았을까 합니당!,없음,없음,없음
https://www.musinsa.com/products/4623219,[V2] CASHMERE WOOL CREWNECK KNIT [MELANGE GRAY],"138,000원",10%,"124,200원",유니온블루,https://image.musinsa.com/mfile_s01/_brand/free_medium/unionblue.png?20221006173333,상의,니트/스웨터,없음,없음,없음,https://image.msscdn.net/thumbnails/images/goods_img/20241119/4623219/4623219_17332143844525_big.jpg?w=1200,knit_0116,"1,387",2만 회 이상 (최근 1개월),없음,후기 285개,없음,"유니온블루 캐시울 니트(v2) 멜란지 그레이 색상 스타일 리뷰입니다. [작성자 스펙 : 173/68] / [평소 착용 사이즈 : 100~103]  👕 제 스펙에서는 L사이즈가 딱 적당한 것 같아요. 정핏에서 세미오버핏 정도로 연출되는데, 셔츠 레이어드하면 정핏으로 연출될 것 같습니다.  🧣 몇 년 전에 지오다노에서 저렴하게 구입한 체크 머플러를 둘러줬는데, 은근 포인트가 되는 것 같아서 맘에 드네요 ㅎㅎ  👖 하의는 와이드한 코듀로이 팬츠를 착용했습니다. FW 시즌에는 색감이 진한 코듀로이 팬츠를 자주 찾게 되는 것 같아요.  👟 아디다스 가젤 트리플 블랙 색상입니다..!! 1년 전쯤 구매해서 신고 있는데, 코듀로이랑 스웨이드 색감이 잘 매치되는 편이라 세트처럼 신습니다 ㅎㅎ  디자인, 착용감, 가격까지.. 모두 만족스럽습니다😀",핑크랑은 또다른 맛이네요 역시 핏도 좋고 촉감도 좋고 멜란지 희끗희끗하게 보이는게 맘에듭니다,"한달후기 유니온블루 캐시울 니트 v2 한 달 사용 리뷰입니다. [작성자 스펙 : 173/66] [평소 착용 사이즈 : 100~103]  👕 L사이즈 선택했는데, 후회 없습니다! 단품 이너로 활용하기 좋은 피팅감이고 밑단 시보리도 짱짱해서 핏을 잘 잡아줘요 ㅎㅎ  👔 코디 활용도 - 무채색 계열이다 보니 이곳저곳에 매치하기 수월합니다! 셔츠 등과 함께 입어도 잘 어울렸습니다 ㅎㅎ - 청바지, 슬랙스, 치노 등 대부분의 착장에 무난하게 잘 붙어요.  🥼소재 특성상 다소 보풀이 있습니다. 처음 수령하고 돌돌이 몇 번 돌려주니 많이 생기지는 않았어요 ㅎ  ☃️ 옷 자체가 꽤나 두툼해서, 이너로 히트텍 입어주면 보온성도 좋습니다!  만족하면서 잘 입고 있습니다! 👏👏",믿고사는 유니온블루죠 올해 산 니트 중 가장 만족합니다. 세르게이1은 좀 얇았는데 이정도 두께감이 딱 좋네요 체형보완도 조금 되구요. 딱 포근한 니트 느낌ㅎㅎ 다른 색상도 구매할 예정입니다. 무엇보다 가격대비성능이 !!,한달후기 믿고사는 유니온블루죠 올해 산 니트 중 가장 만족합니다. 세르게이1은 좀 얇았는데 이정도 두께감이 딱 좋네요 체형보완도 조금 되구요. 딱 포근한 니트 느낌ㅎㅎ 다른 색상도 구매할 예정입니다. 무엇보다 가격대비성능이 !!
https://www.musinsa.com/products/4623204,[V2] CASHMERE WOOL CREWNECK KNIT [CLOUD],"138,000원",10%,"124,200원",유니온블루,https://image.musinsa.com/mfile_s01/_brand/free_medium/unionblue.png?20221006173333,상의,니트/스웨터,없음,없음,없음,https://image.msscdn.net/thumbnails/images/goods_img/20241119/4623204/4623204_17332142451724_big.jpg?w=1200,knit_0117,829,1만 회 이상 (최근 1개월),없음,후기 152개,없음,크게 예민하지 않다면 맨살에도 입을수있을 터치감입니다. 색감은 정말 구름이 연상되는 부드러운 색상으로 정말 예뻐요,크게 예민하지 않다면 맨살에도 입을수있을 터치감입니다. 색감은 정말 구름이 연상되는 부드러운 색상으로 정말 예뻐요,정핏으로 입고싶어서 한사이즈 다운했더니 딱 맞습니다. 맨살에 입기에는 조금 꺼끄러울수있는데 생각보다 거치진않아요. 만족합니다.,6일 전,색감도 맘에들고 원단도 부드러워서 맨살에 입어도 괜찮아요
https://www.musinsa.com/products/4283028,[2PACK] 오버핏 볼륨 워셔블 크루넥 케이블 니트_9COLOR,"67,000원",48%,"34,900원",리메인세컨드,https://image.msscdn.net/mfile_s01/_brand/free_medium/lemainsecond.png?1732688630600,상의,니트/스웨터,https://image.msscdn.net/thumbnails/images/goods_img/20240730/4283028/4283028_17388222913494_big.jpg?w=1200,https://image.msscdn.net/thumbnails/images/prd_img/20240730/4283028/detail_4283028_17296646196621_big.jpg?w=1200,https://image.msscdn.net/thumbnails/images/prd_img/20240730/4283028/detail_4283028_17296646207116_big.jpg?w=1200,https://image.msscdn.net/thumbnails/images/prd_img/20240730/4283028/detail_4283028_17322562405873_big.jpg?w=1200,knit_0118,302,1.9천 회 이상 (최근 1개월),없음,후기 32개,4.9,이번 시즌 니트에 미쳐서 니트를 열심히 입고 있는데 정말 편하고 핏도 이뻐서 잘 입고 있습니다 ㅎ,퀄리티 좋아요 색상도좋고 투팩에 가격도 착하고 촉감도좋음,진짜 예쁜데...일단 가격이 싼만큼 재질은 조금 아쉽고 목이 살짝 늘어나있네요...가성비는 좋아요!,오버핏으로 편하게 입을수 있어요 재질 디자인 이뻐요,배송빠르구요 사진과 실물 비슷 해요 안에 반팔하나 받쳐입고 입으면 따뜻함
https://www.musinsa.com/products/4371209,스포티 트랙 세미 크롭 니트 집업 - BROWN,"89,000원",34%,"59,000원",오드스튜디오,https://image.msscdn.net/mfile_s01/_brand/free_medium/oddstudio.png?1732780510434,상의,니트/스웨터,https://image.msscdn.net/thumbnails/images/prd_img/20240826/4371209/detail_4371209_17361422606459_big.jpg?w=1200,https://image.msscdn.net/thumbnails/images/prd_img/20240826/4371209/detail_4371209_17361422615002_big.jpg?w=1200,없음,https://image.msscdn.net/thumbnails/images/goods_img/20240826/4371209/4371209_17361422383557_big.jpg?w=1200,knit_0119,"16,663",6만 회 이상 (최근 1개월),2천 개 이상,후기 222개,4.9,지인짜 이뻐요 세가지 색조합 중에 브라운-블루가 제일 유니크하고 이뿌고 귀엽고 코여움 평소에도 브라운+블루 조합 진짜 좋아하는데 이런.. 이런 집업이 존재한다니 존예입니더  근데 앞보다 뒤에 기장이 더 짧아서 저 키 154인데도 궁디 다 보임요  그리고 이거 보온성 대박임 반팔에 이거 하나 입었는데 더워죽는줄; 집업 다 잠그면 겁나 뜨심 팔에 뿅뿅 빵꾸나있는 건 사고 나서 알았지만 포인트 되고 이뿜 최근 산 옷중에 젤 맘에 들어요 다른 컬러도 구입할까 고민듕,가볍고 코디가 쉬워요 그냥 포인트 제품이라 안에 티 입고 데님 바지랑 꼬옥 입어주면 되~ 뭔가 귀여운데 스트릿 빈티지 무드가 나서 너무 마음에 들어요 ㅎㅎ 브라운 블루 조합이 좀 걱정이었는데 생각보다 데일리로 좋을 거 같아여,잘받았습니다. 배송빠르게왔어요. 좋아요. 색선명해요,배송도 하루만에 칼배송👍 색감도 너무 예뻐요~! 흔하지 않은 디자인~두툼한 재질에 딱 붙지않아 더 마음에 듭니다❤ 바로 스타일러 돌리고 입으려구용!,가을에 입기 너무너무 좋아용 흔하지 않은 니트집업이라 완전 예쁩니다 💕🫰🏻😽
https://www.musinsa.com/products/4744098,스포티 트랙 세미 크롭 니트 집업 - RED,"89,000원",34%,"59,000원",오드스튜디오,https://image.msscdn.net/mfile_s01/_brand/free_medium/oddstudio.png?1732780510434,상의,니트/스웨터,https://image.msscdn.net/thumbnails/images/goods_img/20250124/4744098/4744098_17377027882592_big.jpg?w=1200,https://image.msscdn.net/thumbnails/images/prd_img/20250124/4744098/detail_4744098_17377011517012_big.jpg?w=1200,https://image.msscdn.net/thumbnails/images/prd_img/20250124/4744098/detail_4744098_17377011526935_big.jpg?w=1200,https://image.msscdn.net/thumbnails/images/prd_img/20250124/4744098/detail_4744098_17377027967097_big.jpg?w=1200,knit_0120,789,7.9천 회 이상 (최근 1개월),없음,후기 4개,없음,"브라운이랑 고민하다가 레드로 구매했는데 너무 예뻐요! 색깔, 기장, 핏 전부 다 마음에 쏙 들어요! 날씨 좀 따뜻해지면 아우터 없이 입으려고 합니다! 완전 추천해요!! ❤️",동생에게 선물해주니 좋아하네요 실물도 꽤 예쁘고 만족합니다,동생 사줬더니 좋아하네요 설세일로 잘 샀습니다,사진보다 색이 더 이쁘고 소매쪽이 이쁘게 떨어져요,없음
https://www.musinsa.com/products/4702933,리브드 라운드 헨리넥 니트 (BLACK),"59,000원",11%,"52,500원",엑스컨테이너,https://image.musinsa.com/mfile_s01/_brand/free_medium/excontainer.png?20240320150032,상의,니트/스웨터,https://image.msscdn.net/thumbnails/images/goods_img/20250107/4702933/4702933_17364750985505_big.jpg?w=1200,https://image.msscdn.net/thumbnails/images/prd_img/20250107/4702933/detail_4702933_17364751083466_big.jpg?w=1200,https://image.msscdn.net/thumbnails/images/prd_img/20250107/4702933/detail_4702933_17364751092716_big.jpg?w=1200,https://image.msscdn.net/thumbnails/images/prd_img/20250107/4702933/detail_4702933_17364751101960_big.jpg?w=1200,knit_0121,266,5천 회 이상 (최근 1개월),없음,후기 2개,없음,헨리넥으로 다양한 스타일 낼 수 있고 두께감이 얇은 느낌이여서 좋아요,핏도 좋고 셔츠 레이어드 해서 입어도 이쁩니다! 두껍지 않아서 좋아요~,없음,없음,없음
https://www.musinsa.com/products/4525014,울 미디 스웨터 도브,없음,없음,"119,000원",페스토,https://image.musinsa.com/mfile_s01/_brand/free_medium/pesto.png?20221123172951,상의,니트/스웨터,https://image.msscdn.net/thumbnails/images/goods_img/20241016/4525014/4525014_17297380845284_big.jpg?w=1200,https://image.msscdn.net/thumbnails/images/prd_img/20241016/4525014/detail_4525014_17297380899824_big.jpg?w=1200,없음,https://image.msscdn.net/thumbnails/images/prd_img/20241016/4525014/detail_4525014_17297380929087_big.jpg?w=1200,knit_0122,303,800회 이상 (최근 1개월),없음,후기 8개,없음,평소 사고 싶던 옷인데 이번 세일 때 구매했어요 생각만큼 예쁘고 색상도 마음에 들어요 다른 색도 사고 싶어요,한달후기 핏 너무 예뻐요ㅠ 오버핏 니트 중ㅇㅔ 최고봉!! 페스트 쵝오,고민 많이 했는데 괜한 고민이었습니다 실물이 더 예쁘고 핏도 좋고 재질도 탄탄합니다,위에 레이어드해서 입어도 예쁘고 그냥 입어도 좋아요,연말에 입고싶었는데 배송일정보다 훨씬 일찍왔어요 재질이 탄탄하구여 보풀안일어날거같아요 아기땜에 니트 입고싶어도 못입었는데 이건 가능하겠어요 맨살에 입어도 따갑지않아요 핏도 사진이랑 동일해요
https://www.musinsa.com/products/4351643,Side button knit GREY,"138,000원",15%,"117,300원",미세키서울,https://image.musinsa.com/mfile_s01/_brand/free_medium/misekiseoul.png?20230707140259,상의,니트/스웨터,https://image.msscdn.net/thumbnails/images/prd_img/20240821/4351643/detail_4351643_17259551857840_big.png?w=1200,https://image.msscdn.net/thumbnails/images/prd_img/20240821/4351643/detail_4351643_17259551870321_big.png?w=1200,없음,https://image.msscdn.net/thumbnails/images/goods_img/20240821/4351643/4351643_17259551523941_big.png?w=1200,knit_0123,"26,181",1.1만 회 이상 (최근 1개월),1.1천 개 이상,후기 231개,4.5,"진심 다른 분들 이거 어떻게 입으세요? 14일째 별 짓거리 다하는데 옷에서 나는 똥냄새가 안빠져요 포장지 열자마자 똥냄새나요 5일 묵은 똥냄새 같은 냄새 나요 소똥냄새 비슷해요 안씻은 동물있는 동물원 냄새나요 이거 입고 남자친구 만나지도 못하겠고 아무도 못만나요 똥쌌냐 그럴까봐 이거 다들 어케입어요? 일주일동안 그냥 널어도 놨고? 드라이도 맡겼고, 섬유유연제도 왕창뿌려서 세탁도 해봤고, 페브리즈도 한통 다비웠는데 그 놈의 똥냄새가 아직도 나요 아니? 섬유유연제 냄새나 페브리즈 냄새가 섞인 똥냄새라 더 고약해진 것 같아요 진짜 이거 어케입으세요? 재질도 개구려요 너무 까끌거려서 단독으로는 못입는데 이너도 못입어요 보여서; 진심 어케 입으세요?? 돈 겁나 아까움 맨처음에 똥냄새때문에 환불하려고 했는데 포장봉투 버려서 환불이 안된대요 택은 제거 안했었는데; 포장봉투 버리지 마세요 님들 다들 환불 잘하세요","옷 냄새가 너무 심해요... 미세키서울은 니트를 소똥으로 만드나요??ㅠㅠ 구매한지 2주가 넘게 지났는데도 여전히 소똥냄새가 나요,,, 반품할 때를 놓쳐서 그냥 입을 생각이긴 한데 다른 옷에도 이 냄새가 베일까봐 너무 불안하고 불쾌하네용 ㅠ.ㅠ 그리고 너무 까슬까슬합니다... 2n년을 살면서 니트가 까슬까슬해서 입기 힘들다고 느껴 본 적이 없는데 이건 너무너무 까칠까칠해요,,, 이너 안입으면 못입을듯? 근데 옆으로 파여서 이너 입기가 너무 애매해요 그리고 팔이 너무 길어요,,, 이거입고 탈춤춰도 될것같아요 그리고 워머 디자인이라고 나 있는 구멍은 너무 옹졸해서 손가락이 잘 안들어갑니다 이 디자인이 아니면 죽을것같은 게 아니라면 구매하지 않으시는게 좋을것같아용 ,,,, 아니 그냥 사지마세요 블프기간에 할인쿠폰에 장바구니쿠폰에 적립금할인까지 다 먹여서 8만원 좀 안되게 샀는데도 너무 돈아까워서 눈물남",후기보고 핏 예쁜줄알고 시켰는데 역시 니트는.. 안부해보일수가없네요ㅠ 그리고 이상한 양..? 냄새.? 같은게 나요. 심해요ㅠ 넘 바이럴 탄듯 ㅜㅜ,너므 예뻐요 사이즈도 잘 맞았고 손부분 디테일도 좋습니당... 대만족,긴팔원숭이 쌉가능 팔이 진짜 길어서 워머에 손가락 끼려 하는데 팔이 쭈굴해짐 그래도 디자인 독특해서 좋음 두께는 딱 겨울 니트급 냄새는 진짜 라마 털 냄새나서 구림 와;; 동물원 안 가도 된다고 내 냄새가 이미 동물원 냄새임 그래도 디자인은 기깔나다 근데 가격이 도라방스임 쿠폰과 적립금 결제 할인까지 꾸역꾸역 해도 10만 원 초? ㅎ 가격 진짜 말이 되는 건가?
https://www.musinsa.com/products/4351621,Side button knit BLACK,"138,000원",15%,"117,300원",미세키서울,https://image.musinsa.com/mfile_s01/_brand/free_medium/misekiseoul.png?20230707140259,상의,니트/스웨터,https://image.msscdn.net/thumbnails/images/prd_img/20240821/4351621/detail_4351621_17259559553022_big.png?w=1200,https://image.msscdn.net/thumbnails/images/prd_img/20240821/4351621/detail_4351621_17259559564658_big.png?w=1200,없음,https://image.msscdn.net/thumbnails/images/goods_img/20240821/4351621/4351621_17259559454564_big.png?w=1200,knit_0124,"2,933",5.6천 회 이상 (최근 1개월),없음,후기 30개,4.7,지금같은 날씨에 포인트 주기 좋은 제품인 것 같아요. 이너없이 착용했을 때 약간 따가울 수 있습니다!,니트 재질이 좀 따갑지만 단추가 포인트가 되어서 너무 이뻐요 다른색도 구매 의향 있어요 !!,핏 너무 예뻐옹 재질도 별로 안 따가워요 오래 입을 거 같아요,가격은 비싼데.. 디자인이 넘 예뻐서 용서됨 핏도 깔끔하게 이뻐서 좋았습니다,한달후기 까끌거리다는 후기가 많은데 저는 괜찮앗습니더 막 엄청 보들거리는 제품은 아니지만 맨몸에 입어서 간지럽거나 까끌거린다는 느낌은 없엇어요 제가 좀 무던한걸지도 ~몸이 다나온 사진이 이런 사진밖에없네요 자비를 배풀어주길. .
https://www.musinsa.com/products/4135893,리브드 니트 후디드 집업 [카키],"79,900원",30%,"55,890원",무신사 스탠다드,https://image.msscdn.net/mfile_s01/_brand/free_medium/musinsastandard.png?20200608153142,상의,니트/스웨터,https://image.msscdn.net/thumbnails/images/prd_img/20240517/4135893/detail_4135893_17290625362483_big.jpg?w=1200,https://image.msscdn.net/thumbnails/images/prd_img/20240517/4135893/detail_4135893_17290625373494_big.jpg?w=1200,없음,https://image.msscdn.net/thumbnails/images/goods_img/20240517/4135893/4135893_17290625295225_big.jpg?w=1200,knit_0125,226,1.8천 회 이상 (최근 1개월),없음,후기 34개,4.9,한달후기 이가격에 이정도니트 못구할것같고 색상도 이쁘고맘에듬,한달후기 무슨 옷이랑 입어도 깔끔하게 코디가 가능해서 좋아요,한달후기 잘 입었어요 ㅎㅎ 오버핏 니트 후드집업 중에는 퀄리티가 좋은 편인거같아용,한달후기 좋습니다~~~ 생각한 핏과 동일하네요 ㅎㅎ 잘 입겠습니다~~,탄탄하고 모자가 커서 좋아요 휘뚜루마뚜루최고
https://www.musinsa.com/products/4552148,V NECK LACE UP KNIT (black),없음,없음,"114,000원",다이애그널,https://image.msscdn.net/mfile_s01/_brand/free_medium/diagonal.png?20200608153142,상의,니트/스웨터,https://image.msscdn.net/thumbnails/images/prd_img/20241024/4552148/detail_4552148_17299274856121_big.jpg?w=1200,https://image.msscdn.net/thumbnails/images/prd_img/20241024/4552148/detail_4552148_17299274877184_big.jpg?w=1200,없음,https://image.msscdn.net/thumbnails/images/goods_img/20241024/4552148/4552148_17299274676458_big.jpg?w=1200,knit_0126,53,100회 이상 (최근 1개월),없음,없음,없음,없음,없음,없음,없음,없음
https://www.musinsa.com/products/4623192,[DESK] GRAND CRU WOOL V-NECK KNIT [DARK NAVY],"118,000원",5%,"112,100원",유니온블루,https://image.musinsa.com/mfile_s01/_brand/free_medium/unionblue.png?20221006173333,상의,니트/스웨터,없음,없음,없음,https://image.msscdn.net/thumbnails/images/goods_img/20241119/4623192/4623192_17332141514113_big.jpg?w=1200,knit_0127,282,4.1천 회 이상 (최근 1개월),없음,후기 19개,없음,"이 가격에 말도 안되는 핏, 품질 아주 좋아요 여유만 있으면 추매하고 싶은데 현실의 벽에 가로 막혀 하나만 ㅠㅠ. v존도 그리 안낮고 적당해서 좋습니다",원단도 마음에 들고 셔츠랑 레이어드해서 입기 좋아요,사이즈 고민했는데 이건 오버하게 입는 느낌이 아니라 핏하게 입으려 합니다! 제 스팩에 셔츠 입어도 꽉끼는 느낌은 아닙니다. 살좀 빼서 입으면 더 이쁠듯 합니다. 퀄리티 디자인 좋아요. 밑단 시보리는 짱짱해서 넣입 같이 연출할수 있어요. 단점은 손목에서 전완까지 통이 너무 좁아요.,원단도 마음에 들고 셔츠랑 레이어드해서 입기 좋아요,한달후기 사이즈도 적당하면서 가격이 저렴해서 좋았어요 감사합니다
https://www.musinsa.com/products/4479382,CIGAR RIB SHELL KNIT POLO TOP MELANGE GREY,"159,000원",30%,"111,300원",타일레,https://image.musinsa.com/mfile_s01/_brand/free_medium/taille.png?20220824173332,상의,니트/스웨터,없음,없음,없음,https://image.msscdn.net/thumbnails/images/goods_img/20241001/4479382/4479382_17288773667978_big.jpg?w=1200,knit_0128,44,350회 이상 (최근 1개월),없음,없음,없음,없음,없음,없음,없음,없음
https://www.musinsa.com/products/4327210,라운드넥 니트 티셔츠 [BLACK],"35,000원",10%,"31,500원",드로우핏,https://image.msscdn.net/mfile_s01/_brand/free_medium/drawfit.png?20200608153142,상의,니트/스웨터,https://image.msscdn.net/thumbnails/images/goods_img/20240813/4327210/4327210_17243780647926_big.jpg?w=1200,https://image.msscdn.net/thumbnails/images/prd_img/20240813/4327210/detail_4327210_17243780721093_big.jpg?w=1200,https://image.msscdn.net/thumbnails/images/prd_img/20240813/4327210/detail_4327210_17243780731971_big.jpg?w=1200,https://image.msscdn.net/thumbnails/images/prd_img/20240813/4327210/detail_4327210_17243780753174_big.jpg?w=1200,knit_0129,"1,176",1.8천 회 이상 (최근 1개월),없음,후기 166개,4.8,가볍게 떨어지는 핏이라 자주 손이 가지만 보풀은 두번 입으니깐 바로 생기네요,옷에 냄새가 너무 심함 3번 빨았음 하지만 은은하게 휘발유 냄새가 납니다.,한달후기 무난한 디자인에 체형이 보완되어서 잘 입고 다녔던것 같아요 전체적으로 만족하지만 보폴이 잘생기는 문제는 있어요  그러나 가격 핏을 생각하면 다음에 또 재구매 할것 같습니다,소재가 부드럽고 여유있게 입는 약간 오버한 스타일. 한가지 아숴운점은 두께감이 좀 얇네요.,제품의 퀄리티도 좋고 빠른배송 너무너무 마음에 들어요
https://www.musinsa.com/products/4297155,그레이 오버핏 울캐시 럭비 폴로 니트 (TNSW4F204G2),"119,000원",8%,"109,480원",티엔지티,https://image.musinsa.com/mfile_s01/_brand/free_medium/tngt.png?20210208165225,상의,니트/스웨터,https://image.msscdn.net/thumbnails/images/goods_img/20240805/4297155/4297155_17230803268306_big.jpg?w=1200,https://image.msscdn.net/thumbnails/images/prd_img/20240805/4297155/detail_4297155_17230803279660_big.jpg?w=1200,없음,https://image.msscdn.net/thumbnails/images/prd_img/20240805/4297155/detail_4297155_17230803282845_big.jpg?w=1200,knit_0130,421,1.1천 회 이상 (최근 1개월),없음,후기 61개,4.9,한달후기 한달이 지나도 아주 짱짱하고 튼튼해요 추천합니당,럭비니트 하나 사고싶었는데 가성비 좋고 맘에 듭니다,가을과 딱 어울리는 옷이에요 핏도 좋고 따숩네요 아주 좋습니다,#그레이 #오버핏 어깨가 조금 있는편인데 100에 오버핏하니깐 딱 맞아서 좋아요,한달후기 사이즈를 좀 큰걸로 사서 안맞는거같아요 옷은 괜찮네요
https://www.musinsa.com/products/4401508,Half Wool Knit (BLUE),없음,없음,"109,000원",썬번프로젝트,https://image.msscdn.net/mfile_s01/_brand/free_medium/sunburnproject.png?1733103689833,상의,니트/스웨터,https://image.msscdn.net/thumbnails/images/prd_img/20240904/4401508/detail_4401508_17260363601708_big.jpg?w=1200,https://image.msscdn.net/thumbnails/images/prd_img/20240904/4401508/detail_4401508_17260363683858_big.jpg?w=1200,없음,https://image.msscdn.net/thumbnails/images/goods_img/20240904/4401508/4401508_17260363464473_big.jpg?w=1200,knit_0131,"1,018",1천 회 이상 (최근 1개월),없음,후기 4개,없음,"옷이 많이 따갑습니다. 피부가 약한 편이 아니라 괜찮을 줄 알았는데, 하루 종일 입으니 가렵고 불편하네요ㅠㅠ",한달후기 안에 이너로 입으면 은은히 포인트 되고 예쁜 것 같아요!,한달후기 29센치보다 여기가 저렴해서 구매했어용 색감이 이뻐요,우선 좀 가격 나가는 만큼 재질이 엄청 탄탄해요 그리구 기장도 괜찮아여 두툼해사 잘입읗거같아여,없음
https://www.musinsa.com/products/4296111,wool blended crewneck knit (charcoal),없음,없음,"108,000원",노운,https://image.msscdn.net/mfile_s01/_brand/free_medium/noun.png?20200608153142,상의,니트/스웨터,https://image.msscdn.net/thumbnails/images/goods_img/20240805/4296111/4296111_17260343446268_big.jpg?w=1200,없음,없음,https://image.msscdn.net/thumbnails/images/prd_img/20240805/4296111/detail_4296111_17260343507377_big.jpg?w=1200,knit_0132,196,700회 이상 (최근 1개월),없음,후기 13개,없음,핏이 예쁩니다. 맨살에 입으면 살짝 따갑습니다. 소매 부분 특이합니다,한달후기 아주 좋아요 핏도 제품 이미지에 보인는 것 처럼 예쁩니다,너무 예쁘게 입을것 같습니드 살짝 마감은 아쉽..습니다,겨울철에 이너로 좋아요~ 핏도 적당히 오버해서 딱 맞습니다,한달후기 라벤더 구매하고 맘에 들어서 그레이 하나 더 추가 구매
https://www.musinsa.com/products/4694287,데미지드 브이넥 리브드 니트 [스킨 핑크],"65,000원",20%,"52,000원",헬레네파리스,https://image.musinsa.com/mfile_s01/_brand/free_medium/heleneparis.png?20240503161520,상의,니트/스웨터,없음,없음,없음,https://image.msscdn.net/thumbnails/images/goods_img/20250102/4694287/4694287_17376975288373_big.jpg?w=1200,knit_0133,670,5.8천 회 이상 (최근 1개월),없음,없음,없음,없음,없음,없음,없음,없음
https://www.musinsa.com/products/4544997,데미지드 브이넥 리브드 니트 [블랙],"65,000원",20%,"52,000원",헬레네파리스,https://image.musinsa.com/mfile_s01/_brand/free_medium/heleneparis.png?20240503161520,상의,니트/스웨터,없음,없음,없음,https://image.msscdn.net/thumbnails/images/goods_img/20241022/4544997/4544997_17296428402546_big.jpg?w=1200,knit_0134,"1,493",6.4천 회 이상 (최근 1개월),없음,후기 19개,4.7,몸매를 되게 핏하게 만들어줘서 너무 이뻐요! 옷에 있는 데미지도 포인트도 마음에 들어요 약간 따갑긴 한데 막 심할 정도는 아니라서 괜찮아요 브이넥이지만 심하게 파인게 아니라서 딱 좋아요 단독으로 입기에는 춥고 아우터랑 같이 입어야줘야 되는 두께감이에요,몸매를 되게 핏하게 만들어줘서 너무 이뻐요! 옷에 있는 데미지도 포인트도 마음에 들어요 약간 따갑긴 한데 막 심할 정도는 아니라서 괜찮아요 브이넥이지만 심하게 파인게 아니라서 딱 좋아요 단독으로 입기에는 춥고 아우터랑 같이 입어야줘야 되는 두께감이에요,이거 입고 다른 색 찾으러 용산 다녀왔음ㅎ 예쁘고 튼튼해요 슬림하게 나온 것 치고 도톰함 다른 색도 또 사구싶음,한달후기 이 니트 정말 이쁘고 몸매를 진짜 이쁘게 잡아줘요 이 옷 입은 사진 보여주거나 입은 모습 보면 친구들이 다 이쁘다고 칭찬해주고 너무 마음에 드는 옷이에요,소매 단추가 귀여워용 팔길이가 길게 나와서 핏이 예뻐요
https://www.musinsa.com/products/4280139,SPRAY DYEING KNIT - BLACK,"119,000원",10%,"107,100원",노매뉴얼,https://image.msscdn.net/mfile_s01/_brand/free_medium/nomanual.png?20200608153142,상의,니트/스웨터,https://image.msscdn.net/thumbnails/images/goods_img/20240729/4280139/4280139_17231687880280_big.jpg?w=1200,https://image.msscdn.net/thumbnails/images/prd_img/20240729/4280139/detail_4280139_17235393847806_big.jpg?w=1200,https://image.msscdn.net/thumbnails/images/prd_img/20240729/4280139/detail_4280139_17235393858558_big.jpg?w=1200,https://image.msscdn.net/thumbnails/images/prd_img/20240729/4280139/detail_4280139_17235393877343_big.jpg?w=1200,knit_0135,"4,565",7.7천 회 이상 (최근 1개월),없음,후기 134개,4.9,덩치가 좀 있는편인데 사이즈 안끼고 잘맞네요 근데 사람들이 자꾸 송장가루묻었다고 꼽줘요,디자인 미텼씀 진짜이쁨 노메뉴얼 이런 디자인 많이 내주세요ㅠㅠ,포장이 되게 꼼꼼히 와서 놀랐어요 니트 자체도 색감이 너무 이쁘게 잘 나와서 만족합니다,크롭하고 디자인도 안부담스허워서 너무 예쁘거 같습니다,검정니트 사려고 했는데 다른거와 달리 워싱이 들어가있어서 좋아요
https://www.musinsa.com/products/4280140,SPRAY DYEING KNIT - NAVY,"119,000원",10%,"107,100원",노매뉴얼,https://image.msscdn.net/mfile_s01/_brand/free_medium/nomanual.png?20200608153142,상의,니트/스웨터,https://image.msscdn.net/thumbnails/images/goods_img/20240729/4280140/4280140_17231687722353_big.jpg?w=1200,https://image.msscdn.net/thumbnails/images/prd_img/20240729/4280140/detail_4280140_17242268801275_big.jpg?w=1200,https://image.msscdn.net/thumbnails/images/prd_img/20240729/4280140/detail_4280140_17235393248703_big.jpg?w=1200,https://image.msscdn.net/thumbnails/images/prd_img/20240729/4280140/detail_4280140_17235393277696_big.jpg?w=1200,knit_0136,"1,382",4.9천 회 이상 (최근 1개월),없음,후기 34개,4.9,오버핏이 이쁘고 나염이 멋드러집니다. 배송은 좀 느렸지만 만족!,색감이 생각했던 거랑 거의 일치해서 베리 만족 그리고 부들부들해서 느낌도 좋음,한달후기 다잉 때문에 생각 보다 밝은 네이비 같은데 괜찮아요. 이쁘고 유니크해요,핏 좋고 질감 좋고 워싱도 유니크하고 니트 하나로 심심하지않게 포인트 줄수있어서 좋습니다,워싱 진짜 유니크하고 니트질감도 좋네요 한번 빨아서 말린담에 돌돌이 돌리면 어느정도 먼지는 잡히고 한두번 입으면 먼지는 다 없어질듯
https://www.musinsa.com/products/4335913,Chelsea Alpaca Cable Knit - Light Blue,"119,000원",10%,"107,100원",썸웨어버터,https://image.musinsa.com/mfile_s01/_brand/free_medium/somewherebutter.png?20240216172315,상의,니트/스웨터,https://image.msscdn.net/thumbnails/images/goods_img/20240816/4335913/4335913_17243147872491_big.jpg?w=1200,https://image.msscdn.net/thumbnails/images/prd_img/20240816/4335913/detail_4335913_17243147963638_big.jpg?w=1200,https://image.msscdn.net/thumbnails/images/prd_img/20240816/4335913/detail_4335913_17243147972233_big.jpg?w=1200,https://image.msscdn.net/thumbnails/images/prd_img/20240816/4335913/detail_4335913_17243147983294_big.jpg?w=1200,knit_0137,"1,578",700회 이상 (최근 1개월),없음,후기 20개,없음,색감은 보이는것처럼 너무 이쁜 소라색이에요! 근데 제가 예민한 편인지 입었을때 생각보다 많이 따가워서 그게 조금 아쉬워요ㅠㅠ,한달후기 색깔이 너무 예뻐요! 딱 예쁜 소라색이에요! 생각보다 크롭이긴 해요,컬러가 너무 예뻐서 구매했어요! 따뜻하고 핏 좋아요!,컬러가 화면이랑 다를까봐 고민했는데 받아보니 너무 만족합니다!,색감이 마음에 들어서 구매했는데 화면이랑 똑같습니다
https://www.musinsa.com/products/4262456,PURE WOOL WHOLEGARMENT KNIT_BLUE,"118,000원",10%,"106,200원",아웃스탠딩,https://image.musinsa.com/mfile_s01/_brand/free_medium/outstanding.png?20200730105116,상의,니트/스웨터,https://image.msscdn.net/thumbnails/images/goods_img/20240719/4262456/4262456_17374246151899_big.jpg?w=1200,https://image.msscdn.net/thumbnails/images/prd_img/20240719/4262456/detail_4262456_17374246218999_big.jpg?w=1200,https://image.msscdn.net/thumbnails/images/prd_img/20240719/4262456/detail_4262456_17374246228247_big.jpg?w=1200,https://image.msscdn.net/thumbnails/images/prd_img/20240719/4262456/detail_4262456_17374246247019_big.jpg?w=1200,knit_0138,"1,110",4.3천 회 이상 (최근 1개월),없음,후기 72개,4.7,"핏 색감 너무너무 만족합니다. 다만, 맨살에 입기에는 너무 까칠까칠합니다.",한달후기 옷이 무겁지 않고 가벼워서 좋은 것 같아요. 다만 기장이 조금 여유있게 나온 편이라 크롭으로 입고 싶으신 분들은 생각을 좀 더 해보심이 좋을 것 같아요. 저는 잘 입고 있습니다.,색감이 매우 좋아요. 만족합니다. 울 100이라 좋아보입니다,색감이 매우 좋아요. 만족합니다. 울 100이라 좋아보입니다,핏은 정말 무난하고 퀄리티도 만족합니다!! 다만 생각보다 조금 더 밝은 느낌이네요.
https://www.musinsa.com/products/4648269,남성) 헤비 하찌 조직 스웨터_EPE4ER1330,"89,900원",67%,"29,900원",프로젝트엠,https://image.musinsa.com/mfile_s01/_brand/free_medium/projectm.png?20230927145035,상의,니트/스웨터,https://image.msscdn.net/thumbnails/images/goods_img/20241203/4648269/4648269_17332135223941_big.jpg?w=1200,https://image.msscdn.net/thumbnails/images/prd_img/20241203/4648269/detail_4648269_17332135232731_big.jpg?w=1200,https://image.msscdn.net/thumbnails/images/prd_img/20241203/4648269/detail_4648269_17332135235500_big.jpg?w=1200,https://image.msscdn.net/thumbnails/images/prd_img/20241203/4648269/detail_4648269_17332135238599_big.jpg?w=1200,knit_0139,1,,없음,없음,없음,없음,없음,없음,없음,없음
https://www.musinsa.com/products/4471720,세인트 럭비 스트라이프 스웨터 ( 네이비 ),"110,000원",5%,"104,500원",레터프롬문,https://image.musinsa.com/mfile_s01/_brand/free_medium/letterfrommoon.png?20240213170316,상의,니트/스웨터,https://image.msscdn.net/thumbnails/images/prd_img/20240927/4471720/detail_4471720_17276560496373_big.jpg?w=1200,https://image.msscdn.net/thumbnails/images/prd_img/20240927/4471720/detail_4471720_17276560506807_big.jpg?w=1200,없음,https://image.msscdn.net/thumbnails/images/goods_img/20240927/4471720/4471720_17276560401995_big.jpg?w=1200,knit_0140,"2,062",6.6천 회 이상 (최근 1개월),없음,후기 13개,4.9,"넘예쁨요, 다른컬러도 구매각 잴듯~~ 럭비티셔츠 좋아해서 폴로만 구매하는스탈인데 요건니트인데도 폴로가격 반도안됨ㅎ",세상에 왕 예뻐요. 스프라이트가 정말 특이 합니다. 맨투맨 같은 디자인에 니트라니요. 손에 꼽을 만큼 예뻐요. 재질도 비싼 티가 납니다.,세상에 왕 예뻐요. 스프라이트가 정말 특이 합니다. 맨투맨 같은 디자인에 니트라니요. 손에 꼽을 만큼 예뻐요. 재질도 비싼 티가 납니다.,한달후기 가격은 좀 비싼 것 같긴한데 무난하게 편하게 입기 좋은 것 같아요 잘입고있어요 만족합니다,한달후기 꾸미지 않았는데 꾸민 느낌같이 넘 예뻐서 잘 입고 다니고 있어요!!
https://www.musinsa.com/products/4398691,Fine merino wool crew neck pullover_Lamb,"149,000원",30%,"104,300원",우마뭉,https://image.musinsa.com/mfile_s01/_brand/free_medium/umarmung.png?20220421110551,상의,니트/스웨터,https://image.msscdn.net/thumbnails/images/goods_img/20240903/4398691/4398691_17265743641083_big.jpg?w=1200,https://image.msscdn.net/thumbnails/images/prd_img/20240903/4398691/detail_4398691_17266493096503_big.jpg?w=1200,https://image.msscdn.net/thumbnails/images/prd_img/20240903/4398691/detail_4398691_17266493105411_big.jpg?w=1200,https://image.msscdn.net/thumbnails/images/prd_img/20240903/4398691/detail_4398691_17266493114726_big.jpg?w=1200,knit_0141,95,450회 이상 (최근 1개월),없음,후기 4개,없음,목 부분이 다른 니트들이랑 달라서 처음에는 당황했는데 나름 포인트로 좋은 듯요. 부드럽고 좋아용,색상도 너무 이쁘고 사이즈도 저한테 딱이에요 전체적으로 마음에 들어요,사이즈도 딱맞고 까칠하지않고 부드러워서 이너없이 입어도될듯요,퀄리티도 좋고 색감도 좋아서 자주 입을 것 같아요,없음
https://www.musinsa.com/products/4708656,UNISEX BUTTONED CREWNECK SWEATER_UDSW5A107_IVORY,"109,000원",5%,"103,550원",던스트 포 우먼,https://image.musinsa.com/mfile_s01/_brand/free_medium/dunstforwomen.png?20201028145204,상의,니트/스웨터,https://image.msscdn.net/thumbnails/images/goods_img/20250109/4708656/4708656_17374519620735_big.jpg?w=1200,https://image.msscdn.net/thumbnails/images/prd_img/20250109/4708656/detail_4708656_17374519628748_big.jpg?w=1200,없음,https://image.msscdn.net/thumbnails/images/prd_img/20250109/4708656/detail_4708656_17374519630881_big.jpg?w=1200,knit_0142,73,1.1천 회 이상 (최근 1개월),없음,후기 4개,3.8,"품이나 길이, 목둘레, 소재 모두 맘에 들고 아우터안에 이너로 딱",가격 대비 별로에요 세일한 가격에 샀는데도 비싸다는 생각이 들어요ㅠ 니트 거친 재질이라 맨 살에 입으면 따갑고 얇은 편입니다,"생각보다 얇고 품이 넉넉합니다. 그리고 길이가 길어요, 가격대비 까슬하고 별로에요..",핏이나 색상은 화면대로라 만족입니다! 약간 까슬거리긴하네요! 계속 입고잇음 신경쓰일거 같김해요 그래도 옷은 맘에듭니다,없음
https://www.musinsa.com/products/4650630,노먼 브러쉬 노르딕 니트_Ivory,"69,900원",29%,"49,900원",맨인스토어 프로덕트,https://image.musinsa.com/mfile_s01/_brand/free_medium/maninstore.png?20240108135743,상의,니트/스웨터,없음,없음,없음,https://image.msscdn.net/thumbnails/images/goods_img/20241205/4650630/4650630_17345735346863_big.jpg?w=1200,knit_0143,"4,770",2만 회 이상 (최근 1개월),없음,후기 62개,4.8,선물용으로 사서 사진은 없어요 ㅜㅠ 맘에 들어했던 것 같고 실제로도 예뻤어요!! 추천합니당,생각보다 더 마음에 들었어요 길이도 통도 좋게 맞아서 기쁜 좋아요 선물 주려고 하나 더 샀는데 너무 마음에 드네요,생각보다 더 마음에 들었어요 길이도 통도 좋게 맞아서 기쁜 좋아요 선물 주려고 하나 더 샀는데 너무 마음에 드네요,한달후기 목 안늘어나서 좋고요 여전히 따듯하고 이쁘게 잘 입고 있습니다,어느바지에나 다 잘울리는 색상이네요 사이즈 잘맞고 두꺼운 니트는 아니라 자켓안에 입기도 괜찮아요
https://www.musinsa.com/products/4423652,우먼스 엠블럼 케이블 니트 하프 집업 (White),"129,000원",20%,"103,200원",에이치덱스,https://image.musinsa.com/mfile_s01/_brand/free_medium/hadex.png?20220929173733,스포츠/레저,상의,https://image.msscdn.net/thumbnails/images/goods_img/20240910/4423652/4423652_17268255010088_big.jpg?w=1200,없음,없음,https://image.msscdn.net/thumbnails/images/prd_img/20240910/4423652/detail_4423652_17268255017846_big.jpg?w=1200,knit_0144,309,900회 이상 (최근 1개월),없음,후기 7개,없음,짱짱하고 예뻐요 !!! 축 쳐진게 입으면 여리여리 해보여요 아쉬운건 목이 좀 답답해요 ! 지퍼가 좀 길었으면 더 좋았겠지만 그래도 커버 할 정도로 예뻐요 팔 부분에 약간 마감처리가 아쉽긴 하지만 예쁘니까 괜찮아요...,한달후기 넘 예뻐요. 지금 계절보다 가을쯤 단독으로 입었을때 진짜 예뻐서 다 물어봤어요. 옷 자체는 살짝 무겁고 ( 특히 목 부분). 3~4부 레깅스에 이거 입고 다니면 진짜 예뻐요.,한달후기 모델핏은 안나지만 루즈하게 떨어지는게 나름 날씬해보이고 이쁩니다^^,에이치덱스 스포츠 의류 브랜드 같았는데 이거 너뮤 예쁜데요?? 퀄도 그렇고 생긴것도 사짐 그대로 여리여리 여성 같음 이쁨,우와 너무 예뻐요. 168 기장은 엉덩이 살짝아래. 팔은 길어서 한 번 접어입어요. 단점은 목이 부분이 많이 두꺼워요. 그래서 다 올려입으면 살짝 답답하네요
https://www.musinsa.com/products/4483619,TCM starfish mini logo mohair knit (beige),"114,000원",10%,"102,600원",더콜디스트모먼트,https://image.musinsa.com/mfile_s01/_brand/free_medium/thecoldestmoment.png?20200710145248,상의,니트/스웨터,https://image.msscdn.net/thumbnails/images/goods_img/20241002/4483619/4483619_17290472539185_big.jpg?w=1200,https://image.msscdn.net/thumbnails/images/prd_img/20241002/4483619/detail_4483619_17290472616388_big.jpg?w=1200,https://image.msscdn.net/thumbnails/images/prd_img/20241002/4483619/detail_4483619_17290472627843_big.jpg?w=1200,https://image.msscdn.net/thumbnails/images/prd_img/20241002/4483619/detail_4483619_17290472656655_big.jpg?w=1200,knit_0145,"14,827",5만 회 이상 (최근 1개월),1.4천 개 이상,후기 181개,4.8,맨몸으로 입으면 좀 까끌거리긴 한데 반팔 하나 입으면 충분히 괜찮고 따땃해서 죠씁니다,생각보다 얇고 보풀 난 것 처럼 보이는 게 심한데  핏 이쁘고 색감 좋아서 잘 입을게요.,재질도 좋고 디자인도 좋고 따뜻하고 예뻐요 커플룩으로 샀슴다,이너로도 좋고 단품으로도 좋네요 다만 좀 따갑긴합니다 니트는 이뻐요!!!,정말 좋아여 무조건 구매하세여 진짜 후회절대 안합니다
https://www.musinsa.com/products/4483616,TCM starfish mini logo mohair knit (charcoal),"114,000원",10%,"102,600원",더콜디스트모먼트,https://image.musinsa.com/mfile_s01/_brand/free_medium/thecoldestmoment.png?20200710145248,상의,니트/스웨터,https://image.msscdn.net/thumbnails/images/goods_img/20241002/4483616/4483616_17290472745140_big.jpg?w=1200,https://image.msscdn.net/thumbnails/images/prd_img/20241002/4483616/detail_4483616_17290472806587_big.jpg?w=1200,https://image.msscdn.net/thumbnails/images/prd_img/20241002/4483616/detail_4483616_17290472818456_big.jpg?w=1200,https://image.msscdn.net/thumbnails/images/prd_img/20241002/4483616/detail_4483616_17290472841178_big.jpg?w=1200,knit_0146,"6,861",1.9만 회 이상 (최근 1개월),없음,후기 104개,4.8,디자인이 너무 이쁘고 가슴에 박힌 자수가 매력이에요,따뜻해서 좋아요 근데 살짝 따갑고 간지러운 것 같아요 안에 이너 입고 입으셔야 할 듯 합니다,"정말 마음에 들어요! 이 니트는 모헤어 소재라서 착용감이 진짜 부드럽고, 겨울에 입기 딱 좋을 정도로 따뜻해요. 차콜 컬러가 너무 고급스럽고, 기본적인 색이라 어떤 스타일에도 잘 어울리더라고요. 특히 불가사리 디자인이 너무 매력적이에요. 로고 대신 불가사리 모양이 포인트가 돼서, 뭔가 유니크하고 세련된 느낌이 들어서 더 특별한 아이템 같아요.  디자인은 정말 고급스러우면서도 캐주얼한 느낌을 주는 것 같아서, 데일리로 자주 입을 수 있을 것 같아요. 착용할 때 몸에 자연스럽게 핏이 맞고, 너무 딱 붙지도, 너무 루즈하지도 않아서 편안하게 입을 수 있어요. 겨울철에는 이 니트만 입어도 충분히 따뜻하고 스타일리시해 보이니까, 하나쯤은 꼭 갖고 있어야 할 아이템인 것 같아요.  모헤어 특성상 관리가 조금 섬세해야 한다는 점만 유의하면, 디자인, 착용감, 보온성 모두 만족스러워서 겨울 내내 자주 입게 될 것 같아요. 가격대에 비해 퀄리티도 괜찮고, 정말 멋진 아이템이에요!","이렇게 귀여운 니트가 있다니!!! 베이지로 넣어놨다가 도저히 사이즈가 안 풀려서 차콜로 구매했는데 아주 좋네요. 가을/겨울/ 그리고 봄까지 쭉 입을 수 있는 니트입니다. 불가사리도 귀여운데 니트가 주는 포근함이 사람을 따뜻한 남자로 만들어준달까요? 그 따뜻한 온기 속 마치 장미 같은 약간의 따가움은 감수한다면 맨몸, 그게 싫다면 안에 이너 꼭 받쳐입으시면 올해엔 여친 생기실 겁니다",모헤어 니트라 맨 살에 입으면 조금 따갑지만 옷은 너무 예뻐요
https://www.musinsa.com/products/4321374,태즈메이니아 크루넥 풀오버 시나몬,"169,000원",40%,"101,400원",라이즈앤빌로우,https://image.musinsa.com/mfile_s01/_brand/free_medium/riseandbelow.png?20220722143849,상의,니트/스웨터,https://image.msscdn.net/thumbnails/images/goods_img/20240812/4321374/4321374_17247456298733_big.jpg?w=1200,https://image.msscdn.net/thumbnails/images/prd_img/20240812/4321374/detail_4321374_17242298940975_big.jpg?w=1200,https://image.msscdn.net/thumbnails/images/prd_img/20240812/4321374/detail_4321374_17242298947841_big.jpg?w=1200,https://image.msscdn.net/thumbnails/images/prd_img/20240812/4321374/detail_4321374_17247456480524_big.jpg?w=1200,knit_0147,42,300회 이상 (최근 1개월),없음,후기 2개,없음,한달후기 사실 니트는 싼마이도 많지만 가격대비 이 정도 퀄 나오는 곳도 없는 것.같아요. 재작년 우연히 하나 입고 매년 색깔 별로 한 두개씩 구입하다보니 색만 다른 같은 니트가 대여섯벌 정도 되네요. 그 만큼 좋은 니트입니다. 강추요! ㅎ,깔끔하니 재질도 좋고 좋았어요 다른 제품도 사볼의향이 있네요,없음,없음,없음
https://www.musinsa.com/products/4321365,태즈메이니아 크루넥 풀오버 다크네이비,"169,000원",40%,"101,400원",라이즈앤빌로우,https://image.musinsa.com/mfile_s01/_brand/free_medium/riseandbelow.png?20220722143849,상의,니트/스웨터,https://image.msscdn.net/thumbnails/images/goods_img/20240812/4321365/4321365_17242294697939_big.jpg?w=1200,https://image.msscdn.net/thumbnails/images/prd_img/20240812/4321365/detail_4321365_17242294763371_big.jpg?w=1200,https://image.msscdn.net/thumbnails/images/prd_img/20240812/4321365/detail_4321365_17242294771405_big.jpg?w=1200,https://image.msscdn.net/thumbnails/images/prd_img/20240812/4321365/detail_4321365_17242294911218_big.jpg?w=1200,knit_0148,39,300회 이상 (최근 1개월),없음,후기 8개,없음,한달후기 까끌거리는 니트 좋아하지 않는데 라이즈앤빌로우 니트는 촉감이 굉장히 부드럽고 따뜻합니다. 다른 색상도 추가 구매하고 싶어요.,한달후기 너무 잘입고 있어요. 보플도 잘 안일어나고요. 검정색 xl재입고 되면 구매할려고 알람설정해놨는데.. 아직도 재입고가 안되서 ㅠㅠ 무튼..재질이며 핏이며 최애니트,배송도 좋았고요. 단품으로 입어도 될만큼 까슬거림없이 부드럽고 좋아요. 너무 뻣뻣하지않고 흐늘거려서 루즈하게 입어도 좋네요.,신랑주기전에 제가 미리입어봤는데.. 민감한피분데도 까슬거림 하나도 없어요. 단품으로 입어도 됩니다!! 저는 160.48 제가입어도 루즈하니 너무이뻐요. 다른 색상도 구입해서 신랑이랑 같이 입으려고요 신랑은 177.82.핏되게 잘맞아요^^,"한달후기 부들부들한 촉감에 따뜻해요, 사이즈는 작년제품보다 작아진 느낌"
https://www.musinsa.com/products/3833446,캐시팝 트위드 크루넥 니트 (라임그린),"110,000원",10%,"99,000원",쿠어,https://image.musinsa.com/mfile_s01/_brand/free_medium/coor.png?20210907122610,상의,니트/스웨터,없음,없음,없음,https://image.msscdn.net/thumbnails/images/goods_img/20240130/3833446/3833446_17067541807914_big.jpg?w=1200,knit_0149,531,2.2천 회 이상 (최근 1개월),없음,후기 147개,4.9,색감이 예쁘고 봄 가을에 착용하기 좋습니다. 맘에드네요,니트 입어봤을때 너무 이뻐서 샀어요 ㅎㅎ 쫀쫀하고 질도 좋고 정말 색감도 이쁜거 같아요 ㅎㅎ 배송도 정말 빠르게 꼼꼼하게 오고 쿠어 니트 정말 맛도리인거 같아요!! 너무 이쁩니다. ㅎㅎ 이쁘게 잘 입겠습니다,목 부분이 좀 느슨한 게 단점이라면 단점이겠네요. 좀 더 타이트한 느낌을 원했는데 조금 아쉽긴 해요. 그 외엔 다 좋아요 :),니트 입어봤을때 너무 이뻐서 샀어요 ㅎㅎ 쫀쫀하고 질도 좋고 정말 색감도 이쁜거 같아요 ㅎㅎ 배송도 정말 빠르게 꼼꼼하게 오고 쿠어 니트 정말 맛도리인거 같아요!! 너무 이쁩니다. ㅎㅎ 이쁘게 잘 입겠습니다,니트 입어봤을때 너무 이뻐서 샀어요 ㅎㅎ 쫀쫀하고 질도 좋고 정말 색감도 이쁜거 같아요 ㅎㅎ 배송도 정말 빠르게 꼼꼼하게 오고 쿠어 니트 정말 맛도리인거 같아요!! 너무 이쁩니다. ㅎㅎ 이쁘게 잘 입겠습니다
https://www.musinsa.com/products/4407905,[FC서울] 스트라이프 카라 블록 니트_레드,"109,000원",10%,"98,100원",1993스튜디오,https://image.musinsa.com/mfile_s01/_brand/free_medium/1993studio.png?20210127142340,상의,니트/스웨터,https://image.msscdn.net/thumbnails/images/goods_img/20240905/4407905/4407905_17258446846909_big.jpg?w=1200,없음,없음,https://image.msscdn.net/thumbnails/images/prd_img/20240905/4407905/detail_4407905_17258446940117_big.jpg?w=1200,knit_0150,499,1.8천 회 이상 (최근 1개월),없음,후기 9개,4.6,서울 팬은 아니지만 디자인이 너무 이뻐서 산 느낌 입니다,한달후기 수호신으로서 못 참고 산 옷인데 상당히 마음에 듭니다 두께감도 그렇고 가을시즌 경기 보러 가기 좋아용,지금 입기 딱 좋은 두께입니다 검빨 스트라이프가 넘 예뻐요,한달후기 북붕이 필수템입니다 L사이즈 110정도 되는듯요 검빨이 넘 예쁩니다,보들보들하고 생각보다 두툼하진 않지만 예쁩니다!
https://www.musinsa.com/products/4404144,컷아웃 니트 아이보리,"139,000원",30%,"97,300원",플랙 우먼,https://image.musinsa.com/mfile_s01/_brand/free_medium/placforwomen.png?20220216134108,상의,니트/스웨터,https://image.msscdn.net/thumbnails/images/goods_img/20240904/4404144/4404144_17295639767797_big.jpg?w=1200,https://image.msscdn.net/thumbnails/images/prd_img/20240904/4404144/detail_4404144_17295639841355_big.jpg?w=1200,https://image.msscdn.net/thumbnails/images/prd_img/20240904/4404144/detail_4404144_17295639879205_big.jpg?w=1200,https://image.msscdn.net/thumbnails/images/prd_img/20240904/4404144/detail_4404144_17254342447063_big.jpg?w=1200,knit_0151,56,100회 이상 (최근 1개월),없음,없음,없음,없음,없음,없음,없음,없음
https://www.musinsa.com/products/4491759,Static Knit Sweater Green,"139,000원",30%,"97,300원",디스이즈네버댓,https://image.musinsa.com/mfile_s01/_brand/free_medium/thisisneverthat.png?20240122174353,상의,니트/스웨터,https://image.msscdn.net/thumbnails/images/prd_img/20241007/4491759/detail_4491759_17283615803377_big.jpg?w=1200,https://image.msscdn.net/thumbnails/images/prd_img/20241007/4491759/detail_4491759_17283615813629_big.jpg?w=1200,없음,https://image.msscdn.net/thumbnails/images/goods_img/20241007/4491759/4491759_17283615730620_big.jpg?w=1200,knit_0152,728,2.9천 회 이상 (최근 1개월),없음,후기 16개,없음,로고 플레이 없어서 좋음 스트릿한 배색에 핏도 약간 여유 있어 굳,인간잔디가 된 기분이에여 푸르릇푸르릇 아주 이쁘오,질감 색상 핏 모두 좋아요. 하의 밝은거 어두운거에 모두 어울려서 편하게 입을수 있어요.,한달후기 짱짱하게 마감도 좋고 가성비도 좋아요! 추천드려요!,한달후기 짱짱하게 마감도 좋고 가성비도 좋아요! 추천드려요!
https://www.musinsa.com/products/4758040,컬러 워크 카라 집업 니트 자켓 [베이지],"58,000원",21%,"46,000원",트릴리온,https://image.musinsa.com/mfile_s01/_brand/free_medium/trillion.png?20210702123042,상의,니트/스웨터,https://image.msscdn.net/thumbnails/images/goods_img/20250204/4758040/4758040_17388087698251_big.jpg?w=1200,https://image.msscdn.net/thumbnails/images/prd_img/20250204/4758040/detail_4758040_17388087780249_big.jpg?w=1200,https://image.msscdn.net/thumbnails/images/prd_img/20250204/4758040/detail_4758040_17388087793199_big.jpg?w=1200,https://image.msscdn.net/thumbnails/images/prd_img/20250204/4758040/detail_4758040_17388087878411_big.jpg?w=1200,knit_0153,118,1.1천 회 이상 (최근 1개월),없음,없음,없음,없음,없음,없음,없음,없음
https://www.musinsa.com/products/4278935,밀라노 울 코튼 라운드넥 풀오버 니트 ( 5 COLOR ),"105,000원",10%,"94,500원",엘무드,https://image.musinsa.com/mfile_s01/_brand/free_medium/lmood.png?20240521135228,상의,니트/스웨터,https://image.msscdn.net/thumbnails/images/prd_img/20240729/4278935/detail_4278935_17242040548352_big.jpg?w=1200,https://image.msscdn.net/thumbnails/images/prd_img/20240729/4278935/detail_4278935_17242040622482_big.jpg?w=1200,없음,https://image.msscdn.net/thumbnails/images/goods_img/20240729/4278935/4278935_17283569219323_big.jpg?w=1200,knit_0154,"2,232",7천 회 이상 (최근 1개월),1.8천 개 이상,후기 585개,4.9,44사이즈 적당히 핏하고 좋습니다. 짱짱하고 보들보들합니다. 외투랑 같이입어도 부담스럽지 않을 두께입니다.,이따구로 찍어도 되나.. 엘무드 니트와 맨시티 어웨이 팬츠입니다.,블랙 · 48 구매,예쁘고 디테일 살아있고 좋습니다. 잘 입고 있어요^^,"엘무드는 역시 니트 맛집,,  울50코튼50에 두께는 얇은 편인데 신기하게 체형보정이 됨니당  핏이 진짜 예뻐요 평소 넣입 선호하는데 적당히 크롭해서 넣어입지 않아도 핏이 맛도리네요 요거..  넘 만족해서 아이보리랑 레드도 주문했습니다 굿스띠끼"
https://www.musinsa.com/products/4393144,[무료반품][문가영 착용]MINI BUTTERFLY SIGNATURE SLEEVE KNIT_CREAM BLACK,"118,000원",20%,"94,400원",닉앤니콜,https://image.musinsa.com/mfile_s01/_brand/free_medium/nicknicole.png?20230717122249,상의,니트/스웨터,https://image.msscdn.net/thumbnails/images/goods_img/20240902/4393144/4393144_17254135393640_big.jpg?w=1200,https://image.msscdn.net/thumbnails/images/prd_img/20240902/4393144/detail_4393144_17252574872934_big.jpg?w=1200,https://image.msscdn.net/thumbnails/images/prd_img/20240902/4393144/detail_4393144_17254135275621_big.jpg?w=1200,https://image.msscdn.net/thumbnails/images/prd_img/20240902/4393144/detail_4393144_17252574902038_big.jpg?w=1200,knit_0155,"4,610",3.4천 회 이상 (최근 1개월),없음,후기 23개,4.5,"사진 그대로에요, 넉넉한 편은 아니지만 어깨 좀 넓은 편인데도 잘 맞아요 말라보이는 핏입니다. 질이 좋아서 맨살에 입어도 되겠어요 ㅎㅎ 적당히 짧아서 청바지랑 잘 어울리겠어용",한달후기 제 어깨가 조금 덜좁았으면 착용했을때 더 예뻐보였을것 같네요 ㅋ 부들부들 재질이 고급지고 부드러워요,핏도좋고 디자인도좋고 재질도좋고 가격도좋네요 강추합니다,허리 잘 잡아주고 디자인도 예뻐요 가을 겨울에 잘 입을 것 같아요,입었을때 재질이 부드럽고 좋아요 니트지만 두껍지 않고 얇아요 색상은 밝은 크림색입니다..살짝 짧은감이 있지만 보기보다 입었을때가 더예뻐요
https://www.musinsa.com/products/4454710,텍스처드 스트라이프 니트 2color,"106,000원",12%,"93,800원",더니트컴퍼니,https://image.msscdn.net/mfile_s01/_brand/free_medium/theknitcompany.png?1730949238237,상의,니트/스웨터,https://image.msscdn.net/thumbnails/images/goods_img/20240923/4454710/4454710_17270952637494_big.jpg?w=1200,없음,없음,https://image.msscdn.net/thumbnails/images/prd_img/20240923/4454710/detail_4454710_17271573397161_big.jpg?w=1200,knit_0156,119,600회 이상 (최근 1개월),없음,후기 6개,없음,176에 83키로 사이즈 딱 좋아요 오버핏으로 입긴 그렇것같아서 한 사이즈 줄였더니 세미로 입으니 이쁘네요,밑단 시보리 접으면 숏한 기장감에 핏좋구요. 확실한 캐주얼 포인트로 딱입니다.,한달후기 조금은 거친 느낌의 니트에요 그래도 예쁩니다 다만 기존 니트컴퍼니 같은 느낌을 기대하셨다면 그런 느낌과는 거리가있지만 상품은 나쁘지않습니더,한달후기 두툼하고 단가리 니트느낌 찐하게 강하게 나서 만족합니다 이뻐요,라운드넥도 짱짱하이 좋고 생각했던것보다 두툼하고 단가리니트 필요했는데 좋네요
https://www.musinsa.com/products/4351075,TCM starfish knit (charcoal),"104,000원",10%,"93,600원",더콜디스트모먼트,https://image.musinsa.com/mfile_s01/_brand/free_medium/thecoldestmoment.png?20200710145248,상의,니트/스웨터,https://image.msscdn.net/thumbnails/images/goods_img/20240821/4351075/4351075_17242506325713_big.jpg?w=1200,https://image.msscdn.net/thumbnails/images/prd_img/20240821/4351075/detail_4351075_17242506424144_big.jpg?w=1200,https://image.msscdn.net/thumbnails/images/prd_img/20240821/4351075/detail_4351075_17242506433646_big.jpg?w=1200,https://image.msscdn.net/thumbnails/images/prd_img/20240821/4351075/detail_4351075_17242506454456_big.jpg?w=1200,knit_0157,"7,611",1.2만 회 이상 (최근 1개월),없음,후기 107개,4.8,스커트 레이어드 스타일링이랑 너무 어울리는거 같아서 좋습니다,더콜디 니트 진짜 넘 예뻐요 .. 쪼금 까끌거리긴 하지만 안에 이너티 입고 입으면 문제 없어요 ! 예쁜 거 최고,편하고 귀여워서 이곳저곳 막 입고 있습니다. 추천추천,완전 이쁨 일상적 많이 입고 다닐수있어서 좋습니다,피부 예민하시면 안에 꼭.. 티 입고 입어야 할듯요.. 피부에 두드러기 자주 올라오는 편인데 저거 시착만 한다고 입었는데 두드러기 바로 올라왔어여; 근데 이쁨
https://www.musinsa.com/products/4351072,TCM starfish knit (black),"104,000원",10%,"93,600원",더콜디스트모먼트,https://image.musinsa.com/mfile_s01/_brand/free_medium/thecoldestmoment.png?20200710145248,상의,니트/스웨터,https://image.msscdn.net/thumbnails/images/goods_img/20240821/4351072/4351072_17242506547504_big.jpg?w=1200,https://image.msscdn.net/thumbnails/images/prd_img/20240821/4351072/detail_4351072_17242506680210_big.jpg?w=1200,https://image.msscdn.net/thumbnails/images/prd_img/20240821/4351072/detail_4351072_17242506686703_big.jpg?w=1200,https://image.msscdn.net/thumbnails/images/prd_img/20240821/4351072/detail_4351072_17242506702860_big.jpg?w=1200,knit_0158,"3,224",3.9천 회 이상 (최근 1개월),없음,후기 47개,4.8,겨울에 입으면 따듯하게 입을 수 있어요 편하고 좋아용,이쁘긴 엄청 이쁘고 후드티도 L이 잘 오버핏으로 잘맞았어서 L로 주문했는데 핏도 너무 좋아요. 근데 좀 더 탄탄한 원단인 줄 알았는데 그건 아니네요..그래도 막 흐물거리는 재질은 아닙니다. 핏은 좋아서 신기해요. 까끌거리는거 신경 잘 안쓰는 편인데도 많이 까끌거려서 안에 반팔은 입어야 할 것 같아요. 목은 뭔가 쉽게 늘어날 것 같은 재질입니다. 전체적으로 보풀도 잘 생기고 먼지도 잘 달라붙는 재질인데 솔직히 싼 티는 안나서 무난무난해요. 할인 받아서 7만원대에 샀는데 딱 그정도 값어치 하는 것 같아요 이쁘긴 정말 이쁩니다 블랙으로 사서 먼지 말고는 괜찮은 것 같아요 불가사리 귀여워요,더콜디스트모먼트는 그냥 믿고 사져 넘예뻐욥오,한달후기 다른 니트들과 비교했을때 까슬거리는 편이지만 프린팅이 이쁩니다~,한달후기 프린팅 귀여워여 160후반~170초반 분들은 사이즈 잘 맞을 듯합니다 다만 근데 옷아 좀 따갑
https://www.musinsa.com/products/4328686,헤어리 그래픽 로고 오버핏 자카드 니트 (BLUE),"52,000원",23%,"39,800원",트릴리온,https://image.musinsa.com/mfile_s01/_brand/free_medium/trillion.png?20210702123042,상의,니트/스웨터,https://image.msscdn.net/thumbnails/images/goods_img/20240814/4328686/4328686_17249552459456_big.jpg?w=1200,https://image.msscdn.net/thumbnails/images/prd_img/20240814/4328686/detail_4328686_17249552547761_big.jpg?w=1200,https://image.msscdn.net/thumbnails/images/prd_img/20240814/4328686/detail_4328686_17249552556412_big.jpg?w=1200,https://image.msscdn.net/thumbnails/images/prd_img/20240814/4328686/detail_4328686_17249552620178_big.jpg?w=1200,knit_0159,"29,964",11만 회 이상 (최근 1개월),9.4천 개 이상,후기 679개,4.7,"이 니트 옷은 정말 편안하고 따뜻해요. 부드러운 소재 덕분에 피부에 닿을 때 불편함이 없고, 착용감도 매우 좋습니다. 디자인도 깔끔하고 세련돼서 다양한 스타일에 잘 어울려요. 특히 겨울철에 입기 딱 좋은 두께감으로, 따뜻함을 유지하면서도 부담스럽지 않게 착용할 수 있답니다. 전반적으로 실용적이고 스타일리시한 아이템이라 만족스럽습니다","이 니트 옷을 구매한 뒤로 정말 만족스럽게 사용하고 있습니다. 우선, 소재부터 눈에 띄게 부드럽고 고급스러워요. 피부에 직접 닿아도 전혀 거칠거나 따갑지 않아서 착용감이 매우 좋습니다. 보통 니트 옷이 따가운 경우가 있는데, 이 제품은 그런 점이 전혀 없어서 기분 좋게 입을 수 있어요.  디자인은 클래식하면서도 현대적인 느낌을 줍니다. 기본적인 색상과 패턴이라서 어떤 하의와도 잘 어울리고, 데일리로 입기 좋아요. 특히, 이 니트의 핏이 너무 예쁘게 떨어져서 몸매를 잘 살려주고, 너무 과하거나 과하지 않게 자연스러운 실루엣을 만들어줍니다. 조금 여유 있는 핏이라서 활동할 때 불편함이 없고, 겨울에는 레이어드하기에도 좋습니다.  두께감도 적당히 두껍지만 너무 무겁지 않아서 겨울철에도 충분히 따뜻하게 입을 수 있어요. 또한, 과하지 않게 적당한 보온성을 제공해줘서 실내에서도 착용하기 좋은 정도입니다. 바람이 차가운 날에는 자켓이나 코트와 레이어드하면 완벽하게 보온성을 유지할 수 있어요.  종합적으로 보면, 이 니트는 가격대비 퀄리티가 정말 뛰어나고, 데일리로 활용하기 좋은 아이템입니다. 어떤 스타일에도 잘 어울리고, 보온성도 뛰어나 겨울철 필수 아이템이 될 것 같아요. 편안함과 스타일을 동시에 챙길 수 있는 옷이라 정말 만족스럽습니다",한달후기 오버핏으로 입는데 생각보다 괜찮은것 같아요 특히 로고가 젤 맘에 들어서 다른 색상도 하나 구매할 생각입니다 니트가 얇지 않고 따뜻해요 세탁을 했을때도 부풀이나 실밥 뛰어나오는게 없어서 좋아여,"니트 너무 따뜻하고 좋아요, 그리고 너무 색깔도 예쁩니다^^",🍀색감: 제품 상세컷보다 아주아주 약간 어둡습니다! 딥톤이신 분들 잘 어울릴 듯한 색감이에요 🍀촉감: 이너티없이 입어도 될 듯합니다!! (피부가 예민하신 분들은 입어야하는 그정도..!) 🍀핏: 167/53 어깨 살짝 있는 보통 체형인 제가 입었을 때 속에 딱 붙는 이너에 입으면 괜찮은데 잘못입으면 부해보이는 정도입니다! 그치만 오버핏 니트라 이정도면 👍👍
https://www.musinsa.com/products/4574856,인조이 절개 브이넥 니트 크림,"69,000원",35%,"44,850원",꼼파뇨,https://image.musinsa.com/mfile_s01/_brand/free_medium/compagno.png?20200914152203,상의,니트/스웨터,없음,없음,없음,https://image.msscdn.net/thumbnails/images/goods_img/20241030/4574856/4574856_17302811611215_big.jpg?w=1200,knit_0160,383,900회 이상 (최근 1개월),없음,후기 6개,4.3,한달후기 핏이나 색감은 예쁜데 디테일이 별로라 아쉬워요,"시키기 전까지도 m, l 끝까지 고민했는데 m 시켯으면 애매햇을 거 같네요! l 시켯는데 브이넥 딱 예쁘게 파엿고 막 노출이 심하거나 그러진 않아요! 핏도 예쁘게 떨어져서 잘 입고 다닐 수 잇을 듯여",한달후기 가격에비해 너무좋은핏 질도좋고 완벽합니다 팔이더길었음 더이뻣음,이런 스타일에 옷을 좋아하는데 색감이나 디자인이 너무 괜찮네요,옆구리 마감이 좀 아쉽지만 걍 입을게요 나머지는 괜찮아요
https://www.musinsa.com/products/4297172,페일옐로우 세미오버핏 울캐시미어 에센셜 크루넥 니트 (TNSW4F200Y2),"99,000원",8%,"91,080원",티엔지티,https://image.musinsa.com/mfile_s01/_brand/free_medium/tngt.png?20210208165225,상의,니트/스웨터,https://image.msscdn.net/thumbnails/images/goods_img/20240805/4297172/4297172_17228420324924_big.jpg?w=1200,https://image.msscdn.net/thumbnails/images/prd_img/20240805/4297172/detail_4297172_17228420334024_big.jpg?w=1200,없음,https://image.msscdn.net/thumbnails/images/prd_img/20240805/4297172/detail_4297172_17228420337012_big.jpg?w=1200,knit_0161,102,850회 이상 (최근 1개월),없음,후기 6개,없음,마음에 들어요! 아주 잘 샀다는 생각이 듭니다 굳 최고,색상이 이뻐서 구매했어요 파스텔톤의 니트 너무 이쁘네요,생각한만큼 색상도 이쁘고.재질도 고급스럽습니다,파스텔톤의 노란색이 따뜻한 느낌을 줘서 좋아요~ 너무 두껍지도 얇지도 않아서 아우터안에 입기에 딱좋네용,가볍고 원단 느낌도 좋아여 두깨도 너무 적당한 두께 라 겨울에 잘 입을 것 같아요 세미 오버핏이라서 슬림한 느낌은 아니고 너무 루즈한 느낌도 아니라 편하게 잘입을것 같아요
https://www.musinsa.com/products/4572303,BS 헤비 울 브이넥 스웨터 - 레드,"129,000원",,,배드블러드,https://image.msscdn.net/mfile_s01/_brand/free_medium/badblood.png?1729563668357,상의,니트/스웨터,https://image.msscdn.net/thumbnails/images/goods_img/20241030/4572303/4572303_17331045763297_big.jpg?w=1200,없음,없음,https://image.msscdn.net/thumbnails/images/prd_img/20241030/4572303/detail_4572303_17303689119092_big.jpg?w=1200,knit_0162,45,,없음,없음,없음,없음,없음,없음,없음,없음
https://www.musinsa.com/products/4470531,CLIQUE KNIT - MULTI,"129,000원",30%,"90,300원",브라운브레스,https://image.msscdn.net/mfile_s01/_brand/free_medium/brownbreath.png?20200608153142,상의,니트/스웨터,https://image.msscdn.net/thumbnails/images/goods_img/20240927/4470531/4470531_17276816794710_big.jpg?w=1200,https://image.msscdn.net/thumbnails/images/prd_img/20240927/4470531/detail_4470531_17276836406696_big.jpg?w=1200,https://image.msscdn.net/thumbnails/images/prd_img/20240927/4470531/detail_4470531_17276836415940_big.jpg?w=1200,https://image.msscdn.net/thumbnails/images/prd_img/20240927/4470531/detail_4470531_17276836433369_big.jpg?w=1200,knit_0163,43,150회 이상 (최근 1개월),없음,없음,없음,없음,없음,없음,없음,없음
https://www.musinsa.com/products/4438394,두굿_[에어울]블럭카라세미오버핏니트 - 2color MYKT7150,없음,없음,"89,900원",마인드브릿지,https://image.musinsa.com/mfile_s01/_brand/free_medium/mindbridge.png?20220104172245,상의,니트/스웨터,https://image.msscdn.net/thumbnails/images/goods_img/20240912/4438394/4438394_17268108267297_big.jpg?w=1200,https://image.msscdn.net/thumbnails/images/prd_img/20240912/4438394/detail_4438394_17268108176881_big.jpg?w=1200,https://image.msscdn.net/thumbnails/images/prd_img/20240912/4438394/detail_4438394_17268108168557_big.jpg?w=1200,https://image.msscdn.net/thumbnails/images/prd_img/20240912/4438394/detail_4438394_17268108125751_big.jpg?w=1200,knit_0164,105,1.2천 회 이상 (최근 1개월),없음,후기 25개,4.8,색 고민하다가 더 끌리는 블루로 샀어요 박시한 오버사이즈로 입기 죠음,혈육 생일로 사준건데 아주 마음에 들어해서 좋네요! 재질도 좋고 디자인도 귀염아방해서 뺏어입고 싶어요,한달후기 배송도 빠르고 품질이 너무 좋고 디자인도 너무 예쁩니다. 여러번 구입했지만 역시 믿고사는 브랜드 추천합니다!,너무 이쁘고 재질도 부드러워서 이너 없이도 입어도 될정도입니다.,한달후기 옷 두툼하고 핏도 좋습니다 따뜻해서 겨울에 잘입고있음
https://www.musinsa.com/products/4280555,AECA LOVE DOODLE KNIT-IVORY,"99,000원",10%,"89,100원",에이카화이트,https://image.musinsa.com/mfile_s01/_brand/free_medium/aecawhite.png?20240729120132,상의,니트/스웨터,https://image.msscdn.net/thumbnails/images/goods_img/20240729/4280555/4280555_17258615303664_big.jpg?w=1200,https://image.msscdn.net/thumbnails/images/prd_img/20240729/4280555/detail_4280555_17258615478329_big.jpg?w=1200,https://image.msscdn.net/thumbnails/images/prd_img/20240729/4280555/detail_4280555_17258615572595_big.jpg?w=1200,https://image.msscdn.net/thumbnails/images/prd_img/20240729/4280555/detail_4280555_17258615557463_big.jpg?w=1200,knit_0165,"4,603",7.1천 회 이상 (최근 1개월),없음,후기 66개,4.7,이번 블프 때 구매하고 겨우 1회 착용했는데 다시 입으려고 꺼내니까 보풀이ㅠㅠ…. 디자인은 정말 이쁜데 질이 너무 실망입니다. 절대 11만원이라곤 믿기지 않은 품질입니다. 2만원이라고 해도 믿을 것 같습니다ㅠㅠ,"빨간색을 좋아해서, 스냅백으로 포인트를 주고, 같은 빨간 로고까지..! 그리고 굉장히 가을햇빛에 화사하게 보이는 하트로고가 진짜 매력적인 니트입니다! 핏도 좋고, 두껍진않은데 엄청 따뜻해요","따뜻하고 좋아요. 세탁했는데 보풀도 안생기고~ 여기저기 받쳐입기 좋아요~ 아주 잘 입고, 있어요♡",핏도 좋고 재질도 마음에 드네요 추천합니다람쥐,#댄디룩 #여행코디 #깔끔한코디
https://www.musinsa.com/products/4704565,Oblique line button knit BLACK,"98,000원",10%,"88,200원",미세키서울,https://image.musinsa.com/mfile_s01/_brand/free_medium/misekiseoul.png?20230707140259,상의,니트/스웨터,https://image.msscdn.net/thumbnails/images/goods_img/20250108/4704565/4704565_17382879087125_big.jpg?w=1200,https://image.msscdn.net/thumbnails/images/prd_img/20250108/4704565/detail_4704565_17376996300913_big.jpg?w=1200,없음,https://image.msscdn.net/thumbnails/images/prd_img/20250108/4704565/detail_4704565_17373582878768_big.jpg?w=1200,knit_0166,"1,512",1.8만 회 이상 (최근 1개월),없음,후기 11개,없음,아진짜 너무 예쁘니까 고민되시는 분들(사실어느부분이고민되는지모르겠긴하지만) 그냥 킵고잉하세여 ㄹㅇ ㅇㅖ쁨ㅜ 아 그리고 팔 낄까봐 살짝 걱정했는데 괜찮았어용! 핏이 넘예 담에 증사찍을때 입어도 넘 예쁠거같아요 ㅎㅎ,"디쟌만 보고 넘 취향이라 냅다 사버린건데 핏도 농협은행,, 팔뚝살 부잔데 안 부해보이고 오히려 체형 커버도 되는 느ㅡ낌이에오 치마던 바지던 다 잘어울릴 거 같슴당 빨리 이 옷입고 놀러가고싶어용 !!! 인생샷 건질 듯💓 넘 맘에 들면 깔별로 쟁이는데 그레이 컬러도 살까 생각 듕이에요><",배송 오자마자 못 참고 바로 입고 나갔는데 너무 마음에 들어요! 부해 보이지 않고 딱 적당하게 핏해서 좋은 것 같아요ㅎㅎ 입고 가니까 다들 날씬해보인다 했어요...😆 소매길이도 안짧고 길어서 너무 마음에 들어요 전체적으로 만족스러운...!!!!,"색상마다 다 갖고싶어서 고민하다가 무료반품 이벤트 중이길래 냅다 질러버렸어요! 괜히 고민 한 것 같습니다.. 그레이도 사버릴까 고민 중..🌟 귀여우면서도 깔끔하고 깔끔하면서도 유니크함~~ 고민하시는 중이라면 시간만 지나갈 뿐. 언능 줍줍하세요!!!! 아니 그나저나 차콜은 안나오나요? 대기중,,🥺🥺","그레이도 구매했는데 블랙은 시크한 느낌이고, 그레이는 좀 더 귀여워요 ㅎㅎ 같은 디자인이지만 컬러에 따라 분위기가 달라져서 신기했어용!오히려 좋아~ 소재는 똑같이 포슬포슬해서 좋아용 미세키서울 감성 듬뿍 담기길 바랬는데 아주 만족합니당 넥 파임도 적당해서 부담되지 않구, 소매 짧은거 싫어하는데 이건 소매가 손등 덮어주는 길이라 너무 좋아요 흑 ㅜㅠ 유니크한 니트 찾으시면 이거 추천이용~~~!"
https://www.musinsa.com/products/4505981,케이블 니트-오크브라운,없음,없음,"87,500원",토마스모어,https://image.musinsa.com/mfile_s01/_brand/free_medium/thomasmore.png?20210324141129,상의,니트/스웨터,없음,없음,없음,https://image.msscdn.net/thumbnails/images/goods_img/20241010/4505981/4505981_17285619526776_big.jpg?w=1200,knit_0167,865,6천 회 이상 (최근 1개월),없음,후기 35개,4.9,후기가 많지 않아 고민하고 구매했는데 정말 마음에 들었습니다! 다만 살짝 오버한 느낌을 원했는데 제 체격에는 정핏에 가까워서 그 부분이 조금 아쉽네요ㅠㅠ,이쁘네요 울100퍼라 따뜻하기도 하고 색감이 너무 맘에 들어요,이쁘네요 울100퍼라 따뜻하기도 하고 색감이 너무 맘에 들어요,거칠거칠거리긴 하지만 옷핏은 잘 맞아떨어져서 좋았어요,옷이 거칠긴 하지만 쫀쫀해서 잘 안 늘어날 것 같아서 기대가 됩니다.
https://www.musinsa.com/products/4451815,HAIRY GRADIENT STRIPED KNIT - BLACK,"109,000원",20%,"87,200원",오와이,https://image.musinsa.com/mfile_s01/_brand/free_medium/oy.png?20230103085454,상의,니트/스웨터,https://image.msscdn.net/thumbnails/images/prd_img/20240923/4451815/detail_4451815_17270638043964_big.jpg?w=1200,https://image.msscdn.net/thumbnails/images/prd_img/20240923/4451815/detail_4451815_17270638046325_big.jpg?w=1200,없음,https://image.msscdn.net/thumbnails/images/goods_img/20240923/4451815/4451815_17270638035106_big.jpg?w=1200,knit_0168,"1,449",1.1만 회 이상 (최근 1개월),없음,후기 17개,4.8,이쁘고 사이즈 딱 맞습니다 예쁘게 잘 입겠습니다,루즈핏입니다 . 막 큰 느낌은 아니고 생각보다 밝아욥,이뻐서 사긴 했는데 정가에 샀으면 많이 아쉬웠을 거 같고 할인 받아서 적당해요,보풀이 좀 많이 날리기는 하는데 전체적으로 마음에 들어요.,보들보들하고 디자인은 굉장히 예뻐서 마음에 듭니다.
https://www.musinsa.com/products/4514650,워셔블 빅 케이블 오버핏 크루넥 니트 [아이보리],"53,000원",21%,"42,000원",트릴리온,https://image.musinsa.com/mfile_s01/_brand/free_medium/trillion.png?20210702123042,상의,니트/스웨터,https://image.msscdn.net/thumbnails/images/goods_img/20241014/4514650/4514650_17296792690404_big.jpg?w=1200,https://image.msscdn.net/thumbnails/images/prd_img/20241014/4514650/detail_4514650_17296792797025_big.jpg?w=1200,https://image.msscdn.net/thumbnails/images/prd_img/20241014/4514650/detail_4514650_17296792805726_big.jpg?w=1200,https://image.msscdn.net/thumbnails/images/prd_img/20241014/4514650/detail_4514650_17296792871152_big.jpg?w=1200,knit_0169,"2,909",1.9만 회 이상 (최근 1개월),1.3천 개 이상,후기 163개,4.7,두툼하고 핏이 예쁩니다용 색상도 맘에들어요오,체험단 위셔블 빅 케이블 오버핏 크루넥 니트[아이보리]  상당히 잘 짜여지고 도톰합니다 따뜻하고 니트 잘못사면 따갑고 보풀가득하고 일회용옷같은 옷들이 즐비한데 올겨울에 구매한 어느니트보다 체험단으로 정말 좋은제품 알게된것같아서 마음이 따땃합니다.  짜임이 특이하고 입는순간 어깡가능합니다 짜임이 보풀이 생기지않을것같은 느낌스이에요 남편이 입어보고는 안에 벌크업한것마냥 몸이 커진느낌이라고 하네요 평범남들의 겉옷들이 어두운색들이라 안에옷이라도 밝은색으로 겟해봤는데 진짜 마음에 드네요 일회용같은 니트아니고 오래두고 입고 특별한 니트를 원하신다면 워셔블 빅 케이블 오버핏 크루넥니트 추천드립니다!,"니트가 튼튼하고 꽈배기 니트 중에 가성비로 좋은것같아요. 배송은 최악이지만, 니트 상태는 3.5/5정도 되고 무게감은 엄청 무겁다 까진 아니에요. 그리고 제 몸에 딱 괜찮은데 빈공감 남아서 한치수 작게 입어도 돼요",세탁해봐야 알겠지만 옷 두께나 색상 디자인 소재 핏 괜찮네요. L사이즈는 정핏일듯 싶고 여유 있게 편해보이면서도 단품. 이너로 XL사이즈가 괜찮네요. 사진 대충 찍어서 그렇지 178cm 68kg 사이즈 핏 좋습니다. 참고하세요. 다만 배송은 안 좋았어요,세탁해봐야 알겠지만 옷 두께나 색상 디자인 소재 핏 괜찮네요. L사이즈는 정핏일듯 싶고 여유 있게 편해보이면서도 단품. 이너로 XL사이즈가 괜찮네요. 사진 대충 찍어서 그렇지 178cm 68kg 사이즈 핏 좋습니다. 참고하세요. 다만 배송은 안 좋았어요
https://www.musinsa.com/products/4509435,오픈 카라 오버핏 하찌 니트 (블랙),"65,900원",36%,"41,900원",피아네르,https://image.musinsa.com/mfile_s01/_brand/free_medium/pianer.png?20220830140640,상의,니트/스웨터,https://image.msscdn.net/thumbnails/images/goods_img/20241011/4509435/4509435_17286328875328_big.jpg?w=1200,없음,없음,https://image.msscdn.net/thumbnails/images/prd_img/20241011/4509435/detail_4509435_17286328991918_big.jpg?w=1200,knit_0170,267,1.5천 회 이상 (최근 1개월),없음,후기 13개,없음,블랙 품절되서 전화주셔서 올리브로 바꿨는데 훠어얼씬 이뻐요 오늘 사람들도 다 이쁘다고하네요,아직 입지는 않았는데 착용해보니 편하고 좋아요,핏도 좋고 구매하길 너무 잘한것 같습니다 자주입고 다닐거 같아요,예쁘게 입고 옷 핏도 적당히 잘빠져서 입으면 너무 좋아요~,몸에 잘 맞고 기본템으로 좋을것 같아요 잘 입을게요
https://www.musinsa.com/products/4438352,[SET][하프터틀+터틀넥 선택][캐시미어]터틀넥니트 - 3color,"119,800원",28%,"85,900원",마인드브릿지,https://image.musinsa.com/mfile_s01/_brand/free_medium/mindbridge.png?20220104172245,상의,니트/스웨터,https://image.msscdn.net/thumbnails/images/goods_img/20240912/4438352/4438352_17291472939111_big.jpg?w=1200,https://image.msscdn.net/thumbnails/images/prd_img/20240912/4438352/detail_4438352_17291548396403_big.jpg?w=1200,https://image.msscdn.net/thumbnails/images/prd_img/20240912/4438352/detail_4438352_17291548403678_big.jpg?w=1200,https://image.msscdn.net/thumbnails/images/prd_img/20240912/4438352/detail_4438352_17291548579648_big.jpg?w=1200,knit_0171,98,2.2천 회 이상 (최근 1개월),없음,후기 4개,없음,한달후기 가성비로 구매했는데 세탁기 기냥돌러도 문제없이 입고있어요,품질이 좋고 따뜻하게 너무이쁘내요 잘입은게요,데일리 반폴라로 어떤룩이든 매치가 쉬워서 자주 입을것 같아요,사이즈 맞고 부드럽고 아주 만족 합니다. 다른색상 구입할 예정,없음
https://www.musinsa.com/products/4285823,TCM starfish mini logo knit (black),"94,000원",10%,"84,600원",더콜디스트모먼트,https://image.musinsa.com/mfile_s01/_brand/free_medium/thecoldestmoment.png?20200710145248,상의,니트/스웨터,https://image.msscdn.net/thumbnails/images/goods_img/20240731/4285823/4285823_17231901781357_big.jpg?w=1200,https://image.msscdn.net/thumbnails/images/prd_img/20240731/4285823/detail_4285823_17231901841612_big.jpg?w=1200,https://image.msscdn.net/thumbnails/images/prd_img/20240731/4285823/detail_4285823_17231901849942_big.jpg?w=1200,https://image.msscdn.net/thumbnails/images/prd_img/20240731/4285823/detail_4285823_17231901868216_big.jpg?w=1200,knit_0172,"1,939",4.8천 회 이상 (최근 1개월),없음,후기 50개,4.8,한달후기 휘뚤마뚤 입고 다니기 좋음 ㅎ 기본템인 거 같아요 한 달동안 2-3번 정도 입어보니 보풀이 아예 안 일어나진 않았슴니다! 한 가지 아쉬운 점은 입었을 때 몸 닿이는 부분이 너무 까슬합니다 ㅜㅜ 전 너무 신경 쓰여서 별 하나 뺐어요. 예민하신 분들은 잘 생각하고 구매하세요 ㅎ 제 키 몸무게에는 골반에 걸쳐서 예쁘게 내려오는 기장입니다,사이즈 s로 했더니 저한텐 예쁜 정핏이라 마음에 들었어요.항상 인터넷 구매 할 때면 옷이 엄청 크롭하거나 저한텐 엄청 긴 기장이 대부분이라 아쉬울 때가 많았는데 이렇게 사이즈 잘 맞는 옷은 처음이네요.성공적인 구매. 디자인도 저 깨알같은 불가사리가 넘 귀여운 거 있죠🕺 근데 니트가 꽤 까슬거려서 단독으로 입기엔 무리라는 생각이 듭니다.안에 이너티 받쳐입는 건 필수인 것 같아요. 까슬거리는 소재에 예민하신 분들이라면 참고 하시길..,한달후기 딱 기본템 느낌 편하게 입고다니기 좋아요 그리고 따뜩함!! 안에 히트텍 입고 입어도 편해서 조음 막 자주입진않지만 그래도 꽤입음,니트 핏은 예뿐데 재질이 좀 따갑습니다 그래도 예뻐요,로고가 작아서 기본템으로 좋아요 바로 입으면 확실히 까슬까슬한 느낌 있어서 안에 뭐 입고 입으면 괜찮습니다
https://www.musinsa.com/products/4422936,PATCH ROUND PULLOVER KNIT _ NAVY,"89,000원",5%,"84,550원",프리즘웍스,https://image.msscdn.net/mfile_s01/_brand/free_medium/frizmworks.png?20200608153142,상의,니트/스웨터,https://image.msscdn.net/thumbnails/images/goods_img/20240909/4422936/4422936_17261086171558_big.jpg?w=1200,https://image.msscdn.net/thumbnails/images/prd_img/20240909/4422936/detail_4422936_17261086279949_big.jpg?w=1200,https://image.msscdn.net/thumbnails/images/prd_img/20240909/4422936/detail_4422936_17261086288225_big.jpg?w=1200,https://image.msscdn.net/thumbnails/images/prd_img/20240909/4422936/detail_4422936_17261086329089_big.jpg?w=1200,knit_0173,"2,446",2.6천 회 이상 (최근 1개월),없음,후기 69개,4.9,"일본에 갔을 때, 너무 이쁘게 잘 입었습니다. 회색도 하나 도 샀어요. 두 번 사세요. 쟁여놓으세요.",숏한 기장이 너무 맘에 드는 제품입니다. 팔꿈치에 포인트가 예뻐요 제질도 탄탄하니 입어보세요,한달후기 우선 본문에 나온 사이즈보다 1-2cm 정도 더 김. 그거랑 별개로 색도 예쁘고 실물이 진짜 예쁨. 캐주얼하게 입기 좋음,깔끔하고 이뻐요 두개 구매했네요 ㅎㅎ 잘 입겠습니다,약간은 까끌하지만 패치도 있고 흔치않은옷이라 좋아요
https://www.musinsa.com/products/4305233,헤비코튼 크루넥 머슬 니트 (다크 브라운) 24NTL01,없음,없음,"84,000원",나인제트,https://image.musinsa.com/mfile_s01/_brand/free_medium/ninez.png?20231228120516,스포츠/레저,상의,https://image.msscdn.net/thumbnails/images/goods_img/20240807/4305233/4305233_17345726430463_big.png?w=1200,https://image.msscdn.net/thumbnails/images/prd_img/20240807/4305233/detail_4305233_17345726482060_big.png?w=1200,https://image.msscdn.net/thumbnails/images/prd_img/20240807/4305233/detail_4305233_17254301613793_big.png?w=1200,https://image.msscdn.net/thumbnails/images/prd_img/20240807/4305233/detail_4305233_17254301684757_big.png?w=1200,knit_0174,719,5천 회 이상 (최근 1개월),없음,후기 57개,4.7,굿 근데 그냥 멸치핏임 운동하시는분글에게만추천,한달후기 재질이 좋아서 막 입기에 좋고 정말 편합니다~ 다만 건조기 사용시 많이 줄어들어서 저는 세탁기 사용 후 손으로 늘려서(?) 입고 있습니다. 최소 한사이즈 더 크게 사시는걸 추천드립니다!,재질은 고급지고 사이즈는 제가 바라던 핏입니다. 탄탄하게 잡혀있는게 역시 나인 제트의 기술력은 세계최고입니다. 사랑해요 나인 제트,이쁘고 스타일 하기 좋아요 마음에 듭니다 또 구매하고싶어요,한달후기 해당 브랜드 애용하고 있습니다~ 아주 핏이 좋아욜
https://www.musinsa.com/products/4443000,그랜마 페어아일 스웨터 네이비,없음,없음,"84,000원",암피스트,https://image.musinsa.com/mfile_s01/_brand/free_medium/amfeast.png?20210923161933,상의,니트/스웨터,https://image.msscdn.net/thumbnails/images/goods_img/20240919/4443000/4443000_17302619786496_big.jpg?w=1200,https://image.msscdn.net/thumbnails/images/prd_img/20240919/4443000/detail_4443000_17302620006142_big.jpg?w=1200,https://image.msscdn.net/thumbnails/images/prd_img/20240919/4443000/detail_4443000_17302620015201_big.jpg?w=1200,https://image.msscdn.net/thumbnails/images/prd_img/20240919/4443000/detail_4443000_17302620046619_big.jpg?w=1200,knit_0175,639,2.3천 회 이상 (최근 1개월),없음,후기 43개,4.9,진짜 원단도 짱짱하고 두꺼워서 너무 좋아요ㅠㅠ❤️❤️ 따갑지도 안고 원단 처리가 잘 되어있어서 너무 만족합니다 가성비👍,옷이 화사하고 이쁩니다. 사이즈도 알맞았습니다.,소재가 부드러운 편은 아닌듯한데 그래도 괜찮은 정도인듯하고 두께감이 있네요. 디자인도 괜찮아보여요.,한달후기 겨울 내내 입고 다니고 있어요 따뜻하고 디자인도 너무 예뻐요! ㅂㅎ풀이 좀 일어나긴 하는데 니트라 어쩔수 없기도 하네여,한달후기 164/52 에 s사이즈 적당합니다. 코디걱정없이 그냥 헤비아우터 안에 이너로 활용이 좋습니다~
https://www.musinsa.com/products/4699560,코튼 폴로 스트라이프 니트 (다크 브라운),"93,000원",10%,"83,700원",파브레가,https://image.musinsa.com/mfile_s01/_brand/free_medium/fabregat.png?20220303174256,상의,니트/스웨터,없음,없음,없음,https://image.msscdn.net/thumbnails/images/goods_img/20250106/4699560/4699560_17369153649265_big.jpg?w=1200,knit_0176,25,150회 이상 (최근 1개월),없음,없음,없음,없음,없음,없음,없음,없음
https://www.musinsa.com/products/4299526,XTK095 핫로드 수베니어 니트 집업 (BLACK),"138,000원",40%,"82,800원",엑스톤즈,https://image.musinsa.com/mfile_s01/_brand/free_medium/xtonz.png?20231201141532,상의,니트/스웨터,https://image.msscdn.net/thumbnails/images/prd_img/20240806/4299526/detail_4299526_17229178248085_big.jpg?w=1200,https://image.msscdn.net/thumbnails/images/prd_img/20240806/4299526/detail_4299526_17229178187927_big.jpg?w=1200,없음,https://image.msscdn.net/thumbnails/images/goods_img/20240806/4299526/4299526_17295666330994_big.jpg?w=1200,knit_0177,"1,011",,없음,후기 30개,4.9,핫로드 적당히 튀고 너무 예쁩니다!!,"한달후기 생각보다 따뜻해서 가을에 잘 입었습니다,, 그리고 스카잔 같은 그래픽이 너무 튀지 않고 잘 어우러져서 부담스럽지 않아요~!","아직 입을 계절이 안 돼서 아쉽습니다,, 스카잔은 잘 안 입을 거 같아서 궁금해도 못 샀었는데 니트 집업이라 손 많이 갈 거 같아서 좋아요~!",무게때문에 앞으로 쏠려요. 훨씬더 크게 입는것도 귀여울듯,한달후기 지퍼랑 주머니때문에 앞쪽으로 기장이 쏠리는 느낌이 있습니다. 한치수 크게?살걸
https://www.musinsa.com/products/4587149,빈트릴 헤어리 니트(블루),"118,000원",30%,"82,600원",빈트릴,https://image.msscdn.net/mfile_s01/_brand/free_medium/beentrillgolf.png?1730454409374,상의,니트/스웨터,https://image.msscdn.net/thumbnails/images/goods_img/20241105/4587149/4587149_17314665800764_big.jpg?w=1200,https://image.msscdn.net/thumbnails/images/prd_img/20241105/4587149/detail_4587149_17319950363404_big.jpg?w=1200,https://image.msscdn.net/thumbnails/images/prd_img/20241105/4587149/detail_4587149_17319950371305_big.jpg?w=1200,https://image.msscdn.net/thumbnails/images/prd_img/20241105/4587149/detail_4587149_17314746521858_big.jpg?w=1200,knit_0178,248,2.4천 회 이상 (최근 1개월),없음,후기 2개,없음,편하고 부드럽고 따뜻해서 잘입어지네요 잘산듯요,색이 예쁘고 편하고 따뜻해서 자주입어져요. 만족합니다,없음,없음,없음
https://www.musinsa.com/products/4505377,CDM Basic Logo Sweater - Navy,"79,000원",50%,"39,500원",캑터스도넛마켓,https://image.musinsa.com/mfile_s01/_brand/free_medium/blackend.png?20240507151837,상의,니트/스웨터,https://image.msscdn.net/thumbnails/images/goods_img/20241010/4505377/4505377_17367390123750_big.jpg?w=1200,https://image.msscdn.net/thumbnails/images/prd_img/20241010/4505377/detail_4505377_17314616488550_big.jpg?w=1200,https://image.msscdn.net/thumbnails/images/prd_img/20241010/4505377/detail_4505377_17314616498536_big.jpg?w=1200,https://image.msscdn.net/thumbnails/images/prd_img/20241010/4505377/detail_4505377_17367390190856_big.jpg?w=1200,knit_0179,"1,082",7.6천 회 이상 (최근 1개월),없음,후기 19개,4.9,팔이 많이 길고 사진에 나와있는 거와 같이 색깔도 같아요,카키색이랑 같이 주문했는데 둘 다 넘 괜찮아요.만족합니다,대박.. 처음 삽ㅎ는 브랜드인데 옷 마감도 너무 좋고 짱짱한 게 진짜 대ㅏㄱ이에요..,재질이 좋고 너무 듀껍지도 않고 색깔도 얼굴이랑 잘 맞는고같아요! 막입기 조아여,기장 딱 맞아서 좋고 레터링 컬러도 느낌있게 잘 들어가서 좋아요 히히
https://www.musinsa.com/products/4733560,WOOL BLENDED COLLAR STRIPE BOARDER KNIT GY+PK,"89,000원",10%,"80,100원",로라로라,https://image.musinsa.com/mfile_s01/_brand/free_medium/rolarola.png?20220210144021,상의,니트/스웨터,https://image.msscdn.net/thumbnails/images/goods_img/20250121/4733560/4733560_17388263906457_big.jpg?w=1200,없음,없음,https://image.msscdn.net/thumbnails/images/prd_img/20250121/4733560/detail_4733560_17388264210439_big.jpg?w=1200,knit_0180,109,750회 이상 (최근 1개월),없음,없음,없음,없음,없음,없음,없음,없음
https://www.musinsa.com/products/4752285,Peony wool U-neck knit,"89,000원",10%,"80,100원",유라고,https://image.musinsa.com/mfile_s01/_brand/free_medium/urago.png?20230110121331,상의,니트/스웨터,https://image.msscdn.net/thumbnails/images/goods_img/20250203/4752285/4752285_17391581176644_big.jpg?w=1200,https://image.msscdn.net/thumbnails/images/prd_img/20250203/4752285/detail_4752285_17391581267354_big.jpg?w=1200,https://image.msscdn.net/thumbnails/images/prd_img/20250203/4752285/detail_4752285_17391581276630_big.jpg?w=1200,https://image.msscdn.net/thumbnails/images/prd_img/20250203/4752285/detail_4752285_17391581294106_big.jpg?w=1200,knit_0181,20,없음,없음,없음,없음,없음,없음,없음,없음,없음
https://www.musinsa.com/products/4377166,HARD TWIST LOUNGE POLO KNIT [IVORY STRIPE],"89,000원",10%,"80,100원",브랜디드,https://image.musinsa.com/mfile_s01/_brand/free_medium/branded.png?20210929171418,상의,니트/스웨터,https://image.msscdn.net/thumbnails/images/prd_img/20240828/4377166/detail_4377166_17252555479810_big.jpg?w=1200,https://image.msscdn.net/thumbnails/images/prd_img/20240828/4377166/detail_4377166_17252555489629_big.jpg?w=1200,없음,https://image.msscdn.net/thumbnails/images/goods_img/20240828/4377166/4377166_17252555393905_big.jpg?w=1200,knit_0182,422,1.9천 회 이상 (최근 1개월),없음,후기 63개,없음,흘러내리지 않고 딱 잡히는게 맘에 드네요 두껍지도 얇지도 않은게 맘에 듭니다,정말 이쁘네요 스트라이프 니트 하나 사려했는데 맘에들어요,정말 이쁘네요 스트라이프 니트 하나 사려했는데 맘에들어요,"길이감도 적당하고 따뜻함도 적당해서 봄,가을,겨울 3계절 언제든 편하게 데일리로 입기 좋을것 같네요 :)",믿고 입는 브랜디드 니트입니다. 반팔니트가 좋아서 긴팔 똑같은 걸로 샀네요 :)
https://www.musinsa.com/products/4348063,Classic Cross Pigment Oversized Knit ((Charcoal)),"89,000원",10%,"80,100원",스케이터락,https://image.musinsa.com/mfile_s01/_brand/free_medium/sk8errock.png?20211012173052,상의,니트/스웨터,https://image.msscdn.net/thumbnails/images/goods_img/20240820/4348063/4348063_17241368514432_big.jpg?w=1200,https://image.msscdn.net/thumbnails/images/prd_img/20240820/4348063/detail_4348063_17241368740517_big.jpg?w=1200,https://image.msscdn.net/thumbnails/images/prd_img/20240820/4348063/detail_4348063_17241368776868_big.jpg?w=1200,https://image.msscdn.net/thumbnails/images/prd_img/20240820/4348063/detail_4348063_17241368932074_big.jpg?w=1200,knit_0183,705,450회 이상 (최근 1개월),없음,후기 11개,4.4,한달후기 생각보다 길이가 좀 길어서 수선 후 입는 중입니다 옷도 면이라 부드럽고 포인트가 너무 이뻐요 :),소재 핏 디자인.. 모든게 아쉽습니다. 사진으로 봤을 때보다 실물이 모 브랜드가 강하게 연상되어 짭을 입고 다니는 기분입니다ㅠㅠ,한달후기 소재 핏 디자인.. 모든게 아쉽습니다. 사진으로 봤을 때보다 실물이 모 브랜드가 강하게 연상되어 짭을 입고 다니는 기분입니다ㅠㅠ,기본적으로 세일을 할때 구매를 해서 가성비 너무 굿,한달후기 ㄱ산 옷중에 만족도가 가장 높아요 힙하고 핏도 예쁘고 바지안에 넣어 입어도 괜찮고 꺼내 입어도 괜츄네
https://www.musinsa.com/products/4426671,스트라이프 플러피 울 니트 자켓 [IVORY],"94,000원",15%,"79,900원",드로우핏 우먼,https://image.musinsa.com/mfile_s01/_brand/free_medium/drawfitwomen.png?20230821172112,상의,니트/스웨터,https://image.msscdn.net/thumbnails/images/prd_img/20240910/4426671/detail_4426671_17376154186918_big.jpg?w=1200,https://image.msscdn.net/thumbnails/images/prd_img/20240910/4426671/detail_4426671_17260363883661_big.jpg?w=1200,없음,https://image.msscdn.net/thumbnails/images/goods_img/20240910/4426671/4426671_17376153995127_big.jpg?w=1200,knit_0184,401,800회 이상 (최근 1개월),없음,후기 6개,4.7,소재가 엄청두텁네요 색상도 너무 예뻐요 차분해보입니다 짧은기장이지만 스타일이고급스러워서 청바지나 면바지 트레이닝에도 예쁠거같습니다,배송빠루고 두껍네요 근데 뭔가 어정쩡 가격이 비싼듯,배송빠루고 두껍네요 근데 뭔가 어정쩡 가격이 비싼듯,한달후기 요즘 제 최애옷입니다! 너무 예뻐서 보자마자 샀는데 입어보고 예뻐서 다른 컬러도 구입했습니다!,유튜브 보고 이뻐서 샀는데 팔이 너무 넓고 전체적 길이는 짧아서 아쉽습니다 엄청 도톰한 소재 입니다 가을에 입기는 또 너무 더운데 겨울에 입기도 애매할거같아여ㅠㅠ
https://www.musinsa.com/products/4505521,베른 노르딕 라운드 니트_Charcoal,"59,900원",33%,"39,900원",맨인스토어 프로덕트,https://image.musinsa.com/mfile_s01/_brand/free_medium/maninstore.png?20240108135743,상의,니트/스웨터,없음,없음,없음,https://image.msscdn.net/thumbnails/images/goods_img/20241010/4505521/4505521_17300982664801_big.jpg?w=1200,knit_0185,"2,111",1.2만 회 이상 (최근 1개월),없음,후기 116개,4.8,옷이 핏도 좋고 예빠요 겨울에 입기 좋은거 같아요,가을 겨울에 입기 좋은 두께에요 재질이 좋아서 이너 없어 니트만 입어도 괜찮습니다,제가 입으려다가 작아서 여자친구 주니까 딱 맞네요,옷은 이쁜데요 남편한테 선물했는데 모델처럼 이쁘지는 않네요. 올 겨울은 잘 입을 수 있을 거 같습니다. 사진을 좀더 잘 찍어야 겠어요,오버핏으로 편하게 입기 좋아요 노르딕이라 귀여운데 그렇게 튀지도 않고 포인트 주면서 입기 좋아요~ 남자친구랑 커플룩으로 산건데 만족해요 단점은 기장이 좀 길긴 함 ㅠㅠ
https://www.musinsa.com/products/4330196,CGP 스퀘어 로고 풀오버 니트_네이비,"99,000원",20%,"79,200원",코드그라피,https://image.msscdn.net/mfile_s01/_brand/free_medium/codegraphy.png?1733796001765,상의,니트/스웨터,https://image.msscdn.net/thumbnails/images/goods_img/20240814/4330196/4330196_17273097220607_big.jpg?w=1200,https://image.msscdn.net/thumbnails/images/prd_img/20240814/4330196/detail_4330196_17273097342013_big.jpg?w=1200,없음,https://image.msscdn.net/thumbnails/images/prd_img/20240814/4330196/detail_4330196_17273097832825_big.jpg?w=1200,knit_0186,487,3.1천 회 이상 (최근 1개월),없음,후기 12개,4.9,적당히 어두운 색에 재질도 두꺼워 이너나 단독으로 스타일링 하기좋아요!,한달후기 너무 잘 입고있어요 정말 손이 많이 가는 제품입니당,한달후기 따뜻하고 두툼하니 잘입을꺼같습니다 감사합니다,너무 예뻐요 딱 적당한 오버핏에 적당한 길이 실물이 더 예쁜데 아쉽네요,너무 예뻐요 사이즈도 딱 적당한 오버핏이여서 편하게 입기 좋은거 같아요 바지 아무거나 입어도 다 자연스럽게 이뻐요
https://www.musinsa.com/products/4373561,Midnight Damage Sweater(BLACK),"99,000원",20%,"79,200원",메인부스,https://image.musinsa.com/mfile_s01/_brand/free_medium/mainbooth.png?20230912112008,상의,니트/스웨터,https://image.msscdn.net/thumbnails/images/prd_img/20240827/4373561/detail_4373561_17300948062976_big.jpg?w=1200,https://image.msscdn.net/thumbnails/images/prd_img/20240827/4373561/detail_4373561_17270717510556_big.jpg?w=1200,없음,https://image.msscdn.net/thumbnails/images/goods_img/20240827/4373561/4373561_17300947987968_big.jpg?w=1200,knit_0187,"1,582",3.2천 회 이상 (최근 1개월),없음,후기 12개,4.9,한달후기 아 너무 예뻐요 부분부분 올이 나간 것처럼 표현된 부분도 너무 예쁘고 색이 진짜 마음에 들어요. 검정이라 어두운 분위기면서도 민트색이 포인트라서 좋아요,구멍 송송 난 게 아주 맘에 드네요 봄에 브라탑이랑 같이 단독으로 입기에도 좋은 듯,한달후기 보풀 날까봐 조심조심 입는데 너무 예쁘고 데미지 디자인이 포인트 돼서 빈티지 팬츠랑 자주 입어요!!,한달후기 색상이 너무 예쁘고 디자인도 약간 y2k 감성이라 넘 만족해용,"색채감이 진짜 너무 예쁘고 디자인이 마음들어요.,. 촉김이 부드러워서 좋아요"
https://www.musinsa.com/products/4316442,아웃핏 와플 니트 - 멜란지그레이,"99,000원",20%,"79,200원",이스트서비스샵,https://image.musinsa.com/mfile_s01/_brand/free_medium/eastserviceshop.png?20240129113457,상의,니트/스웨터,https://image.msscdn.net/thumbnails/images/prd_img/20240809/4316442/detail_4316442_17242884691701_big.jpg?w=1200,https://image.msscdn.net/thumbnails/images/prd_img/20240809/4316442/detail_4316442_17242884697106_big.jpg?w=1200,없음,https://image.msscdn.net/thumbnails/images/goods_img/20240809/4316442/4316442_17242884675334_big.jpg?w=1200,knit_0188,502,1.3천 회 이상 (최근 1개월),없음,후기 18개,4.9,아주 예쁘고 자주 애용할 것 같아용 다들 무조건 사세용,크롭해서 좋고 색감도 이뻐요. 부드러워서 그냥 입어도 편해요,영상에서 보고 구입한건데 핏이 정말 예쁘네요 맘에 들어요,완전 이뻐여 조금 더 쨍쨍했으면 더 좋았을 거 같은데 만족합니다,한달후기 조금 까슬거려서 안에 이너를 입고 입어야하지만 스타일이 너무 이쁘네요
https://www.musinsa.com/products/4313462,프리즐 울 라운드 니트 (5COLOR),"87,000원",10%,"78,300원",파브레가,https://image.musinsa.com/mfile_s01/_brand/free_medium/fabregat.png?20220303174256,상의,니트/스웨터,없음,없음,없음,https://image.msscdn.net/thumbnails/images/goods_img/20240809/4313462/4313462_17243721749669_big.jpg?w=1200,knit_0189,"2,132",7.5천 회 이상 (최근 1개월),없음,후기 123개,4.8,"파브레가 제품 착용한 후기입니다.  1. 포장 - 고급진 선물 느낌의 포장 - 디테일이 좋음 박스 - 더스트 백 - 비닐 순으로 포장되어 있으며, 선물을 받는 듯한 느낌을 받음.  2. 원단 - 부드러움 - 따뜻한 느낌 이너 없이 착용해봤는데 까끌거리는 느낌은 없었음. 털이 삐죽삐죽 올라와있는데, 따뜻한 느낌을 줘서 좋았음  3. 색감 - 독특하지만 잘 어울림 독특한 느낌의 색감을 찾다가 인디 핑크로 선택을 했는데, 따뜻한 가을 느낌을 잘 표현해주는 거 같음. 튀지 않는 은은한 포인트로 추천함",체험단 색은약간 머스티드? 쨍한 옐로우색은 아닌데 색감 진짜 이쁘네요! 핏은 약간 오버핏이고 길이가 좀 긴데 아래쪽 시보리 부분이 접어서 유지되지는 않아요! 짱짱하기보단 약간 흘러내리는? 그정도 느낌이에요! 대신 목부분은 나름 탄탄한 느낌?? 재질은 약간 까슬까슬한데 맨살에 입기 불편할 정도는 아닙니다! 요즘 날씨에 입기 아주좋을것 같아요! 좀지나도 색상이 이너에 입기에도 이쁠것 같아서 여름빼고는 다 잘입을수 있을것 같아요! 역시 파브레가!! 니트마져 잘뽑네요 ㅎㅎ 니트고민하고 있으시다면 추천합니다!!!,"체험단 파브레가 울 라운드 니트를 체험단에 뽑혀 리뷰를 작성하였습니다.  여유있게 나온 세미오버핏이라 안에 셔츠나 이너를 입어도 충분히 넉넉합니다.  보통 피부가 예민한 편은 아니지만, 맨살에 입어도 전혀 따가운느낌이 없습니다.  다만 헤어리한 털들이 있다보니 맨살에 입으면 가끔 거슬리기도 할꺼같습니다.  니트를 고를때 가장 중요한 부분이 무게인데, 해당 제품은 무게가 668g으로 매우 가볍습니다.  너무 두껍지도 않으며 중간중간 틈새가 있기때문에 가을부터 입기에 너무 좋습니다.  카키 브라운색상이 가을무드에 너무 잘어울리니 니트를 고민중이신 분들은 시도해보셔도 좋을꺼 같습니다.  사이즈추천은 173/77 (상체발달형) 기준에서 3사이즈를 갔는데 조금 큰느낌이 강하다보니  정사이즈를 추천드립니다.  시보리는 대체적으로 약합니다. 총장도 조금 길다보니 꼭 구매할때 참고하시기 바랍니다","브라운과 카키의 어느 중간에 있는 오묘한 색감이 너무 매력적인 스웨터입니다. 약간 헤어리한 느낌의 소재를 사용하여 눈으로 봤을 때 포근하고 따뜻한 느낌이 들어요. 넥부분에는 넥을 탄탄하게 지탱해 줄 수 있는 고무줄 같은 게 사용 돼서 늘어남이 적을 것 같습니다. 작은 사이즈를 구매했음에도 품은 넉넉한 것은 좋았으나, 기장이 제 키에는 조금 길었던 게 아쉬워요. (엉덩이가 거의 덮임)",두껍지 않고 얇고 맨살에 입으면 불편하지만 색감과 부드러운 재질은 좋습니다.
https://www.musinsa.com/products/4509483,[2 PACK] 오픈 카라 오버핏 하찌 니트 (5color),"131,800원",41%,"77,900원",피아네르,https://image.musinsa.com/mfile_s01/_brand/free_medium/pianer.png?20220830140640,상의,니트/스웨터,https://image.msscdn.net/thumbnails/images/goods_img/20241011/4509483/4509483_17286339019783_big.jpg?w=1200,https://image.msscdn.net/thumbnails/images/prd_img/20241011/4509483/detail_4509483_17286339547080_big.jpg?w=1200,https://image.msscdn.net/thumbnails/images/prd_img/20241011/4509483/detail_4509483_17286339629758_big.jpg?w=1200,https://image.msscdn.net/thumbnails/images/prd_img/20241011/4509483/detail_4509483_17286339825674_big.jpg?w=1200,knit_0190,37,150회 이상 (최근 1개월),없음,후기 3개,없음,색깔이 좀 더 많았으면 다 샀을 것 같습니다. 옷이 완전 이쁩니다,색깔이 좀 더 많았으면 다 샀을 것 같습니다. 옷이 완전 이쁩니다,오버핏 딱 맞아요 XL샀는데 적당히 핏감도 있고 어깨도 넓어보이고 아주좋습니다,없음,없음
https://www.musinsa.com/products/4434601,부클 스트라이프 니트,"86,000원",10%,"77,400원",구빈,https://image.musinsa.com/mfile_s01/_brand/free_medium/gubin.png?20230914173849,상의,니트/스웨터,https://image.msscdn.net/thumbnails/images/goods_img/20240912/4434601/4434601_17262076335227_big.jpg?w=1200,https://image.msscdn.net/thumbnails/images/prd_img/20240912/4434601/detail_4434601_17262076406938_big.jpg?w=1200,https://image.msscdn.net/thumbnails/images/prd_img/20240912/4434601/detail_4434601_17262076415549_big.jpg?w=1200,https://image.msscdn.net/thumbnails/images/prd_img/20240912/4434601/detail_4434601_17262076463420_big.jpg?w=1200,knit_0191,621,1.6천 회 이상 (최근 1개월),없음,후기 33개,4.6,"체험단 구빈 - 부클 스트라이프 니트  체험단으로 솔직하게 쓰는 후기입니다 :)  1. 핏 이 니트는 나인뮤지스 조가빈님이 입으셔서 이미 유명한 니트죠 남돌도 착용했던 제품으로 남녀 모두에게 이쁜핏이 나옵니다 엠사이즈의 경우 170 66사이즈 여성이 착용해도 오버 , 여리한 핏 나오고 (쇼츠 매치하면 이쁜 하의실종 핏으로 가능한 느낌) 178 75키로의 남성이 착용해도 스탠다드 - 세미오버핏입니다  2. 디자인 색감자체가 오프화이트 + 깔끔한 네이비라서 블랙, 라이트그레이, 차콜, 블루 어느톤에도 잘어울려요 특히 뒷면자수가 너무 고급스럽고 키치한 느낌이라 어려보이는 느낌까지 줍니다 왠지 겨울에 여기에 가볍게 와이드진 + 패딩 걸쳐주면 아이돌냄새나는 남친룩될거같아요 여성분이라면 여기에 모직쇼츠+ 시스루스타킹 + 롱부츠+ 미디아우터 걸치면 너무귀여울듯 아니면 분위기 바꿔서 데님에 패딩부츠 + 실버패딩도 존예  3. 소재 솔직하게!!! 얇습니다 한겨울에 입으시면 추울거에요 그치만 우리에겐 히트텍이 있다는거 ~ 오히려 가을 봄까지 입을수 있는 소재감이라서 활용도는 더 좋을 듯해요 대신 얇은 실이기 때문에 털빠짐없고 까슬거림없고 ( 자수부분 싸구려로 되면 까슬거리는데 그런거없음) 보풀도 날일이 없습니다 보통 디자인이 좋으면 소재감이 아쉬운데 이건 내년에도 입을 수 있을것같네요 ! 추천",옷 왜 이렇게 이뻐요?!!! 저 이거 지금 최애 옷이예요! 투어스 신유가 입은 거 보고 이뻐서 샀는데 너무 이쁘더라고요!! 지금 최애 옷입니다!,정전기가 많이 나긴하는데 옷이 이뻐서 괜찮아요,한달후기 일단 첫번째로 디자인이 너무 이뻐요 사진으로 보자마자 디자인에 혹해서 구매했는데 너무 잘산거 같아요 다만 재질이 좀 잘늘어나는 재질입니다 이것만 빼면 최고예요~,한달후기 일단 첫번째로 디자인이 너무 이뻐요 사진으로 보자마자 디자인에 혹해서 구매했는데 너무 잘산거 같아요 다만 재질이 좀 잘늘어나는 재질입니다 이것만 빼면 최고예요~
https://www.musinsa.com/products/4283127,[SET] 오버핏 볼륨 워셔블 크루넥 OR 하프집업 니트 컬렉션_4STYLE SELECT [CABLE OR HACHI],"65,000원",46%,"34,900원",리메인세컨드,https://image.msscdn.net/mfile_s01/_brand/free_medium/lemainsecond.png?1732688630600,상의,니트/스웨터,https://image.msscdn.net/thumbnails/images/goods_img/20240730/4283127/4283127_17388232401860_big.jpg?w=1200,https://image.msscdn.net/thumbnails/images/prd_img/20240730/4283127/detail_4283127_17242209757088_big.jpg?w=1200,https://image.msscdn.net/thumbnails/images/prd_img/20240730/4283127/detail_4283127_17242209700284_big.jpg?w=1200,https://image.msscdn.net/thumbnails/images/prd_img/20240730/4283127/detail_4283127_17242212762454_big.jpg?w=1200,knit_0192,139,1.5천 회 이상 (최근 1개월),없음,후기 15개,없음,잘 받았습니다 집업은 사이즈가 좀 작게나온거같아요,3.6에 두개 샀는데 품질도 좋은것같구 가격도 맘에들어요!,두개 3.6에 샀는데 품질좋고 가격도 좋아서 만족스러워요!,너무 마음에 들어서 다음에 또 구매할 생각입니다.,별 기대는 안 했지만 받고 보니 상당히 이쁜 옷입니다. 가격대비 품질이 괜찮고 체형을 커버해주는게 너무나도 좋았습니다. 팔 소매가 좀 긴 편이라 참고하셔서 구매하시면 좋겠습니다.
https://www.musinsa.com/products/4662129,[비슬로우X데릭]WOOL BLENDED HENLEY NECK KNIT DARK OLIVE,"109,000원",30%,"76,300원",비슬로우,https://image.musinsa.com/mfile_s01/_brand/free_medium/beslow.png?20220630173530,상의,니트/스웨터,https://image.msscdn.net/thumbnails/images/goods_img/20241212/4662129/4662129_17339829717640_big.jpg?w=1200,https://image.msscdn.net/thumbnails/images/prd_img/20241212/4662129/detail_4662129_17339829768406_big.jpg?w=1200,https://image.msscdn.net/thumbnails/images/prd_img/20241212/4662129/detail_4662129_17339829774565_big.jpg?w=1200,https://image.msscdn.net/thumbnails/images/prd_img/20241212/4662129/detail_4662129_17339829825675_big.jpg?w=1200,knit_0193,175,2.8천 회 이상 (최근 1개월),없음,후기 3개,4.3,자개단추나 헨리넥 부분이 라운드로 처리된 특징이 있습니다 목이 생각보다 넓네요,"옷이 깔끔하고, 여러 스타일에 적용할 수 있어서 좋습니다.",전체제으로 나쁘지는 않습니다 근데 뭔가 제가 생각했던 느낌은 아니네요ㅠ,없음,없음
https://www.musinsa.com/products/4596889,멀티 스트라이프 울 풀오버-핑크,"99,000원",25%,"74,250원",오디에르,https://image.musinsa.com/mfile_s01/_brand/free_medium/oder.png?20240202165908,상의,니트/스웨터,없음,없음,없음,https://image.msscdn.net/thumbnails/images/goods_img/20241107/4596889/4596889_17309632610273_big.jpg?w=1200,knit_0194,276,600회 이상 (최근 1개월),없음,없음,없음,없음,없음,없음,없음,없음
https://www.musinsa.com/products/4628178,하찌 리브 풀오버 + 3컬러,"99,000원",25%,"74,250원",클로엣,https://image.msscdn.net/mfile_s01/_brand/free_medium/cloet.png?1731484000184,상의,니트/스웨터,https://image.msscdn.net/thumbnails/images/goods_img/20241120/4628178/4628178_17334650709118_big.jpg?w=1200,https://image.msscdn.net/thumbnails/images/prd_img/20241120/4628178/detail_4628178_17332039678786_big.jpg?w=1200,https://image.msscdn.net/thumbnails/images/prd_img/20241120/4628178/detail_4628178_17332039685629_big.jpg?w=1200,https://image.msscdn.net/thumbnails/images/prd_img/20241120/4628178/detail_4628178_17332039698942_big.jpg?w=1200,knit_0195,72,450회 이상 (최근 1개월),없음,후기 2개,없음,넘 예쁜 버건디~ 넉넉하면서도 잘 맞고 좋아요 톡톡하고 좋은 원단~,툭툭하니 따뜻하게 입기 좋겠어요 기장이 너무 길지 않아서 좋네요,없음,없음,없음
https://www.musinsa.com/products/4318944,DTS 슬로건 크랙 니트 (버건디),"82,000원",10%,"73,900원",어반스터프,https://image.musinsa.com/mfile_s01/_brand/free_medium/urbanstoff.png?20230825130524,상의,니트/스웨터,https://image.msscdn.net/thumbnails/images/goods_img/20240812/4318944/4318944_17248956235860_big.jpg?w=1200,없음,없음,https://image.msscdn.net/thumbnails/images/prd_img/20240812/4318944/detail_4318944_17248956292986_big.jpg?w=1200,knit_0196,"3,020",6.8천 회 이상 (최근 1개월),없음,후기 61개,4.8,색감이 진짜 마음에 들고 핏도 진짜 예뻐요 꼬옥 사세요,청바지나 검은색 데님팬츠랑 입었을때 조합이 좋아여 2번 구매할만큼 이쁩니다,적당한 핏에 입었을 때 색이 이뻐요 고급스러운 느낌,남성 · 177cm · 66kg,일본 여행갈때 입었는데 소재도 부드럽고 편했어요~
https://www.musinsa.com/products/4398652,HARD TWIST CAMPER KNIT [INK NAVY],"82,000원",10%,"73,800원",유니온블루,https://image.musinsa.com/mfile_s01/_brand/free_medium/unionblue.png?20221006173333,상의,니트/스웨터,없음,없음,없음,https://image.msscdn.net/thumbnails/images/goods_img/20240903/4398652/4398652_17255226761275_big.jpg?w=1200,knit_0197,387,1.8천 회 이상 (최근 1개월),없음,후기 51개,4.9,핏도 예쁘고 디자인도 질리지 않아서 자주 입을 거 같아요,한달후기 면이라 피부도 안따갑고 가성비도 좋은거 같네요,품질이야 당연히 말해뭐해이구요 포장도 꼼꼼해서 만족했습니다,품질이야 당연히 말해뭐해이구요 포장도 꼼꼼해서 만족했습니다,무게감 있게 툭 떨어지는 핏이라 생각한 핏이라 만족해요
https://www.musinsa.com/products/4660834,[2PACK] T2407 에센셜 하프 폴라,"43,625원",20%,"34,900원",발리안트,https://image.musinsa.com/mfile_s01/_brand/free_medium/valiant.png?20240219180742,상의,니트/스웨터,https://image.msscdn.net/thumbnails/images/goods_img/20241211/4660834/4660834_17338975438007_big.jpg?w=1200,없음,없음,https://image.msscdn.net/thumbnails/images/prd_img/20241211/4660834/detail_4660834_17338975471397_big.jpg?w=1200,knit_0198,131,3.9천 회 이상 (최근 1개월),없음,후기 6개,없음,일단 입을때 편하고 옷 핏도괜찮아서 코디하기편하네요,일단 입을때 편하고 옷 핏도괜찮아서 코디하기편하네요,사이즈 잘맞고 따뜻합니다! 빠른 배송감시드려요!,"키 180, 몸무게 83, 허리 34 사이즈L 좋아요 허리가 36 인분은 XL 해도 좋을듯 합니다.","키 180 몸무게 83 허리 34, 마른편 L 사이즈 좋아요"
https://www.musinsa.com/products/4353340,쉐기독 소프트 울 니트 : 8컬러,"90,000원",20%,"72,000원",인템포무드,https://image.musinsa.com/mfile_s01/_brand/free_medium/intempomood.png?20240327151218,상의,니트/스웨터,https://image.msscdn.net/thumbnails/images/prd_img/20240821/4353340/detail_4353340_17243967345331_big.jpg?w=1200,https://image.msscdn.net/thumbnails/images/prd_img/20240821/4353340/detail_4353340_17243970332908_big.jpg?w=1200,없음,https://image.msscdn.net/thumbnails/images/goods_img/20240821/4353340/4353340_17243984981431_big.jpg?w=1200,knit_0199,"3,497",700회 이상 (최근 1개월),없음,후기 235개,4.9,"체험단 [인템포무드] 쉐기독 소프트 울 니트 후기  평소에 즐겨입는 인템포무드에서 쉐기독 소프트 울 니트 레드 체험단 이벤트에 당첨되어 리뷰를 쓰게 될 수 있는 기회를 주셔서 감사합니다 ♥  ㅁ 디자인 전반적으로 헤어리한 느낌으로 빈티지한 감성과 네추럴한 무드를 동시에 느낄 수 있었으며 자칫 밋밋해 보일 수 있었으나 어깨 라인에 본판과 다른 직조 방식으로 또 다른 포인트를 줘 더 매력적인 제품이라고 느껴졌습니다.  ㅁ 퀄리티 타사 제품 쉐기독을 보유하고 있지만, 타사 제품에 비해 가벼우면서도 보온성이 아주 훌륭하여 한 겨울에도 이너로 충분히 입어도 괜찮다고 생각되어집니다. 맨살에 착용해도 까글거림이나 이질감이 전혀들지 않아 단품으로도 충분히 가능하다고 생각하며 좀 더 다양한 무드를 원하시는 분들은 셔츠나 티셔츠를 레이어드하면 또 다른 매력을 뽐낼 수 있는 제품이라고 생각합니다.  ㅁ 사이즈 177 / 74 기준 M사이즈 착용 시 총장이 적당히 맞아 평소 넣입을 하는 스타일을 추구하나 이 제품은 넣입을 하지 않고 네추럴하게 빼입해서 입기해 최적의 제품이라고 생각되어집니다. 또한 어깨나 전반적인 품도 제가 좋아하는 세미 오버핏에 가까워 너무 만족스럽습니다 !  ㅁ 총평 보유하고 있는 팬츠들과 매칭해봤는데, 어떠한 팬츠와 매칭하더라도 찰떡같이 묻었으며 올 가을, 겨울에 포인트 제품으로 잘 입고 다닐 수 있을 거 같습니다 !",색감과 재질 핏 다 너무 좋아요 근데 자칫 관리 잘 못하면 보풀 생길 거 같아요 근데 감수 할 수 있을만큼 진짜 이쁩니다,"체험단 인템포무드 니트를 처음 구매해봤는데, 정말 만족스럽습니다. 처음 제품을 받았을 때는 크롭 기장 때문에 입기가 부담스러울까 걱정했지만, 다양한 스타일로 코디하니 의외로 잘 어울렸습니다. 디자인이 세련되면서도 편안해 여러 상황에서 활용하기 좋을 것 같아요. 착용감 역시 기대 이상이이네요. 면니트가 아닌데도 불구하고 피부에 자극이 없어서 기분 좋게 입을 수 있었습니다. 특히 두께가 얇아 체형에 맞게 잘 떨어지며, 겨울철에는 레이어드하기에도 안성맞춤입니다. 피부가 예민한 편이라 안에 흰 티를 입었는데, 목 주위가 크게 거슬리지 않아 만족했습니다. 전체적으로 스타일과 편안함을 동시에 잡은 제품으로, 데일리룩이나 캐주얼한 자리에서도 활용하기 좋습니다. 앞으로 자주 입을 것 같고, 다른 컬러도 구매하고 싶어지네요. 인템포무드 니트는 가성비와 디자인 모두 뛰어난 제품이라 강력히 추천합니다","체험단 체험단 리뷰입니다.  쉐기독 니트라 헤어리한 특징이 있는데, 과하지 않아서 단정하지만 심심하지 않은 포인트가 있는 거 같아요.  핏은 적당한 세미오버핏으로 여유롭고, 총장도 적당하여 기장감이 깔끔하게 떨어지는 거 같아요.  소매 길이는 너무 길지 않고 낭낭한 느낌이며, 시보리도 강하지 않게 잘 잡아주면서, 신축성도 좀 있어 편하게 입고 벗을 수 있는 거 같아요.  터치감은 부드러운 편이어서 맨살에도 입을 수 있을 거 같고, 조금 쌀쌀해지면 단독으로 편하게 입기 좋으며, 겨울에도 따뜻하게 입는데 문제 없을 거 같아요.",전체적으로 마음에 들지만 소재 특성때문인지 보풀이 잘 일어날 것 같아요
https://www.musinsa.com/products/4591348,케이블 풀오버 니트 (아이보리),"102,000원",30%,"71,400원",아더피츠,https://image.musinsa.com/mfile_s01/_brand/free_medium/otherfits.png?20210924174604,상의,니트/스웨터,https://image.msscdn.net/thumbnails/images/goods_img/20241106/4591348/4591348_17308589901377_big.jpg?w=1200,https://image.msscdn.net/thumbnails/images/prd_img/20241106/4591348/detail_4591348_17308589909530_big.jpg?w=1200,https://image.msscdn.net/thumbnails/images/prd_img/20241106/4591348/detail_4591348_17308589911829_big.jpg?w=1200,https://image.msscdn.net/thumbnails/images/prd_img/20241106/4591348/detail_4591348_17308589917046_big.jpg?w=1200,knit_0200,11,없음,없음,없음,없음,없음,없음,없음,없음,없음
https://www.musinsa.com/products/4434416,SC 플래시 래글런 스웨터(네이비),"109,000원",36%,"69,900원",스포츠챔버,https://image.musinsa.com/mfile_s01/_brand/free_medium/sportchamber.png?20240625113248,상의,니트/스웨터,https://image.msscdn.net/thumbnails/images/prd_img/20240912/4434416/detail_4434416_17294912758630_big.jpg?w=1200,https://image.msscdn.net/thumbnails/images/prd_img/20240912/4434416/detail_4434416_17300924901253_big.jpg?w=1200,없음,https://image.msscdn.net/thumbnails/images/goods_img/20240912/4434416/4434416_17294912698130_big.jpg?w=1200,knit_0201,"1,142",1.7천 회 이상 (최근 1개월),없음,후기 16개,4.8,친구 생일선물로 줬는데 너무 마음에 든다고 잘 입겧다네요,제가 원래 후기 정말 잘 안쓰는데 무신사에서 산 옷 중 가장 맘에 듭니다.  회색바지랑 입으면 좀 귀엽고 청바지랑 입어도 귀여울 것 같네요.  배색도 너무나 잘 어울리고 색감이 사진 고대로예요.  재질로 가격대에 걸맞게 아니 더 받아도 될 정도로 좋읍니다,아주 만족스럽습니다.  니트 재질도 탄탄하고 흐물하지 않아서 핏이 딱 떨어지고 캐주얼하게 입기 딱 좋네요 !  목도 쉽게 늘어나진 않을 것 같고 소매 폭이나 기장감도 아주 좋아요.  요즘 날도 풀리는데 레이어드 티셔츠 한 장에 니트만 입어도 춥지 않을 정도로 딱 좋읍니다.  최근 들어 산 옷 중 가장 만족 중 ! 긴 말 안합니다 사세요 .,예쁘고 편하고 귀엽고 마음에듭니다 감사합니다,한달후기 너무 귀여워요 근데 보풀이 너무 심해요. 귀여워요
https://www.musinsa.com/products/4383252,[무료반품]크랙 레터링 니트 집업_차콜,"87,000원",20%,"69,900원",게인스보로,https://image.musinsa.com/mfile_s01/_brand/free_medium/gainsboro.png?20200929171808,상의,니트/스웨터,https://image.msscdn.net/thumbnails/images/prd_img/20240829/4383252/detail_4383252_17304218528896_big.jpg?w=1200,https://image.msscdn.net/thumbnails/images/prd_img/20240829/4383252/detail_4383252_17320783623525_big.jpg?w=1200,없음,https://image.msscdn.net/thumbnails/images/goods_img/20240829/4383252/4383252_17304218432801_big.jpg?w=1200,knit_0202,198,1.7천 회 이상 (최근 1개월),없음,후기 1개,없음,아주 맘에드는 기장과 핏이에요 따듯하고 너무 맘에 듬디다,없음,없음,없음,없음
https://www.musinsa.com/products/4523663,랩 풀오버 그레이,"49,900원",60%,"19,900원",에잇세컨즈,https://image.musinsa.com/mfile_s01/_brand/free_medium/8seconds.png?20230113172937,상의,니트/스웨터,없음,없음,없음,https://image.msscdn.net/thumbnails/images/goods_img/20241016/4523663/4523663_17290577392888_big.jpg?w=1200,knit_0203,115,900회 이상 (최근 1개월),없음,후기 1개,없음,핏도 좋고 재질도 나쁘지 않은거 같아 저렴한 가격에 잘 구매한것 같아요!!,없음,없음,없음,없음
https://www.musinsa.com/products/4642712,루니 라운드 니트 브라운,"68,150원",71%,"19,900원",칙스,https://image.msscdn.net/mfile_s01/_brand/free_medium/chicks.png?1733982020725,상의,니트/스웨터,https://image.msscdn.net/thumbnails/images/goods_img/20241129/4642712/4642712_17328438927443_big.jpg?w=1200,https://image.msscdn.net/thumbnails/images/prd_img/20241129/4642712/detail_4642712_17328439612794_big.jpg?w=1200,https://image.msscdn.net/thumbnails/images/prd_img/20241129/4642712/detail_4642712_17328439643059_big.jpg?w=1200,https://image.msscdn.net/thumbnails/images/prd_img/20241129/4642712/detail_4642712_17328439820876_big.jpg?w=1200,knit_0204,113,200회 이상 (최근 1개월),없음,없음,없음,없음,없음,없음,없음,없음
https://www.musinsa.com/products/4752243,MLTS 라인 그래픽 니트 네이비,"87,000원",20%,"69,600원",와이케이,https://image.musinsa.com/mfile_s01/_brand/free_medium/waikei.png?20221230113522,상의,니트/스웨터,https://image.msscdn.net/thumbnails/images/goods_img/20250203/4752243/4752243_17388536305795_big.jpg?w=1200,https://image.msscdn.net/thumbnails/images/prd_img/20250203/4752243/detail_4752243_17388536382202_big.jpg?w=1200,https://image.msscdn.net/thumbnails/images/prd_img/20250203/4752243/detail_4752243_17388536421405_big.jpg?w=1200,https://image.msscdn.net/thumbnails/images/prd_img/20250203/4752243/detail_4752243_17388536667427_big.jpg?w=1200,knit_0205,37,100회 이상 (최근 1개월),없음,없음,없음,없음,없음,없음,없음,없음
https://www.musinsa.com/products/4343798,빅 트위치 로고 니트 그레이,"99,000원",30%,"69,300원",리,https://image.musinsa.com/mfile_s01/_brand/free_medium/lee.png?20201021142436,상의,니트/스웨터,https://image.msscdn.net/thumbnails/images/prd_img/20240819/4343798/detail_4343798_17241461897554_big.jpg?w=1200,https://image.msscdn.net/thumbnails/images/prd_img/20240819/4343798/detail_4343798_17241461899699_big.jpg?w=1200,없음,https://image.msscdn.net/thumbnails/images/goods_img/20240819/4343798/4343798_17241461887893_big.jpg?w=1200,knit_0206,"2,137",1.2만 회 이상 (최근 1개월),없음,후기 78개,4.8,#니트 #lee니트 #가을패션 #학생,한달후기 이 옷 정말 따듯해요.옷도 너무 예쁘고 학생들이 입기 딱 좋다고 저는 생각합니다,까끌까끌하긴한데 목티에 받쳐 입으면 괜찮아요. 요즘계절에 입기 좋습니다. 색도 무난하고 디자인도 예뻐서 어디에 매치해도 예뻐용.,이뻐용 근데 니트라 좀 안이 까슬해여 그래도이쁩니다,옷이 일단 정말 따듯하고 좋아요.요즘 날씨 추워졌는데 정말 좋습니다.근데 아쉬운 점이 있다면 옷이 까슬까슬거려서 안에 반팔 하나 입어야할거같아요.그 좀 빼고 다 좋아요.
https://www.musinsa.com/products/4343796,빅 트위치 로고 니트 네이비,"99,000원",30%,"69,300원",리,https://image.musinsa.com/mfile_s01/_brand/free_medium/lee.png?20201021142436,상의,니트/스웨터,https://image.msscdn.net/thumbnails/images/goods_img/20240819/4343796/4343796_17271409754547_big.jpg?w=1200,https://image.msscdn.net/thumbnails/images/prd_img/20240819/4343796/detail_4343796_17271409766327_big.jpg?w=1200,https://image.msscdn.net/thumbnails/images/prd_img/20240819/4343796/detail_4343796_17271409769486_big.jpg?w=1200,https://image.msscdn.net/thumbnails/images/prd_img/20240819/4343796/detail_4343796_17271409776897_big.jpg?w=1200,knit_0207,"1,112",5.2천 회 이상 (최근 1개월),없음,후기 36개,4.8,진짜 별로에요차라리 다른브랜드 니트 사는게 더나아용..ㅠㅠ내돈 이옷 진짜 따가워서 이너로 뭘 입어도 따가워요.. 저만 따가운줄알앗는데 다른 친구한테도 입혀보니 따갑데용,배송도 빠르고 화면과 거의 동일한 느낌입니다. 매장에서 입어보고 구매했어요. 만족합니다,한달후기 앞에 Lee로고 박힌게 너무 이뻐요! 캐쥬얼하게 입으시는 분들 추천드립니다,"한달후기 다들 잘 샀다고 칭찬 일색입니다. 무난하고, 옷감 좋고, 마감 좋고, 디자인 깔끔하고, 색깔도 무난해서 어느 룩이든지 소화 가능하고, 적당한 로고 플레이 손이 자주 가게 되는 옷입니다.",한달후기 선물로 구매했는데 예뻐요! 따뜻하고 좋습니다~ 선물받은 사람도 만족했습니다!
https://www.musinsa.com/products/4446254,LA MAISON DE MES REVES PULLOVER KNIT IVORY,"99,000원",30%,"69,300원",메종미네드,https://image.musinsa.com/mfile_s01/_brand/free_medium/maisonmined.png?20240126133232,상의,니트/스웨터,https://image.msscdn.net/thumbnails/images/prd_img/20240919/4446254/detail_4446254_17316402703992_big.jpg?w=1200,https://image.msscdn.net/thumbnails/images/prd_img/20240919/4446254/detail_4446254_17267460992563_big.jpg?w=1200,없음,https://image.msscdn.net/thumbnails/images/goods_img/20240919/4446254/4446254_17316402894302_big.jpg?w=1200,knit_0208,201,950회 이상 (최근 1개월),없음,후기 6개,4.8,제품 디자인도 예쁘고 재질도 좋아서 너무 마음에 들어요.,상품 배송도 빠르고 디자인도 예뻐서 너무 좋네요.,옷이 몸에 착감기는 느낌이고 엄청 고급스러워요 니트들중에 손이 많이 갈거같아요,좋은 가격에 이쁜 니트 구매 했네요 얇은 니트 선호하시는 분 추천!,너무 두껍지않아서 이너로입어도 하나만 입어도 딱 좋고 디자인 도 이쁨!
https://www.musinsa.com/products/4316126,헤비웨이트 키홀 케이블 크루넥 니트 [BROWN]_COOSKT040BROWN,"129,000원",46%,"69,300원",세컨모놀로그,https://image.musinsa.com/mfile_s01/_brand/free_medium/secondmonolgue.png?20230207122236,상의,니트/스웨터,https://image.msscdn.net/thumbnails/images/goods_img/20240809/4316126/4316126_17243696286273_big.jpg?w=1200,https://image.msscdn.net/thumbnails/images/prd_img/20240809/4316126/detail_4316126_17243696488354_big.jpg?w=1200,https://image.msscdn.net/thumbnails/images/prd_img/20240809/4316126/detail_4316126_17243696496303_big.jpg?w=1200,https://image.msscdn.net/thumbnails/images/prd_img/20240809/4316126/detail_4316126_17243696513023_big.jpg?w=1200,knit_0209,230,1.5천 회 이상 (최근 1개월),없음,후기 14개,4.8,핏도 이쁘고 꽈배기 패턴과 로고 덕분에 좀 더 포인트 있어서 좋아요,보플도 생기지않고 단단한 재질에 늘어나지않고 좋아요,제가 원했던 색 그대로 왔고 딱 사이즈도 M이 맞는거같습니다 !,최고에요 설날세일로 득템했습니다 폴로보다 좋은듯 탄탄한 재질에 휘뚜루마뚜루 잘어울려요 어디든지,좋아여 세컨모놀로그는 매번이용하는 브랜드에요 헤비웨이트 굿
https://www.musinsa.com/products/4464125,울 칼라 니트_TAILOR GREY,"98,900원",30%,"69,230원",넌블랭크,https://image.musinsa.com/mfile_s01/_brand/free_medium/nonblank.png?20210830161415,상의,니트/스웨터,https://image.msscdn.net/thumbnails/images/prd_img/20240925/4464125/detail_4464125_17278865208795_big.png?w=1200,https://image.msscdn.net/thumbnails/images/prd_img/20240925/4464125/detail_4464125_17278865227028_big.png?w=1200,없음,https://image.msscdn.net/thumbnails/images/goods_img/20240925/4464125/4464125_17278865118563_big.png?w=1200,knit_0210,605,2.3천 회 이상 (최근 1개월),없음,후기 27개,4.5,"후기가 없어서 도전 느낌이었는데 이뻐요ㅎㅎ 재질은 까슬해서 안에 머 입어야할 것 같고, 사이즈 L 잘맞아요ㅎㅎ 안에 셔츠랑 레이어드해서 입으면 더 이쁠듯!",맨살입긴 까칠해요 못버팀 긴팔이너 입으시길 옷은 뭐 말해뭐해 이쁨,한달후기 진짜 잘입었어요 가을에 무난하고 잘어울림 맨살개따가움,옷이 핏이 진짜 이쁜거 같아요 안에 반팔을 입는걸 추천합니다,이뻐요 근데 맨살 반팔 절대불가 너무 따가워요 옷은 이쁨다
https://www.musinsa.com/products/4676176,[무료반품]MINIMAL SLIM LS KNIT_IVORY,"86,000원",20%,"68,800원",닉앤니콜,https://image.musinsa.com/mfile_s01/_brand/free_medium/nicknicole.png?20230717122249,상의,니트/스웨터,https://image.msscdn.net/thumbnails/images/goods_img/20241220/4676176/4676176_17346732385148_big.jpg?w=1200,https://image.msscdn.net/thumbnails/images/prd_img/20241220/4676176/detail_4676176_17346732456221_big.jpg?w=1200,https://image.msscdn.net/thumbnails/images/prd_img/20241220/4676176/detail_4676176_17346732463697_big.jpg?w=1200,https://image.msscdn.net/thumbnails/images/prd_img/20241220/4676176/detail_4676176_17349344686290_big.jpg?w=1200,knit_0211,30,없음,없음,후기 1개,없음,이쁘네요 길이가 좀길지만 입으면 핏이 이뻐요 스타일리쉬하게 봄에 입어야겠어요,없음,없음,없음,없음
https://www.musinsa.com/products/4319114,블렌디드 하찌 니트 후드 집업 [크림블랙],"76,000원",10%,"68,400원",알리스,https://image.musinsa.com/mfile_s01/_brand/free_medium/alyss.png?20230117135312,상의,니트/스웨터,https://image.msscdn.net/thumbnails/images/prd_img/20240812/4319114/detail_4319114_17328472518380_big.jpg?w=1200,없음,없음,https://image.msscdn.net/thumbnails/images/goods_img/20240812/4319114/4319114_17328473321270_big.jpg?w=1200,knit_0212,"5,210",2만 회 이상 (최근 1개월),없음,후기 107개,4.9,s사이즈 사길 잘한거같아요 배색디자인이 예쁘고 맘에들어요 좀 입고 다니니까 보풀이 일어나긴 하네요ㅠ,지퍼 열고 닫을 때 안감이랑 물려서 잘 안되지만 저렴하게 구입해서 감안합니다!,옷감이 부드럽고 포근해요 부드러운 분위기 연출에 좋아요,탄탄한재질에 적당한무게감있어요 크림블랙 배색이 너무좋네요,착용감 좋음 색상도 이미지와 같음 사이즈 정확도 좋음
https://www.musinsa.com/products/4339736,Multi-tweed Sweater (BLUE),"109,000원",40%,"65,400원",디써티원,https://image.musinsa.com/mfile_s01/_brand/free_medium/dthirtyone.png?20230314142330,상의,니트/스웨터,https://image.msscdn.net/thumbnails/images/prd_img/20240818/4339736/detail_4339736_17253216381948_big.jpg?w=1200,https://image.msscdn.net/thumbnails/images/prd_img/20240818/4339736/detail_4339736_17253216395294_big.jpg?w=1200,없음,https://image.msscdn.net/thumbnails/images/goods_img/20240818/4339736/4339736_17259425760933_big.jpg?w=1200,knit_0213,"1,023",4.6천 회 이상 (최근 1개월),없음,후기 36개,없음,사이즈 고민을 많이 했기에 다른분들도 참고하시면좋겠어요~! 사이즈는 2사이즈를 선택했습니다. 상당히 품질이 좋은 니트였어요. 팔기장이 길고 아주 살짝 크롭한 제품이였습니다. 니트는 너무 오버핏으로 과하면 오히려 아웃핏이 예쁘지 않더라구요. 적당히 맞게 살짝만 여유있게 입는게 더 몸매가 좋아보이는것 같아요,디테일한 부분에서 머리를 묶었을때 보이는 로고가 눈에 띄고 색상은 하얀 느낌의 실이 희미하게 섞여 있어요! 옆 부분에 귀여운 택 포인트 있습니다,쨍한 색감의 짜임새 탄탄한 니트입니당 넉넉하게 입으려고 사이즈는 조금 크게 시켰고 생각했던 느낌이라 마음에 들어요! 170대 남성분들도 타이트하지 않게 잘 맞을 것 같아 커플룩으로도 추천 💙,#디써티원 #스웨터 #니트스웨터 #가을 #겨울 #캐주얼 #데일리,부담스럽지 않은 블루 컬러로 색감은 상세컷이랑 비슷해요 적당히 두툼하고 폭신해서 지금부터 겨울까지 쭉 잘 입을 것 같아요
https://www.musinsa.com/products/4771125,코튼 브이넥 니트 멜란지 멜란지 그레이,"64,000원",10%,"57,600원",애습,https://image.musinsa.com/mfile_s01/_brand/free_medium/asp.png?20220623172914,상의,니트/스웨터,https://image.msscdn.net/thumbnails/images/goods_img/20250210/4771125/4771125_17391739767045_big.jpg?w=1200,https://image.msscdn.net/thumbnails/images/prd_img/20250210/4771125/detail_4771125_17391739843455_big.jpg?w=1200,https://image.msscdn.net/thumbnails/images/prd_img/20250210/4771125/detail_4771125_17391739850100_big.jpg?w=1200,https://image.msscdn.net/thumbnails/images/prd_img/20250210/4771125/detail_4771125_17391739873045_big.jpg?w=1200,knit_0214,4,없음,없음,없음,없음,없음,없음,없음,없음,없음
https://www.musinsa.com/products/4676710,Classic Overfit V-Neck Knit_Grey,"79,000원",20%,"63,200원",노리그렛,https://image.msscdn.net/mfile_s01/_brand/free_medium/noregret.png?1733464524045,상의,니트/스웨터,없음,없음,없음,https://image.msscdn.net/thumbnails/images/goods_img/20241220/4676710/4676710_17346799518153_big.jpg?w=1200,knit_0215,176,5.1천 회 이상 (최근 1개월),없음,후기 3개,없음,엄마가 예쁘다고 좋아해주십니다 입기만해도 칭찬받을수있음,니트가 폭닥폭닥하니 두께감도 좋고 핏도 이쁘네요,네이비 컬러 먼저 구매해서 입어보고 넘 마음에 들어서 추가 구매했어요,없음,없음
https://www.musinsa.com/products/4487718,XTK112 지니드 모헤어 풀오버 니트 (BLUE),,,,엑스톤즈,https://image.musinsa.com/mfile_s01/_brand/free_medium/xtonz.png?20231201141532,상의,니트/스웨터,https://image.msscdn.net/thumbnails/images/goods_img/20241004/4487718/4487718_17302500088815_big.jpg?w=1200,https://image.msscdn.net/thumbnails/images/prd_img/20241004/4487718/detail_4487718_17286102183862_big.jpg?w=1200,https://image.msscdn.net/thumbnails/images/prd_img/20241004/4487718/detail_4487718_17286102197561_big.jpg?w=1200,https://image.msscdn.net/thumbnails/images/prd_img/20241004/4487718/detail_4487718_17302500254903_big.jpg?w=1200,knit_0216,441,,없음,후기 3개,없음,품절 직전에 사이즈 선택권도 없이 후다닥 샀는데 보들보들하고 따듯하고(때로는 덥고..) 귀여워요 ㅎㅎ  흰색 고실고실?한 실? 섬유?가 엄청 붙어?있는데(의도한?것인듯) 그래서 고양이 고실고실한 하얀털이 묻어도 티가 안남 굿,지금시즌에 어디에나 잘어울려요 ㅎㅎ 좋은상품 감사합니당 !!,엑스톤즈 애용하는데 니트 컬러감 유니크하고 따뜻하고 예뻐요!,없음,없음
https://www.musinsa.com/products/4487713,XTK112 지니드 모헤어 풀오버 니트 (BLACK),,,,엑스톤즈,https://image.musinsa.com/mfile_s01/_brand/free_medium/xtonz.png?20231201141532,상의,니트/스웨터,https://image.msscdn.net/thumbnails/images/prd_img/20241004/4487713/detail_4487713_17292161937779_big.jpg?w=1200,https://image.msscdn.net/thumbnails/images/prd_img/20241004/4487713/detail_4487713_17292162175170_big.jpg?w=1200,없음,https://image.msscdn.net/thumbnails/images/goods_img/20241004/4487713/4487713_17302500702370_big.jpg?w=1200,knit_0217,414,,없음,후기 10개,없음,곧 봄이 와서 딱 입기 좋은 날이 다가오네요! 가볍게 입기도 좋고 생각보다 두툼해서 따뜻합니다,한달후기 사이즈 정핏이구 이쁜옷 잘샀습니당ㅎㅎ 이쁘게입고다닐게요,색감이 정말 좋습니다. 품이 생각보다는 넓네요. 오버핏입니다,친구들이 다들 어디서 샀냐고 물어보네요ㅋㅋ 생각했던것보다 털도 안빠지고 너무 잘샀습니다.,한달후기 조아요 조아용 좋습니다조아요 만족합니다 조아요 조아용 좋습니다조아요 만족합니다
https://www.musinsa.com/products/4356907,BOAT NECK KNIT / BLACK,없음,없음,"63,000원",애즈온,https://image.musinsa.com/mfile_s01/_brand/free_medium/ason.png?20240513134427,상의,니트/스웨터,https://image.msscdn.net/thumbnails/images/goods_img/20240822/4356907/4356907_17286330611403_big.jpg?w=1200,https://image.msscdn.net/thumbnails/images/prd_img/20240822/4356907/detail_4356907_17286330710429_big.jpg?w=1200,https://image.msscdn.net/thumbnails/images/prd_img/20240822/4356907/detail_4356907_17286330715687_big.jpg?w=1200,https://image.msscdn.net/thumbnails/images/prd_img/20240822/4356907/detail_4356907_17286330727278_big.jpg?w=1200,knit_0218,"2,933",8.7천 회 이상 (최근 1개월),없음,후기 33개,4.6,이쁜데 아직 앏아서 이너로 입고 있어요 단독으로 얼른 입고싶네요 생각보다 오더숄더가 아니라서 입으면 이뻐요,옷 자체 디자인은 이뻐요 니트가 생각보다 얇고 기장은 제 키에는 조금 짧은편 입니다,배송 핵핵 빨랐구 옷도 마음에 들구 근데 잘 필? 소재라 그게 좀 걱정,"예뻐여! 어깨 한 쪽 내리고 입는게 젤 이쁜듯 소재는 그냥 그랬고, 길이가 생각보다 짧아서 이 점 참고하세요!!",한달후기 디자인도 예쁘고 어깨가 올라가지 않아서 좋아요
https://www.musinsa.com/products/4356903,BOAT NECK KNIT / BLUE-GREEN,없음,없음,"63,000원",애즈온,https://image.musinsa.com/mfile_s01/_brand/free_medium/ason.png?20240513134427,상의,니트/스웨터,https://image.msscdn.net/thumbnails/images/goods_img/20240822/4356903/4356903_17286334555707_big.jpg?w=1200,https://image.msscdn.net/thumbnails/images/prd_img/20240822/4356903/detail_4356903_17286334495790_big.jpg?w=1200,https://image.msscdn.net/thumbnails/images/prd_img/20240822/4356903/detail_4356903_17286334501032_big.jpg?w=1200,https://image.msscdn.net/thumbnails/images/prd_img/20240822/4356903/detail_4356903_17286334512768_big.jpg?w=1200,knit_0219,"3,526",9.1천 회 이상 (최근 1개월),없음,후기 47개,4.6,그냥 너무너무너무 예쁨 ㅠ 핏도 여리여리하고 기장도 너무 맘에 들어유..,니트가 따갑다는 얘기가 있어서 걱정했는데 하나도 안 따가웠어요! 저도 피부 예민한 편이라 조금이라듀 따가우면 잘 안 입어질텐데 오히려 부드러워서 잘 입을 거 같아요  색상 모델 사진 그대론데 실물이 훨 예뻐요ㅜ 오묘한 색감이라 애즈온 좋아하시면 진짜 이건 하나 소장하셔야한다고 생각해요..  니트 자체가 얇고 재질은 부드럽지만 썩 좋지는 않아서 비싼 감이 있긴한데 색감이랑 핏이 다 한 옷인 거 같아요!! 핏이 넘 예쁜데 특히 허리를 잡아주는? 그런 느낌이라 진짜 만족합니다 다른 색으로 하나 더 사고 싶어오 !!,색감이 예뻐용 핏도 좋은데 재질이 약간 아쉽습니다 ㅠㅡㅠ 어깨핏은 진짜 예뻐용,친구 선물로 사줬는데 이뿌다고 좋아해요 ㅎㅎ 길이도 적당해요,한달후기 길이 딱 좋은 크롭이고 안에 뭐 입고 입어야 할 거 같아용
https://www.musinsa.com/products/4356905,BOAT NECK KNIT / IVORY,없음,없음,"63,000원",애즈온,https://image.musinsa.com/mfile_s01/_brand/free_medium/ason.png?20240513134427,상의,니트/스웨터,https://image.msscdn.net/thumbnails/images/goods_img/20240822/4356905/4356905_17286331695511_big.jpg?w=1200,https://image.msscdn.net/thumbnails/images/prd_img/20240822/4356905/detail_4356905_17286331780336_big.jpg?w=1200,https://image.msscdn.net/thumbnails/images/prd_img/20240822/4356905/detail_4356905_17286331786898_big.jpg?w=1200,https://image.msscdn.net/thumbnails/images/prd_img/20240822/4356905/detail_4356905_17286331803178_big.jpg?w=1200,knit_0220,"2,455",9.3천 회 이상 (최근 1개월),없음,후기 26개,4.8,좀 답답해 보이는 보트넥이라 아쉬워요 핏이 생각보다 어정쩡한 느낌... 차라리 반 오프숄더로 내려 입을 때가 예쁩니다! 색감자체는 정말 예뻐요 봄웜~ 가을웜 분이 입으시면 제일 예쁠 색인 듯! 이거 입은 날 하루 종일 얼굴색 칭찬 받았어요 ㅋㅋ 입었을 때 좀 따가운 편이라 피부 예민하신 분이라면 입기 힘드실 수도 있을 것 같아요,친구 선물로 사줬는데 예쁘더라고요 친구도 엄청 ㅁ맘에 들어했어요,실물이 더 예뻐요!! 다른분들처럼 어깨내려서 입는게 더 예쁩니당,한달후기 친구가 생일선물로 선물 해줬는데 핏 좋구 예쁩니다 근데 얇아서 보풀 나는건 어쩔 수 없나봐여,이쁜데 가격에 비해 재질이 좀 아쉽긴 해요 ㅠ 승모근 있는 사람은 승모 부각될 거 같아요
https://www.musinsa.com/products/4543886,레글런 트랙 니트 집업 [NAVY],"74,000원",15%,"62,900원",레더리,https://image.musinsa.com/mfile_s01/_brand/free_medium/leathery.png?20220124140405,상의,니트/스웨터,https://image.msscdn.net/thumbnails/images/goods_img/20241022/4543886/4543886_17321670638795_big.jpg?w=1200,https://image.msscdn.net/thumbnails/images/prd_img/20241022/4543886/detail_4543886_17321670728643_big.jpg?w=1200,https://image.msscdn.net/thumbnails/images/prd_img/20241022/4543886/detail_4543886_17321670738335_big.jpg?w=1200,https://image.msscdn.net/thumbnails/images/prd_img/20241022/4543886/detail_4543886_17321670746561_big.jpg?w=1200,knit_0221,858,5.2천 회 이상 (최근 1개월),없음,후기 12개,4.4,"사진에서 봤던 색보다 밝아요. 어두운 네이비를 생각했는데 밝은 푸른 빛 네이비입니다. 옷도 생각보다 얇고, 주머니부분이 특히 얇아 뭐 넣기 애매할 듯 싶습니다. 사진상으론 꼭 사고픈 옷이였지만 반품할까 그냥 입을까 고민을 많이했어요.","사진에서 봤던 색보다 밝아요. 어두운 네이비를 생각했는데 밝은 푸른 빛 네이비입니다. 옷도 생각보다 얇고, 주머니부분이 특히 얇아 뭐 넣기 애매할 듯 싶습니다. 사진상으론 꼭 사고픈 옷이였지만 반품할까 그냥 입을까 고민을 많이했어요.","한달후기 기장감이 좀 길고, 밑단이 잡히진 않아 상체 짧은 분들껜 추천드리지 않아요. 그래도 옷이 너무 이뻐요",한달후기 탄탄한 니트 소재라 핏이 딱 잡혀서 좋아요 색감도 딱 원하는 예쁜 네이비 색 입니다,"따뜻하고 디자인 예쁘고 무엇보다 하이넥이 너무 끌려서 바로 구매했는데 짱만족스럽습니다,, 다른 색도 사고싶을정도로;"
https://www.musinsa.com/products/4246394,믹스드 얀 크루 넥 니트 [브라운],"69,900원",10%,"62,890원",무신사 스탠다드,https://image.msscdn.net/mfile_s01/_brand/free_medium/musinsastandard.png?20200608153142,상의,니트/스웨터,https://image.msscdn.net/thumbnails/images/goods_img/20240712/4246394/4246394_17330960763341_big.jpg?w=1200,https://image.msscdn.net/thumbnails/images/prd_img/20240712/4246394/detail_4246394_17330960815691_big.jpg?w=1200,https://image.msscdn.net/thumbnails/images/prd_img/20240712/4246394/detail_4246394_17320018659441_big.jpg?w=1200,https://image.msscdn.net/thumbnails/images/prd_img/20240712/4246394/detail_4246394_17320018695338_big.jpg?w=1200,knit_0222,671,6.1천 회 이상 (최근 1개월),없음,후기 48개,4.9,갈색 베이지 두가지 컬러가 잘 섞여서 이뻐요 핏은 적당한 오버핏 정도고 소재도 부드러워요,색깔도 너무 예쁘게 잘나왔고 엄청 부드러워요 저렴한 니트만 입다가 무려 6만원대 니트를 입으니 확실히 부드럽네요 사이즈도 딱 맞아요 저랑 비슷한 스펙이면 라지사이즈 추천,부드럽고 재질 나쁘지 않아요 그리고 따뜻합니다,한달후기 재질 굿 핏 굿인데 구매하고나서 세일해서 조금 아쉽네요,한달후기 보풀 안 생기고 좋아요 자꾸 손이 가는 니트네요 맘에듭니다
https://www.musinsa.com/products/4431220,멀티 스트라이프 헨리넥 니트_BLACK,"89,000원",30%,"62,300원",더블유엠씨,https://image.musinsa.com/mfile_s01/_brand/free_medium/wellmadecom.png?20240213171026,상의,니트/스웨터,https://image.msscdn.net/thumbnails/images/prd_img/20240911/4431220/detail_4431220_17261255622875_big.jpg?w=1200,https://image.msscdn.net/thumbnails/images/prd_img/20240911/4431220/detail_4431220_17261255659907_big.jpg?w=1200,없음,https://image.msscdn.net/thumbnails/images/goods_img/20240911/4431220/4431220_17291318902636_big.jpg?w=1200,knit_0223,513,1.4천 회 이상 (최근 1개월),없음,후기 27개,4.8,한달후기 스크라이프 헨리넥 이여서 하나정도 있으면 괜찮다고 행각합니다,한달후기 휘뚜루마뚜루 입기좋고 레이어드하기도 좋고 가격대비 활용도 굿입니다,한달후기 손이 매우마니가는 제품 어깨선 작은거 빼고는 엄청 이쁩니다,"한달후기 디자인, 가격, 품질 모두 최곱니다… 캐쥬얼하면서 스트릿한 느낌 내기에 너무 좋아요!",생각보다 얇은 니트라서 이너로 입기에 딱인 거 같아요! 스트라이프 패턴이라서 아우터 입고 그러면 포인트 주기에 딱 좋아요~ 기본 헨리넥 니트라서 구매하면 자주 써 먹을 거 같긴해요! 추천합니다!! 제 스펙이라면 어께가 살짝 좁아서 L사이즈 추천드릴게요! 넣입하면 더 이쁜 핏 나올 수 있습니당~
https://www.musinsa.com/products/4719790,(우먼) 브이넥 스트라이프 니트_옐로우,"69,000원",10%,"62,100원",코드그라피,https://image.msscdn.net/mfile_s01/_brand/free_medium/codegraphy.png?1733796001765,상의,니트/스웨터,https://image.msscdn.net/thumbnails/images/goods_img/20250114/4719790/4719790_17375138954487_big.jpg?w=1200,https://image.msscdn.net/thumbnails/images/prd_img/20250114/4719790/detail_4719790_17376772855858_big.jpg?w=1200,https://image.msscdn.net/thumbnails/images/prd_img/20250114/4719790/detail_4719790_17376772865778_big.jpg?w=1200,https://image.msscdn.net/thumbnails/images/prd_img/20250114/4719790/detail_4719790_17376772891234_big.jpg?w=1200,knit_0224,503,3.9천 회 이상 (최근 1개월),없음,없음,없음,없음,없음,없음,없음,없음
https://www.musinsa.com/products/4719791,(우먼) 브이넥 스트라이프 니트_스카이블루,"69,000원",10%,"62,100원",코드그라피,https://image.msscdn.net/mfile_s01/_brand/free_medium/codegraphy.png?1733796001765,상의,니트/스웨터,https://image.msscdn.net/thumbnails/images/goods_img/20250114/4719791/4719791_17375138891196_big.jpg?w=1200,https://image.msscdn.net/thumbnails/images/prd_img/20250114/4719791/detail_4719791_17376772722543_big.jpg?w=1200,https://image.msscdn.net/thumbnails/images/prd_img/20250114/4719791/detail_4719791_17376772731615_big.jpg?w=1200,https://image.msscdn.net/thumbnails/images/prd_img/20250114/4719791/detail_4719791_17376772757920_big.jpg?w=1200,knit_0225,322,2.9천 회 이상 (최근 1개월),없음,없음,없음,없음,없음,없음,없음,없음
https://www.musinsa.com/products/4401490,Boucle V Neck Knit Black,"69,000원",10%,"62,000원",애쉬아워,https://image.musinsa.com/mfile_s01/_brand/free_medium/ashour.png?20220329103822,상의,니트/스웨터,https://image.msscdn.net/thumbnails/images/goods_img/20240904/4401490/4401490_17272247058997_big.jpg?w=1200,https://image.msscdn.net/thumbnails/images/prd_img/20240904/4401490/detail_4401490_17272247120294_big.jpg?w=1200,https://image.msscdn.net/thumbnails/images/prd_img/20240904/4401490/detail_4401490_17272247127348_big.jpg?w=1200,https://image.msscdn.net/thumbnails/images/prd_img/20240904/4401490/detail_4401490_17272247143455_big.jpg?w=1200,knit_0226,215,400회 이상 (최근 1개월),없음,후기 30개,4.9,"단품으로도, 셔츠와 함께 매치해도 스타일리시하고 좋습니다","겉은 부클인 것에 비해 안감 소재는 엄청 부드럽고 폭닥폭닥해서 맨살에 착용해도 아무런 부담이 없고, 크롭한 총장과 적당한 품으로 인해서 넣어 입던 빼서 입던 둘다 핏이 너무 예뻐요. 적당히 미니멀한 브이넥 라인도 예쁘고 특히 겉감 소재가 모두 부클 느낌이라 착용하다 보풀 올라와도 티가 안나서 크게 신경 안쓰일거 같아서 너무 좋습니다. 아 그리고 제일 중요한 가격이 깡패.. 이 니트 라인은 스테디로 매년 생산해주세요",한달후기 이뻐요 보충생겨도 티안날거같은데 비주얼이랄까,핏이랑 기장이 잴 맘에 듭니다 제질도 그렇고 라지 추천드려요,한달후기 가격대비 가성비가 너무 좋고 따뜻하고 예뻐서 만족합니다!
https://www.musinsa.com/products/4309196,가든 플라워 스웨터-아이보리,"88,000원",30%,"61,600원",비터셀즈,https://image.musinsa.com/mfile_s01/_brand/free_medium/bittercells.png?20220204123329,상의,니트/스웨터,https://image.msscdn.net/thumbnails/images/prd_img/20240808/4309196/detail_4309196_17237121084667_big.jpg?w=1200,https://image.msscdn.net/thumbnails/images/prd_img/20240808/4309196/detail_4309196_17237121091699_big.jpg?w=1200,없음,https://image.msscdn.net/thumbnails/images/goods_img/20240808/4309196/4309196_17237121030334_big.jpg?w=1200,knit_0227,682,900회 이상 (최근 1개월),없음,후기 8개,없음,촉감이 아주 미쳤습니다!! 도톰하니 아주 예쁘고 다른 색도 살까 고민중이에요!! 중독되는 촉감이에요 매우 보돌보돌 고양이 스다듬는 느낌…!!!,색감 및 디자인 너무 맘에 들고 예쁘네요. 따스하고 부드러운 감촉도 최고에요. 만족합니다.,한달후기 제가 진짜 한달동안 매일매일 입습니다! 핏도 예쁘고 디자인도 너무 예뻐요 근데 진짜 부들부들하고 따뜻해서 이거 입고 패딩입으면 진짜 하나도 안 추워요 너무 좋습니다!,한달후기 보들보들하고 따땃해서 좋아요!! 디자인도 너무 귀엽구...ㅜㅜ 최고 짱~,"옷이 묵직하고 예뻐용,, 통통이는 덩치가 좀 더 커보이긴 하지만 귀여우니까 괜찮아용 털은 쫌 묻어요!!"
https://www.musinsa.com/products/4724617,23 WINTER 캐시미어 울 블렌디드 하프 집업 스웨터 (카키),"45,000원",36%,"29,000원",다니엘크레뮤,https://image.musinsa.com/mfile_s01/_brand/free_medium/danielcremieux.png?20220316115650,상의,니트/스웨터,없음,없음,없음,https://image.msscdn.net/thumbnails/images/goods_img/20250116/4724617/4724617_17370022097434_big.jpg?w=1200,knit_0228,0,없음,없음,없음,없음,없음,없음,없음,없음,없음
https://www.musinsa.com/products/4716790,IM BUTTON DIAGONAL CARDIGAN(CHARCOAL),"75,000원",20%,"60,000원",러브이즈트루,https://image.musinsa.com/mfile_s01/_brand/free_medium/luvistrue.png?20201208110338,상의,니트/스웨터,https://image.msscdn.net/thumbnails/images/goods_img/20250113/4716790/4716790_17370105715885_big.jpg?w=1200,https://image.msscdn.net/thumbnails/images/prd_img/20250113/4716790/detail_4716790_17370105815605_big.jpg?w=1200,https://image.msscdn.net/thumbnails/images/prd_img/20250113/4716790/detail_4716790_17370105823991_big.jpg?w=1200,https://image.msscdn.net/thumbnails/images/prd_img/20250113/4716790/detail_4716790_17370105838765_big.jpg?w=1200,knit_0229,460,2.9천 회 이상 (최근 1개월),없음,없음,없음,없음,없음,없음,없음,없음
https://www.musinsa.com/products/4420399,섭듀드 니트 후드 집 업-아이보리,"79,000원",24%,"59,900원",필루미네이트,https://image.musinsa.com/mfile_s01/_brand/free_medium/filluminate.png?20240624122453,상의,니트/스웨터,https://image.msscdn.net/thumbnails/images/goods_img/20240909/4420399/4420399_17267481454678_big.jpg?w=1200,https://image.msscdn.net/thumbnails/images/prd_img/20240909/4420399/detail_4420399_17267481546516_big.jpg?w=1200,https://image.msscdn.net/thumbnails/images/prd_img/20240909/4420399/detail_4420399_17267481538293_big.jpg?w=1200,https://image.msscdn.net/thumbnails/images/prd_img/20240909/4420399/detail_4420399_17267481492691_big.jpg?w=1200,knit_0230,880,4.1천 회 이상 (최근 1개월),없음,후기 12개,4.3,생각하던 것보다 좀 크다는 느낌은 아니라서 원래 사이즈 시키는걸 추천해용,한달후기 핏이 너무 예뻐서 교복처럼 입고 있습니다. 완전 추천해요,한달후기 입어보진않았는데 색감이나 소재 질면에서 고급스러움이 묻어납니다^^,색상도 너무이쁘고 퀄리티가높은제품입니다 핏도이쁘고 너무빨리입고싶네요,느낌점 *짜임새 좋고 지퍼가 저렴하지 않아 좋움 *77.88사이즈 여자한테도 M사이즈는 루즈하고 오버함 ㄴs사이즈 추천 *꽤나 부드러움  단점 세탁 몇번 하면 더 늘어질까 걱정됨
https://www.musinsa.com/products/4703085,CORK COTTON KNIT JACKET RED,"79,000원",24%,"59,900원",수아레,https://image.musinsa.com/mfile_s01/_brand/free_medium/suare.png?20220824173325,상의,니트/스웨터,https://image.msscdn.net/thumbnails/images/goods_img/20250107/4703085/4703085_17368189671810_big.jpg?w=1200,https://image.msscdn.net/thumbnails/images/prd_img/20250107/4703085/detail_4703085_17368189746386_big.jpg?w=1200,https://image.msscdn.net/thumbnails/images/prd_img/20250107/4703085/detail_4703085_17368189757058_big.jpg?w=1200,https://image.msscdn.net/thumbnails/images/prd_img/20250107/4703085/detail_4703085_17368189781593_big.jpg?w=1200,knit_0231,148,2천 회 이상 (최근 1개월),없음,후기 1개,없음,봄에 입으려고 바로 쟁여놨습니다 핏 색감 완벽합니다,없음,없음,없음,없음
https://www.musinsa.com/products/4420404,섭듀드 니트 후드 집 업-블랙,"79,000원",24%,"59,900원",필루미네이트,https://image.musinsa.com/mfile_s01/_brand/free_medium/filluminate.png?20240624122453,상의,니트/스웨터,https://image.msscdn.net/thumbnails/images/goods_img/20240909/4420404/4420404_17267480546084_big.jpg?w=1200,https://image.msscdn.net/thumbnails/images/prd_img/20240909/4420404/detail_4420404_17267480635699_big.jpg?w=1200,https://image.msscdn.net/thumbnails/images/prd_img/20240909/4420404/detail_4420404_17267480626881_big.jpg?w=1200,https://image.msscdn.net/thumbnails/images/prd_img/20240909/4420404/detail_4420404_17267480738643_big.jpg?w=1200,knit_0232,654,2.8천 회 이상 (최근 1개월),없음,후기 7개,4.4,투웨이라 너무 좋고 핏도 너무예뻐요ㅜㅜ!! 너무만족합니다 ㅎㅎ,"생각보다 핏이 예뻤어요, 근데 많이 얇으니 한겨울엔 주의",저렴하긴 하지만.. 보풀이 정말 엄청나게 생깁니다. 니트를 좋아해서 최대한 조심히 입는편이지만 그래도 이건 너무 심하네요 ..,오바핏 니트 집업을 찾고 있었는데 아주 넉넉하고 핏이 좋아요! 원하던 오버핏이라 너무 맘에들고 앞으로 자주 입을 것 같아요 무난한 디자인이라 여러 옷에 다 어울려요 굿👍,막 입고다니기 너무 좋아요 모자도 짱크고 굿이여
https://www.musinsa.com/products/4388026,[패션플래닛X더니트컴퍼니] 워셔블 코튼 카라 가디건 6color,"86,000원",30%,"59,900원",더니트컴퍼니,https://image.msscdn.net/mfile_s01/_brand/free_medium/theknitcompany.png?1730949238237,상의,니트/스웨터,없음,없음,없음,https://image.msscdn.net/thumbnails/images/goods_img/20240830/4388026/4388026_17258836122557_big.jpg?w=1200,knit_0233,"2,224",3.3천 회 이상 (최근 1개월),1.9천 개 이상,후기 375개,4.9,역시 니트 전문 브랜드 답게 핏이나 재질 모두 마음에 들었어요! 앞으로도 잘 입겠습니다.,추석특가라 좋은조건으로 구매했어요 부드러위좋아요 배송도 연휴전인데도 하루만에 굳입니다,부들부들하고 겨울에 이너로 입기 좋다고 생각해요,한달후기 너무 편하고 마음에 듭니다 재 구매 의사 무조건 있습니다,"선명한 네이비 색상, 너무 크지도 작지도 않은 핏이라 좋네요 좋은 가격에 잘 받았습니다"
https://www.musinsa.com/products/4684053,울블렌드 소프트 레터링 자카드 니트 카키,없음,없음,"59,900원",에잇세컨즈,https://image.musinsa.com/mfile_s01/_brand/free_medium/8seconds.png?20230113172937,상의,니트/스웨터,없음,없음,없음,https://image.msscdn.net/thumbnails/images/goods_img/20241230/4684053/4684053_17355286363685_big.jpg?w=1200,knit_0234,7,100회 이상 (최근 1개월),없음,후기 1개,없음,직접 입어보고 샀는데 넘 좋네요! 두께도 엄청 두껍지 않아서 좋아여!,없음,없음,없음,없음
https://www.musinsa.com/products/4299396,[SET]오버핏 케이블 카라 니트 OR 오버핏 라운드 니트,"85,336원",30%,"59,735원",언탭트 스튜디오,https://image.msscdn.net/mfile_s01/_brand/free_medium/untapped.png?1730708272814,상의,니트/스웨터,https://image.msscdn.net/thumbnails/images/prd_img/20240806/4299396/detail_4299396_17268128208919_big.jpg?w=1200,https://image.msscdn.net/thumbnails/images/prd_img/20240806/4299396/detail_4299396_17268128261254_big.jpg?w=1200,없음,https://image.msscdn.net/thumbnails/images/goods_img/20240806/4299396/4299396_17268128048706_big.jpg?w=1200,knit_0235,372,3.1천 회 이상 (최근 1개월),없음,후기 41개,4.8,사이즈도 좋고 재질도 좋아요 평소에 입고다니기 좋아요,한달후기 굉장히 따뜻하고 코트 안에 입기 좋아요 돈 값 합니다,한달후기 기장이 좀 길긴하지만 옷이 꽤나 예쁩니다 좋아요,한달후기 생각했던 사이즈여서 너무 잘 입고 있습니다. 색상도 화면 그대로에요,한달후기 180/95 오버핏으로 예뻐요. 카라니트는 좀 많이 파인거 같아요. 카라는 한사이즈 작게입어도 될듯요
https://www.musinsa.com/products/4701698,[DAD] 스노우베어 윈터 니트_아빠용,"66,000원",10%,"59,400원",코코모코,https://image.msscdn.net/mfile_s01/_brand/free_medium/cocomoco.png?1731379703763,상의,니트/스웨터,없음,없음,없음,https://image.msscdn.net/thumbnails/images/goods_img/20250107/4701698/4701698_17362152845956_big.jpg?w=1200,knit_0236,98,2.8천 회 이상 (최근 1개월),없음,없음,없음,없음,없음,없음,없음,없음
https://www.musinsa.com/products/4449072,MARCO JACQUARD CREWNECK KNIT-IVORY,"99,000원",40%,"59,400원",마크엠,https://image.musinsa.com/mfile_s01/_brand/free_medium/markm.png?20240227142021,상의,니트/스웨터,https://image.msscdn.net/thumbnails/images/goods_img/20240920/4449072/4449072_17268173867893_big.jpg?w=1200,없음,없음,https://image.msscdn.net/thumbnails/images/prd_img/20240920/4449072/detail_4449072_17268182885471_big.jpg?w=1200,knit_0237,52,200회 이상 (최근 1개월),없음,없음,없음,없음,없음,없음,없음,없음
https://www.musinsa.com/products/4744099,스포티 트랙 세미 크롭 니트 집업 - GRAY,"89,000원",34%,"59,000원",오드스튜디오,https://image.msscdn.net/mfile_s01/_brand/free_medium/oddstudio.png?1732780510434,상의,니트/스웨터,https://image.msscdn.net/thumbnails/images/goods_img/20250124/4744099/4744099_17377027604337_big.jpg?w=1200,https://image.msscdn.net/thumbnails/images/prd_img/20250124/4744099/detail_4744099_17377027685949_big.jpg?w=1200,https://image.msscdn.net/thumbnails/images/prd_img/20250124/4744099/detail_4744099_17377027692845_big.jpg?w=1200,https://image.msscdn.net/thumbnails/images/prd_img/20250124/4744099/detail_4744099_17388172583224_big.jpg?w=1200,knit_0238,973,1.1만 회 이상 (최근 1개월),없음,후기 1개,없음,목 부분이 조금 어색하다고 느꼈는데 보는사람은 괜찮다고 하네용 이뻐요,없음,없음,없음,없음
https://www.musinsa.com/products/4424052,남성 하이넥 집업 케이블 니트 (BLACK) (HA9GD1A),"129,000원",54%,"59,000원",애드호크,https://image.musinsa.com/mfile_s01/_brand/free_medium/adhoc1.png?20230320094647,상의,니트/스웨터,없음,없음,없음,https://image.msscdn.net/thumbnails/images/goods_img/20240910/4424052/4424052_17259345628247_big.jpg?w=1200,knit_0239,46,200회 이상 (최근 1개월),없음,후기 1개,없음,무난무난해서 입기 좋을것같습니다 그렇게 두꺼운편은 아니라 다른 아우터랑 입기도 좋아요,없음,없음,없음,없음
https://www.musinsa.com/products/4581995,daily V neck KNIT (NAVY / cashmere 10%),없음,없음,"59,000원",디그,https://image.msscdn.net/mfile_s01/_brand/free_medium/diguestyle.png?1729736538796,상의,니트/스웨터,없음,없음,없음,https://image.msscdn.net/thumbnails/images/goods_img/20241101/4581995/4581995_17304422009373_big.jpg?w=1200,knit_0240,185,1.2천 회 이상 (최근 1개월),없음,후기 3개,4.3,과하지않고 적당한 목파임이 너무 이쁘네요..길이도 좋아서 바지든 스커트든 어디 어울리네요~,데일리로 자주 입을 수 있는 옷입니다. 넥부분도 많이 파이지 않아 단독으로도 입을 수 있어 좋아요. 가격대비 품질 괜찮네요~! 역시 믿고 보는 디그입니다,길이짧은거빼고는 다 만족이요 크롭길이네요 40대중반 아줌마는 힘드네요,없음,없음
https://www.musinsa.com/products/4387529,투 톤 리브드 크루 넥 니트 [토프/헤더 브라운],"73,900원",20%,"58,990원",무신사 스탠다드,https://image.msscdn.net/mfile_s01/_brand/free_medium/musinsastandard.png?20200608153142,상의,니트/스웨터,https://image.msscdn.net/thumbnails/images/prd_img/20240830/4387529/detail_4387529_17307730922549_big.jpg?w=1200,https://image.msscdn.net/thumbnails/images/prd_img/20240830/4387529/detail_4387529_17307730933091_big.jpg?w=1200,없음,https://image.msscdn.net/thumbnails/images/goods_img/20240830/4387529/4387529_17307730861419_big.jpg?w=1200,knit_0241,299,2.8천 회 이상 (최근 1개월),없음,후기 31개,4.8,사진이 실물을 못 담아요. 입었을때 정말 이쁩니다.,너무 좋슺니다 사이즈감도 좋고 믿고구매합니다 추천,남편사줬는데 너무 잘어울려서 기부니가 좋네영 오프라인보다 공홈이 훨신 저렴해요,옷 질감이나 사이즈 등 만족스럽네요. 어떤 자리에든 무난하게 입고 다닐 수 있을것 같아요.,매우좋구 이뻐요 ㅋㅋ디자인 아주좋아요 감사합니다
https://www.musinsa.com/products/4502107,모먼트 하트 니트 - 버건디,"84,000원",30%,"58,800원",엠오오,https://image.musinsa.com/mfile_s01/_brand/free_medium/moo.png?20240103112854,상의,니트/스웨터,없음,없음,없음,https://image.msscdn.net/thumbnails/images/goods_img/20241010/4502107/4502107_17285343900090_big.jpg?w=1200,knit_0242,"3,812",1.1만 회 이상 (최근 1개월),없음,후기 39개,4.8,색도 페이지랑 같아 보이고 가까이서 보면 검정실이 극소량으로 믹스돼서 티는 거의 안 나지만 밋밋해 보이지 않아요. 사이즈도 잘 맞고 모델처럼 티셔츠 레이어드하고 블랙진 입으면 딱 좋습니다. 배송도 엄청 빨리 보내주셨습니다. 대신 가격대 치곤 보풀이 잘 나는 것 같아 아쉽습니다. 2회 착용했는데 10번은 넘게 입었던 옷처럼 보이네요.,첫 번째 사진의 색상이 실물과 제일 유사합니다 색이 너무 이뻐서 샀는데 너무 만족스럽습니다 하지만 제가 키도 크고 무게도 있다보니 오버핏은 안나오네요 ㅠㅜ,깜찍해여 레이어드 티 같이 입는게 훨씬 좋을것 같습니다,한달후기 제가 입고 다니다 신랑이 이쁘다고 해서 신랑 주고 저는 블랙으로 재구매 했네요,한달후기 따듯하고 핏이 이뻐서 자주 입습니당~~ 촘촘해서 전혀 늘어나는 것도 없어요!
https://www.musinsa.com/products/4480716,I HATE HUMAN 니트 버건디,"89,000원",35%,"57,850원",후드후드,https://image.msscdn.net/mfile_s01/_brand/free_medium/hoodhood.png?1730454920852,상의,니트/스웨터,https://image.msscdn.net/thumbnails/images/prd_img/20241002/4480716/detail_4480716_17283763671843_big.jpg?w=1200,https://image.msscdn.net/thumbnails/images/prd_img/20241002/4480716/detail_4480716_17283763680672_big.jpg?w=1200,없음,https://image.msscdn.net/thumbnails/images/goods_img/20241002/4480716/4480716_17283796176204_big.jpg?w=1200,knit_0243,"1,516",3.2천 회 이상 (최근 1개월),없음,후기 18개,4.7,너무 따셔요. 꺼실거리지도 않고 부들부들합니다.,진짜 귀엽고 오버핏입니다. 생각보다 얇아서 안에 티 하나 정도는 받쳐입어야 덜 추울 것 같아요,생각보다 사이즈가 더 크네요 흘러내리는듯한 핏이 귀여워요,오버핏으로 입으려면 2사이즈 사야할듯 1사이즈는 뭔가 애매함,딱 보자마자 아 이건 사야된다싶어서 쿠폰쓰고하니까 4만원초반대에 구입했습니다 89000원짜리를 절반도안되는 가격에 사니까 너무 행복하네요 옷도 이뻐요 살짝 가오리핏같은데 이뻐요
https://www.musinsa.com/products/4467421,소프트 하프 폴라 모크넥 니트 티셔츠 3Color,"32,714원",30%,"22,900원",언탭트 스튜디오,https://image.msscdn.net/mfile_s01/_brand/free_medium/untapped.png?1730708272814,상의,니트/스웨터,https://image.msscdn.net/thumbnails/images/prd_img/20240926/4467421/detail_4467421_17273466319291_big.jpg?w=1200,https://image.msscdn.net/thumbnails/images/prd_img/20240926/4467421/detail_4467421_17273466326349_big.jpg?w=1200,없음,https://image.msscdn.net/thumbnails/images/goods_img/20240926/4467421/4467421_17276796652144_big.jpg?w=1200,knit_0244,"1,375",1.7만 회 이상 (최근 1개월),1.7천 개 이상,후기 252개,4.8,한달후기 가격대가 조금 있어서 구매를 고민했는데 막상 받아보니까 잘 샀다는 생각이 드네요 가격 값을 하는 것 같습니다. 한 달 동안 너무 만족스럽게 사용했네요. 잘 쓸게요,배송도 빠르고 포장도 잘 되어서 받아볼 수 있었습니다. 가격이 어느정도 있는 만큼 옷의 재질도 탄탄하고 퀄리티가 만족스러웠네요 핏도 적당해서 바로 입고 나들이 갔다왔습니다. 다른 제품도 구매하려고 찾아보는 중이네요.,"체험단 소재감은 입어본 폴라티 중에서 제일 부드러울 정도로 엄청 부드럽고 맨살에 닿으면 촤르륵한 느낌들게 감깁니다!! 입었을 때 기분이 좋은 부드러움이라 손이 자주 갔습니다!  검정색이나 흰색 폴라티가 대부분인데, 차콜색의 모던함이 주는 분위기가 매력이 있습니다. 보통 폴라티는 세탁하고 건조기는 절대 돌리면 안되기에 자연 건조시키고 입어봤는데 큰 차이도 없었습니다. 그래두 안전빵으로 손세탁을 추천드립니다😌  아 그리구 타브랜드는 목이 진짜 쭈글쭈글한 경우가 많은데 이 옷은 그런게 하나도 없었습니다! 마침 흰색 폴라티가 너무 헤졋는데 한 벌 더 구입하구 싶네요🥳 사이즈는 정사이즈로 가시면 딱 맞을거같아요!",코트안에 인어로 입기 딱좋고 재질도 좋아요 굿굿,따뜻하고 무엇보다 편안해서 너무 좋아요 감사합니다
https://www.musinsa.com/products/4316121,워싱 피셔맨 크루넥 니트 [BLACK]_SEKT034BLACK,"79,000원",28%,"57,200원",세컨모놀로그,https://image.musinsa.com/mfile_s01/_brand/free_medium/secondmonolgue.png?20230207122236,상의,니트/스웨터,https://image.msscdn.net/thumbnails/images/goods_img/20240809/4316121/4316121_17243701754871_big.jpg?w=1200,https://image.msscdn.net/thumbnails/images/prd_img/20240809/4316121/detail_4316121_17243701826345_big.jpg?w=1200,https://image.msscdn.net/thumbnails/images/prd_img/20240809/4316121/detail_4316121_17243701834463_big.jpg?w=1200,https://image.msscdn.net/thumbnails/images/prd_img/20240809/4316121/detail_4316121_17243701843648_big.jpg?w=1200,knit_0245,732,4천 회 이상 (최근 1개월),없음,후기 25개,4.2,옷이 빈티지하면서도 핏도 아주 맘에 듭니다 ㅎㅎ 세컨모노로그 옷 괜찮아요,니트가 색감이랑 질감이 아주 좋습니다 잘 입을게요,제가 팔이 긴편인데도 팔쪽이 상당히 길어요. 그래서 m사이즈 건조기 돌리니까 딱 맞더라고요. 색상은 브라운블랙에 가깝고요 브라운 어두운 느낌 좋아하면 색상 좋아할겁니다.,한달후기 초반에 먼지 많이 빠지던건 어느정도 괜찮아졋습니다 그외에는 별거없고 역시 이쁘긴 이쁘네오,핏이좋고 재질이 좋아용 다음에도 또 시킬거같아요
https://www.musinsa.com/products/4252588,[with 김무열]트위드 니트 자켓,"75,000원",25%,"56,250원",수아레,https://image.musinsa.com/mfile_s01/_brand/free_medium/suare.png?20220824173325,상의,니트/스웨터,https://image.msscdn.net/thumbnails/images/prd_img/20240716/4252588/detail_4252588_17223134245776_big.jpg?w=1200,https://image.msscdn.net/thumbnails/images/prd_img/20240716/4252588/detail_4252588_17223134256051_big.jpg?w=1200,없음,https://image.msscdn.net/thumbnails/images/goods_img/20240716/4252588/4252588_17392551483974_big.jpg?w=1200,knit_0246,824,4.9천 회 이상 (최근 1개월),없음,후기 38개,4.4,지퍼가 투웨이 스타일로 연출 가능하게 되어있고 조직 배색도 맘에들고 맘에드네요,한달후기 고급스러운 느낌이 나는 자켓입니다 실물도 좋아요,사진그대로이고 흔하지않아서 좋은것 같습니다. 아직 날씨가 덜추워서 입어보지못했지만 좀더추워지면 자주입을것 같아요~,지퍼도 튼튼한 거 같고 핏이 딱 예쁘게 떨어지네요 가을에 입기 딱이에요~,진짜 옷감 핏 색상 정말 다 예쁘고 마음에 쏘옥 드네여
https://www.musinsa.com/products/4135903,아란 케이블 크루 넥 니트 [화이트],"79,900원",30%,"55,890원",무신사 스탠다드,https://image.msscdn.net/mfile_s01/_brand/free_medium/musinsastandard.png?20200608153142,상의,니트/스웨터,https://image.msscdn.net/thumbnails/images/goods_img/20240517/4135903/4135903_17253201161194_big.jpg?w=1200,https://image.msscdn.net/thumbnails/images/prd_img/20240517/4135903/detail_4135903_17253201230195_big.jpg?w=1200,https://image.msscdn.net/thumbnails/images/prd_img/20240517/4135903/detail_4135903_17253201241951_big.jpg?w=1200,https://image.msscdn.net/thumbnails/images/prd_img/20240517/4135903/detail_4135903_17253201262370_big.jpg?w=1200,knit_0247,264,2.3천 회 이상 (최근 1개월),없음,후기 9개,없음,정핏이고 딱 맞아요 이쁘고 따가움은 없었어요 굳,기장도 딱 적당하고 이뻐요 재질도 되게 좋고 따가움도 없어요,베이지랑 번갈아 입을려고 사이즈 다르게 하나 더 샀어요~ ^^,한달후기 핏도 좋고 재질도 좋고 어디에 코디해도 다 잘 어울리네요!! 추천합니다,편안하고 따뜻하네요 예쁘게 잘 입도록 하겠습니다
https://www.musinsa.com/products/4387513,부클 칼라드 니트 [오트밀],"69,900원",20%,"55,690원",무신사 스탠다드,https://image.msscdn.net/mfile_s01/_brand/free_medium/musinsastandard.png?20200608153142,상의,니트/스웨터,https://image.msscdn.net/thumbnails/images/prd_img/20240830/4387513/detail_4387513_17319984190726_big.jpg?w=1200,https://image.msscdn.net/thumbnails/images/prd_img/20240830/4387513/detail_4387513_17319984198154_big.jpg?w=1200,없음,https://image.msscdn.net/thumbnails/images/goods_img/20240830/4387513/4387513_17319984118040_big.jpg?w=1200,knit_0248,379,5.4천 회 이상 (최근 1개월),없음,후기 36개,4.9,제가 가진 니트들중 탑으로 예쁘네요. 상세설명의 색감보다 처음 모델컷의 우유빛 느낌입니다. 한파 아닐때 카라 살짝 오픈해서 입으면 진짜 예쁨,배송빨라요 정사이즈에요 착용감좋아요. 편안해요,여의도에서 입어보고 구매했는데 너무좋아요 오늘 추웠는데 딱이였습니다,부들부들한 카라 니트에요 ㅎㅎ 82 키로 183인데 xl 넉넉하게 잘입어요,179/74 어깨넉넉하고 기장 밑위반정도오네요
https://www.musinsa.com/products/4299930,시그니처 데일리 크루넥 니트 [블랙],"44,700원",40%,"26,730원",에이지오디,https://image.msscdn.net/mfile_s01/_brand/free_medium/againstallodds.png?1730451543679,상의,니트/스웨터,https://image.msscdn.net/thumbnails/images/prd_img/20240806/4299930/detail_4299930_17291466374749_big.jpg?w=1200,https://image.msscdn.net/thumbnails/images/prd_img/20240806/4299930/detail_4299930_17291466365311_big.jpg?w=1200,없음,https://image.msscdn.net/thumbnails/images/goods_img/20240806/4299930/4299930_17278442439453_big.jpg?w=1200,knit_0249,"1,397",3.8천 회 이상 (최근 1개월),없음,후기 234개,4.9,믿고 사는 브랜드인데 너무너무 예쁘고 좋습니다,한달후기 다 좋은데 어깨라인이 살짝 이상한 느낌이 있네요,한달후기 일하면서 이거만 입었는데 진짜 따뜻하고 부드러워서 좋습니다!,한달후기 일하면서 이거만 입었는데 진짜 따뜻하고 부드러워서 좋습니다!,한달후기 따뜻하고 기본 니트로 입기 좋아요~! 잘 입고 있습니다
https://www.musinsa.com/products/4697468,[무료반품]NICOLE CLASSICAL SOFT V SWEATER_LIGHT GRAY,"79,000원",30%,"55,300원",닉앤니콜,https://image.musinsa.com/mfile_s01/_brand/free_medium/nicknicole.png?20230717122249,상의,니트/스웨터,https://image.msscdn.net/thumbnails/images/goods_img/20250103/4697468/4697468_17358867526003_big.jpg?w=1200,https://image.msscdn.net/thumbnails/images/prd_img/20250103/4697468/detail_4697468_17358867597705_big.jpg?w=1200,https://image.msscdn.net/thumbnails/images/prd_img/20250103/4697468/detail_4697468_17358867608860_big.jpg?w=1200,https://image.msscdn.net/thumbnails/images/prd_img/20250103/4697468/detail_4697468_17358867630742_big.jpg?w=1200,knit_0250,96,650회 이상 (최근 1개월),없음,없음,없음,없음,없음,없음,없음,없음
https://www.musinsa.com/products/4325156,하이어 브이넥 니트 [멜란지브라운],,,,후브스,https://image.musinsa.com/mfile_s01/_brand/free_medium/hooves.png?20220526175015,상의,니트/스웨터,https://image.msscdn.net/thumbnails/images/goods_img/20240813/4325156/4325156_17244055139263_big.jpg?w=1200,https://image.msscdn.net/thumbnails/images/prd_img/20240813/4325156/detail_4325156_17244055204889_big.jpg?w=1200,https://image.msscdn.net/thumbnails/images/prd_img/20240813/4325156/detail_4325156_17244055212455_big.jpg?w=1200,https://image.msscdn.net/thumbnails/images/prd_img/20240813/4325156/detail_4325156_17244055235920_big.jpg?w=1200,knit_0251,"1,831",,,후기 195개,4.8,오정규님 유튜브 보고샀는데 미니멀룩에 완벽한 니트입니다,"색감이나 가격은 괜찮은데 길이가 조금 더 길었으면 좋겠네요,, 그래도 가격 대비해서 만족합니다.",브이넥 니트는 처음이라 코디도 어렵고 잘못하면 늙어보일거 같았는데 핏이나 셔츠 레이어드 하니깐 엄청 이쁘더라고요? 울이 없어서 겨울에 입고 다니기엔 살짝 춥긴 하지만 봄에도 입을 수 있을 정도라 활용도는 엄청 좋습니다!,한달후기 브이넥 니트는 처음이라 코디도 어렵고 잘못하면 늙어보일거 같았는데 핏이나 셔츠 레이어드 하니깐 엄청 이쁘더라고요? 울이 없어서 겨울에 입고 다니기엔 살짝 춥긴 하지만 봄에도 입을 수 있을 정도라 활용도는 엄청 좋습니다!,한달후기 촉감이 부드럽고 좋습니다. 좋은 가격에 잘 샀어요
https://www.musinsa.com/products/4325173,하이어 브이넥 니트 [차콜],,,,후브스,https://image.musinsa.com/mfile_s01/_brand/free_medium/hooves.png?20220526175015,상의,니트/스웨터,https://image.msscdn.net/thumbnails/images/goods_img/20240813/4325173/4325173_17244055435311_big.jpg?w=1200,https://image.msscdn.net/thumbnails/images/prd_img/20240813/4325173/detail_4325173_17244055492569_big.jpg?w=1200,https://image.msscdn.net/thumbnails/images/prd_img/20240813/4325173/detail_4325173_17244055499148_big.jpg?w=1200,https://image.msscdn.net/thumbnails/images/prd_img/20240813/4325173/detail_4325173_17244055522477_big.jpg?w=1200,knit_0252,"1,292",,없음,후기 126개,4.8,딱 원하는 넥높이의 니트예요! 면이라 세탁이 용이해서 편하게 입을 수 있다는 장점이 확실해요~ 다만 면이라 세탁하면 수축하지않을까 하는 걱정은 있네요 ㅜ 부디 그러지않기를! 핏은 세미오버로 딱 좋습니다 시보리 텐션도 적당하고요~,"깊게 파이지않은 면 베이스의 브이넥을 찾고 있었는데 후브스에서 내주셔서 너무 감사합니다 ㅠㅜ 물론 울이 더 좋긴하지만 라이프스타일 특성상 물세탁이 가능한 휘뚜루템이 필요했거든요!  일단 실루엣은 세미오버 느낌으로 잘 맞고, 어깨도 솟는 거없이 잘 잡아줍니다 소매립, 밑단립도 밸런스가 좋아서 손목이 너무 가늘어보이거나 하지않고, 밑단도 적당한 텐션으로 옆에가 떠서 부해보이거나 하지않고 잘 잡아줘서 좋아요!","평소 105에서 110까지도 입는데 이건 100입어도 이쁠 거 같네요. 까슬거리면 반품하려고 했는데 불편하지 않아서 잘 입고 있어요 (176, 77, 105, 31, 265)",저는 옷의 핏함 정도를 중요시 여기거던여 핏이 이븐하게 맞는 것 같습니다 통과입미다,기본 브이넥 니트 없으신분은 이거 사세요 강추합니다
https://www.musinsa.com/products/4325310,하이어 브이넥 니트 [블랙],,,,후브스,https://image.musinsa.com/mfile_s01/_brand/free_medium/hooves.png?20220526175015,상의,니트/스웨터,https://image.msscdn.net/thumbnails/images/goods_img/20240813/4325310/4325310_17244055663379_big.jpg?w=1200,https://image.msscdn.net/thumbnails/images/prd_img/20240813/4325310/detail_4325310_17244055722912_big.jpg?w=1200,https://image.msscdn.net/thumbnails/images/prd_img/20240813/4325310/detail_4325310_17244055731039_big.jpg?w=1200,https://image.msscdn.net/thumbnails/images/prd_img/20240813/4325310/detail_4325310_17244055753554_big.jpg?w=1200,knit_0253,488,,없음,후기 50개,4.9,옷이 너무 편하고 이뻐요 따뜻해요 색감도 좋네요,한달후기 셔츠랑 같이 입으면 이뻐요 짧은걸 좋아하는 저한테는 생각보다 길이가 길어요!,한달후기 퀄리티가 너무 좋아요. 촉감도 좋고 완전 대 만족입니다.,한달후기 가성비좋은 니트라고 해서 한번 사봤는데 다 좋은데 보풀이 너무 쉽게 생겨서 좀 아쉽네요,한달후기 데일리로 출근할때 잘입고있어요 편합니다! 손이잘가는 아이템
https://www.musinsa.com/products/4467550,[7컬러] 볼레로 펜던트 니트 세트,"129,000원",57%,"55,000원",제로스트릿,https://image.musinsa.com/mfile_s01/_brand/free_medium/zerostreet.png?20231113121631,상의,니트/스웨터,https://image.msscdn.net/thumbnails/images/prd_img/20240926/4467550/detail_4467550_17373615467424_big.jpg?w=1200,https://image.msscdn.net/thumbnails/images/prd_img/20240926/4467550/detail_4467550_17373615475956_big.jpg?w=1200,없음,https://image.msscdn.net/thumbnails/images/goods_img/20240926/4467550/4467550_17373615386022_big.jpg?w=1200,knit_0254,"1,058",5천 회 이상 (최근 1개월),없음,후기 18개,4.9,착용했을 때 촉감이 엄청 부드러워요. 볼레로랑 같이 착용하면 허리 라인이 강조되어서 핏이 넘 이쁩니다. 뒤에서 봤을 때도 이뻐욤.,한 달 입고 괜찮으면 후기 쓰는데 여기 진짜 니트 맛집 기분 좋아 올려요~,"소재가 부드러워요. 반팔이 이너, 바깥이 망토같은 볼레노에욧ㅎ",볼레로와 세트로 다양한 스타일링을 할 수 있는 아이템 바로 여깄습니다~!  골지 조직감으로 유니크한 로고 펜던트가 붙어있는 반팔니트와 가오리핏이지만 크롭한 기장으로 부담감 없이 입을 수 있다는 게 장점인 것 같아요 ㅎㅎ 잘 입겠습니다 !!,한달후기 아주 훌륭해요ㅎㅎ 아직까지 원단 튼튼하고 빨래해도 손상이 많이 없어요 !! 그리고 일단 옷이 세련되보여서 주위에서 극찬하네요 !
https://www.musinsa.com/products/4660020,[무료반품]아디안 버튼 크롭 니트 가디건 (4컬러),"91,000원",40%,"54,900원",무센트,https://image.musinsa.com/mfile_s01/_brand/free_medium/mucent.png?20230414120736,상의,니트/스웨터,https://image.msscdn.net/thumbnails/images/prd_img/20241211/4660020/detail_4660020_17338822382327_big.jpg?w=1200,https://image.msscdn.net/thumbnails/images/prd_img/20241211/4660020/detail_4660020_17338822364585_big.jpg?w=1200,없음,https://image.msscdn.net/thumbnails/images/goods_img/20241211/4660020/4660020_17338822239494_big.jpg?w=1200,knit_0255,989,6.2천 회 이상 (최근 1개월),없음,후기 4개,없음,전체적인 핏이 이뻐요 ㅜ 근데 저보다 더 마른사람이 입어야 진짜 이쁠듯 제가 어깨가 좀 있어서 어깨랑 팔이 엄청 붙어요 ㅜ 살빼고 더 이쁘게 입을게요..,사이즈도 잘 맞고 사진이랑 똑같습니다 이쁩니다,사진 그대로 예뻐요 근데 생각보다 팔 부분이 살짝 타이트한데 여리여리해보여서 좋아요,"가디건 재질이 엄청좋고, 색상도 예뻐서 아이가 가볍게 잘입고다니고있어요",없음
https://www.musinsa.com/products/4440617,스타캣 레글런 니트,"69,000원",20%,"54,900원",벤힛,https://image.musinsa.com/mfile_s01/_brand/free_medium/venhit.png?20220907174723,상의,니트/스웨터,없음,없음,없음,https://image.msscdn.net/thumbnails/images/goods_img/20240913/4440617/4440617_17262081092331_big.jpg?w=1200,knit_0256,"5,667",9.2천 회 이상 (최근 1개월),없음,후기 76개,4.8,"체험단 📍두께감 결코 얇지 않고 폭닥한 느낌입니다. 엄청 추운 겨울날 이너로 얇은 히트택을 입고 위에 니트를 입는다면 칼바람도 두렵지 않을 정도의 두께입니다!!  📍디자인 벤힛 브랜드 다운 귀여운 디자인과 힙함이 공존하는 멋스러운 프린팅으로 어두운 색감이지만 니트 만으로도 포인트가 확 되는 느낌입니다!  📍핏 오버 사이즈를 원해서 L로 주문 했는데, 키 163정도에 사진으로 보이시는 것 처럼 엉덩이 아래로 옷이 폭닥하게 내려올 정도입니다. 넉넉한 사이즈 감으로 편하고 힙하게 입을 수 있을 것 같아요. 소매는 조금 많이 긴 편이라 2번 정도 접으니 이상하지 않고, 편하게 생활하기 딱 좋았습니다  📍색감 색감은 묵직한 남색과 파란색입니다. 최대한 밝기를 낮춰서 색감을 담아 사진을 찍으려 노력했는데 비슷하게 잘 담긴 것 같습니다. 딥한 푸른 계열이라 쿨톤 분들께 아주 분위기 있게 어울릴 듯 합니다.  👉🏻힙하고 귀여운 무드의 탄탄한 짜임으로 두께감 있는 멋스러운 색감의 니트입니다~! 추천드려요☺️",재질도 너무 좋고 따듯해용 색감도 이쁘고 귀엽습니당~~ 크리스미스 코디로 잘 입을게용🎄🎄,"옷이 너무 귀엽습니다!!! 프린팅도 귀엽고 나그랑 컬러도 귀여워요!! 길이가 생각보다 길지만,, 넣입을 하든 알아서 잘 입어볼게용 감사해용〰","옷이 너무 귀여워요!!! 색도 예쁘고 프린팅도 귀엽습니다 길이가 생각보다 좀 길긴 한데,,, 너무 예뻐서 넣입을 하든 어떻게든 입겠습니다 ㅎㅎ 감사해요!!벤힛!!",체험단 블랙과 차콜이라는 조합은 언제나 실패 없는 무난한 조합이라고 생각해서 선택했습니다! 집에 있는 어느 바지랑 매치해도 잘 어울려서 만족스러워요bb 츄리닝 바지랑 입어서 편안한 분위기를 낼 수도 있고 청바지랑 입으면 데이트룩도 가능한 만능템 혜자템이라고 생각합니다. 그래요 이게 바로 제가 원하던 니트예요!!!  옷은 살짝 두께감이 있는데 요즘 가을이 짧고 겨울이 워낙 금방 오다보니 니트가 얇으면 저는 손이 자주 안 가더라구요! 오히려 좋숩니다 ㅎㅎ  니트가 많이 없거나 처음 사시는 분들한테도 추천드리고 싶어요! 과하거나 밋밋하지 않은 딱 적당한 디자인이라서 유행타지 않고 오래 입을 수 있을 것 같고 무엇보다 귀여운 고양이가 있는데 어떻게 참아 옷장에서 쉴 틈 없이 자주 입겠습니다 흐흐😈
https://www.musinsa.com/products/4438012,[무료반품]오키드 골지 크롭 니트 집업 (8컬러),"99,900원",45%,"54,900원",무센트,https://image.musinsa.com/mfile_s01/_brand/free_medium/mucent.png?20230414120736,상의,니트/스웨터,https://image.msscdn.net/thumbnails/images/prd_img/20240912/4438012/detail_4438012_17272469207823_big.jpg?w=1200,https://image.msscdn.net/thumbnails/images/prd_img/20240912/4438012/detail_4438012_17272469173686_big.jpg?w=1200,없음,https://image.msscdn.net/thumbnails/images/goods_img/20240912/4438012/4438012_17272468878677_big.jpg?w=1200,knit_0257,"1,038",2.8천 회 이상 (최근 1개월),없음,후기 17개,4.9,한달후기 사놓고 한번도 밖에 나가입어본적은 없어요 좀 얇아서 여름 존버중,너무 이쁘고 편해요 목이 조금 불편하긴 한데 이뻐서 쌉가능ㅜㅜ 얇아용,한달후기 무난하게 착용하기 좋고 겨울에 입기에는 두께가 좀 얇은 편이지만코디하기 편합니다,재질이 엄청 부들부들하고 완전 이쁩니다 !! 색상 별로 구매하고 싶습니당 ㅠ,한달후기 이뻐요 ㅎㅎ 만족해서 데일히호 잘 입고다닐것 같습니달
https://www.musinsa.com/products/4379849,그라데이션 멀티 스트라이프 니트 (3color),"99,000원",45%,"54,450원",커넥트킨록,https://image.msscdn.net/mfile_s01/_brand/free_medium/kinloch.png?1730454989139,상의,니트/스웨터,https://image.msscdn.net/thumbnails/images/goods_img/20240828/4379849/4379849_17286301773263_big.jpg?w=1200,https://image.msscdn.net/thumbnails/images/prd_img/20240828/4379849/detail_4379849_17256092760084_big.jpg?w=1200,https://image.msscdn.net/thumbnails/images/prd_img/20240828/4379849/detail_4379849_17286301936078_big.jpg?w=1200,https://image.msscdn.net/thumbnails/images/prd_img/20240828/4379849/detail_4379849_17249150982174_big.jpg?w=1200,knit_0258,264,2.6천 회 이상 (최근 1개월),없음,후기 1개,없음,"이런 느낌 나는 옷이 잘 없어서 살 수밖에 없었네요~ 넘 맘에 들어요. 옷도 부드럽습니다. 다만, 보풀이 약간 올라오는 것 같긴하네요",없음,없음,없음,없음
https://www.musinsa.com/products/4316139,커브드 패턴 헤비 울 하찌 니트 집업 [BEIGE]_SEKT030BEIGE,"89,000원",39%,"54,200원",세컨모놀로그,https://image.musinsa.com/mfile_s01/_brand/free_medium/secondmonolgue.png?20230207122236,상의,니트/스웨터,https://image.msscdn.net/thumbnails/images/goods_img/20240809/4316139/4316139_17243389804252_big.jpg?w=1200,https://image.msscdn.net/thumbnails/images/prd_img/20240809/4316139/detail_4316139_17243389880939_big.jpg?w=1200,https://image.msscdn.net/thumbnails/images/prd_img/20240809/4316139/detail_4316139_17243389888354_big.jpg?w=1200,https://image.msscdn.net/thumbnails/images/prd_img/20240809/4316139/detail_4316139_17243389905318_big.jpg?w=1200,knit_0259,"1,992",6.1천 회 이상 (최근 1개월),없음,후기 28개,4.8,아방한 느낌나서 귀여워요 따뜻하고 포근합니다 올나감에 주의해야할것같은 느낌!,가성비 너무 괜찮습니다 더 추워지기전에 많이 입을게요,원단이 되게 부들부들해서 좋았어요! 소매가 약간 벌룬핏처럼 넓어지기는하는데 소매 약간 접어서 입어서 입으면 괜찮아요,"딱 원하던 스타일이예요. XS사이즈 키153,몸무게42키로인데 잘맞아요.",길이랑 옷 핏이 너무 맘에 들고 이쁩니다 감사합니다
https://www.musinsa.com/products/4316140,커브드 패턴 헤비 울 하찌 니트 집업 [CHARCOAL]_SEKT030CHARCOAL,"89,000원",39%,"54,200원",세컨모놀로그,https://image.musinsa.com/mfile_s01/_brand/free_medium/secondmonolgue.png?20230207122236,상의,니트/스웨터,https://image.msscdn.net/thumbnails/images/goods_img/20240809/4316140/4316140_17243389160287_big.jpg?w=1200,https://image.msscdn.net/thumbnails/images/prd_img/20240809/4316140/detail_4316140_17243389242571_big.jpg?w=1200,https://image.msscdn.net/thumbnails/images/prd_img/20240809/4316140/detail_4316140_17243389250202_big.jpg?w=1200,https://image.msscdn.net/thumbnails/images/prd_img/20240809/4316140/detail_4316140_17243389267413_big.jpg?w=1200,knit_0260,"1,007",3.4천 회 이상 (최근 1개월),없음,후기 16개,4.7,한달후기 옷은 예쁘고 가격대비 재질도 좋은것 같은데 가격변동이 좀 심한것 같아요,어두운색 아우터가 없길래 구매했습니다:) s 샀더니 긴팔원숭이 아빠핏이 되어버려 xs로 교환하느라 시간이 조금 걸렸지만... 결론적으로는 완전 만족해요!! 기본템이라 여기저기 어울릴 것 같고 되게 쫀쫀하게 늘어나는 재질에 지퍼도 투웨이라 좋고 무엇보다 따뜻해요 ㅎㅎ 저와 비슷한 스펙이시라면 xs 추천합니다!,M 샀다가 생각보다 엄청 커서 교환했어요 사이즈표에 적힌 치수보다 더 큰 느낌이에요 핏은 예쁘고 좋습니다,사이즈 고민 많이 했는데 S가 엉덩이 절반 정도 가리고 딱 좋습니다. 정말 오버하게 입고 싶으시면 M도 괜찮을 것 같긴 해요. 하이넥 디자인도 맘에 들고 할인이랑 쿠폰 적용하고 사서 만족합니다.,최근 구매한 옷 중에서 가장 첫인상이 좋아요 옷이 부드럽고 도톰한데 부해보이지 않아서 너무 만족합니다 사이즈도 너무 클까봐 걱정했는데 딱 예쁜 오버핏이에요
https://www.musinsa.com/products/4643014,웨스턴 스티치 스웨터 버건디,"108,000원",50%,"54,000원",케이엔드,https://image.musinsa.com/mfile_s01/_brand/free_medium/knd.png?20220211110616,상의,니트/스웨터,https://image.msscdn.net/thumbnails/images/prd_img/20241129/4643014/detail_4643014_17332244597961_big.jpg?w=1200,https://image.msscdn.net/thumbnails/images/prd_img/20241129/4643014/detail_4643014_17332244532719_big.jpg?w=1200,없음,https://image.msscdn.net/thumbnails/images/goods_img/20241129/4643014/4643014_17332972923854_big.jpg?w=1200,knit_0261,238,900회 이상 (최근 1개월),없음,후기 5개,4.6,옷 너무 도톰하고 퀄리티 좋네요! 스티치 디테일이 되게 독특하고 이쁘네요,핏도 딱좋고 너므 예뻐요 M사이즈 사길 잘했어요 다른색상도 살게요,블랙색상 구매 후 만족해서 추가 구매합니다 디자인도 이쁘고 세일가격 매우 잘 구매했습니다 감사합니다,팔은 좀 긴데 색감좋고 배송빨랐습니다 잘입을게용,포장상태 양호 배송속도 양호 루즈핏이고 너무 쨍한 빨강색이아니라 좋습니다 추천추천
https://www.musinsa.com/products/4301698,REGULAR FIT COLLAR KNIT IVORY,"89,000원",40%,"53,400원",비슬로우,https://image.musinsa.com/mfile_s01/_brand/free_medium/beslow.png?20220630173530,상의,니트/스웨터,https://image.msscdn.net/thumbnails/images/prd_img/20240806/4301698/detail_4301698_17237750304223_big.jpg?w=1200,https://image.msscdn.net/thumbnails/images/prd_img/20240806/4301698/detail_4301698_17237750313652_big.jpg?w=1200,없음,https://image.msscdn.net/thumbnails/images/goods_img/20240806/4301698/4301698_17237750247917_big.jpg?w=1200,knit_0262,109,350회 이상 (최근 1개월),없음,없음,없음,없음,없음,없음,없음,없음
https://www.musinsa.com/products/4287861,스트라이프 카라 니트 - 브라운,"79,000원",33%,"52,900원",슈퍼서브,https://image.msscdn.net/mfile_s01/_brand/free_medium/supersub.png?1730455427219,상의,니트/스웨터,https://image.msscdn.net/thumbnails/images/prd_img/20240801/4287861/detail_4287861_17243848734926_big.jpg?w=1200,https://image.msscdn.net/thumbnails/images/prd_img/20240801/4287861/detail_4287861_17243848755456_big.jpg?w=1200,없음,https://image.msscdn.net/thumbnails/images/goods_img/20240801/4287861/4287861_17231150664915_big.jpg?w=1200,knit_0263,"2,347",1.3만 회 이상 (최근 1개월),없음,후기 57개,4.8,한달후기 옷이 부들해서 추운날 입기 좋아요. 근데 보풀이 좀 많이 올라오는데 그게 살짝 따가워서 입을때 조심해야함. 핏은 생각보다 부해서 코디하기 어렵긴 한데 사람 바이 사람이라 잘 코디하면 예쁠듯 합니다.,체험단 너무너무 좋아하는 색조합&스타일이라 기대하고 있었는데 역시나 예쁘네요!  니트 소재가 고급스러워 보여서 좋습니다! 나일론 함량 높은 니트들은 한철만 입어도 보풀때문에 버리기 되는데 이 니트는 함량이 좋아 맘에 드네요🤓 다만 단독으로 입었을시 까슬거리기 때문에 에어리즘이나 얇은 니트 입고 입어야 할듯 합니다 ㅎㅎ  사이즈는 오버사이즈라 남편이랑 같이 입어도 될듯합니다! 새옷이라 어깨부분이 뜨는데 세탁하면 차분하게 가라 앉아 예쁜 오버핏으로 착용할 수 있겠네요! 다음주부터 올 겨울 내내 유용하기 잘 입을듯 합니다👍,제가 샌각한 디자인이었으며 상당히이쁩니다아,좋은 부드러움에 니트에요 색감은 사진과 똑같습니다,착용감 좋고 가벼워서 좋네요^^ 사이즈 잘 맞아요. 다른색상 구매하려구요
https://www.musinsa.com/products/4368594,피그먼트 리브드 크루 넥 니트 [블루],"69,900원",25%,"52,290원",무신사 스탠다드,https://image.msscdn.net/mfile_s01/_brand/free_medium/musinsastandard.png?20200608153142,상의,니트/스웨터,https://image.msscdn.net/thumbnails/images/goods_img/20240826/4368594/4368594_17276824501009_big.jpg?w=1200,https://image.msscdn.net/thumbnails/images/prd_img/20240826/4368594/detail_4368594_17276824586639_big.jpg?w=1200,https://image.msscdn.net/thumbnails/images/prd_img/20240826/4368594/detail_4368594_17276824599845_big.jpg?w=1200,https://image.msscdn.net/thumbnails/images/prd_img/20240826/4368594/detail_4368594_17276824636769_big.jpg?w=1200,knit_0264,267,2.5천 회 이상 (최근 1개월),없음,후기 24개,4.9,"삿포로 갈때 입으려구, 하늘색 니트로 샀는데 사진이 대박이네요!",한달후기 하의 상관 없이 여기저기 매치가 잘 돼서 자주 입고 있습니다,오프라인 매장에서 보고 샀는데 핏도 루즈하고 이뻐요!,배송 정말 빠르고 소재가 부드럽고 좋아요!! 디자인도 깔끔한 니트입니다!!,색감이 독특해서 좋아요. 그렇게 두껍지 않아서 봄 가을에 단품으로도 입기 좋을거같아요
https://www.musinsa.com/products/4648165,심플 하프 집업 니트지,"35,000원",28%,"25,200원",크레드먼스,https://image.musinsa.com/mfile_s01/_brand/free_medium/creedmens.png?20240814163708,상의,니트/스웨터,없음,없음,없음,https://image.msscdn.net/thumbnails/images/goods_img/20241203/4648165/4648165_17332122902266_big.jpg?w=1200,knit_0265,241,4.6천 회 이상 (최근 1개월),없음,후기 5개,4.8,가송비 좋은 재퓸입니다 디자인 두께감 가격 너무 좋네요,사이즈는 딱 좋아요~! 옷이 조금 얇아서 비치는것 같아요,생각보단 얇은데 껴입으면 되는 부분을 감안하고 구매했는데 생각보다 괜찮아요 ㅎㅎ,생각보다 두툼해서 따듯하게 입을 수 있을 것 같아요,혹시나 나이 들어보이진 않을까 조금은 걱정하면서 샀는데 생각보다 질도 좋고 스타일이 좋아서 입어보니 마음에 쏙 듭니다. 가격대비 퀄리티도 좋아서 진짜 잘 산것 같네요
https://www.musinsa.com/products/4306042,와플 텍스쳐 라운드 풀오버 니트 [CHARCOAL],"58,000원",10%,"52,200원",드로우핏,https://image.msscdn.net/mfile_s01/_brand/free_medium/drawfit.png?20200608153142,상의,니트/스웨터,https://image.msscdn.net/thumbnails/images/goods_img/20240807/4306042/4306042_17236140222025_big.jpg?w=1200,https://image.msscdn.net/thumbnails/images/prd_img/20240807/4306042/detail_4306042_17236140320356_big.jpg?w=1200,https://image.msscdn.net/thumbnails/images/prd_img/20240807/4306042/detail_4306042_17236140328996_big.jpg?w=1200,https://image.msscdn.net/thumbnails/images/prd_img/20240807/4306042/detail_4306042_17236140336782_big.jpg?w=1200,knit_0266,"1,267",3.1천 회 이상 (최근 1개월),없음,후기 87개,4.8,한달후기 오래 입어도 잘 안늘어나고 보풀이 거의 없네요 만족합니다,기장감이랑 색감 다 좋은데 보풀이 초반부터 너무생겨요ㅠ,디자인도 좋고 휘뚜루마뚜루 이쁘게 잘 입을 것 같아요,니트 단품으로 입어도 까슬거림 없어서 편하구여 어깨라인도 맘에 듭니다,핏도 정말 이쁘고 색도 흔하지 않아서 이쁩니다 하지만 목부분이 조금 널널하고 보풀이 심하고 손목부분이 살짝 아쉬워요ㅠ 하지만 이 가격에 이정도면 너무 만족스럽습니다
https://www.musinsa.com/products/4692954,COLLAR TRACK KNIT JACKET FRENCH CHARCOAL,"79,000원",34%,"52,140원",수아레,https://image.musinsa.com/mfile_s01/_brand/free_medium/suare.png?20220824173325,상의,니트/스웨터,https://image.msscdn.net/thumbnails/images/goods_img/20250101/4692954/4692954_17362380575068_big.jpg?w=1200,https://image.msscdn.net/thumbnails/images/prd_img/20250101/4692954/detail_4692954_17362380645427_big.jpg?w=1200,https://image.msscdn.net/thumbnails/images/prd_img/20250101/4692954/detail_4692954_17362380654773_big.jpg?w=1200,https://image.msscdn.net/thumbnails/images/prd_img/20250101/4692954/detail_4692954_17362380706351_big.jpg?w=1200,knit_0267,320,4.2천 회 이상 (최근 1개월),없음,후기 1개,없음,팔 기장은 좀 길어요.. 생각보다 이쁘고 쌀때 잘 샀어요,없음,없음,없음,없음
https://www.musinsa.com/products/4544995,데미지드 브이넥 리브드 니트 [오트밀],"65,000원",20%,"52,000원",헬레네파리스,https://image.musinsa.com/mfile_s01/_brand/free_medium/heleneparis.png?20240503161520,상의,니트/스웨터,없음,없음,없음,https://image.msscdn.net/thumbnails/images/goods_img/20241022/4544995/4544995_17296428572498_big.jpg?w=1200,knit_0268,"8,824",3만 회 이상 (최근 1개월),1.1천 개 이상,후기 142개,4.7,색깔별로 쟁이려고요 넘 예쁩니다🥹 핏도 예쁘고 두께도 적당히 두꺼워서 따수워요,오 완전 얇을 줄 알았는데 은근 따듯해요!!! 핏은 생각했던 것보다 예쁘고 옷입을 때 손톱 조심해야 할 것 같아요 데미지 니트라 처음 개시 때부터 빵꾸낼뻔 해써요 ㅎㅎ 손목 단추가 넘 예뻐요! 제 어깨가 38정도 되는데 어깡분들 핏 확인하세요,이쁜 데미지 니트 갖고싶었는데 완전 굿소비.. 핏 존예고 팔 기장감 긴것도그렇고 버튼디테일 넘 이뻐요,내가 찾아 헤매이던 그 옷.. 색감이며 핏 디테일들까지 너무 조화로움 ㅎㅎ 깔별로 다 쟁이고 싶다…,소매에 있는 단추가 너무 귀여워요 입으면 핏도 좋은거같아요
https://www.musinsa.com/products/4693501,소프트 헨리넥 슬리브 니트 - 그레이,"63,000원",19%,"51,000원",노이즈,https://image.msscdn.net/mfile_s01/_brand/free_medium/noise.png?1728613296185,상의,니트/스웨터,https://image.msscdn.net/thumbnails/images/goods_img/20250102/4693501/4693501_17373387527254_big.jpg?w=1200,https://image.msscdn.net/thumbnails/images/prd_img/20250102/4693501/detail_4693501_17373387627644_big.jpg?w=1200,없음,https://image.msscdn.net/thumbnails/images/prd_img/20250102/4693501/detail_4693501_17373387594484_big.jpg?w=1200,knit_0269,206,3.1천 회 이상 (최근 1개월),없음,후기 1개,없음,어깨라인이 돋보적으로 나타나는 옷입니다 어깡이 되,없음,없음,없음,없음
https://www.musinsa.com/products/4693505,소프트 헨리넥 슬리브 니트 - 아이보리,"63,000원",19%,"51,000원",노이즈,https://image.msscdn.net/mfile_s01/_brand/free_medium/noise.png?1728613296185,상의,니트/스웨터,https://image.msscdn.net/thumbnails/images/goods_img/20250102/4693505/4693505_17373407662934_big.jpg?w=1200,https://image.msscdn.net/thumbnails/images/prd_img/20250102/4693505/detail_4693505_17373407724722_big.jpg?w=1200,없음,https://image.msscdn.net/thumbnails/images/prd_img/20250102/4693505/detail_4693505_17373407767261_big.jpg?w=1200,knit_0270,56,800회 이상 (최근 1개월),없음,없음,없음,없음,없음,없음,없음,없음
https://www.musinsa.com/products/4656534,[DE LUXE] 울 혼방 데일리 보카시 라운드 니트 DLX1514 (3 COLOR),"69,900원",29%,"49,900원",앨빈클로,https://image.musinsa.com/mfile_s01/_brand/free_medium/alvinclo.png?20220318155226,상의,니트/스웨터,https://image.msscdn.net/thumbnails/images/goods_img/20241209/4656534/4656534_17337231719462_big.jpg?w=1200,https://image.msscdn.net/thumbnails/images/prd_img/20241209/4656534/detail_4656534_17337231788322_big.jpg?w=1200,없음,https://image.msscdn.net/thumbnails/images/prd_img/20241209/4656534/detail_4656534_17337231817213_big.jpg?w=1200,knit_0271,282,5.6천 회 이상 (최근 1개월),없음,후기 9개,없음,다른색상으로 또 구매했어요 ~ 보풀도 잘 안일어나는거같구 핏도 예쁘고 좋습니드,"두께감은 조금 있는 편이고, 사이즈는 살짝 오버한 느낌이라 덩치가 있는분들도 잘 맞을거같아요. 재질도 부드럽고 좋습니다","두께감은 조금 있는 편이고, 사이즈는 살짝 오버한 느낌이라 덩치가 있는분들도 잘 맞을거같아요. 재질도 부드럽고 좋습니다",세일해서 좋은가격에 구매했넹요 질도 좋고 핏도 좋아요:),무게감 있고 두툼해요 약간 거친데 입는데 문제 없대요  프리사이즈라 안맞으까봐 걱정햇는데  180/81 딱 좋게 맞네요 약간 오버핏
https://www.musinsa.com/products/4727258,언발란스 레이스 포인트 카라 니트 LM02KN109,"79,000원",37%,"49,900원",르니앤맥코이,https://image.musinsa.com/mfile_s01/_brand/free_medium/lenicmccoy.png?20201218134904,상의,니트/스웨터,https://image.msscdn.net/thumbnails/images/goods_img/20250117/4727258/4727258_17370899214077_big.jpg?w=1200,https://image.msscdn.net/thumbnails/images/prd_img/20250117/4727258/detail_4727258_17370899223204_big.jpg?w=1200,https://image.msscdn.net/thumbnails/images/prd_img/20250117/4727258/detail_4727258_17370899225995_big.jpg?w=1200,https://image.msscdn.net/thumbnails/images/prd_img/20250117/4727258/detail_4727258_17370899232334_big.jpg?w=1200,knit_0272,41,450회 이상 (최근 1개월),없음,없음,없음,없음,없음,없음,없음,없음
https://www.musinsa.com/products/4531158,베티붑 오버핏 브이넥 니트_레드,,,,얼킨 캔버스,https://image.musinsa.com/mfile_s01/_brand/free_medium/cornell.png?20230818154438,상의,니트/스웨터,https://image.msscdn.net/thumbnails/images/goods_img/20241017/4531158/4531158_17298281177002_big.jpg?w=1200,https://image.msscdn.net/thumbnails/images/prd_img/20241017/4531158/detail_4531158_17298281308453_big.jpg?w=1200,https://image.msscdn.net/thumbnails/images/prd_img/20241017/4531158/detail_4531158_17294917075661_big.jpg?w=1200,https://image.msscdn.net/thumbnails/images/prd_img/20241017/4531158/detail_4531158_17294917108062_big.jpg?w=1200,knit_0273,"18,655",,,후기 338개,4.9,옷이진짜이쁘거든요?1인칭시점으론? 근데 거울로보니까진짜 뭐랄까.. 참을수없는 중티가 드러남 옷은진짜이쁘고.. 다만 제몸뚱아리때문인거같습니다… 짜임도고급스럽고… 자수도 잘달려잇고… 크리스마스룩으로 추천드립니다,도톰하고 쨍한 레드라 연말 저격이에요 시국만 아니어도 맘 편히 입을텐데요ㅠ,따꼰따꼰하고 예뻐요 완전 예쁜 레드!! 청바지랑 입으니 아쥬 마음에 들어용,베티붑 레드니트 너무 이뻐보여서 여행 가기전에 질렀숩니당 예상대로 너무이뻐욧 전 까슬거리면 못입는데 완전 부들부들하구 핏도 귀엽고 색상도 쨍해서 사진도 잘나와요!! 크리스마스 너낌 물씬나니까 다같이 사서 입어용,재질도 탄탄하고 도톰해서 크리스마스에도 따뜻하게 입었어요! 모델핏보단 약간 찐한? 쨍한? 빨강이긴한데 이뻐요 꽤 긴 시간 고민하다가 구매한건데 너무 만족해요 다들 고민하지말규 구매하시길..⭑
https://www.musinsa.com/products/4329587,[5574] 헤어리 브이넥 니트 (아이보리),"54,000원",20%,"43,200원",밀리언코르,https://image.musinsa.com/mfile_s01/_brand/free_medium/millioncor.png?20230905103642,상의,니트/스웨터,https://image.msscdn.net/thumbnails/images/goods_img/20240814/4329587/4329587_17241384185833_big.jpg?w=1200,https://image.msscdn.net/thumbnails/images/prd_img/20240814/4329587/detail_4329587_17241384237323_big.jpg?w=1200,https://image.msscdn.net/thumbnails/images/prd_img/20240814/4329587/detail_4329587_17241384247042_big.jpg?w=1200,https://image.msscdn.net/thumbnails/images/prd_img/20240814/4329587/detail_4329587_17241384253400_big.jpg?w=1200,knit_0274,"14,671",2만 회 이상 (최근 1개월),3.7천 개 이상,후기 585개,4.8,부드러운 소재라 맨살에 입기 좋고 팔 길이는 길어서 손 다 덮는 길이에요,청바지랑 입으면 예쁩니다 핏도 널널하고 재질도 부들해서 좋아요 추천드려요,루즈핏이라 편하고 색깔이 예뻐요! 눈처럼 새하얀 흰색입니다 마른 사람이 아니면 입었을 때 조금 부해보이고 사진 찍을 때 포즈를 잘 잡아야 예뻐보이는 옷이에요 기장이 애매하지도 않고 치마나 바지에 다 잘 어울리네요ㅎ.ㅎ,편해요 구멍아 뚫려서 바람은 들러오지만 예뻐요,옷은 너무 예뻐요 배송안내는 너무 별로에요 처음부터 지연된것을 알렸으면 사전에 안내해주시면 되잖아요
https://www.musinsa.com/products/4246419,우먼즈 리브드 숄더 컷 아웃 니트 [블랙],"53,900원",10%,"48,490원",무신사 스탠다드 우먼,https://image.msscdn.net/mfile_s01/_brand/free_medium/musinsastandardwoman.png?1733278192535,상의,니트/스웨터,https://image.msscdn.net/thumbnails/images/prd_img/20240712/4246419/detail_4246419_17234461216564_big.jpg?w=1200,https://image.msscdn.net/thumbnails/images/prd_img/20240712/4246419/detail_4246419_17234461224812_big.jpg?w=1200,없음,https://image.msscdn.net/thumbnails/images/goods_img/20240712/4246419/4246419_17234461154126_big.jpg?w=1200,knit_0275,"4,129",5.5천 회 이상 (최근 1개월),없음,후기 126개,4.8,한달후기 두껍고 디자인은 괜찮으나 그냥 일상생활만 해도 보풀 짱 많이 일어남. 질이 좋은 느낌은 아님.,약간 저렴해보이긴 한데 기본템으로 무난해요 핏 예뻐욤,무난한 디자인이에요 니트라 좀 부해보이는 감이 있어요,두께감도 적당하고 탄탄한 니트입니다 안늘어질 것 같아서 좋아요,한달후기 무난하게 입고 다니기 좋아요 보풀이 좀 나는게 단점이지만 심하진 않아요
https://www.musinsa.com/products/4514680,레트로 고딕 그래픽 트랙 라인 2WAY 집업 니트 [카키],"60,000원",20%,"48,000원",트릴리온,https://image.musinsa.com/mfile_s01/_brand/free_medium/trillion.png?20210702123042,상의,니트/스웨터,https://image.msscdn.net/thumbnails/images/goods_img/20241014/4514680/4514680_17298224982265_big.jpg?w=1200,https://image.msscdn.net/thumbnails/images/prd_img/20241014/4514680/detail_4514680_17298225084297_big.jpg?w=1200,https://image.msscdn.net/thumbnails/images/prd_img/20241014/4514680/detail_4514680_17298225094576_big.jpg?w=1200,https://image.msscdn.net/thumbnails/images/prd_img/20241014/4514680/detail_4514680_17298225188032_big.jpg?w=1200,knit_0276,"2,832",8.8천 회 이상 (최근 1개월),없음,후기 36개,4.7,"오버핏으로 착용감도 편안하고 과하지 않으면서 이쁜 디자인에 색감도 기대 이상으로 잘 뽑혀서 너무 만족스럽네요, 사진은 후쿠오카에서 찍은 건데 일본 현지인께서 옷 이쁘다고 칭찬도 해줬습니다👍",빠른 배송 감사합니다 이쁘게 잘 입힐게요  감사합니다,가벼워서 편하게 입을 수 있어요 색도 딱 마음에 드네요 추천 드려요,무겁지 않고 가벼워요 색감도 마음에 들고 넉넉한 사이즈에 편해서 자주 입을 수 있을것 같아요 다만 지퍼가 빡빡한 감이 있습니다,기장감이 만족스럽고 카키색 실물이 화면보다 예쁘게 느껴집니다
https://www.musinsa.com/products/4323583,SIGNATURE HEART KNIT [NAVY],"95,000원",50%,"47,500원",그레일즈,https://image.musinsa.com/mfile_s01/_brand/free_medium/grailz.png?20240514133836,상의,니트/스웨터,https://image.msscdn.net/thumbnails/images/prd_img/20240813/4323583/detail_4323583_17249974330250_big.jpg?w=1200,https://image.msscdn.net/thumbnails/images/prd_img/20240813/4323583/detail_4323583_17249974324785_big.jpg?w=1200,없음,https://image.msscdn.net/thumbnails/images/goods_img/20240813/4323583/4323583_17249974221326_big.jpg?w=1200,knit_0277,599,2.3천 회 이상 (최근 1개월),없음,후기 41개,4.8,일단 촉감이 너무 부드러워서 입고 있는데 기분이 좋아지네요...살짝 통통한 편인데 핏이 체형커버 잘 해주는 것 같아서 맘에 듭니다. 하트 포인트가 귀여운 것 같아요...!,한달후기 그래픽 디자인 있는 니트 찾다가 귀여워서 구매했어요,기장이 생각보다 더 크롭해요 니트소재에 울이 없긴 하지만 엄청 부드럽고 디자인이 키치해서 맘에 들어요,그레이 트레이닝복에 입었는데 예뻐요 청바지에도 예쁘고 네이비라 전체적으로ㅈ코디하기 좋구요 어깨라인이 예뻐요 촉감도 매우 부드럽습니다,한달후기 니트 처음받아보고 가슴에 자수도 굉장히 튼튼하고 마감좋게 되어있어서 만족하였고 니트에서 제일 중요한 촉감도 굉장히 부드러워서 맨살에 입어도 괜찮았습니다 요즘 진짜 꾸미고 나갈때 이 니트에 셔츠 레이어드해서 입고나갑니다
https://www.musinsa.com/products/4336606,데일리 버튼 카라 니트 (BROWN),"59,000원",21%,"46,900원",엑스컨테이너,https://image.musinsa.com/mfile_s01/_brand/free_medium/excontainer.png?20240320150032,상의,니트/스웨터,https://image.msscdn.net/thumbnails/images/goods_img/20240816/4336606/4336606_17243048301863_big.jpg?w=1200,https://image.msscdn.net/thumbnails/images/prd_img/20240816/4336606/detail_4336606_17243760824638_big.jpg?w=1200,https://image.msscdn.net/thumbnails/images/prd_img/20240816/4336606/detail_4336606_17243760805083_big.jpg?w=1200,https://image.msscdn.net/thumbnails/images/prd_img/20240816/4336606/detail_4336606_17243760814245_big.jpg?w=1200,knit_0278,524,5.3천 회 이상 (최근 1개월),없음,후기 19개,4.9,출근할때 무난하게 입을 수 있어 너무 좋고 색상 너무 맘에듬,디자인도 이쁘고 사이즈도 딱입니다. 잘 입을게요~,좋아요 좋아요 좋아요 좋아요 좋아요 좋아요 좋아요 좋아요 좋아요,옷은 부드럽고 가벼워 봄이나 가을에 입기 좋을것 같아요,셔츠안에 입으니 너무 이쁘네요 봄까지 잘입을꺼 같아여
https://www.musinsa.com/products/4509818,언발란스드 니트 암 워머 탑_믹스 베이지,"52,000원",10%,"46,800원",파르티멘토 우먼,https://image.musinsa.com/mfile_s01/_brand/free_medium/partimentowomen.png?20230616145319,상의,니트/스웨터,https://image.msscdn.net/thumbnails/images/prd_img/20241011/4509818/detail_4509818_17289919555749_big.jpg?w=1200,https://image.msscdn.net/thumbnails/images/prd_img/20241011/4509818/detail_4509818_17289919563076_big.jpg?w=1200,없음,https://image.msscdn.net/thumbnails/images/goods_img/20241011/4509818/4509818_17289919477319_big.jpg?w=1200,knit_0279,"2,385",2.8천 회 이상 (최근 1개월),없음,후기 27개,4.9,크게 기대 안 했는데 입으니까 진짜 이뻐요... 블프때 싸게 구매해서 기부니좋네옹 색상은 사진이랑 똑같아요!,디자인은 유니크하고 핏 해서 라인이 예뻐 보이고 색감도 예쁜 브라운으로 가을에 잘 어울리는 것 같아요!! 블랙이나 브라운톤이랑 매치 하면 너무 예쁩니다 ㅎㅎ,생각보다 입기가 쪼끔 어려웠지만 그래도 레이어드 템으로 딱이에요 ㅠ 넘 예뻐요,이런 스탈 워머는 첨인듯 얼른 봄 돼서 아우터 없이 입고 다니고 싶어요 완전 기여븜,한달후기 예뻐요 유니크해서 좋아요 날 풀리면 잘 입고 다닐게요!!
https://www.musinsa.com/products/4629731,[ADULT] 스노우베어 윈터 니트_윈터레드,"52,000원",10%,"46,800원",코코모코,https://image.msscdn.net/mfile_s01/_brand/free_medium/cocomoco.png?1731379703763,상의,니트/스웨터,없음,없음,없음,https://image.msscdn.net/thumbnails/images/goods_img/20241121/4629731/4629731_17321703717297_big.jpg?w=1200,knit_0280,231,450회 이상 (최근 1개월),없음,후기 11개,4.7,레드도 색감 너무 예뻐요..!! 맘커플룩 최고 진짜 코코모코 무신사 입점해서 너무 좋아요,레드도 색감 너무 예뻐요..!! 맘커플룩 최고 진짜 코코모코 무신사 입점해서 너무 좋아요,니트 자체가 두껍고 폭닥해서 손이 자주 갈것같아여,폭닥하고 이쁘고 다 해용 자주 입혀야겠어요❤️ 가족티로 완전 추천이요,쨍한 레드를 원했는데 희끗희끗 하얀색이 섞여서 흐릿 해요 사진 만큼 쨍 하지 않습니다 그래도 가격에 비해 도톰하고 무늬도 이뻐요
https://www.musinsa.com/products/4351338,헨리넥 슬리브 니트 - 아이보리,"58,000원",20%,"46,400원",르마드,https://image.musinsa.com/mfile_s01/_brand/free_medium/lemard.png?20240216172209,상의,니트/스웨터,https://image.msscdn.net/thumbnails/images/goods_img/20240821/4351338/4351338_17242067983330_big.jpg?w=1200,https://image.msscdn.net/thumbnails/images/prd_img/20240821/4351338/detail_4351338_17242067991245_big.jpg?w=1200,https://image.msscdn.net/thumbnails/images/prd_img/20240821/4351338/detail_4351338_17242067993704_big.jpg?w=1200,https://image.msscdn.net/thumbnails/images/prd_img/20240821/4351338/detail_4351338_17242068008111_big.jpg?w=1200,knit_0281,516,1.2천 회 이상 (최근 1개월),없음,후기 47개,4.9,니트재질이 탄탄하고 소재 끝쪽이 타이트하지않아 편합니다,한달후기 축져지는 핏이아 몸 실루엣에 맞게 떨어져서 이뻐요,조금 더 화이티쉬 했으면 좋았을텐데 통통한 여자한태도 괜찮아용,좀 더 화이티쉬 했으면 좋겠어요 통통한 여자한테도 괜찮은 거 같아요,생각보다는 핏이 여유롭지만 핏이 정말 좋고 재질도 괜찮습니다
https://www.musinsa.com/products/4306131,오버핏 피케 와플 니트 [BROWN],"58,000원",20%,"46,400원",드로우핏,https://image.msscdn.net/mfile_s01/_brand/free_medium/drawfit.png?20200608153142,상의,니트/스웨터,https://image.msscdn.net/thumbnails/images/goods_img/20240807/4306131/4306131_17249851397349_big.jpg?w=1200,https://image.msscdn.net/thumbnails/images/prd_img/20240807/4306131/detail_4306131_17249851509873_big.jpg?w=1200,https://image.msscdn.net/thumbnails/images/prd_img/20240807/4306131/detail_4306131_17249851520115_big.jpg?w=1200,https://image.msscdn.net/thumbnails/images/prd_img/20240807/4306131/detail_4306131_17249851535467_big.jpg?w=1200,knit_0282,475,1.2천 회 이상 (최근 1개월),없음,후기 14개,없음,생각보다 두께감이 있어서 더 좋아요 핏도 이쁩니다,한달후기 입을땐 좋았는데 아쉽게도 세탁기를 돌리니 보풀 엄청 일어나요 세탁할땐 조심하세요,한달후기 짙은 갈색의 색깔이 마치 낙엽의 쓸쓸함을 연상시키네요,2025 컬러에 맞춰 구입했습니다. 휘뚜루마뚜루 입고 다니고 좋은 것 같아요.,"제 스펙 기준 핏도 정말 이쁘게 떨어지고, 색감이 굉장히 잘 뽑혔네요"
https://www.musinsa.com/products/4304008,캐시미어 블렌딩 하찌 버튼 카라 니트 [베이지],"69,000원",33%,"46,230원",르뎁트,https://image.musinsa.com/mfile_s01/_brand/free_medium/ledept.png?20240318155835,상의,니트/스웨터,https://image.msscdn.net/thumbnails/images/prd_img/20240807/4304008/detail_4304008_17274009475086_big.jpg?w=1200,https://image.msscdn.net/thumbnails/images/prd_img/20240807/4304008/detail_4304008_17235961858122_big.jpg?w=1200,없음,https://image.msscdn.net/thumbnails/images/goods_img/20240807/4304008/4304008_17274009382384_big.jpg?w=1200,knit_0283,160,200회 이상 (최근 1개월),없음,후기 9개,없음,체험단 이번 체험단에서 르뎁트 캐시미어 블렌딩 하찌 버튼 카라 니트에 당첨이 되어 리뷰를 작성하게 되었습니다.  버튼 카라 니트에 당첨이 되었는데 재고가 없었는지 캐시미어 블렌딩 하찌 풀오버가 배송되었는데 배송은 정확히 이틀 뒤에 바로 도착했어요.  색상은 베이지 사이즈는 2XL로 키가 189cm인 저에게 기장감은 살짝 짧았지만 핏은 정 사이즈 핏으로 아주 잘 맞아떨어졌어요.  풀오버의 포인트 중에 저는 소매 끝부분부터 올라가는 스카시 조직 포인트가 아주 마음에 들었어요. 저는 심플한 디자인을 좋아하는데 이 풀오버는 군데군데 포인트들이 디자인적으로 소소한 만족감들로 다가와서 좋았어요.  이번 겨울에 기본 니트 필요하신 분들 추천드립니다 !,짜임이 쫀쫀하고 도톰해서 한겨울에도 잘 입을 것 같아요,핏도 살짝 오버해서 예쁘고 색감도 좋아서 만족합니다,옷 재질도 좋고 색감도 좋아서 손이 자주갑니다 핏도 예뻐요,체험단 캐시미어 블렌딩 하찌 버튼 카라 니트 [베이지]  브랜드: 르뎁트 (LEDEPT)  사이즈/핏 172/72 입니다. 옷을 살 때 어깨넓이를 기준으로 구매를 하는데 저는 미디움 사이즈가 잘 맞았습니다. 라지로 갔어도 오버핏으로 예뻣을 것 같아요. 제품이 두툼한 편이라 체형보정이 잘 되는 옷이었습니다.  디자인 니트짜임이 큰편이고 두툼해서 추운날에 입기에 좋은 디자인이었습니다. 개인적으로 탄탄한 카라여서 좋았습니다.  총평 보온에 신경을 많이 쓴 옷 같았습니다. 입었을때 추운날씨였음에도 춥다고 많이 못느꼈습니다. 무엇보다 디자인도 어느 옷에나 잘 어울릴 수 있는 옷이라 좋았습니다. 재질도 부드러운데 보풀이 많이 생기지 않은 소재로 되어있는 것 같아요. 까슬한 것 때문에 니트를 잘 입지 않는 편임에도 부드러워서 잘 입었습니다.  감사합니다
https://www.musinsa.com/products/4758043,컬러 워크 카라 집업 니트 자켓 [퍼플 브라운],"58,000원",21%,"46,000원",트릴리온,https://image.musinsa.com/mfile_s01/_brand/free_medium/trillion.png?20210702123042,상의,니트/스웨터,https://image.msscdn.net/thumbnails/images/goods_img/20250204/4758043/4758043_17388088352596_big.jpg?w=1200,https://image.msscdn.net/thumbnails/images/prd_img/20250204/4758043/detail_4758043_17388088437868_big.jpg?w=1200,https://image.msscdn.net/thumbnails/images/prd_img/20250204/4758043/detail_4758043_17388088448073_big.jpg?w=1200,https://image.msscdn.net/thumbnails/images/prd_img/20250204/4758043/detail_4758043_17388088528648_big.jpg?w=1200,knit_0284,73,650회 이상 (최근 1개월),없음,없음,없음,없음,없음,없음,없음,없음
https://www.musinsa.com/products/4658138,[무료반품]잔니 브이넥 크롭 골지 니트 (4컬러),"91,000원",56%,"39,900원",무센트,https://image.musinsa.com/mfile_s01/_brand/free_medium/mucent.png?20230414120736,상의,니트/스웨터,https://image.msscdn.net/thumbnails/images/prd_img/20241210/4658138/detail_4658138_17338006654329_big.jpg?w=1200,https://image.msscdn.net/thumbnails/images/prd_img/20241210/4658138/detail_4658138_17338006639832_big.jpg?w=1200,없음,https://image.msscdn.net/thumbnails/images/goods_img/20241210/4658138/4658138_17338006526525_big.jpg?w=1200,knit_0285,"1,805",1.6만 회 이상 (최근 1개월),없음,후기 15개,4.3,배송이 빠르고 옷도 이뻐요 잘입을게요!저렴하게 구매해서 좋아용,몸에 착 붙어서 몸 라인을 잡아줘요 그리고 소재가 탄탄하고 부드러워서 편해요,한달후기 최애니트 너무 이쁘유 잘입고 댕기고 있어요 날씸해보여서 굿굿,입으면 핏되고 이뻐요 다른것도 구매하러 갑니다,구매후 받기까지 오래걸렸지만 기본템으로 깔끔하고 이뻐서 좋아요
https://www.musinsa.com/products/4287400,워셔블 헤어리 브러쉬 트랙 후드 집업 니트 (BLACK),"54,000원",21%,"42,800원",트릴리온,https://image.musinsa.com/mfile_s01/_brand/free_medium/trillion.png?20210702123042,상의,니트/스웨터,https://image.msscdn.net/thumbnails/images/goods_img/20240731/4287400/4287400_17228531146924_big.jpg?w=1200,https://image.msscdn.net/thumbnails/images/prd_img/20240731/4287400/detail_4287400_17228531674984_big.jpg?w=1200,https://image.msscdn.net/thumbnails/images/prd_img/20240731/4287400/detail_4287400_17228531683397_big.jpg?w=1200,https://image.msscdn.net/thumbnails/images/prd_img/20240731/4287400/detail_4287400_17228531749738_big.jpg?w=1200,knit_0286,"3,437",1.5만 회 이상 (최근 1개월),없음,후기 60개,4.7,핏이랑 재질 다 맘에듭니다 초반에 털빠짐있어요,너무 이쁘고 마음에 들어요 사이즈는 m사이즈 사도 괜찮을거같아요~,너무 이뻐요 사이즈도 딱 좋아요 고민 했는데 만족,엑라라 클 줄 알았는데 생각보다 잘 맞고 너무 좋네요,한달후기 스타일 내기딱입니다.. 핏도 딱떨어지고 어디든 다잘어울려요
https://www.musinsa.com/products/4542627,스트라이프 와펜 니트 라벤더초코,"70,000원",35%,"45,500원",꼼파뇨,https://image.musinsa.com/mfile_s01/_brand/free_medium/compagno.png?20200914152203,상의,니트/스웨터,https://image.msscdn.net/thumbnails/images/goods_img/20241022/4542627/4542627_17333770748470_big.jpg?w=1200,https://image.msscdn.net/thumbnails/images/prd_img/20241022/4542627/detail_4542627_17295674256659_big.jpg?w=1200,https://image.msscdn.net/thumbnails/images/prd_img/20241022/4542627/detail_4542627_17295674266008_big.jpg?w=1200,https://image.msscdn.net/thumbnails/images/prd_img/20241022/4542627/detail_4542627_17295674294586_big.jpg?w=1200,knit_0287,"1,180",9.4천 회 이상 (최근 1개월),없음,후기 28개,4.9,오자마자 바로 출근시 입어봅니다. 따가울가바 걱정했는데 전혀 따갑지않고 부드럽습니다. 걱정한것보단 보풀이 안생길 소제같습니다. 차분한색상이라 어디에든 어울리네요👍👍,디자인 색감 너무 이쁘네요. 핏도 딱 적당해서 만족합니다,꼼파뇨 니트 보풀 안생기고 진짜 좋습니다 편안하게 입고다니기 딱 좋아요,예쁜데 몇 번 입으니 세탁도 안 했는데 보풀이 일어요,색감이 아주 예쁩니다. 두께감도 톡톡해서 따뜻하게 잘 입겠네요.
https://www.musinsa.com/products/4559830,Cut-out Halter neck Knit [Ivory],"65,000원",30%,"45,500원",로제프란츠,https://image.msscdn.net/mfile_s01/_brand/free_medium/rosefrantz.png?1726714962255,상의,니트/스웨터,https://image.msscdn.net/thumbnails/images/goods_img/20241025/4559830/4559830_17298395496929_big.jpg?w=1200,없음,없음,https://image.msscdn.net/thumbnails/images/prd_img/20241025/4559830/detail_4559830_17298395504223_big.jpg?w=1200,knit_0288,841,2.9천 회 이상 (최근 1개월),없음,후기 8개,4.9,꾸안꾸룩으로 최고에요. 편한 니트인데 포인트 되어서 좋아요 도톰해요,부담스럽지않은 오프숄더에 홀터 포인트가 더 예뻐보여요!,오프숄더 좋아하는데 부담스럽지않고 홀터 포인트가있어서 더 좋은 것 같아요!,이쁘고 흰색이라 무난히 착용가능하고 홀터넥 포인트가 이쁨,일단 컬러는 새하얗지는 않고 딱 크림색이에요 아주 타이트하지는 않는 핏이고 기장은 골반까지 와요
https://www.musinsa.com/products/4650160,치즈클럽 브이넥 니트 네이비,"70,000원",35%,"45,500원",꼼파뇨,https://image.musinsa.com/mfile_s01/_brand/free_medium/compagno.png?20200914152203,상의,니트/스웨터,https://image.msscdn.net/thumbnails/images/goods_img/20241204/4650160/4650160_17333702463888_big.jpg?w=1200,https://image.msscdn.net/thumbnails/images/prd_img/20241204/4650160/detail_4650160_17333702396298_big.jpg?w=1200,https://image.msscdn.net/thumbnails/images/prd_img/20241204/4650160/detail_4650160_17333702404640_big.jpg?w=1200,https://image.msscdn.net/thumbnails/images/prd_img/20241204/4650160/detail_4650160_17333702429817_big.jpg?w=1200,knit_0289,110,650회 이상 (최근 1개월),없음,후기 1개,없음,두께도 도톰하고 추울때 입어도 따수울거 같아요 대만족입니당,없음,없음,없음,없음
https://www.musinsa.com/products/4443931,우먼즈 헤어리 릴렉스드 브이 넥 니트 [핑크],"56,900원",20%,"45,490원",무신사 스탠다드 우먼,https://image.msscdn.net/mfile_s01/_brand/free_medium/musinsastandardwoman.png?1733278192535,상의,니트/스웨터,https://image.msscdn.net/thumbnails/images/goods_img/20240919/4443931/4443931_17302670176897_big.jpg?w=1200,https://image.msscdn.net/thumbnails/images/prd_img/20240919/4443931/detail_4443931_17302670234708_big.jpg?w=1200,https://image.msscdn.net/thumbnails/images/prd_img/20240919/4443931/detail_4443931_17302670244231_big.jpg?w=1200,https://image.msscdn.net/thumbnails/images/prd_img/20240919/4443931/detail_4443931_17302670254156_big.jpg?w=1200,knit_0290,851,3.1천 회 이상 (최근 1개월),없음,후기 29개,4.9,아직 세탁은 안해봣지만 그냥 색깔이 맘에들어 골랐어 요 여리여리해보이는 핏은 아니고 어깨깡패 멋진 여성 느낌입니다 하하핫,한달후기 보풀이 처음부터 이랫긴한데 점점 심해지는 기분탓ㅋㅋ 어깨깡패처럼 되어요 부해서 좀 뚠뚠해보이긴해요 색상은예뿜,털?이 엄청 붙어있긴 한데 무난하고 색도 예뻐용 따뜻합니다,무신사 매장에서 입어보고 온라인으로 적당한 가격에 잘 샀어요! 좀 까슬하다고 느낄수 있는데 엄청 예민한 편 아니면 괜찮을 것 같아요ㅎㅎ 일부러 낙낙하게 입으려고 m 사이즈 시켰는데 여리핏 미쳤습니다아!,폭닥하고 색감 넘 이뻐서 좋은데 진짜 품이 정말 디집어지게 큽니다 상당히 커요 심지어 건조기 돌렸는데도 안 줄어드네오 그치만 색이 넘 이쁨
https://www.musinsa.com/products/4256732,우먼즈 케이블 니트 집업 [아이보리],"69,900원",35%,"45,390원",무신사 스탠다드 우먼,https://image.msscdn.net/mfile_s01/_brand/free_medium/musinsastandardwoman.png?1733278192535,상의,니트/스웨터,https://image.msscdn.net/thumbnails/images/goods_img/20240718/4256732/4256732_17267988750633_big.jpg?w=1200,https://image.msscdn.net/thumbnails/images/prd_img/20240718/4256732/detail_4256732_17267988845031_big.jpg?w=1200,https://image.msscdn.net/thumbnails/images/prd_img/20240718/4256732/detail_4256732_17267988858799_big.jpg?w=1200,https://image.msscdn.net/thumbnails/images/prd_img/20240718/4256732/detail_4256732_17267988891071_big.jpg?w=1200,knit_0291,"1,294",5.1천 회 이상 (최근 1개월),없음,후기 62개,4.9,배송은 정말 빨라요 옷도 이쁜데 잘 늘어날거 같아요 1500원 받기 빡세네,뽀실뽀실 부들부들.. 역시 저의 최애 브랜드 무탠입니동.. 근데 아쉬운 점은 지퍼가 YKK 가 아니더라구영ㅠㅠ 그거 말고는 넘 만족입니댜~,진짜부드러운재질이고 크롭이라 다리도 길어보여요,두툼해서 좋아요 따듯하게 입이 좋습니다 기장짧아요,소재감이 탄탄해요 깔끔해서 가을겨울에 잘입을듯요
https://www.musinsa.com/products/4556690,스프레이 리브드 라운드 니트[차콜],"59,000원",24%,"45,000원",스켈리웩,https://image.msscdn.net/mfile_s01/_brand/free_medium/scallywag.png?1730455098498,상의,니트/스웨터,https://image.msscdn.net/thumbnails/images/prd_img/20241024/4556690/detail_4556690_17321850764213_big.jpg?w=1200,https://image.msscdn.net/thumbnails/images/prd_img/20241024/4556690/detail_4556690_17321850775974_big.jpg?w=1200,없음,https://image.msscdn.net/thumbnails/images/goods_img/20241024/4556690/4556690_17325868075095_big.jpg?w=1200,knit_0292,"1,773",1.3만 회 이상 (최근 1개월),없음,후기 23개,없음,받았을때 냄새 조금 나는 거 빼면 진짜 완벽합니다! 도톰하고 안 까끌거려서 거리낌 없이 편하게 입을 수 있는 좋은 니트입니다!,핏이 좋고 사이즈도 넉넉하고 색깔이 예쁩니다. 가운데 로고도 과하지 않고 잘 어울려요.,사이즈 넉넉하고 두께가 적당합니다. 입었을때 핏이 이쁨,냄새가 좀 나긴하는데 옷 자체는 너무너무 이쁩니다!,한달후기 도톰하고 팔에 워머 느낌이 있어서 좋아요 핏도 부해보이지 않고 좋습니다
https://www.musinsa.com/products/4385386,BASIC PULLOVER KNIT NAVY,"56,000원",20%,"44,800원",아메스 월드와이드,https://image.msscdn.net/mfile_s01/_brand/free_medium/amesworldwide.png?1730455523530,상의,니트/스웨터,https://image.msscdn.net/thumbnails/images/prd_img/20240829/4385386/detail_4385386_17268215472581_big.jpg?w=1200,https://image.msscdn.net/thumbnails/images/prd_img/20240829/4385386/detail_4385386_17268215485439_big.jpg?w=1200,없음,https://image.msscdn.net/thumbnails/images/goods_img/20240829/4385386/4385386_17268215339210_big.jpg?w=1200,knit_0293,"1,786",5.6천 회 이상 (최근 1개월),없음,후기 72개,4.8,이쁜 크롭 기장입니다 ₍˄·͈༝·͈˄₎ꕤෆෆ  어깨랑 품이 적당해서 아우터 안에 입기 완존 좋은 핏이에요!! 단독으로 입어도 이쁘고요  색은 차분하고 꾹꾹 눌러주는 네이비고 니트 모양도 잘 잡혀있어요 로고 귀엽습니다 굿굿 잘입을게용,아메스 브랜드 좋아하는데 여기는 심플하면서 로고가 포인트인게 디자인이 너무 맘에 들어요. 니트도 퀄리티좋고 오래 입을 수 있을 것 같습니다.,옷 이쁘고 글씨도 좋아요 용산에서 보고 주문한건데 핏이 좀 다른 거 같은데 그래도 이쁩니다,"옷 재질 탄탄하고 예뻐서 좋고, 소매 생각보다 딱 적당히 맞아요!",음… 생각보다 좀 재질이 엄청 까끌까끌해요 이너 반팔티 입고 입어야할듯 근데 핏은 진짜 예뻐요 허리 얇아보임 개굿
https://www.musinsa.com/products/4385404,BASIC RAGLAN PULLOVER KNIT BROWN,"56,000원",20%,"44,800원",아메스 월드와이드,https://image.msscdn.net/mfile_s01/_brand/free_medium/amesworldwide.png?1730455523530,상의,니트/스웨터,https://image.msscdn.net/thumbnails/images/prd_img/20240829/4385404/detail_4385404_17268172899560_big.jpg?w=1200,https://image.msscdn.net/thumbnails/images/prd_img/20240829/4385404/detail_4385404_17268172912080_big.jpg?w=1200,없음,https://image.msscdn.net/thumbnails/images/goods_img/20240829/4385404/4385404_17268172736161_big.jpg?w=1200,knit_0294,"2,834",6.2천 회 이상 (최근 1개월),없음,후기 107개,4.8,만지면 약간 거친 느낌의 소재인데 막상 입으면 그렇게 따갑지는 않네요 안에 넣입하는게 더 예쁜거 같고 할인해서 2만원대에 구매했는데 정가 구매는 고민해볼거 같아요,한달후기 휘뚜루마뚜루 입고 다니기 너무 좋은 디자인이에요!,짧은것 하나 사서 입었는데 탄탄하고 변형없는 재질의 니트라서 재구매 하며 긴형을 구매했는데 개인적으로 크롭니트 재질이 더 마음에 드네요.좀 긴감이 있네요.크롭니트가 10센치만 더 길면 정말 잘입어 질것 같아 아쉽네요 크롭니트 사이즈 별로 나오면 좋겠습니다,"입었을 때 확실히 더 이쁘네요!!! 너무 맘에 들엇는데 한 번 빠니깐 보풀이,, 물론 제가 세탁기돌랴서 그러겟죠,,",한달후기 옷이 너무 이쁜데 어깨가 좀 이상해요. 제가 어깨가 좁아서 그런 건 아닌 거 같은 데 제 체형이랑 안 어울려요 하지만 이뻐요.
https://www.musinsa.com/products/4332610,소프트 암 워머 하프 니트 [MELANGE GREY] / WBD3L05518,"63,000원",30%,"44,000원",제너럴아이디어,https://image.musinsa.com/mfile_s01/_brand/free_medium/generalideastandard.png?20240418113747,상의,니트/스웨터,https://image.msscdn.net/thumbnails/images/goods_img/20240814/4332610/4332610_17236342404439_big.jpg?w=1200,https://image.msscdn.net/thumbnails/images/prd_img/20240814/4332610/detail_4332610_17236342369779_big.jpg?w=1200,https://image.msscdn.net/thumbnails/images/prd_img/20240814/4332610/detail_4332610_17236342344511_big.jpg?w=1200,https://image.msscdn.net/thumbnails/images/prd_img/20240814/4332610/detail_4332610_17236301904469_big.jpg?w=1200,knit_0295,236,350회 이상 (최근 1개월),없음,후기 4개,4.5,따가움 1도 없고 엄청 부드러워요 ㅎㅎ 그대신 워머도 부드러워서 가만히 있으면 잘 내려가고 ㅠ 목부분이 쉽게 늘어날 것 같아요.. 몸부분 팔부분 니트짜임이 달라서 예뻐용,한달후기 옷은 넘 예쁜데 워머 주르륵 흘러내리구요.. 세번 정도 입었는데 벌써 보풀이 ㅠㅠ,사이즈가 나눠져있어서 고민했는데 55 입으시는 분들은 S입으시면 될 거 같아요 !,부들부들하고 이뻐여 제가 핸드워머 유행 전부터 컬렉했던 사람으로서 핸드워머를 잘 아는데 탄탄하고 좋아요!!,없음
https://www.musinsa.com/products/4408927,VLAD TYPE-A 래글런 아트웍 니트 후드집업_네이비,"53,900원",19%,"43,900원",디미트리블랙,https://image.musinsa.com/mfile_s01/_brand/free_medium/dimitriblack.png?20210325153706,상의,니트/스웨터,https://image.msscdn.net/thumbnails/images/goods_img/20240905/4408927/4408927_17261265684165_big.jpg?w=1200,https://image.msscdn.net/thumbnails/images/prd_img/20240905/4408927/detail_4408927_17261265845339_big.jpg?w=1200,https://image.msscdn.net/thumbnails/images/prd_img/20240905/4408927/detail_4408927_17261265855324_big.jpg?w=1200,https://image.msscdn.net/thumbnails/images/prd_img/20240905/4408927/detail_4408927_17261295849462_big.jpg?w=1200,knit_0296,"4,449",250회 이상 (최근 1개월),없음,후기 99개,4.7,따뜻하고 좋습니다,후드 폭도 엄청 넓고 생각보다? 따뜻해서 패딩 이너로도 괜찮을 것 같네요!! 예쁩니다!!(사이즈는 생각보다 크니 정사이즈로 사세요!!!),이뻐요 이빠요 이뻐요 진짜 기엽고 깜찍하고 넘 이쁩니더 배송은 좀 느렷는데 기다릴수잇어요 예쁘거든요,한달후기 빨면 보풀이 좀 생기지만 부들부들하고 핏도 예뻐요,한달후기 남자칭구한테 선물 햇는데 너무 잘 어울리 ㅠㅡㅠ 그냥 이 옷 자체가 예뿜
https://www.musinsa.com/products/4421493,에센셜 헤어리 스트라이프 라운드 니트_그레이,"58,500원",25%,"43,900원",디미트리블랙,https://image.musinsa.com/mfile_s01/_brand/free_medium/dimitriblack.png?20210325153706,상의,니트/스웨터,https://image.msscdn.net/thumbnails/images/goods_img/20240909/4421493/4421493_17268233006136_big.jpg?w=1200,https://image.msscdn.net/thumbnails/images/prd_img/20240909/4421493/detail_4421493_17268233112990_big.jpg?w=1200,https://image.msscdn.net/thumbnails/images/prd_img/20240909/4421493/detail_4421493_17268233124524_big.jpg?w=1200,https://image.msscdn.net/thumbnails/images/prd_img/20240909/4421493/detail_4421493_17268233331411_big.jpg?w=1200,knit_0297,"2,624",200회 이상 (최근 1개월),없음,후기 79개,4.8,크게입으면 덩치만커보여서 딱맞게 정사이즈로 교환했습니다 예뻐요,정말 부드러워서 맨살에도 입을 수 있어요! 사이즈는 생각보다 작았어요 오버핏으로 입고싶었는데 살짝 핏한 느낌? 안맞거나 짧은 건 아닌데 생각하던 핏은 아니네요ㅠ 그래도 따뜻하고 색감이뻐서 잘 입을 것 같아용,핏이 좀 부해보이네요 s 사거나 마르신 분이 입어야 할 것 같아요 배송왔을때 냄새가 좀 역해요,한달후기 일단 가격이 깡패고 소재감이 부드러워서 좋았어요 조금 잘 늘어나는 소재라 착용감도 편해요,한달후기 촉감이 매우 부드럽고 촉촉하고 좋아요 아주 잘 입고 있습니다
https://www.musinsa.com/products/4461727,우먼즈 램스울 리브드 니트 하프 집업 [블랙],"79,900원",45%,"43,590원",무신사 스탠다드 우먼,https://image.msscdn.net/mfile_s01/_brand/free_medium/musinsastandardwoman.png?1733278192535,상의,니트/스웨터,https://image.msscdn.net/thumbnails/images/goods_img/20240925/4461727/4461727_17307059299593_big.jpg?w=1200,https://image.msscdn.net/thumbnails/images/prd_img/20240925/4461727/detail_4461727_17307059362491_big.jpg?w=1200,https://image.msscdn.net/thumbnails/images/prd_img/20240925/4461727/detail_4461727_17307059371740_big.jpg?w=1200,https://image.msscdn.net/thumbnails/images/prd_img/20240925/4461727/detail_4461727_17307059396372_big.jpg?w=1200,knit_0298,272,1.8천 회 이상 (최근 1개월),없음,후기 9개,4.8,겨울철에 자주 손이 갈 것 같은 옷이에요 ㅎㅎ 캐주얼하지만 넘 딱딱하지도 넘 프리해보이지도 않는 중립을 잘 지킨 디자인 같아요 ㅎㅎ 맘에 듭니당,한달후기 팔쪽에 보풀이 안 일어나서 좋아요. 한 치수 더 크게 살 걸 그럈어요,두께도 톡톡하고 몸통 기장도 넘 짧진 않아서 좋아요 ㅎㅎ 청바지와 함께 입으면 예쁠것같아요 ㅎㅎ,소매가 짧지않고 길이는 많이 짧지않아요. 두툼해서 따뜻할거 같아요.,두껍고 소매는 길고 길이는 많이 짧지않아요. 두툼해서 따뜻할거 같아요.
https://www.musinsa.com/products/4433326,케이블 라운드 헤비 니트 풀오버 11COLOR COOSKT068,"62,000원",30%,"43,400원",커스텀어클락,https://image.musinsa.com/mfile_s01/_brand/free_medium/costumeoclock.png?20230608173614,상의,니트/스웨터,https://image.msscdn.net/thumbnails/images/prd_img/20240911/4433326/detail_4433326_17267956060033_big.jpg?w=1200,https://image.msscdn.net/thumbnails/images/prd_img/20240911/4433326/detail_4433326_17267956076597_big.jpg?w=1200,없음,https://image.msscdn.net/thumbnails/images/goods_img/20240911/4433326/4433326_17320662825924_big.jpg?w=1200,knit_0299,"3,696",9.5천 회 이상 (최근 1개월),1.5천 개 이상,후기 203개,4.8,체험단 패딩베스트에 입기에 좋은 도톰니트입니다. 겨울에 온통 블랙이 많아 밝게 입기 무난한 색상으로 라이트그레이 선택했는데 깨끗하고 깔끔해 보이는 딱 예쁜 라이트그레이라 너무 마음에 듭니다. 니트의 특성상 보풀은 피할수 없을것 같긴 하지만 보풀제거기가 있으니 보풀 나면 그때 그때 제거하면서 입으면 될 것 같구요 두께감이 있다 보니 강추위에도 따뜻하게 잘 입을 수 있을것 같아요 손목 밑단 시보리와 목둘레가 짱짱해서 목 늘어남도 없을것 같아요 외출을 하지 않고 찍은 사진이라 사진은 올리진 못했지만 밝은 그레이라 어떤 색의 아우터와도 잘 어울리네요 올 겨울 따뜻하고 예쁘게 잘 입을게요^^♡,체험단 옷 받자마자 감탄이 절로 나왔아요~ 와~ 색감이 너무 예뻐요. 피치가 아주 고급스러워요 가볍지 않고 어둡지 않고 차분하고 고급스러운 피치입니다. 남자 아이도 입어 봤는데 남자가 입어도 너무 예쁜 색상이에요. 두께감이 있어서 입으면 엄청 따뜻합니다. 요즘 같은 날씨에 이 옷이 딱이네요. 오늘밤 눈 온다고 하는데 내일은 커스텀어클락 니트 입고 나가야겠어여. 천이 부드러워서 안에 이너 입지 않아도 됩니다. 제가 목티도 안 좋아하고 까실거리는거 싫어하는데 요 아이는 맨살에 입어도 됩니다. 오버핏이라 툭 걸쳐입으니 꾸안꾸 느낌으로 편하고 좋아요. 55사이즈 입는데 오버핏 느낌 입으시려면 m사이즈 좋습니다. 제가 팔이 긴 편이라 종종 팔이 짧은 니트들이 있는데 요건 한번 접어 입어도 될만큼 넉넉한 팔길이입니다. 예뻐서 L사이즈로 남편도 하나 사주고 싶네요. 너무 좋은 상품 체험하게 되어 기뻐요. 올 겨울 정말 잘 입고 다닐 것 같아요,두께가 두꺼워서 매우매우 따뜻하고 핏도 체형커버가 되는 핏이라서 너무 좋아요,니트 두께가 두꺼워서 진짜진짜 따뜻하고 핏도 몸에 잘 맞아서 너무 좋아요!,체험단 사이즈 찰떡이에요 그리고 니트라 피부닿을때 따가울까봐 걱정했는데 전혀 따갑지 않고 부드럽더라구요! 예민하신분들 입기에 괜찮으실 재질이에요 어깨가 좁은편이라 사이즈 고민하다가 라지사이즈 하면 너무 클것 같아서 엠사이즈로 체험신청하길 정말 잘 한 것 같아요 사이즈 완전 찰떡이에요 팔이 긴편인데도 소매기장이 딱맞아요 여유있게 제작한것 같아요👍🏻 색상이 회색이어서 그런지 무난하게 모든 바지에 매칭하기 쉬워서 좋아요! 평소에 청바지에 자주 입고 다닙니다! 금액도 세일할때 적용해수 구매하면 가성비 좋을 니트입니다
https://www.musinsa.com/products/4509977,반폴라 세미 오버핏 모크넥 니트 [블랙],"33,000원",30%,"23,000원",워크온바디오프,https://image.msscdn.net/mfile_s01/_brand/free_medium/workonbodyoff.png?1730455452711,상의,니트/스웨터,https://image.msscdn.net/thumbnails/images/goods_img/20241011/4509977/4509977_17289702809308_big.jpg?w=1200,https://image.msscdn.net/thumbnails/images/prd_img/20241011/4509977/detail_4509977_17289702976363_big.jpg?w=1200,https://image.msscdn.net/thumbnails/images/prd_img/20241011/4509977/detail_4509977_17289702987209_big.jpg?w=1200,https://image.msscdn.net/thumbnails/images/prd_img/20241011/4509977/detail_4509977_17322548821003_big.jpg?w=1200,knit_0300,"28,811",12만 회 이상 (최근 1개월),3만 개 이상,"후기 2,470개",4.8,착용했을 때 핏이나 구겨짐 등이 적은게 장점이지만 상세페이지 사진과 다르게 광택감이 꽤 있습니다 그래도 정말 싼 맛에 괜찮게 구했다는 생각이 듭니다,"체험단 체험단으로 선정 해주신 워크온바디오프, 무신사 정말 감사드립니다! 183/70 조금 마른체형 남자입니다  -핏 : 세미 오버핏이라서 너무 크지도 않고 너무 조이지도 않아서 좋아요! 기장이 긴편이라서 바지에 넣어입으시면 딱 좋을거 같아요! 이너로 입어도 좋고 싱글로 입어도 예뻐요!  -사이즈 : 팔과 기장이 긴편이고 목폴라가 너무 길지 않아서 답답하지 않아요! 만약 저랑 비슷한 체형이시면 L사이즈 추천드리구요 이너 위주로 입으실 분들은 조금 더 작은 사이즈인 M사이즈 추천드려요!  -원단 : 탄탄한 재질이라서 쉽게 늘어나지 않을거 같아요! 생각했던것 보다 두께가 두꺼워서 따뜻해요!",이너로 입으려고 샀는데 단품으로도 입기에 폼이 넉넉하고 좋아요,남자친구도 사줬는데 핏도 예쁘고 재질도 맘에든다고 하네요!!,테일러링이 좋아요 자켓 입었을때 딱 소매 살짝 보이게 입을수 있어요 자켓 걸쳐입기도 좋고 단독으로 입기도 좋고 소재도 부들부들 포근하네요 ㅎㅎ
https://www.musinsa.com/products/4584154,소프트 헨리넥 라운드 긴팔 니트 [베이지],"51,000원",25%,"38,250원",노드유,https://image.musinsa.com/mfile_s01/_brand/free_medium/nodu.png?20240329122454,상의,니트/스웨터,https://image.msscdn.net/thumbnails/images/goods_img/20241104/4584154/4584154_17306775620945_big.jpg?w=1200,https://image.msscdn.net/thumbnails/images/prd_img/20241104/4584154/detail_4584154_17306775667153_big.jpg?w=1200,https://image.msscdn.net/thumbnails/images/prd_img/20241104/4584154/detail_4584154_17306775717936_big.jpg?w=1200,https://image.msscdn.net/thumbnails/images/prd_img/20241104/4584154/detail_4584154_17306775818465_big.jpg?w=1200,knit_0301,"11,727",9만 회 이상 (최근 1개월),9.7천 개 이상,"후기 1,153개",4.8,너무 이쁩니다! 안에 아무것도 안 입고 입어도 괜찮아욤,핏 좋고 재질도 마음에 듭니다. 까칠한 느낌 없고 부드럽네요. 가격이 착해서 불안했는데 상당히 좋아요. 168/68 신체에 M사이즈가 크지도 꽉 끼지도 않고 잘 맞습니다. 다른색상 있다면 전부 구매하고싶을정도로 좋아요,니트원단이 너무 따뜻하고 좋네요~! 다른색도 구매 할려고 해요!,맘에 들어요!!! 편하고 사이즈도 넉넉해서 검정으로 하나 더 사고싶어요 :) 이너로 체크셔츠나 편한 티셔츠 입고 입으면 더 좋은거같아요,이쁜데 냄새나서 못입고 있어요.. 공장냄새가 나는것 같은데 아쉽네요
https://www.musinsa.com/products/4285909,오버핏 케이블 라운드 니트 5COLOR,"49,957원",30%,"34,970원",언탭트 스튜디오,https://image.msscdn.net/mfile_s01/_brand/free_medium/untapped.png?1730708272814,상의,니트/스웨터,https://image.msscdn.net/thumbnails/images/prd_img/20240731/4285909/detail_4285909_17247442748222_big.jpg?w=1200,https://image.msscdn.net/thumbnails/images/prd_img/20240731/4285909/detail_4285909_17247442757429_big.jpg?w=1200,없음,https://image.msscdn.net/thumbnails/images/goods_img/20240731/4285909/4285909_17247442451593_big.jpg?w=1200,knit_0302,"56,542",31만 회 이상 (최근 1개월),4만 개 이상,"후기 3,513개",4.8,한달후기 이만큼 좋은 핏 없고 늘어나는거 없고 또한벌 삿습니다!,#꽈배기니트 #니트 #네이비,총장이 긴데 시보리까지 느슨하여 기장이 많이 애매합니다  다리 가뜩이나 짧은데 더 숏다리가 되,캐이블 니트는 처음인데 어깨도 더 넓어보이고 재질도 부드러워서 편한니 좋으네요!!넣입해야 전 더 이쁜거같아요!!!,"장점 핏 XL 사이즈라 그런지 적당히 루즈하면서도 너무 벙벙하지 않은, 딱 예쁜 오버핏이에요. 어깨가 자연스럽게 떨어져서 체형 커버도 되고, 여유로운 느낌이라 요즘 트렌드에 딱 맞습니다.  컬러 네이비 컬러가 너무 진하지도, 흐리멍텅하지도 않아서 고급스러워 보입니다. 깔끔한 기본 컬러라 슬랙스나 청바지랑 다 잘 어울려서 코디 걱정이 없어요.  소재 니트 특유의 부드럽고 따뜻한 촉감이 마음에 들었어요. 적당한 두께감 덕에 단품으로 입어도 충분히 따뜻하고, 코트나 패딩 안에 레이어드하기도 딱 좋습니다.  디자인 케이블 니트 디테일이 과하지 않으면서도 포인트가 돼서 심심하지 않아요. 기본 라운드넥 디자인이라 어떤 스타일에도 무난하게 어울립니다.  단점 사이즈감 오버핏이라 키가 작거나 마른 분들은 조금 더 커 보일 수 있을 것 같아요. 저는 딱 좋았지만, 사이즈 고민은 필요할 듯.  유지 관리 니트다 보니 털 뭉침(필링)이 생길 수 있을 것 같아요. 오래 깔끔하게 입으려면 관리에 신경 써야 할 듯 싶습니다.  총평 네이비 컬러와 깔끔한 오버핏이 매력적인 니트로, 스타일과 보온성을 동시에 챙길 수 있는 아이템이에요. 기본템 좋아하시는 분들에게 강추합니다"
https://www.musinsa.com/products/4584153,소프트 헨리넥 라운드 긴팔 니트 [블랙],"51,000원",25%,"38,250원",노드유,https://image.musinsa.com/mfile_s01/_brand/free_medium/nodu.png?20240329122454,상의,니트/스웨터,https://image.msscdn.net/thumbnails/images/goods_img/20241104/4584153/4584153_17306774298955_big.jpg?w=1200,https://image.msscdn.net/thumbnails/images/prd_img/20241104/4584153/detail_4584153_17306774350916_big.jpg?w=1200,https://image.msscdn.net/thumbnails/images/prd_img/20241104/4584153/detail_4584153_17306774413218_big.jpg?w=1200,https://image.msscdn.net/thumbnails/images/prd_img/20241104/4584153/detail_4584153_17306774518371_big.jpg?w=1200,knit_0303,"4,973",6만 회 이상 (최근 1개월),4.2천 개 이상,후기 394개,4.8,"남자친구 : 착용감이 정말 편안하고, 핏이 깔끔해서 어떤 코디에도 잘 어울려요. 깔끔한 헨리넥 디자인 덕분에 겨울철 레이어링용으로도 추천합니당 여자친구 : 선물하길 잘한 것 같아요 입고 신나서 여기저기 텀블링하고다녀요🤦🏻‍♀️",체험단 새옷 기름 냄새가 있어 세탁 후 입어봤지만 옷의 변형은 크게 느끼지 못했네요 옷이 처지지 않고 각이 잘잡혀 있어 체형보완도 잘되고 어깨도 넓어보여 좋아요 두께도 두툼해서 입자마자 따듯하니 보온성 좋네요 이너 없이 단품으로 입어도 될만큼 까슬거림은 느끼지 못했네요 제가 상체발달형이지만 옷이 세미 오버핏으로 나와 m사이즈 입어도 편하고 괜찮아요 기장감이 길지 않은게 특히 마음에 드네요 디자인은 헨리넥 5버튼 디테일이 튀지도 않고 심심하지 않고 적절하게 포인트 되서 깔끔한 캐쥬얼 느낌이에요 전체적인 느낌은 가성비 좋게 어느 코디에도 잘 뭍어나는 스타일이라 활요성 좋아요,한달후기 진짜 이뻐요 니트 끝판왕 이거 사고 노드유한테 반했어요,원단도 부들부들하고 고급스럽네요 착한 아이템,원단도 부들부들하고 고급스럽네요 좋은가격은 덤
https://www.musinsa.com/products/4743432,워셔블 레이어드 헨리넥 니트티셔츠 [블랙],"52,000원",10%,"46,800원",알리스,https://image.musinsa.com/mfile_s01/_brand/free_medium/alyss.png?20230117135312,상의,니트/스웨터,없음,없음,없음,https://image.msscdn.net/thumbnails/images/goods_img/20250124/4743432/4743432_17388154218594_big.jpg?w=1200,knit_0304,"1,572",1.2만 회 이상 (최근 1개월),없음,후기 2개,없음,친구 선물용으로 구입했습니다. 이너나 단품으로 활용 잘 할거같데네요 좋아합니다.,레이어드가 부담 없고 원단도 찰랑거리고 고급스러움 대만족 넣어 입는게 더 이쁜듯,없음,없음,없음
https://www.musinsa.com/products/4385997,[무료반품](우먼)캐시미어 100 홀가먼트 브이넥 니트 - 7 COLOR,"125,000원",28%,"89,900원",수아레 우먼,https://image.msscdn.net/mfile_s01/_brand/free_medium/suarewomen.png?1738913918728,상의,니트/스웨터,https://image.msscdn.net/thumbnails/images/goods_img/20240829/4385997/4385997_17333648071019_big.jpg?w=1200,https://image.msscdn.net/thumbnails/images/prd_img/20240829/4385997/detail_4385997_17255812814080_big.jpg?w=1200,https://image.msscdn.net/thumbnails/images/prd_img/20240829/4385997/detail_4385997_17255812825572_big.jpg?w=1200,https://image.msscdn.net/thumbnails/images/prd_img/20240829/4385997/detail_4385997_17255812956879_big.jpg?w=1200,knit_0305,"3,417",1만 회 이상 (최근 1개월),2.6천 개 이상,후기 243개,4.8,제품 설명 그대로예요. 다른 색으로 사고 싶을 만큼 마음에 듭니다.,엄마 선물로 사드렸는데 재질도 부드럽고 가격대비 고급져보인다고 좋아하시네요!,편하고 좋아요 따갑지 않고요 가격대비 좋아요 색상도 이쁘네요,보라끌레르님 찬스로 좋은 옷을 넘싸게 사서 감사합니다 배송기간 이 좀 있었지만 도톰하구 질좋고 색감좋고 핏좋고 다한 넘넘 맘에드는 니트입니다 이렇게 좋을줄 알았으면 다른색도 살껄 ~~~후회중 잘입을게요,부드럽고 좋아요~ 포장도 예쁘게 와서 선물받은 느낌이에요! 라운드넥 두개 샀는데 브이넥이 더 예쁜거 같아요~ 입었을 때 더 날씬한 느낌. 추가 구매 의사 있어요!
https://www.musinsa.com/products/4444745,폭스 헤드 인타르시아 컴포트 하이넥 니트 - 블랙 / NM00807KM0329P199,"628,000원",47%,"333,990원",메종 키츠네,https://image.musinsa.com/mfile_s01/_brand/free_medium/maisonkitsune.png?20210625151409,상의,니트/스웨터,https://image.msscdn.net/thumbnails/images/goods_img/20240919/4444745/4444745_17280005478861_big.jpg?w=1200,https://image.msscdn.net/thumbnails/images/prd_img/20240919/4444745/detail_4444745_17280005538420_big.jpg?w=1200,https://image.msscdn.net/thumbnails/images/prd_img/20240919/4444745/detail_4444745_17280005547935_big.jpg?w=1200,https://image.msscdn.net/thumbnails/images/prd_img/20240919/4444745/detail_4444745_17280005598065_big.jpg?w=1200,knit_0306,145,1.8천 회 이상 (최근 1개월),없음,후기 1개,없음,사이즈도 정핏이구 길이감도 좋습니다 재질은 살짝 얇은 편이지만 그래도 입기좋습니다,없음,없음,없음,없음
https://www.musinsa.com/products/4718450,Commando Knit Sweater Oatmeal,"104,000원",20%,"83,200원",에스피오나지,https://image.msscdn.net/mfile_s01/_brand/free_medium/espionage.png?20200608153142,상의,니트/스웨터,https://image.msscdn.net/thumbnails/images/prd_img/20250114/4718450/detail_4718450_17370079313463_big.jpg?w=1200,https://image.msscdn.net/thumbnails/images/prd_img/20250114/4718450/detail_4718450_17370079320486_big.jpg?w=1200,없음,https://image.msscdn.net/thumbnails/images/goods_img/20250114/4718450/4718450_17370079245184_big.jpg?w=1200,knit_0307,336,8.5천 회 이상 (최근 1개월),없음,후기 5개,없음,사이즈 딱 이뻐요. 색상도 좋고. 에스피오나지 옷들은 전부 탄탄해서 맘에 듭니다.,에스피오나지 제품 항상 믿고 구매하는데 역시네요,옷 원단 느낌이 고급지고 핏도 이쁩니다! 부들부들해서 좋아요,어께 디테일때문에 투박한 맛이 좀 있는거 같습니다. 일반적인 니트 슬랙스보단 퍼티그나 치노에 입는게 더 이쁠것같아요,어께 디테일때문에 투박한 맛이 좀 있는거 같습니다. 일반적인 니트 슬랙스보단 퍼티그나 치노에 입는게 더 이쁠것같아요
https://www.musinsa.com/products/4387116,리브드 오버핏 헨리넥 니트 [블랙],"78,000원",21%,"62,000원",르아르,https://image.musinsa.com/mfile_s01/_brand/free_medium/leire.png?20230712152623,상의,니트/스웨터,https://image.msscdn.net/thumbnails/images/prd_img/20240830/4387116/detail_4387116_17255484309227_big.jpg?w=1200,https://image.msscdn.net/thumbnails/images/prd_img/20240830/4387116/detail_4387116_17255484316861_big.jpg?w=1200,없음,https://image.msscdn.net/thumbnails/images/goods_img/20240830/4387116/4387116_17255484228160_big.jpg?w=1200,knit_0308,"10,460",8만 회 이상 (최근 1개월),5천 개 이상,후기 492개,4.9,유튜버 추천으로 구매 했는데 나쁘지 않을 것 같습니다. 세일 할 때 한개 쟁여 두시면 유용하게 손이 갈 것 같습니다. 기분 헨리넥으로 고민 중이시라면 고~,한달후기 단추가 포인트라서 좋은디 보풀이 잘생기는게 아쉽네요,두께감도 적당하고 단품으로도 이쁘고 셔츠 레이어드로도 이뻐요ㅔ,니트가 너무 편안하고 부드러워요 예쁩니다 가을 날씨에 입기 좋아요,가격대비 적당한 재질과 생각한 디자인과 핏이 잘맞게 나와서 만족합니다.
https://www.musinsa.com/products/4597583,소프트 텍스처 니트 [8COLOR],"54,000원",21%,"42,900원",페이크캠퍼,https://image.musinsa.com/mfile_s01/_brand/free_medium/fakecamper.png?20221128170607,상의,니트/스웨터,https://image.msscdn.net/thumbnails/images/goods_img/20241107/4597583/4597583_17375201632827_big.jpg?w=1200,https://image.msscdn.net/thumbnails/images/prd_img/20241107/4597583/detail_4597583_17326873095718_big.jpg?w=1200,https://image.msscdn.net/thumbnails/images/prd_img/20241107/4597583/detail_4597583_17375210287768_big.jpg?w=1200,https://image.msscdn.net/thumbnails/images/prd_img/20241107/4597583/detail_4597583_17375210238758_big.jpg?w=1200,knit_0309,647,9.9천 회 이상 (최근 1개월),없음,후기 11개,4.7,촉감 부들부들하고 기장감 좋고 핏감 좋고 이뻐요!,"일단 색감이 훌륭하고, 패턴?도 자세히 보면 디테일이 흘륭합니다!",부드럽고 배송 빨라서 좋았어요 핏도 예쁘게 잘 떨어집니다! 가격대비 퀄리티 좋아영,기본 니트로 딱 좋네요 촉감도 부드럽고 좋습니다 옷에서 시큼한 냄새가 조금 나는게 살짝 아쉽네요,니트는 살ㅈ닥 짧아야 조흔데 기장 자체가 짧어서 좋았어옷
https://www.musinsa.com/products/4471880,Sun Jacquard Zip-Up Sweater (Dark Gray),"159,000원",10%,"143,100원",아캄,https://image.musinsa.com/mfile_s01/_brand/free_medium/aakam.png?20221014164004,상의,니트/스웨터,https://image.msscdn.net/thumbnails/images/goods_img/20240927/4471880/4471880_17346067396057_big.jpg?w=1200,https://image.msscdn.net/thumbnails/images/prd_img/20240927/4471880/detail_4471880_17346067453155_big.jpg?w=1200,https://image.msscdn.net/thumbnails/images/prd_img/20240927/4471880/detail_4471880_17346067530778_big.jpg?w=1200,https://image.msscdn.net/thumbnails/images/prd_img/20240927/4471880/detail_4471880_17346067577256_big.jpg?w=1200,knit_0310,"12,849",2만 회 이상 (최근 1개월),없음,후기 117개,4.7,디자인이나 핏은 좋은데 원부자재 퀄리티가 너무…특히 옷 가격이 비해 지퍼가 너무 싸구려임,지퍼가 너무 싸구려임... 가성비 좋다고는 절대 못 하고 그냥 디자인 이뻐서 입어요... 이정도 가격이면 조금이라도 더 좋게 만들 수 있지 않았나...ㅜㅜ 아쉽다,생각보다 얇아용 튀는듯 무난한듯한 느낌이에용,디자인이 너무 예뻐요 핏도 너무 예쁘고 재질도 좋은것같네요,한달후기 아주 잘 입고 있습니다 저의 일상의 한 자리를 차지 했네요
https://www.musinsa.com/products/4421530,에센셜 헤어리 라운드 니트_차콜 그레이,"55,000원",27%,"39,900원",디미트리블랙,https://image.musinsa.com/mfile_s01/_brand/free_medium/dimitriblack.png?20210325153706,상의,니트/스웨터,https://image.msscdn.net/thumbnails/images/goods_img/20240909/4421530/4421530_17268220223163_big.jpg?w=1200,https://image.msscdn.net/thumbnails/images/prd_img/20240909/4421530/detail_4421530_17268220329047_big.jpg?w=1200,https://image.msscdn.net/thumbnails/images/prd_img/20240909/4421530/detail_4421530_17268220336569_big.jpg?w=1200,https://image.msscdn.net/thumbnails/images/prd_img/20240909/4421530/detail_4421530_17268220507495_big.jpg?w=1200,knit_0311,"23,921",6.9천 회 이상 (최근 1개월),1.2만 개 이상,"후기 1,424개",4.8,부드럽고 따뜻해요 보풀도 안생길거같아요 ~ 저희집 고양이도 좋아하네요,일단 너무 부드럽고 어깨가 넓어 보여서 좋아요 다만 옷 기장이 좀 짧아서 아쉽긴 하지만 다른건 만족합니다,한달후기 털이 생각보다 부드러워서 놀랐고 가성비 치고 옷이 너무 마음에 듭니다 다만 총길이가 약간 짧아서 아쉬웠고 다른부분은 만족 스러워요,부드럽고 털빠짐 없고 정말 예뻐요. 근데 생각보다 무겁고 두툼해요. 접었을 때 웬만한 후드티 보다 혹은 만큼 두툼합니다.,부들부들하고 털도 잘 안빠져요 !! 실수로 건조기에 돌렸더니 줄어들어서 슬퍼요
https://www.musinsa.com/products/4332038,워셔블 아란 케이블 후드 집업 니트 (MELANGE GRAY),"69,000원",20%,"55,200원",트릴리온,https://image.musinsa.com/mfile_s01/_brand/free_medium/trillion.png?20210702123042,상의,니트/스웨터,https://image.msscdn.net/thumbnails/images/goods_img/20240814/4332038/4332038_17248323624473_big.jpg?w=1200,https://image.msscdn.net/thumbnails/images/prd_img/20240814/4332038/detail_4332038_17248323841233_big.jpg?w=1200,https://image.msscdn.net/thumbnails/images/prd_img/20240814/4332038/detail_4332038_17248323853369_big.jpg?w=1200,https://image.msscdn.net/thumbnails/images/prd_img/20240814/4332038/detail_4332038_17248323946406_big.jpg?w=1200,knit_0312,"7,645",3만 회 이상 (최근 1개월),1.5천 개 이상,후기 155개,4.8,투웨이지퍼라 편하고 기장도 너무 길지 않고 두께도 도톰하고 좋아요~,이쁘네요 핏도 나쁘지 않고요 173cm 70kg 딱 맞아요.,160cm한테 딱 맞는 사이즈 재질도 마음에 들어요,일단 가격이 너무 좋고 등급이 나쁘지 않아서 좀 더 싸게 잘 산 거 같네요 되게 두툼하고 겨울엔 아닌거 같고 겨울지나서는 입을만 해요 따뜻하니 모양도 나고 좋아요 엄마가 뺏어 입을 정도,생각보다 두꺼워서 초겨울까진 입고 다닐수 있을거 같습니다.
https://www.musinsa.com/products/4441592,크롭 실루엣 니트 [멜란지 그레이],"108,000원",20%,"86,400원",밀로 아카이브,https://image.musinsa.com/mfile_s01/_brand/free_medium/millo.png?20230302173640,상의,니트/스웨터,https://image.msscdn.net/thumbnails/images/prd_img/20240916/4441592/detail_4441592_17268218441927_big.jpg?w=1200,https://image.msscdn.net/thumbnails/images/prd_img/20240916/4441592/detail_4441592_17268218431768_big.jpg?w=1200,없음,https://image.msscdn.net/thumbnails/images/goods_img/20240916/4441592/4441592_17268183875497_big.jpg?w=1200,knit_0313,"7,046",5만 회 이상 (최근 1개월),1.2천 개 이상,후기 157개,4.9,부담 스럽지 않은 전체 기장이고 다른 니트들에 비해 밑으로 축 나오지 않아 좋았어요ㅎㅎ,니트 색상 차분해서 좋아요 크롭기장 너무 좋아요 부드러움 너무 좋아여 다른 색상도 구입할 생각입니다 추천해요,배송도 빠르고 나름 재질도 좋고 핏도좋고 저렴하게 구입란긋,이쁘긴 한데 재질이 조금 인조적인 느낌이 있어 아쉽네요,상품 사진과 너무 똑같고 재질도 좋고 가격도 저렴하고 너무 좋아용
https://www.musinsa.com/products/4664627,네이비 코튼 크레이프 밀라노 스티치 4 니트 - 네이비 / FKA239A00219415,"1,650,000원",50%,"825,990원",톰브라운,https://image.musinsa.com/mfile_s01/_brand/free_medium/thombrowne.png?20210625151314,상의,니트/스웨터,https://image.msscdn.net/thumbnails/images/goods_img/20241213/4664627/4664627_17362233304576_big.jpg?w=1200,https://image.msscdn.net/thumbnails/images/prd_img/20241213/4664627/detail_4664627_17362233463626_big.jpg?w=1200,https://image.msscdn.net/thumbnails/images/prd_img/20241213/4664627/detail_4664627_17362233472091_big.jpg?w=1200,https://image.msscdn.net/thumbnails/images/prd_img/20241213/4664627/detail_4664627_17362233531279_big.jpg?w=1200,knit_0314,128,2.6천 회 이상 (최근 1개월),없음,후기 2개,없음,한 칫수 업해서 셔츠랑 레이어드하니 편하고 좋습니다. 같은 소재의 톰브 니트 스커트랑 코디하니 셋업 느낌도 나고요.,"톰브 42사이즈 입는데,다른 제품보다 더 슬림핏으로 나온 것 같아 한칫수 크게 주문했더니, 여유있고 이너 셔츠도 레이어드 할 수 있어 좋습니다.",없음,없음,없음
https://www.musinsa.com/products/4675147,워셔블 노르딕 자카드 2WAY 후드 집업 니트 [아이보리],"56,000원",20%,"45,000원",트릴리온,https://image.musinsa.com/mfile_s01/_brand/free_medium/trillion.png?20210702123042,상의,니트/스웨터,https://image.msscdn.net/thumbnails/images/goods_img/20241219/4675147/4675147_17346048925479_big.jpg?w=1200,https://image.msscdn.net/thumbnails/images/prd_img/20241219/4675147/detail_4675147_17346049001428_big.jpg?w=1200,https://image.msscdn.net/thumbnails/images/prd_img/20241219/4675147/detail_4675147_17346049022706_big.jpg?w=1200,https://image.msscdn.net/thumbnails/images/prd_img/20241219/4675147/detail_4675147_17346049084298_big.jpg?w=1200,knit_0315,"1,375",2만 회 이상 (최근 1개월),없음,후기 13개,4.6,카키색도 사야하나... 고민될정도로 옷이 너무 이뻐요 하늘색.좋아하는디 딱 좋아하는 하늘색이여라,이뻐서 바로 사버렸어요 다행히 생각보다 두툼해서 따뜻할것 같아요,가볍고 패딩 안에 받춰 입기 너무 편하고 좋은거 같아요 사이즈도 딱 좋습니다,옷색감이 너무 귀엽고 예뻐요! 요즘날씨에 패딩안에 입기에도 좋아요,동생사줬는데 맘에 든대요ㅎㅎ 색이 예쁘고 안뻣뻣하고 좋아요
https://www.musinsa.com/products/4252738,[with 김무열]캐시미어 100 홀가먼트 니트 - 8 COLOR,"125,000원",20%,"99,900원",수아레,https://image.musinsa.com/mfile_s01/_brand/free_medium/suare.png?20220824173325,상의,니트/스웨터,https://image.msscdn.net/thumbnails/images/prd_img/20240716/4252738/detail_4252738_17292129877959_big.jpg?w=1200,https://image.msscdn.net/thumbnails/images/prd_img/20240716/4252738/detail_4252738_17236285343778_big.jpg?w=1200,없음,https://image.msscdn.net/thumbnails/images/goods_img/20240716/4252738/4252738_17292129827867_big.jpg?w=1200,knit_0316,"2,631",1만 회 이상 (최근 1개월),2.2천 개 이상,후기 317개,4.7,한달후기 남성용으로 사서 입으니 훨씬 활동하기 자유롭고 따뜻하네요,너무너무 부드러워 맨살에 입어도 따갑지 않아 좋습니다 남자용이라 기장이 좀 길지만 나머지는 다 좋아요,66반정도입는데 여자입기에도 넘좋아요^^ 포근하고 부드러워요,한달후기 부드럽고 가벼워요. 여자가 입으면 오버핏으로 루즈하게 연출할 수 이어요.,한달후기 보들보들 촉감이 너무 좋아요 붉은 기 없는 매트하고 어두운 갈색입니다
https://www.musinsa.com/products/4427040,노라 투웨이 버튼 가디건 [FOREST],"48,000원",35%,"31,200원",제로플래닛,https://image.msscdn.net/mfile_s01/_brand/free_medium/zeroplanet.png?20240809123044,상의,니트/스웨터,https://image.msscdn.net/thumbnails/images/prd_img/20240910/4427040/detail_4427040_17259647909847_big.jpg?w=1200,https://image.msscdn.net/thumbnails/images/prd_img/20240910/4427040/detail_4427040_17259647935089_big.jpg?w=1200,없음,https://image.msscdn.net/thumbnails/images/goods_img/20240910/4427040/4427040_17385582052466_big.jpg?w=1200,knit_0317,"10,118",2만 회 이상 (최근 1개월),3천 개 이상,후기 239개,4.7,아무렴 천의 그라데이션이 랜덤이라지만 안내된 컬러감이랑 느낌은 비슷해야하지 않나요...포레스트라더니 제가 받은 건 거의 단풍🍁숲이네요...3만원에 샀는데 6천원 주고 환불하자니 그냥 한철 어떻게든 입는 게 낫겠어요. 상품안내페이지부터 협찬으로 들어간 연예인이 착용한 상품은 완전 포레스트 컬러답게 다운된 초록빛인데 왜 일반 고객들이 받는 건 다 붉은 빛이 메인이 그득그득한 건지...그라데이션으로 인한 교환환불 불가하다는 멘트도 이럴 거 대비해서 안전빵으로 깔아둔 거 같네요. 지인한테 보여줬더니 절대 같은 옷으로 안보인답니다,"한달후기 몰랐는데 그라데이션 무늬가 다 다르네요 상관없긴 하지만,, 일단 제 키에는 딱 배꼽까지 왔고 하이웨스트 바지랑 잘 어울려요! 추워지기전에 가을에 잘 입었습니다. 두께도 꽤 있고요. 아쉬운점은 단독으로 입기에는 좀 까슬거려서 나시나 내의 필수입니다.",한달후기 털날림 조금 있는데 그래도 예뻐요. 리버시블인데 오픈숄더로 입으면 너무 다 보이긴 해요!,부드럽고 예뻐요. 붉은끼 많이 돌면 어쩌나 했는데 적당히 섞여있어 만족합니다,색감이 너무 이쁘고 적당히 짧아서 이뻐요 오프숄더로도 입어봤는데 꾸미는 날엔 좋은 것 같아요 근데 한 번 입어도 보풀은 많이 일어납니다..
https://www.musinsa.com/products/4419402,[오정규PICK]메리노 울100 베이직 크루넥 니트_9 COLOR,"79,000원",25%,"59,000원",이코르,https://image.musinsa.com/mfile_s01/_brand/free_medium/ecorr.png?20221013171738,상의,니트/스웨터,https://image.msscdn.net/thumbnails/images/goods_img/20240909/4419402/4419402_17261970562099_big.jpg?w=1200,https://image.msscdn.net/thumbnails/images/prd_img/20240909/4419402/detail_4419402_17261165558083_big.jpg?w=1200,https://image.msscdn.net/thumbnails/images/prd_img/20240909/4419402/detail_4419402_17261165640570_big.jpg?w=1200,https://image.msscdn.net/thumbnails/images/prd_img/20240909/4419402/detail_4419402_17261165915086_big.jpg?w=1200,knit_0318,"3,248",1.3만 회 이상 (최근 1개월),3천 개 이상,후기 449개,4.8,"사이즈 105(L/XL)정도 입고, 체지방 낮음 정사이즈로 입을거여서 L로 구입했고 딱 맞는 사이즈 메리노 울이라 정말 가벼우면서도 부드럽고 편안하고 고급스러운 질감 부드럽고 마감도 좋아서 맨살에 착용해도 편안함 두께감도 적당하고 따뜻해서 봄, 가을, 겨울에 입기 좋음 니트 하나만으로도 스타일 해도 되고 심플한 디자인이라 아우터 안에 입거나 목도리나 다른 아이템으로 연출해도 좋음 슬랙스나 청바지에도 잘어울려서 포멀/댄디/캐주얼에 잘어울림 개인적인 의견으로는 아이보리랑 블랙이 심플하고 활용도가 좋아서 아이보리 구입했고, 다른 컬러들은 톤온톤/톤인톤 잘 맞춰서 스타일하면 이쁠거같음  코디 커스텀에이드 - 스웨이드 모크슈즈 트래비스 무신사 스탠다드 - 리얼 와이드 히든 밴딩 슬랙스 (더스트 베이지) 디미트리 블랙 - 와이드 데님팬츠 (더스트블랙) 무신사 스탠다드 - 캐시미어 블렌드 오버사이즈 미니멀 발마칸 코트 (토프) 무신사 스탠다드 - 사피아노 신세틱 레더 벨트 (브라운/실버) 오드스튜디오 - 베이직 니트 체크 머플러 (우디체크)",원래 울 소재는 까칠거리는 느낌 때문에 잘 못 입는 편인데 메리노 울이라 그런지 옷이 너무 부드러워서 단독으로 입어도 불편하지가 않네요! 너무 마음에 듭니다👍🏻👍🏻,체험단 여러번 입고 쓰는 체험단 후기입니다(세탁은 아직 x) 실측은 대략 이정도 입니다 어깨 47 총장 66 가슴 53 팔길이 59 95 정사이즈 느낌이라고 보면 될꺼같습니다( 줄자로 직접 확인)  1. 촉감은 부드러운 편입니다 예민한 피부 기준으로도 맨살 피팅 가능한편이고 두께는 얇은편이지만 촘촘한 타입으로 보시면 될꺼같습니다  2. 사이즈랑 피팅감이 중요할꺼같은데 보통 95-100입는 기준으로 보면 살짝 타이트 하게 맞습니다 평소 자기 사이즈로 가는게 좋을꺼같습니다 이런류 니트는 크게 입는것보다 정사이즈가 예뻐요( 코트나 가디건안에 입는 느낌으로)  3. 지금블프라 가격도 괜찮아서 기본 깔끔템으로 강추 드리고 여자친구도 한범 입혀봤는데 생각보다 핏이 깔끔하게 떨어져서 여자분들도 자기 사이즈라면 추추입니다,한달후기 울100프로에 촉감도 좋아 이너로 입고다니기 알맞아요,메리노 울 소재라 너무 부드럽고 좋아요. 다만 두께가 얇아서 안에 발열내의나 셔츠 레이어드해서 입으면 괜찮습니다. 앞으로도 잘 입겠습니다.
https://www.musinsa.com/products/4744084,스포티 트랙 세미 크롭 니트 집업 - SKY BLUE,"89,000원",34%,"59,000원",오드스튜디오,https://image.msscdn.net/mfile_s01/_brand/free_medium/oddstudio.png?1732780510434,상의,니트/스웨터,https://image.msscdn.net/thumbnails/images/goods_img/20250124/4744084/4744084_17377028366888_big.jpg?w=1200,https://image.msscdn.net/thumbnails/images/prd_img/20250124/4744084/detail_4744084_17377013130687_big.jpg?w=1200,https://image.msscdn.net/thumbnails/images/prd_img/20250124/4744084/detail_4744084_17377013137986_big.jpg?w=1200,https://image.msscdn.net/thumbnails/images/prd_img/20250124/4744084/detail_4744084_17377028442227_big.jpg?w=1200,knit_0319,"1,084",9.8천 회 이상 (최근 1개월),없음,후기 1개,없음,재질 탄탄하고 색감 예뻐서 좋습니다 핏도 예뻐서 맘에 듭니다,없음,없음,없음,없음
https://www.musinsa.com/products/4371211,스포티 트랙 세미 크롭 니트 집업 - CHARCOAL,"89,000원",34%,"59,000원",오드스튜디오,https://image.msscdn.net/mfile_s01/_brand/free_medium/oddstudio.png?1732780510434,상의,니트/스웨터,https://image.msscdn.net/thumbnails/images/prd_img/20240826/4371211/detail_4371211_17361423045559_big.jpg?w=1200,https://image.msscdn.net/thumbnails/images/prd_img/20240826/4371211/detail_4371211_17361423076843_big.jpg?w=1200,없음,https://image.msscdn.net/thumbnails/images/goods_img/20240826/4371211/4371211_17361422998163_big.jpg?w=1200,knit_0320,"19,237",5만 회 이상 (최근 1개월),1.9천 개 이상,후기 188개,4.8,핑크 살까 하다가 차콜에 핑크 포인트 샀는데 넘넘 맘에 들어용 청바지랑 입으면 힙해보이고 치마랑 레그워머랑 같이 했는데 귀여워요 완전 벙벙햐서 귀엽구 생각보다 안 무거워서 좋아룡 ㅎㅎ 핑크도 사고 싶어요,색감이 너무이쁘고 너무 디자인도 이뻐서 마음에듭니다 배송도 빠르고 진짜 좋아요,너무 예뻐요 ㅜㅜ 치마에 입어도 예쁘고 흑청바지나 청바지 다 잘어울리고 따듯하고 ㅜㅜ 감동입니다 ㅜㅜ 너무 예뻐요 ㅠㅜ,컬러가 너무 귀엽구 핏도 넘 예뻐여 폭닥폭닥허고 퀄도 괜찮아요 ㅎㅎ 너무 잘 입을러 같아요,모델 입은거 보자마자 차콜+핑크 배합이 너무 예뻐서 바로 구매했습니다 ㅎㅎ 너무 크롭하지도 않은 기장에 적당히 골반에 걸려서 좋구여 지퍼가 투웨이라 연출하기에도 좋습니다 목까지 올려입는게 제일 핏이 괜찮아보이고 소매에 구멍이 있다고 했는데 저는 이것도 디자인인 것 같아서 맘에 드네여 지금 날씨에 그냥 툭 걸치고 나가기 좋아여~~
https://www.musinsa.com/products/4285815,오버핏 케이블 카라 니트 3COLOR,"49,957원",30%,"34,970원",언탭트 스튜디오,https://image.msscdn.net/mfile_s01/_brand/free_medium/untapped.png?1730708272814,상의,니트/스웨터,https://image.msscdn.net/thumbnails/images/prd_img/20240731/4285815/detail_4285815_17307814527994_big.jpg?w=1200,https://image.msscdn.net/thumbnails/images/prd_img/20240731/4285815/detail_4285815_17307814535921_big.jpg?w=1200,없음,https://image.msscdn.net/thumbnails/images/goods_img/20240731/4285815/4285815_17307814421798_big.jpg?w=1200,knit_0321,"4,241",5만 회 이상 (최근 1개월),3.7천 개 이상,후기 506개,4.8,"체험단 167fm 여자가 입기에는 손이 좀 많이 길었어영 제가 손이 긴 편인데도 많이 남아요 근데 접어서 입으면 오버핏처럼 보여서 많이 귀엽습니다! 재질은 무난무난하고, 먼지가 잘 달라붙긴하네요 어깨가 딱 끊어지는 니트는 아니라서 자칫하면 좀 뚱뚱해보일 수 있겠다고 생각했었는데, 막상 입어보니 그런 느낌 없었어요! 위에 브이넥 카라가 있어서 목라인이 잘 보여, 부한 느낌은 안들고 꾸안꾸룩, 기본템으로 좋은것 같아영 완전 겨울에는 단독으로 입기에는 많이 추울것 같고 안에 받혀입으면 딱 좋을듯 하네요! 무난템으로 추천합니당",핏이 정말 예쁩니다! 가을이라 이제 다들 쌀쌀할텐데 청바지에 걸치기만해도 예쁠듯 싶어요 ㅎㅎ 🍂,체험단 평소 라운드넥만 입다보니 카라넥니트는 부담스러워 하였는데 생각보다는 무난하게 입을수 있을것 같네요. 디자인 자체가 특이하고 화려하지않아서 데일리 니트로 안성맞춤 인듯 합니다. 색상도 평소 블랙또는 화이트만 착용하였는데 딥그린색상이 추운겨울 착용 하였을때 시크하면서도 단정한 느낌을 줄수있는 색상이라 생각할 만큼 색상이 좋아요. 핏 자체는 오버핏으로나와 제 스펙 기준 조금 큰느낌이 있습니다. 아무래도 패딩이나 코트착용하기에는 조금 부담스러운 사이즈이니 한치수 작게 착용하여도 큰 무리없이 적당한 핏이 되지않을까 생각됩니다. 무엇보다 니트가 주는 촉감에대한 편견이 있지만 그편견을 없애주는 니트네요. 촉감이 부드럽고 까실거리지않아 무척좋아요,핏이너무좋아용 두벌사서한벌 할인 받아서 너무 좋았어요!!!,따뜻하고 편합니다. 휘두르로 갈 수 있는 템입니다. 많이 구매하세요.
https://www.musinsa.com/products/4429225,Commando Knit Sweater Olive,"104,000원",20%,"83,200원",에스피오나지,https://image.msscdn.net/mfile_s01/_brand/free_medium/espionage.png?20200608153142,상의,니트/스웨터,https://image.msscdn.net/thumbnails/images/prd_img/20240911/4429225/detail_4429225_17267966242443_big.jpg?w=1200,https://image.msscdn.net/thumbnails/images/prd_img/20240911/4429225/detail_4429225_17382929010794_big.jpg?w=1200,없음,https://image.msscdn.net/thumbnails/images/goods_img/20240911/4429225/4429225_17267966156873_big.jpg?w=1200,knit_0322,"3,320",3만 회 이상 (최근 1개월),1.3천 개 이상,후기 201개,4.9,까슬하지만 이너 입으면 될 것 같고 보온 좋을 것 같습니다,두툼해서 따뜻한데 확실히 까슬거림은 있습니다. 예민하지 암ㅎ더라도 이너는 꼭 입는 게 좋을 것 같아요! 기장도 너무 길지 않고 색감이 정말 잘 나와서 추천드립니다.,너무 따듯하게 색감이 미쳤습니다. 이것만 입고 싶어요!!!,니트가 도톰합니다 추운겨울 이너로 아주좋으네요 착용했을때 니트 특성상 불편한 느낌 있어요 니트안에 반팔티셔츠 착용하고 입으세요,단독으로는 못입을만큼 까끌하긴한데 이뻐요 무난하고 이뻐서 굿
https://www.musinsa.com/products/4617119,네프사 핸드메이드 니트 - 네이비,"139,000원",20%,"111,200원",프라게,https://image.msscdn.net/mfile_s01/_brand/free_medium/frage.png?1731551444912,상의,니트/스웨터,https://image.msscdn.net/thumbnails/images/goods_img/20241115/4617119/4617119_17316546659403_big.jpg?w=1200,https://image.msscdn.net/thumbnails/images/prd_img/20241115/4617119/detail_4617119_17316546759432_big.jpg?w=1200,https://image.msscdn.net/thumbnails/images/prd_img/20241115/4617119/detail_4617119_17316546787906_big.jpg?w=1200,https://image.msscdn.net/thumbnails/images/prd_img/20241115/4617119/detail_4617119_17316546810741_big.jpg?w=1200,knit_0323,53,450회 이상 (최근 1개월),없음,후기 6개,없음,"네이비 기본 니트를 사려고 했었는데 좀 심심한 것 같아서 고민하다가 요 제품 발견~ 다른 컬러 실들이 군데군데 포인트로 들어가 있어서 예뻐요, 자꾸 사진 찍게 되는 니트! 튀지 않으면서 너무 무난한 건 싫은 분들 추천합니다. 옷장에 있는 어떤 바지와 입어도 어울릴 듯.",색상이 넘 이뻐요 어떤옷이랑도 잘~어우려요 다른제품도 구매하고 싶네요~!,입었을 때도 느낌이 좋네요. 찾고 있던 색감이라 그런지 너무 마음에 들고 따뜻해서 좋네요. 위에 코트랑 입기 딱 좋아요,따뜻하고 색감도 마음에 너무 들어요~ 딱 찾는 색감이었어요!!!,밤하늘에 별처럼 보이는 니트입니다. 약간 밝은 군청색이라 어둡기보다는 밝은 느낌입니다. 맑은 밤하늘에 별들에 모습 같답니다. 잘 산것 같아요.
https://www.musinsa.com/products/4643479,[2PACK] 꽈배기 헨리넥 니트,"119,800원",42%,"69,900원",맨인스토어 프로덕트,https://image.musinsa.com/mfile_s01/_brand/free_medium/maninstore.png?20240108135743,상의,니트/스웨터,없음,없음,없음,https://image.msscdn.net/thumbnails/images/goods_img/20241129/4643479/4643479_17328618321294_big.jpg?w=1200,knit_0324,380,3.6천 회 이상 (최근 1개월),없음,후기 16개,4.8,사이즈 재질 다 좋아요 ~ 입었을때 생각했던거보다 더 편합니다.,색감 예쁘고 가성비 좋은 니트에요 겨울철 입기 좋습니다,한달후기 옷은 예쁘고 사이즈도 좋은데 보풀이 너무 심해요,남자는 헨리넥..! 가격 생각했을 때 퀄리티 좋구요. 데일리로 입기 좋습니다.,핏이 생각보다 가볍고 좋아서 만족합니다. 또 구매희망
https://www.musinsa.com/products/4309108,VSW Hairy Wave Stripe Knit Burgundy,"109,000원",40%,"65,400원",비전스트릿웨어,https://image.musinsa.com/mfile_s01/_brand/free_medium/visionstreetwear.png?20231213104236,상의,니트/스웨터,https://image.msscdn.net/thumbnails/images/prd_img/20240808/4309108/detail_4309108_17249216770143_big.jpg?w=1200,https://image.msscdn.net/thumbnails/images/prd_img/20240808/4309108/detail_4309108_17255969311506_big.jpg?w=1200,없음,https://image.msscdn.net/thumbnails/images/goods_img/20240808/4309108/4309108_17249216585001_big.jpg?w=1200,knit_0325,"3,686",1.2만 회 이상 (최근 1개월),없음,후기 119개,4.8,재질좋고 옷도 예쁩니다 가을에 입기 딱 좋은 옷 같아오,체격 있는 편이라 L랑 M 중에서 고민했는데 M도 낙낙해요. 후기에 온통 정전기 얘기밖에 없던데 정전기 진짜 많이 나요 입을 때 타닥타닥 소리날정도. 소재 때문에 윤기나고 핏도 예뻐요. 스트레이트 체형 보완해주는 픽은 아니지만(오히려 네모인간되는 느낌) 그냥 보는 것보다 입으면 더 예뻐서 자주 입을 것 같아요,재질이 부드러워서 맨살에 입을 수 있고 과하지 않게 포인트가 되어 좋습니다.,맨살에 입어도 하나도 안까슬하고 보들보들해요 넘 예뻐용 정전기 좀 나긴 한데 심하진 않고 털빠짐도 없어요 짱...🥰,색이 어두워서 겨울에 잘 어울리네요. 부들부들해서 입기 좋습니다.
https://www.musinsa.com/products/4737610,울 & 실크 블렌드 쇼트 슬리브 니트 스웨터,없음,없음,"129,000원",마시모두띠,https://image.msscdn.net/mfile_s01/_brand/free_medium/massimodutti2.png?1730876125532,상의,니트/스웨터,https://image.msscdn.net/thumbnails/images/goods_img/20250122/4737610/4737610_17375320599068_big.jpg?w=1200,https://image.msscdn.net/thumbnails/images/prd_img/20250122/4737610/detail_4737610_17375320606570_big.jpg?w=1200,https://image.msscdn.net/thumbnails/images/prd_img/20250122/4737610/detail_4737610_17375320608103_big.jpg?w=1200,https://image.msscdn.net/thumbnails/images/prd_img/20250122/4737610/detail_4737610_17375320620480_big.jpg?w=1200,knit_0326,7,없음,없음,없음,없음,없음,없음,없음,없음,없음
https://www.musinsa.com/products/4387120,리브드 오버핏 헨리넥 니트 [오트밀],"78,000원",21%,"62,000원",르아르,https://image.musinsa.com/mfile_s01/_brand/free_medium/leire.png?20230712152623,상의,니트/스웨터,https://image.msscdn.net/thumbnails/images/prd_img/20240830/4387120/detail_4387120_17255485082729_big.jpg?w=1200,https://image.msscdn.net/thumbnails/images/prd_img/20240830/4387120/detail_4387120_17255485089880_big.jpg?w=1200,없음,https://image.msscdn.net/thumbnails/images/goods_img/20240830/4387120/4387120_17255484995617_big.jpg?w=1200,knit_0327,"2,800",1.8만 회 이상 (최근 1개월),없음,후기 112개,4.9,"한달후기 보플?도 적당히 헤어리한것처럼? 살짝 이라 괜찮네요. 밑단 안풀리게 시보리가 좀만더 탄성이 좋았으면 좋았을듯, 두꺼워서 넣입하긴 애매해서 빼입접어입기하거든요",기장도 딱 좋고 헨리넥으로 되어 있어서 넥타이 하고 입기 좋습니다,까끌거릴줄 알았는데 생각보다 괜찮았고 무엇보다 예뻐서 입게 되는 옷,한달후기 아직 날씨가 추워지지는 않아서 못 입었는데 가끔씩 포인트 니트로 입고 다닐 것 같아요,깔끔하고 편하다 괜찮은 것 같다 다음에 또 구입할 의향있음☺️
https://www.musinsa.com/products/4514652,워셔블 빅 케이블 오버핏 크루넥 니트 [카키],"53,000원",21%,"42,000원",트릴리온,https://image.musinsa.com/mfile_s01/_brand/free_medium/trillion.png?20210702123042,상의,니트/스웨터,https://image.msscdn.net/thumbnails/images/goods_img/20241014/4514652/4514652_17296793573353_big.jpg?w=1200,https://image.msscdn.net/thumbnails/images/prd_img/20241014/4514652/detail_4514652_17296793708500_big.jpg?w=1200,https://image.msscdn.net/thumbnails/images/prd_img/20241014/4514652/detail_4514652_17296793715887_big.jpg?w=1200,https://image.msscdn.net/thumbnails/images/prd_img/20241014/4514652/detail_4514652_17296793779428_big.jpg?w=1200,knit_0328,"2,856",1.3만 회 이상 (최근 1개월),1.2천 개 이상,후기 151개,4.9,초록색은 처음인데 예뻐요 근데 밑에 바지 뭐입어야하나요 형님들 도와주세요 그냥 검은 슬랙스하나살까요,"체험단 트릴리온의 워셔블 빅 케이블 오버핏 크루넥 니트는 고급스러운 케이블 니트 짜임과 트렌디한 오버핏 실루엣이 돋보입니다. 카키 컬러가 은은하면서도 세련된 느낌을 주며, 다양한 하의와 손쉽게 매치할 수 있어 스타일링이 편리합니다. 특히 워셔블 소재로 제작되어 관리가 수월하며 세탁 후에도 변형이 적어 실용적입니다. 부드러운 터치감 덕분에 장시간 착용에도 편안하며, 포근한 보온성을 제공해 가을과 겨울철 데일리룩으로 적합합니다. 클래식하면서도 실용적인 니트를 찾는 분들께 추천할 만한 제품입니다",품도 낭낭하고 핏이 좋아요 색은 많이 어두워요옹,두툼해서 입었을때 뭔가 귀여운 느낌?이 있어서 만족스러워요,색이 독특하고 두툼하고 패턴이 이뻐서 좋은 제품입니다
https://www.musinsa.com/products/4676729,Classic Overfit V-Neck Knit_Navy,"79,000원",20%,"63,200원",노리그렛,https://image.msscdn.net/mfile_s01/_brand/free_medium/noregret.png?1733464524045,상의,니트/스웨터,없음,없음,없음,https://image.msscdn.net/thumbnails/images/goods_img/20241220/4676729/4676729_17346802881558_big.jpg?w=1200,knit_0329,648,8.5천 회 이상 (최근 1개월),없음,후기 2개,없음,브이넥 니트 찾고 있었는데 핏이랑 컬러 모두 마음에 드는 제품을 찾았어요 세일해서 가격도 부담없고 다른 컬러도 구매하고 싶네요 루즈핏으로 너무 예쁘네요,두께감도 조금 있고 무엇보다 사이즈가 크지도 작지도 않아서 좋았어요! 길이감도 생각보다 짧지 않아요!,없음,없음,없음
https://www.musinsa.com/products/4346438,레글런 트랙 니트 집업 [BLACK],"74,000원",15%,"62,900원",레더리,https://image.musinsa.com/mfile_s01/_brand/free_medium/leathery.png?20220124140405,상의,니트/스웨터,https://image.msscdn.net/thumbnails/images/prd_img/20240820/4346438/detail_4346438_17243777749147_big.jpg?w=1200,https://image.msscdn.net/thumbnails/images/prd_img/20240820/4346438/detail_4346438_17243777757655_big.jpg?w=1200,없음,https://image.msscdn.net/thumbnails/images/goods_img/20240820/4346438/4346438_17303579349919_big.jpg?w=1200,knit_0330,"12,369",1.4만 회 이상 (최근 1개월),2.1천 개 이상,후기 310개,4.7,"폭닥폭닥 그 잡채,,,이번 달 제일 맘에 드는 소비에요! 진짜 단점이 한 개도 없으니까 꼭 사세요 다들!",지퍼에 돈을 쓰면 벌금이라도 내나요? 중국에서도 안 팔 것 같은 지퍼가 달려있어요. 10도 정도에 입기 딱 좋은 두께감입니다.,사이즈도 딱이고 색감도 사진이랑 똑같아요! 톡톡하니 10월쯤 입으면 될 것 같아용 비싸다 생각했는데 짱만족스러움..,까슬거리지 않고 부드러워서 좋아요. 지금보다 조금 더 추워지면 잘 입을 덧 같습니당,한달후기 이쁜데 핏 자체가 막 입고 다니기 쉬운 느낌은 아닙니다
https://www.musinsa.com/products/4368593,피그먼트 리브드 크루 넥 니트 [차콜 그레이],"69,900원",10%,"62,890원",무신사 스탠다드,https://image.msscdn.net/mfile_s01/_brand/free_medium/musinsastandard.png?20200608153142,상의,니트/스웨터,https://image.msscdn.net/thumbnails/images/goods_img/20240826/4368593/4368593_17276824964843_big.jpg?w=1200,https://image.msscdn.net/thumbnails/images/prd_img/20240826/4368593/detail_4368593_17276825024631_big.jpg?w=1200,https://image.msscdn.net/thumbnails/images/prd_img/20240826/4368593/detail_4368593_17276825033471_big.jpg?w=1200,https://image.msscdn.net/thumbnails/images/prd_img/20240826/4368593/detail_4368593_17276825053530_big.jpg?w=1200,knit_0331,559,3.5천 회 이상 (최근 1개월),없음,후기 79개,4.9,색깔도 예쁘고 사리즈도 좋아요. 181 78 정도 입니다 착용 사이즈 L . 오버핏으로 입으려면 한사이즈 크게,티셔츠가 굉장히 재질이 좋습니다 되게 편해서 자주 입을것 같습니다,오프라인 매장에서 입어보고 샀습니다 핏이 맘에 드는 친구입니다,색깔도 예쁘고 사리즈도 좋아요. 181 78 정도 입니다. 오벛핏으로 입으려면 한사이즈 크게,한달후기 오오 색감맘에드는데 빨래할때 안에서 먼지가 꽤많이나오긴함
https://www.musinsa.com/products/4719794,(우먼) 브이넥 스트라이프 니트_핑크,"69,000원",10%,"62,100원",코드그라피,https://image.msscdn.net/mfile_s01/_brand/free_medium/codegraphy.png?1733796001765,상의,니트/스웨터,https://image.msscdn.net/thumbnails/images/goods_img/20250114/4719794/4719794_17376939295334_big.jpg?w=1200,https://image.msscdn.net/thumbnails/images/prd_img/20250114/4719794/detail_4719794_17376939229780_big.jpg?w=1200,https://image.msscdn.net/thumbnails/images/prd_img/20250114/4719794/detail_4719794_17376773016518_big.jpg?w=1200,https://image.msscdn.net/thumbnails/images/prd_img/20250114/4719794/detail_4719794_17376773072122_big.jpg?w=1200,knit_0332,667,7천 회 이상 (최근 1개월),없음,없음,없음,없음,없음,없음,없음,없음
https://www.musinsa.com/products/4540836,[SET] 슬림 골지 가디건 - 브이넥/라운드넥/카라넥,"92,000원",40%,"55,200원",몽돌,https://image.musinsa.com/mfile_s01/_brand/free_medium/mongdol.png?20200616112509,상의,니트/스웨터,https://image.msscdn.net/thumbnails/images/goods_img/20241021/4540836/4540836_17301692671868_big.jpg?w=1200,https://image.msscdn.net/thumbnails/images/prd_img/20241021/4540836/detail_4540836_17301693981680_big.jpg?w=1200,https://image.msscdn.net/thumbnails/images/prd_img/20241021/4540836/detail_4540836_17301693994191_big.jpg?w=1200,https://image.msscdn.net/thumbnails/images/prd_img/20241021/4540836/detail_4540836_17301694206738_big.jpg?w=1200,knit_0333,"1,425",1만 회 이상 (최근 1개월),없음,후기 21개,4.9,"옷은 이쁘나 팔 움직이면 어깨가 솟아버려서 계속 옷정리를 해줘야해요,,",사이즈표랑 사진보고 어깨좁고 길쭉해서 걱정했는데 입었을때 핏이 너무 맘에 듭니다!! 엄마가 말라보인대욯ㅎㅎ 골지에 핏이랑 허리를 딱 잡아줘서 예뻐요 색감도 딱 모델사진이랑 같은색이에요,너무 예뻐요 사이즈표랑 사진보고 너무 어깨가 좁게 긴 디자인이어서 핏 안예쁠까 걱정많이 했는데 골지에 잘 늘어나서 오히려 입었을때 핏이 이쁩니다. 말라보여서 너무 맘에 들어욯ㅎ,핏도 예쁘고 부들부들 해서 좋아요 가격대비 퀄 좋은 것 같아요 단추를 다 채우는 것보단 아래 두 개는 꼭 푸르세용,두개에 37000원으로 구매했어요 다시 구매하려고 보니 가격이 올랐네요 너무 이뻐요 핏하게 맞아요
https://www.musinsa.com/products/4292995,리브드 슬리브 니트 - 블랙,"52,000원",46%,"28,000원",르마드,https://image.musinsa.com/mfile_s01/_brand/free_medium/lemard.png?20240216172209,상의,니트/스웨터,https://image.msscdn.net/thumbnails/images/goods_img/20240802/4292995/4292995_17225811992679_big.jpg?w=1200,https://image.msscdn.net/thumbnails/images/prd_img/20240802/4292995/detail_4292995_17225811999380_big.jpg?w=1200,https://image.msscdn.net/thumbnails/images/prd_img/20240802/4292995/detail_4292995_17225812001230_big.jpg?w=1200,https://image.msscdn.net/thumbnails/images/prd_img/20240802/4292995/detail_4292995_17225812008493_big.jpg?w=1200,knit_0334,410,2천 회 이상 (최근 1개월),없음,후기 59개,4.8,슬림하게 세쿠시한 핏이나와서 잘 입고다닐거같습니아,얇은게 세쿠시한 느낌도 나고 좋네요 잘 입고 다닐게요,회색을 시작으로 3가지 색 다 모았는데 다 마음에 듭니다! 이너로도 그냥 단품으로도 입기 좋습니다! 이너로 잘입고다니는데 은근 따뜻해서 히트택 대신 입고다닙니다! 망가지면 또 구매할게요!,진짜잘삿어요~부드럽고 얇아서 이너로입기딱입니다,얇은 니트느낌인데 봄에 입기 좋을거같아요! 할인할때 구매해서 만족하면서 입고있어요!
https://www.musinsa.com/products/4387516,에센셜 크루 넥 니트 [블랙],"49,900원",25%,"37,290원",무신사 스탠다드,https://image.msscdn.net/mfile_s01/_brand/free_medium/musinsastandard.png?20200608153142,상의,니트/스웨터,https://image.msscdn.net/thumbnails/images/goods_img/20240830/4387516/4387516_17328467168538_big.jpg?w=1200,https://image.msscdn.net/thumbnails/images/prd_img/20240830/4387516/detail_4387516_17328467243390_big.jpg?w=1200,https://image.msscdn.net/thumbnails/images/prd_img/20240830/4387516/detail_4387516_17328467252585_big.jpg?w=1200,https://image.msscdn.net/thumbnails/images/prd_img/20240830/4387516/detail_4387516_17328467283508_big.jpg?w=1200,knit_0335,"1,302",1.4만 회 이상 (최근 1개월),1.4천 개 이상,후기 158개,4.6,일단 보풀심하고 옷도 재질이 한참 부족합니다 재구매의사는 없어요 핏은 나쁘지 않은데 재질좀 신경좀;;,편하게 입기 좋고 많이 두꺼운편은 아니에요 한번 빨아서 입었는데 줄어든 느낌은 없어요,사이즈 좋아요 베이직한 디자인도 좋음. 근데 좀 얇은 니트임,무신사 옷 굉장히 애용하는데 이 니트는 최악입니다 너무 얇아 후줄근하고 그냥 사람이 없어보여요,우선 맨살에 입어도 좋은촉감이구요(가격대비 좋은 재질이지만 탄탄한 느낌보다는 늘어나는 느낌) 다 좋은데 팔길이가 좀 길고 실측 대략 어깨 50 팔길이 61.5 총장 69 가슴단면 56나옵니다 세탁이 안되는점이 좀 걸리긴 하지만 검은색이다 보니 잘 관리해서 입으면 예쁘게 입을꺼같습니다
https://www.musinsa.com/products/4305227,헤비코튼 크루넥 머슬 니트 (블랙) 24NTL01,없음,없음,"84,000원",나인제트,https://image.musinsa.com/mfile_s01/_brand/free_medium/ninez.png?20231228120516,스포츠/레저,상의,https://image.msscdn.net/thumbnails/images/goods_img/20240807/4305227/4305227_17351801819982_big.jpg?w=1200,https://image.msscdn.net/thumbnails/images/prd_img/20240807/4305227/detail_4305227_17254295217018_big.png?w=1200,https://image.msscdn.net/thumbnails/images/prd_img/20240807/4305227/detail_4305227_17254295229249_big.png?w=1200,https://image.msscdn.net/thumbnails/images/prd_img/20240807/4305227/detail_4305227_17351802066905_big.jpg?w=1200,knit_0336,"3,904",1.6만 회 이상 (최근 1개월),2.7천 개 이상,후기 227개,4.8,체형 보완도 해주고 재질도 괜찮은 것 같다고 생각이 드네요!,나인제트 반팔 제품들을 정말 잘 입어서 긴팔제품도 믿고 구매하였는데 역시나 깔끔하네요. 면과 아크릴 혼용 제품이라 짜임이 탄탄하고 마감이 좋아서 고급스러워 보여요. 다만 아크릴 혼용이라 착용자에 따라 재질이 거칠게 느낄 수 있으니 이너로 반팔티 하나 착용하시길 추천드립니다.  상품평이 많이 없어 사이즈 선택이 어려웠으나 적당히 잘 맞게 산 듯 합니다. 추후 세탁기+건조기 사용시 얼마나 줄어들지 모르겠으나 조직이 탄탄하여 큰 변형이 없을 듯 하네요.  갈색 제품도 추가구매 해야겠어요! 아주 만족합니다.  실측) 사이즈L 어깨 47cm/ 가슴반품 51cm/ 총장 64cm,이딴옷을 5만원이나 주고 산게 아까울지경 입으면 크롭티됨 배가 다보임 쓰래기 사지마셈,핏도 좋고 이쁩니다~! 단점은 가격정도?! 그리고 기장이 크롭한 편이에요 저는 오히려 좋지만 참고하세오,길이가 엄청 짧습니다. 170넘어가시는 분들은 최소 L이상 가셔야 해요.
https://www.musinsa.com/products/4580631,소프트 하찌 하프 터틀넥_5COLOR,"75,000원",30%,"52,500원",인더스트,https://image.musinsa.com/mfile_s01/_brand/free_medium/corrs.png?20240131152231,상의,니트/스웨터,없음,없음,없음,https://image.msscdn.net/thumbnails/images/goods_img/20241101/4580631/4580631_17304261582750_big.jpg?w=1200,knit_0337,249,2.1천 회 이상 (최근 1개월),없음,후기 33개,4.9,엄청 예쁩니다. 제 스펙에는 라지 사세요. 원단 약간 무거운 느낌으로 좋아요,핏도 예쁘고 색감도 예쁘고 회사에서 잘입을 수 있습니다,핏도 예쁘고 색감도 예쁘고 회사에서 잘입을 수 있습니다.,두툼하고 부드럽습니다. 핏도 이쁘게 떨어집니다,사이즈도 맞고 원하던 핏이라 아주 만족합니다~ 그레이색상도 구매할 예정
https://www.musinsa.com/products/4384143,COLOR LINE POINT LOGO KNIT PULLOVER IN GREY,없음,없음,"148,000원",마뗑킴,https://image.musinsa.com/mfile_s01/_brand/free_medium/matinkim.png?20220107104948,상의,니트/스웨터,없음,없음,없음,https://image.msscdn.net/thumbnails/images/goods_img/20240829/4384143/4384143_17253456291864_big.jpg?w=1200,knit_0338,"5,122",9.9천 회 이상 (최근 1개월),없음,후기 106개,4.9,제 키에 딱 맞는 사이즈고 디자인도 너무 너무 맘에 들어요,한달후기 탄탄한 니트인건 알았는데 너무너무 따뜻해요 강추위에 입으면 바람도 안들어오고 너무 따뜻해요,실제보는 색이 더 이쁘네요^^ 겨울에 잘입고 다닐수 있을거같아요,사이즈 넉넉하니 좋습니다! 안따갑고 적당한 두깨여서 만족합니다,옷이뻐요 비싼값합니다 사이즈는 조금크지만 손많이가요
https://www.musinsa.com/products/4514677,워셔블 노르딕 자카드 카라넥 2WAY 집업 니트 [블랙],"54,000원",20%,"43,000원",트릴리온,https://image.musinsa.com/mfile_s01/_brand/free_medium/trillion.png?20210702123042,상의,니트/스웨터,https://image.msscdn.net/thumbnails/images/goods_img/20241014/4514677/4514677_17296758291231_big.jpg?w=1200,https://image.msscdn.net/thumbnails/images/prd_img/20241014/4514677/detail_4514677_17296758397509_big.jpg?w=1200,https://image.msscdn.net/thumbnails/images/prd_img/20241014/4514677/detail_4514677_17296758405219_big.jpg?w=1200,https://image.msscdn.net/thumbnails/images/prd_img/20241014/4514677/detail_4514677_17296758480428_big.jpg?w=1200,knit_0339,"4,542",3만 회 이상 (최근 1개월),1.8천 개 이상,후기 161개,4.6,귀찮은데 나같은 사람 없길 바라며 쓴다. 내가 후기 진짜 잘주는데 이가격에 이런 퀄리티 반성해라 무신사 욕먹인다 무신사는 이런옷 들이지마라 제발  어제 이거보다 훨 좋은 퀄리티 옷 후기 남겼다 참고해라,"배송 생각보다 빨리 왔고, 디자인은 확실히 이쁜 거 같아요! 하나 아쉬운거는 주머니가 없어서 살짝 아쉽네요ㅠㅠ","배송 생각보다 빨리 왔고, 디자인은 확실히 이쁜 거 같아요! 하나 아쉬운거는 주머니가 없어서 살짝 아쉽네요ㅠㅠ","한달후기 다른 리뷰들처럼 지퍼가 버벅이긴 하는데, 디자인이 이뻐서 참고 입는중입니다. 디자인은 진짜 깡패에요 ㅜ",너무 이뻐요!! 딱 겨울에 맞는 옷이에요. 패딩안에 입으면 따숩!
https://www.musinsa.com/products/4514671,워셔블 노르딕 자카드 카라넥 2WAY 집업 니트 [아이보리],"54,000원",20%,"43,000원",트릴리온,https://image.musinsa.com/mfile_s01/_brand/free_medium/trillion.png?20210702123042,상의,니트/스웨터,https://image.msscdn.net/thumbnails/images/goods_img/20241014/4514671/4514671_17296760013405_big.jpg?w=1200,https://image.msscdn.net/thumbnails/images/prd_img/20241014/4514671/detail_4514671_17296760119507_big.jpg?w=1200,https://image.msscdn.net/thumbnails/images/prd_img/20241014/4514671/detail_4514671_17296760128274_big.jpg?w=1200,https://image.msscdn.net/thumbnails/images/prd_img/20241014/4514671/detail_4514671_17296760218203_big.jpg?w=1200,knit_0340,"2,497",2만 회 이상 (최근 1개월),없음,후기 96개,4.8,정말 따뜻하고 입기 좋은 옷 같습니다 색도 엄청 예뻐요,생각보다 어깡이 되는 것 같아 아쉬웠어요 ㅠ 디자인은 예쁩니다,배송도 빠르고 가격도 좋고 따뜻해서 지금날씨에 딱인거 같아요,1월에 삿포로 여행가서 입으려고 저렴할 때 미리 샀는데 배송도 빠르고 옷도 너무 예쁩니다! 생각보다 얇지 않고 겨울에 입기에도 좋을 것 같아요. 놀러가서 예쁜 사진 많이 건질 수 있을 것 같습니다~❄️,한달후기 빨아도 변형이 잘 없고 색감도 여전히 이뻐서 잘 입고 있습니다!
https://www.musinsa.com/products/4718332,스트라이프 럭비 니트 (T12F0KPO330MT1DW5),없음,없음,"299,000원",타미힐피거,https://image.msscdn.net/mfile_s01/_brand/free_medium/tommyhilfiger.png?20200608153142,상의,니트/스웨터,https://image.msscdn.net/thumbnails/images/goods_img/20250114/4718332/4718332_17376896032128_big.jpg?w=1200,없음,없음,https://image.msscdn.net/thumbnails/images/prd_img/20250114/4718332/detail_4718332_17376896056552_big.jpg?w=1200,knit_0341,3,150회 이상 (최근 1개월),없음,후기 1개,없음,옷 너무 예뻐요 우리 예랑이랑 이쁘게 잘 입을게요.,없음,없음,없음,없음
https://www.musinsa.com/products/4446338,파크 카라 니트 스웨터(그레이),"99,000원",10%,"89,100원",더웨더이즈어썸,https://image.musinsa.com/mfile_s01/_brand/free_medium/theweatherisawesome.png?20211201145911,상의,니트/스웨터,https://image.msscdn.net/thumbnails/images/goods_img/20240919/4446338/4446338_17269045430759_big.jpg?w=1200,https://image.msscdn.net/thumbnails/images/prd_img/20240919/4446338/detail_4446338_17269046604257_big.jpg?w=1200,없음,https://image.msscdn.net/thumbnails/images/prd_img/20240919/4446338/detail_4446338_17269046643582_big.jpg?w=1200,knit_0342,"1,433",2만 회 이상 (최근 1개월),없음,후기 40개,4.8,가격대비 퀄리티가 상당한 제품입니다 저만 알고 싶은 브랜드가 될것 같아요,"후기 사진보고 망설여졌는데, 입어보니 마음에들어서 좋아요",오오 이거 그냥 저를 위한 옷이군요 핏이 딱 저를 위한거네요,아 저는 이것만 입을게요 여기 브랜드만 3개 삼요,색감 이쁘고 사이즈도 딱 잘맞아요 날씨 풀리면 입기 좋을듯
https://www.musinsa.com/products/4472117,[적립금 20%]케이블 풀오버 (다크 그린),"299,000원",10%,"269,100원",라코스테,https://image.msscdn.net/mfile_s01/_brand/free_medium/lacoste.png?20200608153142,상의,니트/스웨터,https://image.msscdn.net/thumbnails/images/goods_img/20240927/4472117/4472117_17280206122467_big.jpg?w=1200,https://image.msscdn.net/thumbnails/images/prd_img/20240927/4472117/detail_4472117_17280206229733_big.jpg?w=1200,https://image.msscdn.net/thumbnails/images/prd_img/20240927/4472117/detail_4472117_17280206268418_big.jpg?w=1200,https://image.msscdn.net/thumbnails/images/prd_img/20240927/4472117/detail_4472117_17280206535541_big.jpg?w=1200,knit_0343,705,3.6천 회 이상 (최근 1개월),없음,후기 41개,없음,색깔이 진해서 이쁘네요 배달이 하루 늦게 온 거 빼곤 다 마음에 들어요,한달후기 한달동안 사용하면서 불편하지않고 잘사용하고있습니다.,색감도 너무 이쁘고 재질도 좋습니다 ! 추천합니다,와이프랑 커플로 입어요 감사합니다! 사이즈는 여유있어요!,사이즈 잘 맞고 재질이 좋네요 안따갑고 부드러워요 색은 좀 밝아요
https://www.musinsa.com/products/4627561,바시티 배색 투웨이 라운드 집업 니트 자켓 [차콜],"62,000원",40%,"37,200원",노드유,https://image.musinsa.com/mfile_s01/_brand/free_medium/nodu.png?20240329122454,상의,니트/스웨터,https://image.msscdn.net/thumbnails/images/goods_img/20241120/4627561/4627561_17321463243309_big.jpg?w=1200,https://image.msscdn.net/thumbnails/images/prd_img/20241120/4627561/detail_4627561_17321463303882_big.jpg?w=1200,https://image.msscdn.net/thumbnails/images/prd_img/20241120/4627561/detail_4627561_17321463309399_big.jpg?w=1200,https://image.msscdn.net/thumbnails/images/prd_img/20241120/4627561/detail_4627561_17321463319835_big.jpg?w=1200,knit_0344,"1,280",1.2만 회 이상 (최근 1개월),없음,후기 40개,4.8,선물했는데 마음에 들어합니다. 옷이 깔끔하고 정사이즈 핏이예요,제품은 괜찮으나 마감이 아쉽습니다 오래 입을 순 없을거 같아요,니트집업치고 조금 두툼해서 이너로 입으려면 가벼운 코트 정도가 좋을것 같고 바람 많이부는 가을보다는 봄 아우터로 코디하는게 좋아보여요 두툼한거치고 가볍고 마른사람이 입으면 덩치있어보이게 하기 좋을것 같아요 아직 보풀은 많이 안일어 나는데 색 조합이 쨍하지 않고 살짝 가벼워서 편하게 입고다니기 좋을것 같네요,사이즈도 딱맞구 색감도 잘나와서 좋습니다 자주입을거같아요,실물이 색감이 더 이뻐서 좋아요~ 이너로 입기에도 딱입니다:)
https://www.musinsa.com/products/4372762,케이블 헨리넥 니트 차콜,"98,100원",25%,"73,575원",머드솔트,https://image.musinsa.com/mfile_s01/_brand/free_medium/mudsalt.png?20230808170150,상의,니트/스웨터,https://image.msscdn.net/thumbnails/images/prd_img/20240827/4372762/detail_4372762_17249083782608_big.jpg?w=1200,https://image.msscdn.net/thumbnails/images/prd_img/20240827/4372762/detail_4372762_17249083819507_big.jpg?w=1200,없음,https://image.msscdn.net/thumbnails/images/goods_img/20240827/4372762/4372762_17249083525718_big.jpg?w=1200,knit_0345,"1,430",8천 회 이상 (최근 1개월),없음,후기 97개,4.9,케이블 무늬 은은하게 보여 이쁘네요. 딱 생각했던 느낌의 핏이라 잘입을거같슺니다,"헨리넥 니트 찾아보다가, 얇고 이쁜 헨리넥 니트 어디 없나 했더니.. 머드솔트가 딱이었네요!  살짝핏하면서 미니멀한 느낌도 챙길 수 있는데 헨리넥 니트 찾으시는 분들에게 적극 추천드립니다!!",은은하게 들어가있는 아가일 패턴이 포인트가 되어서 이너로도 좋고 자개 단추가 고급스러움을 올려주네요 단추를 풀었을때 느껴지는 자연스러운 실루엣이 마음에 드네요!,옷감이 너무 부드럽고 옷핏이 딱 맞아요 옆에 케이블 디테일이 있어서 이뻐요 완전 만족합니다 구매 추천해요!,아가일디테일있어서 비슷한 다른 제품보다 포인트 되어 좋아요 손 많이감
https://www.musinsa.com/products/4762610,스트라이프 크루넥 스웨터 atb1284m(BLACK/RED),없음,없음,"245,000원",앤더슨벨,https://image.musinsa.com/mfile_s01/_brand/free_medium/anderssonbell.png?20230308181150,상의,니트/스웨터,https://image.msscdn.net/thumbnails/images/goods_img/20250206/4762610/4762610_17388108205206_big.jpg?w=1200,https://image.msscdn.net/thumbnails/images/prd_img/20250206/4762610/detail_4762610_17388138867464_big.jpg?w=1200,https://image.msscdn.net/thumbnails/images/prd_img/20250206/4762610/detail_4762610_17388138878321_big.jpg?w=1200,https://image.msscdn.net/thumbnails/images/prd_img/20250206/4762610/detail_4762610_17388139006593_big.jpg?w=1200,knit_0346,27,450회 이상 (최근 1개월),없음,없음,없음,없음,없음,없음,없음,없음
https://www.musinsa.com/products/4464114,울 칼라 니트_DORMOUSE BEIGE,"98,900원",30%,"69,230원",넌블랭크,https://image.musinsa.com/mfile_s01/_brand/free_medium/nonblank.png?20210830161415,상의,니트/스웨터,https://image.msscdn.net/thumbnails/images/prd_img/20240925/4464114/detail_4464114_17278864485768_big.png?w=1200,https://image.msscdn.net/thumbnails/images/prd_img/20240925/4464114/detail_4464114_17278864501596_big.png?w=1200,없음,https://image.msscdn.net/thumbnails/images/goods_img/20240925/4464114/4464114_17278864374684_big.png?w=1200,knit_0347,464,2.1천 회 이상 (최근 1개월),없음,후기 14개,4.7,"색상도 이쁘고 핏, 디자인 만점입니다. 특히 단추 안감 포인트가 굳입니다.",디자인 깔끔하고 보들보들해서 맨살에 입을수 있을거 같아요,한달후기 넌블랭크 옷 몇개 구입하였지만 그 중 이 옷이 제일 이쁨.,쌀쌀해진 요즘 간절기 기간에 잘 입을것 같아요. 소재덕에 살짝 까실까실 하지만 핏이나 색상은 참 맘에듭니다.,핏이나 색감은 마음에 드는데 맨살에 입기는 좀 까끌거리네요
https://www.musinsa.com/products/4464166,스트라이프 울 칼라 니트_WINE,"98,900원",30%,"69,230원",넌블랭크,https://image.musinsa.com/mfile_s01/_brand/free_medium/nonblank.png?20210830161415,상의,니트/스웨터,https://image.msscdn.net/thumbnails/images/prd_img/20240925/4464166/detail_4464166_17278866417467_big.png?w=1200,https://image.msscdn.net/thumbnails/images/prd_img/20240925/4464166/detail_4464166_17278866434124_big.png?w=1200,없음,https://image.msscdn.net/thumbnails/images/goods_img/20240925/4464166/4464166_17278866318883_big.png?w=1200,knit_0348,737,1.1천 회 이상 (최근 1개월),없음,후기 18개,4.9,휘뚤마뚤 입기 좋아요 안에 이너는 필수 적당히 오버하게 맞습니당 예뻐요,설명대로 부드러운 재질은 아니에요 예민한 사람들은 난리칠 재질임더 그래도 귀여워요~,예전에 같은 제품의 다른 색상인 카키 색상을 구매했었는데 그때 카키색상은 저와 잘 않맞는다 생각해서 반품을 했었는데 이번에 와인 색상이 블프때 할인이 크게 적용되서 다시 도전했는데 와인색상이 정답이었네요 와인 특유의 튀지 않으면서도 포인트로도 좋고 와인과 그레이 색상의 조합이 니트만으로도 포인트 주는 느낌이 정말 좋아요 사이즈도 과하지 않게 정사이즈로 나와서 단일 이너로 입어도 좋고 안에 셔츠를 입고 입어도 충분할 정도로 잘 나와서 아주 연출하기도 좋네요,다른사람이 입은거 보고 이뻐서 샀습니다 사진이랑 색감 똑같은데 좀 얆고 너무 까슬해서 목이랑 살에 닿는부분이 따갑네요 ㅠ 총장이 다른옷들에 비해 짧게 나와있어서 xl시켰는데 총장이 좀 짧습니다 가슴이랑 소매길이는 어엄청 넉넉해요 상체 기신분 참고하세요 옷은 이뻐요,까슬까슬하지만 너무 예쁘네여 캐주얼하게 입을 스 있어서 좋아요 두께가 좀 얇아요
https://www.musinsa.com/products/4323246,[오정규X알리스] 그라데이션 하찌 라운드 니트 [블랙],"76,000원",10%,"68,400원",알리스,https://image.musinsa.com/mfile_s01/_brand/free_medium/alyss.png?20230117135312,상의,니트/스웨터,https://image.msscdn.net/thumbnails/images/goods_img/20240813/4323246/4323246_17344133085756_big.jpg?w=1200,없음,없음,https://image.msscdn.net/thumbnails/images/prd_img/20240813/4323246/detail_4323246_17344133277531_big.jpg?w=1200,knit_0349,"2,456",8.3천 회 이상 (최근 1개월),없음,후기 151개,4.8,가격치고는 괜찮은 면 니트라고 할 수 있겠네요. 하지만 가격이 저렴한 만큼 마감+소재감이 그리 좋지는 않아요. 기대했던 그라데이션 느낌도 생각보다 자연스럽지는 않고 오히려 컬러블락과 같이 좀 선명하게 나눠진 느낌입니다. 니트 팔 끝부분과 밑단 시보리도 꽉 잡아주는 느낌은 아니고 흘러내리는 느낌입니다. 하지만 핏 만큼은 요즘 핏인 어깨는 살짝 흘러내리는 오버핏에 몸통은 크고 밑단은 짧습니다,가격치고는 괜찮은 면 니트라고 할 수 있겠네요. 하지만 가격이 저렴한 만큼 마감+소재감이 그리 좋지는 않아요. 기대했던 그라데이션 느낌도 생각보다 자연스럽지는 않고 오히려 컬러블락과 같이 좀 선명하게 나눠진 느낌입니다. 니트 팔 끝부분과 밑단 시보리도 꽉 잡아주는 느낌은 아니고 흘러내리는 느낌입니다. 하지만 핏 만큼은 요즘 핏인 어깨는 살짝 흘러내리는 오버핏에 몸통은 크고 밑단은 짧습니다,덩치가 많이 큰편인데 보통 옷이 105 ~ 110 이상 이옷은 굉장히 큰편이네요 특히 손쪽이 길어요 제 키가 작아서 그럴 수 도 있지만... 덩치있고 키 작으시면 사이즈 판단을 잘 판단해야 할 듯 합니다,덩치가 많이 큰편인데 보통 옷이 105 ~ 110 이상 이옷은 굉장히 큰편이네요 특히 손쪽이 길어요 제 키가 작아서 그럴 수 도 있지만... 덩치있고 키 작으시면 사이즈 판단을 잘 판단해야 할 듯 합니다,한달후기 완전 잘입고있습니다 편하고 이뻐요. 근데 소매부분 올풀림이 좀 있었어요 ㅠ
https://www.musinsa.com/products/4323248,[오정규X알리스] 그라데이션 하찌 라운드 니트 [그레이시블루],"76,000원",10%,"68,400원",알리스,https://image.musinsa.com/mfile_s01/_brand/free_medium/alyss.png?20230117135312,상의,니트/스웨터,없음,없음,없음,https://image.msscdn.net/thumbnails/images/goods_img/20240813/4323248/4323248_17258474110909_big.jpg?w=1200,knit_0350,"2,128",3.8천 회 이상 (최근 1개월),없음,후기 133개,4.8,핏이 특이합니다 약간가오리 핏에 밑은 짧고 어깨는 오버핏이에요 밑이 짧지만 라지 시켯다면 소매가 길었을 것 같습니다 짧은게 특이한거지 이상한건 아니구요 이쁩니다 바지라인 잘 드러나서 더 이쁠지도,아주 좋아요 색깔도 이쁘고 길이도 적당하고 무조건 사세여,색깔 너무 이쁘고 길이도 적당하고 아주 좋아요 강추,한달후기 입으면 입을수록 마음에 너무 쏙 들어요 구매하기를 잘했어요,한달후기 이쁨 여자친구 한테 칭찬받음 옷 괜찮다고 개안네
https://www.musinsa.com/products/4742575,[2 PACK] 컴포터블 오버핏 반집업 카라넥 니트 (4color),"119,800원",44%,"66,900원",피아네르,https://image.musinsa.com/mfile_s01/_brand/free_medium/pianer.png?20220830140640,상의,니트/스웨터,https://image.msscdn.net/thumbnails/images/goods_img/20250124/4742575/4742575_17376825837033_big.jpg?w=1200,https://image.msscdn.net/thumbnails/images/prd_img/20250124/4742575/detail_4742575_17376826315868_big.jpg?w=1200,https://image.msscdn.net/thumbnails/images/prd_img/20250124/4742575/detail_4742575_17376826023412_big.jpg?w=1200,https://image.msscdn.net/thumbnails/images/prd_img/20250124/4742575/detail_4742575_17376826723211_big.jpg?w=1200,knit_0351,8,없음,없음,없음,없음,없음,없음,없음,없음,없음
https://www.musinsa.com/products/4648116,벨루어 스트라이프 PK니트 [블랙/그레이],"74,000원",10%,"66,600원",슬로우애시드,https://image.musinsa.com/mfile_s01/_brand/free_medium/slowacid.png?20240807120648,상의,니트/스웨터,https://image.msscdn.net/thumbnails/images/prd_img/20241203/4648116/detail_4648116_17343983654611_big.jpg?w=1200,https://image.msscdn.net/thumbnails/images/prd_img/20241203/4648116/detail_4648116_17343983662409_big.jpg?w=1200,없음,https://image.msscdn.net/thumbnails/images/goods_img/20241203/4648116/4648116_17343983410307_big.jpg?w=1200,knit_0352,205,2.9천 회 이상 (최근 1개월),없음,후기 3개,없음,디자인이랑 촉감이 너무 좋아요 잘입고 다니겠습니다,디자인이랑 촉감이 너무 좋아요 잘입고 다니겠습니다,처음 받은건 올이 많이 풀려서 교환했는데 옷이 이뻐서 반품할까하다 교환해서 이쁘게 잘 입습니다.,없음,없음
https://www.musinsa.com/products/4512871,COMFORT WOOL KNIT HOOD [GRAY],"118,000원",5%,"112,100원",유니온블루,https://image.musinsa.com/mfile_s01/_brand/free_medium/unionblue.png?20221006173333,상의,니트/스웨터,없음,없음,없음,https://image.msscdn.net/thumbnails/images/goods_img/20241014/4512871/4512871_17288881093323_big.jpg?w=1200,knit_0353,"1,182",7.9천 회 이상 (최근 1개월),없음,후기 275개,4.9,"까슬거림 1도 없고 손목, 밑단 시보리 짱짱해요 유블 워낙 퀄 좋은 브랜드로 유명하죠 기대한만큼 이뻐요 배송도 빨라서 좋았고 M사이즈는 완전 정핏이라 L사이즈 살걸 약간 후회 중..",가격대비 질 디자인 다 완벽한 니트 후드입니다 고급스럽고 소재감이 좋아서 코트 이너로 입었을때 아주 찰떡입니다 후드 끈이 살짝 거슬리긴 하는데 이건 뺄수 있으니 취향껏 조절하시면 될것같아요,부드럽고 팔길이 좋고 품 좋고 기장좋고 후드 각도 이쁘고,시보리가 힘이 있어요. 조금만 넓은 상태에서 힘이 있었으면 더 좋았을 듯 합니다.,니트후드는 처음인데 약간 작게나왔네요 ㅜㅜ 2xl 주문할걸그랬습니다
https://www.musinsa.com/products/4480365,Beethoven Knit Sweater Olive,"109,000원",40%,"65,400원",에스피오나지,https://image.msscdn.net/mfile_s01/_brand/free_medium/espionage.png?20200608153142,상의,니트/스웨터,https://image.msscdn.net/thumbnails/images/goods_img/20241002/4480365/4480365_17280182663777_big.jpg?w=1200,https://image.msscdn.net/thumbnails/images/prd_img/20241002/4480365/detail_4480365_17280182735942_big.jpg?w=1200,https://image.msscdn.net/thumbnails/images/prd_img/20241002/4480365/detail_4480365_17280182744641_big.jpg?w=1200,https://image.msscdn.net/thumbnails/images/prd_img/20241002/4480365/detail_4480365_17280182830981_big.jpg?w=1200,knit_0354,156,1.5천 회 이상 (최근 1개월),없음,후기 5개,없음,은근히 베토벤 프린트가 안 보임. 무슨 추상미술 같은 니트 프린팅 느낌. 하지만 가만 보면 베토벤! 따뜻하고 오히려 좋아.,한달후기 느꺄지는가 베토벶의 고뇌와 슬픔 그리고 포스가…,"제가 선생님인데, 아이들이 옷 멌있다고 어디서샀냐고 물어보더군요~~ 너무만족스럽네옹",그림이 너무 예쁘고 니트도 짱짱해서 좋았어요 약간의 까끌함은 있어요,베토벤의 강렬한 혼이 스며드는 느낌. 따뜻하고 짱짱하다. 리스펙!
https://www.musinsa.com/products/4343592,하찌 라운드 투웨이 집업 니트 - 4 COLOR,"62,000원",36%,"39,900원",수아레,https://image.musinsa.com/mfile_s01/_brand/free_medium/suare.png?20220824173325,상의,니트/스웨터,https://image.msscdn.net/thumbnails/images/prd_img/20240819/4343592/detail_4343592_17242299666732_big.jpg?w=1200,https://image.msscdn.net/thumbnails/images/prd_img/20240819/4343592/detail_4343592_17242299675116_big.jpg?w=1200,없음,https://image.msscdn.net/thumbnails/images/goods_img/20240819/4343592/4343592_17258604597748_big.jpg?w=1200,knit_0355,"5,045",2만 회 이상 (최근 1개월),1.7천 개 이상,후기 247개,4.8,남편사줬는데 품 넉넉하니 셔츠에 입으니 너무 이뻤어요 가격대비 퀄 좋네요! 가대안하고 삿는데 맘에 들어요 ! 두툼합니다 추천이요,디미트리 블랙 스웻 팬츠 매치 했는데 스트릿 느낌으로 편하고 좋슴다. 소재 두껍고 평슈 105-110 입는데 넉넉하게 맞는 핏은 아니고 딱 핏임. 무난하고 추천함니다.,니트 첨으로 사봤는데 집업으로 달려 있어서 아주 편합니다,생각보다 도톰하고 무겁습니다. 소매 기장이 긴게 좀 아쉬워요. M도 괜찮을 것 같습니다,두툼하고 부드럽습니다. 좋은 옷이네요. 색이 차분해서 코디하기 좋네요.
https://www.musinsa.com/products/4517188,[무료반품]라이프 페어 아일 스우시 스웨터 M - 뉴트럴 올리브 / FZ0126-276,없음,없음,"229,000원",나이키,https://image.msscdn.net/mfile_s01/_brand/free_medium/nike.png?20200608153142,상의,니트/스웨터,https://image.msscdn.net/thumbnails/images/goods_img/20241015/4517188/4517188_17304265710868_big.jpg?w=1200,https://image.msscdn.net/thumbnails/images/prd_img/20241015/4517188/detail_4517188_17304265791093_big.jpg?w=1200,https://image.msscdn.net/thumbnails/images/prd_img/20241015/4517188/detail_4517188_17304265801913_big.jpg?w=1200,https://image.msscdn.net/thumbnails/images/prd_img/20241015/4517188/detail_4517188_17304265811788_big.jpg?w=1200,knit_0356,450,6.5천 회 이상 (최근 1개월),없음,후기 19개,없음,나이키에서 꽤 비싼측에 속한 니트인데 전혀 후회없네요. 정100 입는데 이건 M사이즈가 정입니다. 사진은 L사이즈이구요. 한사이즈 다운이 정핏입니다. 퀄리티나 보온성 정말 좋고. 돈값하는 니트입니다. 교환 접수하자마다 담날 보내주시고 교환해주셔서 넘 편하게 잘 받았습니다. 나이키는 무신사에서 구매하세요!,두껍고 따뜻해요  XL가 105-110 정도 같아요,짱짱하고 클래식하니 좋네요 엄마가 이쁘디고함,너무 두껍지도 얇지도 않아서 간절기에 입기 딱 좋아요. 재질도 탄탄해서 몇 번 빨아도 변형 없이 잘 유지돼요.,퀄리티좋아요 실밥튀어나온거하나없이 마감깔끔함
https://www.musinsa.com/products/4694319,데미지드 브이넥 리브드 니트 원피스 [멜란지],"74,000원",20%,"59,200원",헬레네파리스,https://image.musinsa.com/mfile_s01/_brand/free_medium/heleneparis.png?20240503161520,상의,니트/스웨터,없음,없음,없음,https://image.msscdn.net/thumbnails/images/goods_img/20250102/4694319/4694319_17376973617349_big.jpg?w=1200,knit_0357,106,500회 이상 (최근 1개월),없음,후기 2개,없음,여러가지로 활용하기 좋은 원피스 기장의 니트입니다. 바지랑 매치해서 입는게 제일 예뻐요,몸매를 엄청 좋아보이게 만드는 핏이에요 바지에 매치해서 입어봤는데 찰떡입니다! 다른 컬러도 사려구요,없음,없음,없음
https://www.musinsa.com/products/4502094,모먼트 하트 니트 - 블랙,"84,000원",30%,"58,800원",엠오오,https://image.musinsa.com/mfile_s01/_brand/free_medium/moo.png?20240103112854,상의,니트/스웨터,없음,없음,없음,https://image.msscdn.net/thumbnails/images/goods_img/20241010/4502094/4502094_17285341949364_big.jpg?w=1200,knit_0358,449,2.6천 회 이상 (최근 1개월),없음,후기 14개,없음,색감 핏감 등 사진에사 느껴지는 것과 같습니다. 아주 맘에들어요,한달후기 이쁘고 코디하기도 넘 좋아요 보풀이 좀 생기지만 한해 잘 입을것 같아요,남동생도 탐낸.. 너무 힙하고 이쁜 니트.. 🥹 컬러가 너무 독특하고 이뻐요,한달후기 소재도 괜찮고 따뜻하고 좋아요 한겨울 강추합니당,완전 귀엽습니다!! 맨살에 입으면 재질이 좀 까끌따깝긴한데 어차피 안에 티셔츠 받쳐 입을거라 상관 없어요!
https://www.musinsa.com/products/3833439,캐시팝 트위드 크루넥 니트 (블랙),"110,000원",10%,"99,000원",쿠어,https://image.musinsa.com/mfile_s01/_brand/free_medium/coor.png?20210907122610,상의,니트/스웨터,없음,없음,없음,https://image.msscdn.net/thumbnails/images/goods_img/20240130/3833439/3833439_17067543392690_big.jpg?w=1200,knit_0359,"2,334",9.8천 회 이상 (최근 1개월),1.8천 개 이상,"후기 1,091개",4.9,"마냥 오버하기보단, 트렌디한 볼륨감과 몸판 조직 디테일을 가진 매력 있는 니트입니다.  넥 부분이나, 팔과 어깨가 이어지는 부분 등, 쿠어의 명성답게 깔끔합니다.","쿠어 울 니트만 사다가 다른 종류의 니트를 사봤는데, 생각보다 두꺼워서 좋아요 ㅎㅎ 그냥 딱 니트의 정석 느낌이에요. 핏도 예쁘게 빠지고 역시 쿠어입니다.",그냥 m하시면 핏좋게 입으실수 있으실겁니다 추천,반팔에 이 니트 입으면 딱 좋은거같아요 제가 복부비만인데도 사이즈 세미오버 나오구요 기장이 길진않아서 요즘 트렌드한 기장이라 이쁨,기본검정색ᆢ기본라운드ᆢ기본니트두께감ᆢ 데일리룩으로 모든옷에 코디가능합니다.
https://www.musinsa.com/products/4348449,오버핏 볼륨 워셔블 크루넥 케이블 니트_9COLOR,"33,500원",44%,"18,900원",리메인세컨드,https://image.msscdn.net/mfile_s01/_brand/free_medium/lemainsecond.png?1732688630600,상의,니트/스웨터,https://image.msscdn.net/thumbnails/images/goods_img/20240820/4348449/4348449_17388221494595_big.jpg?w=1200,https://image.msscdn.net/thumbnails/images/prd_img/20240820/4348449/detail_4348449_17242233801407_big.jpg?w=1200,https://image.msscdn.net/thumbnails/images/prd_img/20240820/4348449/detail_4348449_17242233744979_big.jpg?w=1200,https://image.msscdn.net/thumbnails/images/prd_img/20240820/4348449/detail_4348449_17242233782901_big.jpg?w=1200,knit_0360,"1,728",2.7천 회 이상 (최근 1개월),없음,후기 111개,4.9,배송은 2~3일 정도 걸렸구요 사이즈 딱 맞아요 2월인데 아직도 추워서 니트 입기에는 딱 인거 같아요 핏도 괜찮고 겉에 아우터만 입으면 좋을거 같습니다,배송은 2~3일 정도 걸렸구요 사이즈 딱 맞아요 2월인데 아직도 추워서 니트 입기에는 딱 인거 같아요 핏도 괜찮고 겉에 아우터만 입으면 좋을거 같습니다,체험단 우선 색깔 엄청 예쁜 주황입니다♡ 브릭 색깔 같기도하면서 오렌지 느낌인듯한 색상이요 에르메스 주황보다는 살짝 다크하다고 보면 됩니다 기본 블랙 화이트 그레이 색상은 다 있어서 기분전환으로 포인트 주고 싶을때 입으면 확실히 기분전환 되네요~^^ 딱 맞게 입으면 S 사이즈 입는데 일부러 크게 입으려고 M 사이즈로 했네요~ 청바지나 블랙데님에 포인트로 입기 딱 좋습니다!! 꽈배기 문양도 예쁘게 꼬임이 되어있어서 과하지 않고 적당합니다~ 퀄리티도 좋아서 오래오래 입을 수 있을것 같아서 만족스럽습니다~^^,"체험단 178 / 74 기준 m사이즈 착용시 세미 오버핏으로 착용하기 좋습니다. 한 사이즈 다운했어도 좋을 것 같네요  옷은 두께가 그리 두껍지는 않아서 겨울엔 안에 티를 받쳐입는게 좋을 것 같아요. 그래도 맨살에 입어도 까끌거리지 않고 부드럽습니다.  목 부분이나 허리쪽 부분 시보리가 짱짱하진 않습니다. 목 쪽은 잘 늘어날 수도 있을 것 같습니다.  색감은 차콜이지만 약간의 카키색도 있는 것 같아요. 무난한 차콜색상 니트로 베이지색 치노팬츠나, 셀비지 데님, 흑청데님과도 잘 매치되네요. 이번 봄까지도 잘 활용할 것 같습니다",한달후기 편하고 같이 산 바지랑도 잘 어울려서 자주 손이 가요
https://www.musinsa.com/products/4423743,클래식 머슬핏 니트 (Black),"89,000원",35%,"57,800원",에이치덱스,https://image.musinsa.com/mfile_s01/_brand/free_medium/hadex.png?20220929173733,스포츠/레저,상의,https://image.msscdn.net/thumbnails/images/goods_img/20240910/4423743/4423743_17270757472052_big.jpg?w=1200,없음,없음,https://image.msscdn.net/thumbnails/images/prd_img/20240910/4423743/detail_4423743_17270757480059_big.jpg?w=1200,knit_0361,125,850회 이상 (최근 1개월),없음,후기 20개,4.6,딱 맞아서 좋아요 신기하게 이 제품을 입으니까 몸이 엄청 커보이네요,세일할때샀어요 딱맞아요 재질도 좋아여 팔꿈치 늘어남은 있어요,한달후기 생각보다 따뜻하고 몸 실루엣이 잘 드러나서 좋아요,머슬핏 니트가 많이 없기도 하고해서 구매했습니다. 마음에 드네요.,에이치덱스 의류는 항상 만족하고있습니다. 머슬핏 니트가 많이 없어서 만족합니다. 다만 상체 길이가 좀 긴 느낌이 있네요..
https://www.musinsa.com/products/4371644,[남녀공용] 캐시미어 에센셜 라운드넥 가디건 그레이,없음,없음,"198,000원",제이리움,https://image.msscdn.net/mfile_s01/_brand/free_medium/jrium.png?20200608153142,상의,니트/스웨터,https://image.msscdn.net/thumbnails/images/goods_img/20240826/4371644/4371644_17247206877428_big.jpg?w=1200,https://image.msscdn.net/thumbnails/images/prd_img/20240826/4371644/detail_4371644_17247206950217_big.jpg?w=1200,없음,https://image.msscdn.net/thumbnails/images/prd_img/20240826/4371644/detail_4371644_17247207015975_big.jpg?w=1200,knit_0362,570,7.7천 회 이상 (최근 1개월),없음,후기 8개,없음,"📍리뷰 - 디자인, 핏, 원단 빠지는거 없는 제품으로 특히 터치감이 마치 보드라운 모달을 만지는 느낌이랄까요 - 캐주얼하게도 미니멀하게도 착용하기 너무 좋은 제품이네요! - 더 자세한 내용은 한달리뷰로 돌아오겠습니다!","📍리뷰 - 디자인, 핏, 원단 빠지는거 없는 제품으로 특히 터치감이 마치 보드라운 모달을 만지는 느낌이랄까요 - 캐주얼하게도 미니멀하게도 착용하기 너무 좋은 제품이네요! - 더 자세한 내용은 한달리뷰로 돌아오겠습니다!",일단 맨살에도 입을 수 있을정도로 부들부들해서 만족스럽고 제 스펙기준 조금 핏합니다 참고하세요.,마음에 듭니다. 사이즈도 적당하고 다른색상도 구매예정,이 옷은 소재가 다했네요. 겉으로 보기에도 좋아보이는데 입어보면 부드러움이 더욱 고급스럽게 느껴집니다.. 요즘 보기힘든 정핏느낌의 옷이라 자주 손이 갈거같아요..이너로 롱슬리브를 입으니 좀 둔해보여서 반팔입으니 괜찮네요. 저한테는 어깨가 좀 끼는 느낌인데 기장이랑 품은 잘 맞는거 같아서 그냥 입으려고 합니다..
https://www.musinsa.com/products/4371645,[남녀공용] 캐시미어 에센셜 라운드넥 가디건 오트밀,없음,없음,"198,000원",제이리움,https://image.msscdn.net/mfile_s01/_brand/free_medium/jrium.png?20200608153142,상의,니트/스웨터,https://image.msscdn.net/thumbnails/images/goods_img/20240826/4371645/4371645_17247205518056_big.jpg?w=1200,https://image.msscdn.net/thumbnails/images/prd_img/20240826/4371645/detail_4371645_17247205661099_big.jpg?w=1200,없음,https://image.msscdn.net/thumbnails/images/prd_img/20240826/4371645/detail_4371645_17247205756718_big.jpg?w=1200,knit_0363,27,150회 이상 (최근 1개월),없음,없음,없음,없음,없음,없음,없음,없음
https://www.musinsa.com/products/4387512,부클 칼라드 니트 [멜란지 그레이],"69,900원",20%,"55,690원",무신사 스탠다드,https://image.msscdn.net/mfile_s01/_brand/free_medium/musinsastandard.png?20200608153142,상의,니트/스웨터,https://image.msscdn.net/thumbnails/images/goods_img/20240830/4387512/4387512_17319983785134_big.jpg?w=1200,https://image.msscdn.net/thumbnails/images/prd_img/20240830/4387512/detail_4387512_17319983837792_big.jpg?w=1200,https://image.msscdn.net/thumbnails/images/prd_img/20240830/4387512/detail_4387512_17319983846125_big.jpg?w=1200,https://image.msscdn.net/thumbnails/images/prd_img/20240830/4387512/detail_4387512_17319983863693_big.jpg?w=1200,knit_0364,274,3.8천 회 이상 (최근 1개월),없음,후기 32개,4.7,감도 좋도 옷도 보들보들 하니 좋습니다 앱으로 봤을때는 관심이 안갔던 상품인데 오프라인 매장가서 보고 바로 겟 나중에 할인또 하면 다른색도 사보려 합니다,한달후기 색감이랑 재질 모두 만족합니다😊 데일리로 입기 좋아요!,한달후기 자주 입고 있어요 따뜻하고 가벼워요 고급스럼까지~,사이즈가 조금 크게 나오는 감이 있지만 좋습니다.,옷 특성상 먼지랑 정전기가 많습니다 그래도 이뻐서 감안됩니다
https://www.musinsa.com/products/4502336,[무료반품]남성 더블페이스 베이직 풀오버 [그레이],"279,000원",30%,"195,300원",라코스테,https://image.msscdn.net/mfile_s01/_brand/free_medium/lacoste.png?20200608153142,상의,니트/스웨터,https://image.msscdn.net/thumbnails/images/goods_img/20241010/4502336/4502336_17285361244955_big.jpg?w=1200,https://image.msscdn.net/thumbnails/images/prd_img/20241010/4502336/detail_4502336_17285361272029_big.jpg?w=1200,https://image.msscdn.net/thumbnails/images/prd_img/20241010/4502336/detail_4502336_17285361283280_big.jpg?w=1200,https://image.msscdn.net/thumbnails/images/prd_img/20241010/4502336/detail_4502336_17285361322982_big.jpg?w=1200,knit_0365,44,1.2천 회 이상 (최근 1개월),없음,후기 4개,없음,005 사이즈가 XL에 근접하게 착장 가능해요 원단 소재 재질감 모두 우수해요,배송도 빠르고 제품 품질도 좋습니다 감사합니다,배송도 빠르고 제품 품질도 좋습니다 감사합니다,105사이즈로 구매했어요. 도톰하고 많이 까칠하지 않아서 좋습니다.,없음
https://www.musinsa.com/products/4505998,L14 OFF-SHOULDER KNIT (BLUE),"110,000원",15%,"93,500원",라티젠,https://image.musinsa.com/mfile_s01/_brand/free_medium/lartigent.png?20211115153420,상의,니트/스웨터,https://image.msscdn.net/thumbnails/images/prd_img/20241010/4505998/detail_4505998_17291667787058_big.jpg?w=1200,https://image.msscdn.net/thumbnails/images/prd_img/20241010/4505998/detail_4505998_17291667795978_big.jpg?w=1200,없음,https://image.msscdn.net/thumbnails/images/goods_img/20241010/4505998/4505998_17291667647602_big.jpg?w=1200,knit_0366,"5,353",1.4만 회 이상 (최근 1개월),없음,후기 14개,4.6,일단 니트 색감은 사진보다 살짝 연해요. 제가 생각했던것보다 두께감도 얇고 마냥 보들보들 하지는 않아요. 제가 마른편이고 어좁이인데도 어깨 끝까지 내리는게 아슬아슬해요. 단추가 터질것만 가틈..ㅋㅋ 생각보다 작은거같아요 좀 불편해도 예쁘니까 입으려고 노력해볼게요..ㅎ,색감도 예쁘고 예상한대로 핏이 나왔어요 생각보다 따뜻해서 좋았고 가격값 하는것 같아서 다행이네요,어깨가 넓어서 버튼하나 풀러야 했지만 나름 여리여리해 보이고 데이트룩으로도 좋을듯,컬러도 예쁘고 착용감도 편해요. 통통한편인데 생각보다 붙지 않음,선물하려고 사서 보냈는데 예약배송 일자보다 빨리 가서 좋았어요
https://www.musinsa.com/products/4470450,[with 김무열]코튼 테라조 라운드 니트 - 3 COLOR,"89,000원",33%,"59,900원",수아레,https://image.musinsa.com/mfile_s01/_brand/free_medium/suare.png?20220824173325,상의,니트/스웨터,https://image.msscdn.net/thumbnails/images/prd_img/20240927/4470450/detail_4470450_17312852255880_big.jpg?w=1200,https://image.msscdn.net/thumbnails/images/prd_img/20240927/4470450/detail_4470450_17288685128677_big.jpg?w=1200,없음,https://image.msscdn.net/thumbnails/images/goods_img/20240927/4470450/4470450_17312852197566_big.jpg?w=1200,knit_0367,"2,580",8.5천 회 이상 (최근 1개월),없음,후기 79개,4.7,생각보다 두꺼워요 고급스러워 보이기도하고 블프에 가격도 괜찮게 구매 했는데 맘에들아요,옷이 이쁘네여. 친구에게도 추천하겠습니다. 좋아요,도톰하니 한겨울에 딱이에요. 색감도 따듯해 보이니 너무 좋아요,완전 도톰한 니트에요. 코트안에 입긴 좀 낄수 있으나 핏이랑 진짜 이뻐요,사이즈도 적당하고 퀄리티도 좋아요 추천입니다
https://www.musinsa.com/products/4483363,울 캐시미어 크루넥 스웨터 (T22E7KTO601WL1B60),"275,000원",30%,"192,500원",타미힐피거,https://image.msscdn.net/mfile_s01/_brand/free_medium/tommyhilfiger.png?20200608153142,상의,니트/스웨터,https://image.msscdn.net/thumbnails/images/goods_img/20241002/4483363/4483363_17286158403286_big.jpg?w=1200,없음,없음,https://image.msscdn.net/thumbnails/images/prd_img/20241002/4483363/detail_4483363_17286158433900_big.jpg?w=1200,knit_0368,63,350회 이상 (최근 1개월),없음,없음,없음,없음,없음,없음,없음,없음
https://www.musinsa.com/products/4316138,울 블랜디드 코만도 피셔맨 니트 집업 [IVORY]_SEKT027IVORY,"89,000원",39%,"54,200원",세컨모놀로그,https://image.musinsa.com/mfile_s01/_brand/free_medium/secondmonolgue.png?20230207122236,상의,니트/스웨터,https://image.msscdn.net/thumbnails/images/goods_img/20240809/4316138/4316138_17243678053965_big.jpg?w=1200,https://image.msscdn.net/thumbnails/images/prd_img/20240809/4316138/detail_4316138_17243678176027_big.jpg?w=1200,https://image.msscdn.net/thumbnails/images/prd_img/20240809/4316138/detail_4316138_17243678185710_big.jpg?w=1200,https://image.msscdn.net/thumbnails/images/prd_img/20240809/4316138/detail_4316138_17243678194741_big.jpg?w=1200,knit_0369,369,1.9천 회 이상 (최근 1개월),없음,후기 4개,3.3,받자마자 입어봤는데 팔쪽에 립스틱 같이 갈색으로 이염 되어있어 기분이 썩 좋진 않네요 교환이나 환불은 귀찮아서 그냥 빨아서 입으려고 합니다.,딱 맞게 입으면 예쁠 것 같아요. 전 좀 커서.. 원하던 핏은 아닙니다.,한달후기 아빠 생신선물로 산 건데 제가 입어도 편하고 이뻐용 사이즈 딱임👍🏻👍🏻,생각보다 엄청 두껍지 않습니다. 가볍게 걸치기 좋고 이너로 입기에 적합합니다.,없음
https://www.musinsa.com/products/4309816,코튼 브이넥 니트 멜란지 차콜,"64,000원",10%,"57,600원",애습,https://image.musinsa.com/mfile_s01/_brand/free_medium/asp.png?20220623172914,상의,니트/스웨터,https://image.msscdn.net/thumbnails/images/goods_img/20240808/4309816/4309816_17232750161213_big.jpg?w=1200,https://image.msscdn.net/thumbnails/images/prd_img/20240808/4309816/detail_4309816_17232750274989_big.jpg?w=1200,https://image.msscdn.net/thumbnails/images/prd_img/20240808/4309816/detail_4309816_17232750281799_big.jpg?w=1200,https://image.msscdn.net/thumbnails/images/prd_img/20240808/4309816/detail_4309816_17232750309441_big.jpg?w=1200,knit_0370,"1,506",7.2천 회 이상 (최근 1개월),없음,후기 214개,4.9,평소 105정사이즈 입는데 적당히 잘 맞네요 부담스럽지않은 브이넥이라 자주 입을듯합니다,셔츠랑 레이어드해서 입을만한 니트 찾고 있었는데 부드럽고 핏도 잘 빠지네요,1. 장점 - 밑단 시보리의 쪼임이 적당하여 넣입 연출도 가능함 - 보풀이 거의 없는 재질 - 맨살에도 가능한 부드러움 - 깊이감이 좋은 v넥  2. 단점 - 그나마 뽑자면 소매가 길다?  정말 좋은 가격대에 구매할 수 있는 v넥 제품입니다. 고민하시는 분들에게 추천드립니다!,1. 장점 - 밑단 시보리의 쪼임이 적당하여 넣입 연출도 가능함 - 보풀이 거의 없는 재질 - 맨살에도 가능한 부드러움 - 깊이감이 좋은 v넥  2. 단점 - 그나마 뽑자면 소매가 길다?  정말 좋은 가격대에 구매할 수 있는 v넥 제품입니다. 고민하시는 분들에게 추천드립니다!,체험단 애습 코튼 브이넥 니트 멜란지 차콜 라지 사이즈 착용해보았습니다.  핏은 자연스럽게 내려오는 드롭숄더에 팔기장은 여유있게 길고 총장은 짧은 스타일입니다. 목쪽 시보리는 잘 안늘어날거같게 탄탄하면서 봉제 디테일이 좋습니다. 넓이도 딱 적당해서 안에 흰티부터 셔츠까지 잘 어울릴 것 같습니다. 몸쪽 시보리는 여유있는편이여서 캐주얼하게 스타일링하기에 좋을것 같습니다.  색감은 짙게 차분해서 미니멀한 스타일에도 잘 붙을 것 같습니다.  가공된 코튼 백프로 원단이라서 그런지 촉감은 굉장히 부드러워서 울 니트보다 착용감이 좋았습니다. 예민하지 않으시면 맨살 착용도 가능할거 같습니다. 동시에 두께 덕분인지 중량감도 있어서 겨울철에 굉장히 따뜻하게 입을 수 있을것 같습니다.  전반적으로 무난하게 모든 스타일에 잘 맞는 브이넥 니트라고 생각합니다. 거기에 현재 가격을 생각하면 가격대비 만족감은 이만한 제품이 없을 것 같네요! 올 가을철 국밥템으로 추천합니다! 아직 날씨가 안풀려서 집에서 착용할수밖에없었는데 빨리 날이풀려서 많이 활용하고 싶네요!!
https://www.musinsa.com/products/4704578,Oblique line button knit GREY,"98,000원",10%,"88,200원",미세키서울,https://image.musinsa.com/mfile_s01/_brand/free_medium/misekiseoul.png?20230707140259,상의,니트/스웨터,https://image.msscdn.net/thumbnails/images/goods_img/20250108/4704578/4704578_17382954530489_big.jpg?w=1200,https://image.msscdn.net/thumbnails/images/prd_img/20250108/4704578/detail_4704578_17376997620445_big.jpg?w=1200,없음,https://image.msscdn.net/thumbnails/images/prd_img/20250108/4704578/detail_4704578_17373585174274_big.jpg?w=1200,knit_0371,"1,440",1.6만 회 이상 (최근 1개월),없음,후기 11개,4.2,미세키서울 신상 기대하고 있었는데 모델 착샷 보자마자 아 얜 사야겠다 싶어서 벼르고 있다 바로 구매했습니다..사진을 못찍는 저를 탓해야죠..옷은 죄가 없습니다ㅜ실물 기대이상이에요 저의 감동 포인트를 알려드리자면 사선 단추 포인트도 마음에 들고 끝에 언발한 것도 뽀인트..🥹아래의 작은 로고 킥입니다.단추에도 미세키서울 적혀있는거 보이십니까 흑 색도 예쁜 그레이고 포슬포슬해서 촉감도 합격입니다ㅠ 미세키서울 감성 가득 담긴 니트 넘흐 좋아요🫶,일단 배송이 엄청 빨리와서 구웃👍🏻 주말에나 입을 수 있을 줄 알았는데 바로 와서 너무 좋았어렿ㅎㅎ 그리고 니트류 입을 때 까끌거리는거 진짜 싫어하는데 이거는 부드럽고 몸에 착이여서 좋아여!! 막 부담스럽게 핏하지도 않고 말라보여서 예쁜거같아여☺️ 디자인도 흔하지 않고 포인트 되서 무난한 하의랑 입어도 예쁜거같아여! 빨리 날 따뜻해져서 이거 하나만 입고 다니고 싶네여 너무 맘에 들어여🫶🏻,일단 너무 예뻐요 화면이랑 똑같아서 만족합니당 어깨선이랑 버튼 디테일이 매력있고 고급져요!! 아래에 조그맣게 미세키 로고? 달려있는것도 포인트되면서 귀염뽀짝해요!! 재질도 탄탄하고 얇지않아서 지금부터 봄까지 잘 입을거같고 생각보다 부드러워서 따갑거나 까슬하지않고 좋아요!!,후기가 없어서 걱정했는데 사이즈도 잘 맞고 예뻐요! 딱 맞진 않고 살짝 널널하긴 한데 그래도 예쁘게 널널한 편이라 잘 입을거 같네요,엥 이거 이렇게 이쁜게 가능한가여? 선물포장에 감동먹고 느좋옷에 2차 감동 그냥 늘 예쁘게 입을게요💗 아니 아껴입을랭 오래입거시퍼ㅠ
https://www.musinsa.com/products/4450335,램스울 케이블 스웨터 (T12E7KPO200MT2BDS),"259,000원",30%,"181,300원",타미힐피거,https://image.msscdn.net/mfile_s01/_brand/free_medium/tommyhilfiger.png?20200608153142,상의,니트/스웨터,https://image.msscdn.net/thumbnails/images/goods_img/20240922/4450335/4450335_17274073358156_big.jpg?w=1200,없음,없음,https://image.msscdn.net/thumbnails/images/prd_img/20240922/4450335/detail_4450335_17274073388275_big.jpg?w=1200,knit_0372,68,900회 이상 (최근 1개월),없음,후기 1개,없음,검정 케이블 니트 찾다가 저렴한 금액으로 잘 구매한것 같아요!!,없음,없음,없음,없음
https://www.musinsa.com/products/4432486,[무료반품]남성 베이직 클래식핏 풀오버 [블랙],"259,000원",30%,"181,300원",라코스테,https://image.msscdn.net/mfile_s01/_brand/free_medium/lacoste.png?20200608153142,상의,니트/스웨터,https://image.msscdn.net/thumbnails/images/goods_img/20240911/4432486/4432486_17260402287263_big.jpg?w=1200,없음,없음,https://image.msscdn.net/thumbnails/images/prd_img/20240911/4432486/detail_4432486_17260402315827_big.jpg?w=1200,knit_0373,220,4.5천 회 이상 (최근 1개월),없음,후기 4개,4.8,운 좋게 좋은 제품을 괜찮은 가격에 구매하게 되서 만족입니다,좋은 기회에 좋은 제품을 구매해서 만족입니다! 굿,적당한 핏의 기본템입니다. 살짝 여유있게 잘 맞고 살짝 얇네요,정말 기본에 충실한 옷임 정말 베이직함 딱 기본 그대로임,없음
https://www.musinsa.com/products/4446362,새들 브이넥 니트 스웨터(그레이),"97,000원",10%,"87,300원",더웨더이즈어썸,https://image.musinsa.com/mfile_s01/_brand/free_medium/theweatherisawesome.png?20211201145911,상의,니트/스웨터,https://image.msscdn.net/thumbnails/images/goods_img/20240919/4446362/4446362_17269089994492_big.jpg?w=1200,https://image.msscdn.net/thumbnails/images/prd_img/20240919/4446362/detail_4446362_17269091743518_big.jpg?w=1200,없음,https://image.msscdn.net/thumbnails/images/prd_img/20240919/4446362/detail_4446362_17269091780092_big.jpg?w=1200,knit_0374,882,1.3만 회 이상 (최근 1개월),없음,후기 22개,4.9,사이즈도 마음에 들었고 무엇보다도 색감이 좋았습니다.,브이넥 가디건은 잘 안사는데 이쁘고 고급스러워요,173/77 사이즈2가 정사이즈입니다 ~ 참고하세요!,딱 편하게 입기 좋은 디자인에 크기도 적당하고 이쁩니다,사진과 같이 너무 예쁘고 핏도 딱 떨어지니 너무 잘 입을 것 같습니다
https://www.musinsa.com/products/4388024,[패션플래닛X더니트컴퍼니] 워셔블 코튼 크루넥 니트 12color,"57,000원",30%,"39,900원",더니트컴퍼니,https://image.msscdn.net/mfile_s01/_brand/free_medium/theknitcompany.png?1730949238237,상의,니트/스웨터,없음,없음,없음,https://image.msscdn.net/thumbnails/images/goods_img/20240830/4388024/4388024_17258834972522_big.jpg?w=1200,knit_0375,"14,761",2만 회 이상 (최근 1개월),2만 개 이상,"후기 4,043개",4.9,검정티 상의 폴로랄프로렌 하의 뉴발런스 죠그 추리링 착용했어요 그위에 니트컴파니 니트 착용,"한달후기 이 니트를 사고 두 가지 교훈을 얻었다. 밝은 색 옷은 저렴한 걸 사지 말고, 유튜버의 추천은 신중히 걸러 들을 것.  크림색은 한 번 세탁 후, 눈에 띄는 더러운 보풀이 일어나 입을 수 없게 되었고, 더스티민트는 그나마 이너로 입을 만하지만, 옷 자체가 품이 너무 넓고 총장은 짧아 내 스타일이 아니다.  봉제선은 삐뚤삐뚤, 광고와 현실의 괴리가 선명하다. 가격에 걸맞은 품질이라지만, 기대와 실망 사이의 간극은 크다.  결국, 나의 올해의 못산템으로 등극. 새로운 원칙은 이 실패에서 비롯되었다","이 니트를 사고 두 가지 교훈을 얻었다. 밝은 색 옷은 저렴한 걸 사지 말고, 유튜버의 추천은 신중히 걸러 들을 것.  크림색은 한 번 세탁 후, 눈에 띄는 더러운 보풀이 일어나 입을 수 없게 되었고, 더스티민트는 그나마 이너로 입을 만하지만, 옷 자체가 품이 너무 넓고 총장은 짧아 내 스타일이 아니다.  봉제선은 삐뚤삐뚤, 광고와 현실의 괴리가 선명하다. 가격에 걸맞은 품질이라지만, 기대와 실망 사이의 간극은 크다.  결국, 나의 올해의 못산템으로 등극. 새로운 원칙은 이 실패에서 비롯되었다",적당한 무게감에 편하고 탄탄한 옷이예요! 매우매우 맘에 듭니다~,니트 재질과 퀄리티는 이가격으로 살수있는 제품이 아닌것 같은 정도로 정말 이번 할인때 너무 잘산것 같습니다! 할인이 없더라도 하나도 아깝지 않을정도인것 같습니다 핏도 너무 이뻐요! (사이즈는 정사이즈가 딱인것 같습니다)
https://www.musinsa.com/products/4505375,CDM Basic Logo Sweater - Black,"79,000원",50%,"39,500원",캑터스도넛마켓,https://image.musinsa.com/mfile_s01/_brand/free_medium/blackend.png?20240507151837,상의,니트/스웨터,https://image.msscdn.net/thumbnails/images/goods_img/20241010/4505375/4505375_17367388402439_big.jpg?w=1200,https://image.msscdn.net/thumbnails/images/prd_img/20241010/4505375/detail_4505375_17301034402542_big.jpg?w=1200,https://image.msscdn.net/thumbnails/images/prd_img/20241010/4505375/detail_4505375_17301034408893_big.jpg?w=1200,https://image.msscdn.net/thumbnails/images/prd_img/20241010/4505375/detail_4505375_17301034416967_big.jpg?w=1200,knit_0376,"12,273",5만 회 이상 (최근 1개월),2.9천 개 이상,후기 341개,4.8,오버핏이고 딴딴하고 디자인이 귀여워서 너무 마음에 드는 니트입니다 ♡,팔 길이가 조금 긴데 저는 오히려 좋았습니다. 키 170 넘으시고 모델분이 입으신 핏처럼 입고 싶으신 분은 L 사는 걸 추천드립니다:),옷이 까chill까chill하지 않아서 좋아요.근데 먼지가 잘붙네요,레터링도 귀엽고 어디든 코디하기 좋은거같애요!,한달후기 재질이 조금 꺼끌꺼끌한 재질이어서 간지러워요 엄청 박시해서 코디하기는 편한
https://www.musinsa.com/products/4564098,(우디) 케이블 라운드넥 스웨터_SPKWF12C52,없음,없음,"49,900원",스파오,https://image.msscdn.net/mfile_s01/_brand/free_medium/spao.png?20200608153142,상의,니트/스웨터,https://image.msscdn.net/thumbnails/images/goods_img/20241028/4564098/4564098_17338890126570_big.jpg?w=1200,https://image.msscdn.net/thumbnails/images/prd_img/20241028/4564098/detail_4564098_17338890674476_big.jpg?w=1200,https://image.msscdn.net/thumbnails/images/prd_img/20241028/4564098/detail_4564098_17338890650445_big.jpg?w=1200,https://image.msscdn.net/thumbnails/images/prd_img/20241028/4564098/detail_4564098_17338890524911_big.jpg?w=1200,knit_0377,69,900회 이상 (최근 1개월),없음,후기 5개,없음,"한달후기 남편한테 입히려고 주문했어요 ☺️ 안에 셔츠까지 입기엔 살짝 불편할 것 같아서 105사이즈로 샀어요 ㅎㅎ  코트에도 잘 어울리고, 패딩에도 잘 어울려서 코디하기 너무 좋더라고요! 특히 곰돌이 자수가 귀여운 포인트랍니다 🐻  짜임도 좋고, 소재도 보들보들해요 ㋡ 남편이 착용했을 때 무게감도 가벼워서 괜찮다고 하네요 😊","이너셔츠나 이너티 입고 착용하기 좋은 기본 라운드넥 스웨터 🐻  남편한테 입히려고 주문했어요 ☺️ 안에 셔츠까지 입기엔 살짝 불편할 것 같아서 105사이즈로 샀어요 ㅎㅎ  코트에도 잘 어울리고, 패딩에도 잘 어울려서 코디하기 너무 좋더라고요! 특히 곰돌이 자수가 귀여운 포인트랍니다 🐻  짜임도 좋고, 소재도 보들보들해요 ㋡ 남편이 착용했을 때 무게감도 가벼워서 괜찮다고 하네요 😊",쨍한 색상 선명도와 니트의 재질이 가성비 있게 잘 나왔습니당,쨍한 색상이 되게 매력적입니다 빨간색 니트를 찾고 있었는데 맘에 들어 바로 줍줍했습니다,청비지 트레이닝복..잘 어울립니다. 사이즈도 괜찮고 이뻐요.
https://www.musinsa.com/products/4443086,길리 컬러 블록 스웨터 atb1170m(KHAKI),없음,없음,"168,000원",앤더슨벨,https://image.musinsa.com/mfile_s01/_brand/free_medium/anderssonbell.png?20230308181150,상의,니트/스웨터,https://image.msscdn.net/thumbnails/images/goods_img/20240919/4443086/4443086_17267137902187_big.jpg?w=1200,https://image.msscdn.net/thumbnails/images/prd_img/20240919/4443086/detail_4443086_17267207426108_big.jpg?w=1200,https://image.msscdn.net/thumbnails/images/prd_img/20240919/4443086/detail_4443086_17267207435985_big.jpg?w=1200,https://image.msscdn.net/thumbnails/images/prd_img/20240919/4443086/detail_4443086_17267207469055_big.jpg?w=1200,knit_0378,139,600회 이상 (최근 1개월),없음,후기 4개,없음,엄청 크롭한 기장의 니트 입니다 ㅎ 팔기장과 품 사이즈는 잘맞습니다.,디자인의 디테일은 실제 제품을 봐야만 알수있습니다. 컬러가 다른 블록마다 재질이 다른 섬유를 사용해 차이를 명확히 구분합니다. 촉감도 부드럽습니다.,디자인과 핏 좋아요~^^ 단지 총장이 넘 크롭기장이라서~ ㅎ 소매기장도 딱 좋은데~ 키가 크다보니 크롭하게 입어야죠~,생각보다 튀지 않고 고급스럽습니다. 단점은 보풀이 좀 빠지네요 일반적으로 긴팔티는 라지 사이즈 입는데 이옷는 m사이즈가 딱 좋게 맞네요,없음
https://www.musinsa.com/products/4435029,디스코 브러쉬드 니트 - 블랙,"67,500원",30%,"47,250원",엠오오,https://image.musinsa.com/mfile_s01/_brand/free_medium/moo.png?20240103112854,상의,니트/스웨터,https://image.msscdn.net/thumbnails/images/goods_img/20240912/4435029/4435029_17306993432058_big.jpg?w=1200,https://image.msscdn.net/thumbnails/images/prd_img/20240912/4435029/detail_4435029_17306993498508_big.jpg?w=1200,https://image.msscdn.net/thumbnails/images/prd_img/20240912/4435029/detail_4435029_17306993506340_big.jpg?w=1200,https://image.msscdn.net/thumbnails/images/prd_img/20240912/4435029/detail_4435029_17306993521864_big.jpg?w=1200,knit_0379,"1,271",2.2천 회 이상 (최근 1개월),없음,후기 45개,4.8,부들부들 따뜻하고 스타일리쉬해 보여서 자주입게 될것같아요,고민하다 질렀는데 솔직히 제일 맘에듬요 개힙걸이 되~~!!!,너무 보들보들 너무 퐁실퐁실 단독으로 입어도 너무 이쁘고 겨울에 이너로 입어도 너무 이쁠거 같아요 !!,사이즈 고민이 컸는데 다행히 잘 맞게 샀습니다 예뻐요,"핏이 딱 좋고 따뜻해요,디자인도 예쁘고 모든 바지와 무난하게 어울리네요"
https://www.musinsa.com/products/4399029,멀티 케이블 슬릿 풀오버 [IVORY] / WBD3L05521,"59,000원",20%,"47,000원",제너럴아이디어,https://image.musinsa.com/mfile_s01/_brand/free_medium/generalideastandard.png?20240418113747,상의,니트/스웨터,https://image.msscdn.net/thumbnails/images/goods_img/20240903/4399029/4399029_17253589456022_big.jpg?w=1200,https://image.msscdn.net/thumbnails/images/prd_img/20240903/4399029/detail_4399029_17253482737016_big.jpg?w=1200,https://image.msscdn.net/thumbnails/images/prd_img/20240903/4399029/detail_4399029_17253482740219_big.jpg?w=1200,https://image.msscdn.net/thumbnails/images/prd_img/20240903/4399029/detail_4399029_17253589550587_big.jpg?w=1200,knit_0380,860,2.8천 회 이상 (최근 1개월),없음,후기 9개,없음,생각보다 목 부분이 많이 파여있어요. 몸에 밀착되면서 파이면 상관없는데 밀착되지 않으니까 몸을 숙일 때 가슴이 다 드러나요 ㅠㅠ 옷 자체는 예쁘고 마음에 드는데 입을 때 신경을 많이 써야할 것 같네요 ㅠㅠ,질도 좋고 넘 예쁘네요ㅜㅜ 다만 색상이 좀 노란 아이보리이긴 해요 ! 그래도 이뻐용,한달후기 어깨는 맞고 기장은 전체적으로 짧았어요 색상이렁 핏이 예뻐서 좋아요,부드러워서 촉감도 좋습니다 아이보리색이라 얼굴도 환해보입니다,탄탄한 재질이라 오래입을 수 있을 것같아요! 허리가 좀더 들어갔으면 예뻤겠지만.. 아닐 거 예상했어서 .. ㅎㅎ 단정한 느낌으로 입어질 것같아요
https://www.musinsa.com/products/4629710,[ADULT] 스노우베어 윈터 니트_소라,"52,000원",10%,"46,800원",코코모코,https://image.msscdn.net/mfile_s01/_brand/free_medium/cocomoco.png?1731379703763,상의,니트/스웨터,없음,없음,없음,https://image.msscdn.net/thumbnails/images/goods_img/20241121/4629710/4629710_17321700592067_big.jpg?w=1200,knit_0381,734,8.4천 회 이상 (최근 1개월),없음,후기 18개,4.9,"보풀도 안나고 포근하고 따뜻해요 무엇보다 컬러가 너무 예쁩니다 아들이라, 딸래미와 커플룩 입는 엄마들 부러웠는데 저도 성공했네요ㅎㅎ",한달후기 옷이 약간 오버핏이라서 건조기 돌렸더니 딱 맞네요 ㅎㅎ 두툼해서 패딩조끼 하나 입고 다녀도 괜찮아요,이너티를 안 입고 니트를 입어서 까스로운 재질이면 손이 잘 안 가는데 까스럽지도 않고 폭닥폭닥해서 너무 좋아요,상품도 좋고 배송도 빠르고 요즘 인기가 많습니다 자주 이용하겠습니다 😊💗*** 만족 *** 평소에 이 브랜드를 사용하는데 감동받았습니다 정말 마음에 들어서 다시 구매하겠습니다,색이 예뻐서 구매했어요. 따듯하고 화면이랑 똑같아요
https://www.musinsa.com/products/4478505,알파카 폴로 니트 (올리브),"169,000원",5%,"160,550원",시에클,https://image.musinsa.com/mfile_s01/_brand/free_medium/siecle.png?20240904133932,상의,니트/스웨터,https://image.msscdn.net/thumbnails/images/goods_img/20240930/4478505/4478505_17276908426765_big.jpg?w=1200,https://image.msscdn.net/thumbnails/images/prd_img/20240930/4478505/detail_4478505_17277061216900_big.jpg?w=1200,https://image.msscdn.net/thumbnails/images/prd_img/20240930/4478505/detail_4478505_17277061226147_big.jpg?w=1200,https://image.msscdn.net/thumbnails/images/prd_img/20240930/4478505/detail_4478505_17277061245271_big.jpg?w=1200,knit_0382,387,3.1천 회 이상 (최근 1개월),없음,후기 27개,4.9,"체험단 sns를 통해 알게된 브랜드인데, 감사하게도 체험단에 선정되어 직접 경험해볼 수 있었습니다.  우선, 저는 175 64스펙에 m사이즈를 신청했고 전체적인 핏감은 괜찮다고 느꼈습니다. 조금 레귤러하지 않을까라는 걱정이 있었는데, 다행히도 세미오버하게 잘 맞았습니다.  제품에 대해 좀 더 설명을 드리자면, 우선, 올리브 색감이 정말 매력적으로 잘 나왔고, 밑단 시보리는 텐션감 있게 잘 잡아줘서 마음에 들었습니다. 또한 알파카 소재가 혼방되어 요즘같이 추운 날씨에 따뜻하게 착용할 수 있을 것 같았습니다. 알파카 소재의 경우, 털빠짐이나 까슬거림을 걱정하실텐데 제 기준 크게 신경쓰이진 않았던 것 같습니다.  전체적으로 만족감이 높았던 제품인 만큼 다른 분들도 체험해보셨으면 좋겠습니다. 특히 올리브 색상의 옷에 관심있으셨던 분들 이 제품 색감이 정말 괜찮으니 도전해보셨으면 좋겠습니다.  후기글 읽어주셔서 감사합니다 :)","체험단 딱 받았을 때부터 기대 이상이었어요. 저는 172cm에 64kg 인데 M사이즈가 딱 맞았어요. 올리브색을 선택한 이유는 가을, 겨울 시즌에 무난하면서도 따뜻한 느낌을 줄 수 있을 것 같았기 때문입니다. 제품을 개봉하자마자 알파카 특유의 부드럽고 고급스러운 텍스처가 돋보였고, 색상도 생각보다 더욱 자연스럽고 따뜻한 톤이라 다양한 스타일에 쉽게 매치할 수 있을 것 같았어요. 캐주얼하게도 입을 수 있고, 깔끔한 미니멀룩에도 잘 어울려 활용도가 높습니다.  착용감 또한 매우 만족스러웠습니다. 소재가 좋아서 피부에 자극이 없고, 편안하게 착용할 수 있었어요. 전체적인 핏은 약간 루즈하면서도 군더더기 없이 떨어져 깔끔해 보였습니다. 평소 자주 입는 데님이나 슬랙스와도 자연스럽게 어울렸고, 고급스러운 캐주얼룩을 연출하기 좋아 더욱 만족스러웠어요. 생각보다 두꺼운 편인데도 가벼워 손이 자주 갈 것 같네요. 저처럼 자주 손이 가는 옷을 선호하시는 분들에게는 더욱 추천드립니다.  포장도 깔끔했고, 작은 디테일까지 신경 쓴 점에서 브랜드의 섬세함이 느껴졌어요. 다가오는 계절에 오래도록 입을 수 있는, 스타일리시하면서도 편안한 니트를 찾는다면 이 제품을 강력히 추천드립니다. 시에클이라는 브랜드를 이번 체험단을 통해 처음 알게되었는데 느낌이 너무 좋아서 마음에 드는 제품이 생기면 구매할 예정입니다. 추천!",체험단 일단 매우 따뜻합니다. 알파카 소재 특성상 헤어리한 느낌이 있고 맨살에 닿으면 아주 약간 까끌거리기 때문에 레이어드나 이너를 입고 입으시는걸 추천드립니다. 이너는 밝은 계열로 입으시는게 좋을것 같고 핏감은 굉장히 편합니다. 버튼은 옷색깔과 통일시켜줘서 일체감이 있고 한두개정도 잠그면 예쁜 모양이 나옵니다. 손목과 하단부의 시보리가 짱짱해서 전체적인 옷의 모양을 잘잡아줍니다. 카라가 널찍하게 반집업 느낌으로 빠졌는데 이 부분이 아주 마음에 듭니다. 캐주얼함과 포멀함의 경계에 있어서 어떻게 매칭하느냐에 따라 다양한 분위기를 연출 할 수 있습니다. 컬러감이 살짝 물빠진듯한 풀색이라 어디에나 잘묻습니다. 활용도가 아주 좋을것 같은 옷입니다,셔츠 안에 입고 이거 입으면 너무 예뻐요 부들부들 촉감도 좋아여,색감은 말할것도 없고요 핏 디자인 다 만족합니다 다만 쫌 꺼슬거려서 이너 필수
https://www.musinsa.com/products/4433335,플레인 라운드 헤비 니트 풀오버 11COLOR COOSKT067,"62,000원",20%,"49,600원",커스텀어클락,https://image.musinsa.com/mfile_s01/_brand/free_medium/costumeoclock.png?20230608173614,상의,니트/스웨터,https://image.msscdn.net/thumbnails/images/prd_img/20240911/4433335/detail_4433335_17267957345265_big.jpg?w=1200,https://image.msscdn.net/thumbnails/images/prd_img/20240911/4433335/detail_4433335_17267957299926_big.jpg?w=1200,없음,https://image.msscdn.net/thumbnails/images/goods_img/20240911/4433335/4433335_17315504877701_big.jpg?w=1200,knit_0383,"6,604",2만 회 이상 (최근 1개월),3.9천 개 이상,후기 505개,4.8,"체험단 올해 괜찮은 기본 니트 하나 장만하고 싶었는데 운 좋게도 커스텀어클락 풀오버를 받아보게 되었어요!  제가 선택한 제품은 ‘플레인 라운드 헤비 니트 풀오버 라이트 그레이’인데요. 이름처럼 군더더기 없이 심플한 디자인이라 이번 가을/겨울 코디에 손이 가장 많이 갈 것 같아요.  니트하면 까끌까끌한 질감 때문에 불편해서 막상 잘 안입게 되는 경우가 많은데, 이 니트는 까끌거림 1도 없이 부들부들해서 맨살에 입어도 괜찮더라고요. 그리고 벌써 몇번 입고 나갔었는데 보풀도 잘 일어나지 않았습니다.  컬러감도 딱 제가 원하던 예쁜 밝은 그레이라 얼굴톤이 화사해 보였어요. 화면에서 보이는 것보다 실물 컬러가 훨씬 고급스러워요!  남녀공용 제품이라 부해보일까봐 걱정했는데 전혀 그렇지 않고 적당한 오버핏이라 요즘 유행하는 드뮤어룩 코디하기에도 좋을 것 같아요🩶  이런 기본템 있으면 너무 예쁜 겨울 코디 완성이죠~ 베이직한데 한겨울까지 따듯하게 입을 수 있는 니트 찾으신다면 추천합니다",추위를 많이 타는편인데 두께감 있는 니트라서 너무 만족합니다!,색감이 이쁘고 두께도 적절해서 가을 느낌 내기 좋습니다,설 행사때 구매했으면 가성비 좋게 구매했겠지만 색감이 맘에 들어 구매한거라 나름 만족합니다~!,설 행사때 구매했으면 가성비 좋게 구매했겠지만 색감이 맘에 들어 구매한거라 나름 만족합니다:)
https://www.musinsa.com/products/4600514,Horizon Sweater_Brown,없음,없음,"159,000원",아코크,https://image.msscdn.net/mfile_s01/_brand/free_medium/acoc.png?20200608153142,상의,니트/스웨터,없음,없음,없음,https://image.msscdn.net/thumbnails/images/goods_img/20241108/4600514/4600514_17310515319425_big.jpg?w=1200,knit_0384,280,750회 이상 (최근 1개월),없음,후기 1개,없음,니트 세탁하기 귀찮아서 눈여겨 보다가 구매 실물 컬러 너무 예쁨 컬러고르느라고 고민을 또했는데 받고 나니 너무 예쁨 컬러 고유마다 너무예뿜,없음,없음,없음,없음
https://www.musinsa.com/products/4556691,스프레이 리브드 라운드 니트[블루],"59,000원",24%,"45,000원",스켈리웩,https://image.msscdn.net/mfile_s01/_brand/free_medium/scallywag.png?1730455098498,상의,니트/스웨터,https://image.msscdn.net/thumbnails/images/goods_img/20241024/4556691/4556691_17350173577291_big.jpg?w=1200,https://image.msscdn.net/thumbnails/images/prd_img/20241024/4556691/detail_4556691_17321850386557_big.jpg?w=1200,https://image.msscdn.net/thumbnails/images/prd_img/20241024/4556691/detail_4556691_17321850397251_big.jpg?w=1200,https://image.msscdn.net/thumbnails/images/prd_img/20241024/4556691/detail_4556691_17321850640996_big.jpg?w=1200,knit_0385,750,5.2천 회 이상 (최근 1개월),없음,후기 19개,4.8,한달후기 이리보고 요리봐도 맘에듦 한달이 지나도 맘에들고 몇년이 지나도 맘에들 예정 소재도 튼튼 프린팅도 스트릿해 레이어링해 입기도 이쁘고 어느하나 맘에 안드는데 없음 그러나 딱하나 아쉬워서 별1뺀 이유는 소매 엄지끼는 부분이 정말 이쁘지만 개인적으로는 쓸일이 없어서 오히려 어디 뾰족한데 걸려서 옷망칠까바 염려되는정도,소재가 너무 맘에 들어요 통통하니 탄탄함 ㅋㅋ 디자인도 글씨프린팅이며 블랙 배색포인트 배합이 너무 스트릿해서 니트 지루해서 별로 안좋아하는데 너무 이뻐요 크게 무겁지도 않고 파란색 좋아하고 심심한 블랙팬츠에 입어도 이쁘기까지 완전 럭키비키자네,소재가 너무 맘에 들어요 통통하니 탄탄함 ㅋㅋ 까슬거릴줄 알앗는데 피부가 편하다고 하네요 디자인도 글씨프린팅이며 블랙 배색포인트 배합이 너무 스트릿해서 니트 지루해서 별로 안좋아하는데 너무 이뻐요 크게 무겁지도 않고 파란색 좋아하고 심심한 블랙팬츠에 입어도 이쁘기까지 완전 럭키비키자네,니트류는 저렴하면 퀄리티가 낮을거라는 고정관념을 깨줬어요. 니트에는 적어도 10만원 이상 투자해야한다고 생각해왔는데 이 제품은 이 가격으로 옷 팔면 남나?? 싶더라구요. 가격도 착한데 퀄리티가 탄탄하고 핏도 좋아요. 안 살 이유가 없었죠. 일단 단색이 아니라 그라데이션 들어가서 정말 유니크하더라구요.,소매 부분에 구멍 뚫려 있어서 유니크 합니다. 사이즈도 살짝 오버하게 나와서 예뻐요
https://www.musinsa.com/products/4332834,노모어 라운드 니트[네이비],"59,000원",19%,"48,000원",스켈리웩,https://image.msscdn.net/mfile_s01/_brand/free_medium/scallywag.png?1730455098498,상의,니트/스웨터,https://image.msscdn.net/thumbnails/images/prd_img/20240814/4332834/detail_4332834_17254133335282_big.jpg?w=1200,https://image.msscdn.net/thumbnails/images/prd_img/20240814/4332834/detail_4332834_17254133347323_big.jpg?w=1200,없음,https://image.msscdn.net/thumbnails/images/goods_img/20240814/4332834/4332834_17345917774655_big.jpg?w=1200,knit_0386,"6,174",1.2만 회 이상 (최근 1개월),없음,후기 114개,4.8,너뮤 좋아유 입었울때 덥지도 춥지도 않고 포근해서 잠와요,마음에 들어요. 외출할 때마다 자주 입고 있습니다.,이제품은 정말외소한 여자분아니면 L사이즈로 가셔야 모델분처럼 핏나올것같습니다 운동하는남자기준 옷이 크긴하나 체형상 부해보이긴하네요 그런데 가격대비 디자인 예쁘고 따수울거같아요! 시보리도 짱짱하고 보세보다 싼가격에 센스있는디자인 니트 겟한것같습니다 아래에 와이드한데님이나 스웻팬츠 카펜더팬츠 등등 잘 어울릴거같아요,원단이 탄탄하고 두께감도 있습니다 너무 예쁘고 귀엽네요,체험단 일단 어깨가 60cm정도 되어야 좀 편하고 널널하다는 느낌을 받는 편이라서 니트인데 불편하지 않을까 생각했지만 실루엣이 오버해서 좋았어요. 그리고 소재가 까끌거리지 않고 부드러워서 맨살에도 당연히 입을 수 있어요 색은 뭐 말할 것도 없이 어디에나 잘 받는 네이비 색이라 코디 하는데 범용성이 좋아요 그리고 프린팅이 너무 심심한 것도 아니고 적당히 귀여운 프린팅이라 맘에들어요 170에 77kg 의 체형에는 세미 오버 정도의 핏인 것 같아요 옷의 밑 끝단을 접어도 괜찮고 접지 않아도 보기에 괜찮아요
https://www.musinsa.com/products/4368646,우먼즈 리브드 니트 후디드 집업 [크림 베이지],"79,900원",40%,"47,590원",무신사 스탠다드 우먼,https://image.msscdn.net/mfile_s01/_brand/free_medium/musinsastandardwoman.png?1733278192535,상의,니트/스웨터,https://image.msscdn.net/thumbnails/images/goods_img/20240826/4368646/4368646_17290538125443_big.jpg?w=1200,https://image.msscdn.net/thumbnails/images/prd_img/20240826/4368646/detail_4368646_17290538196560_big.jpg?w=1200,https://image.msscdn.net/thumbnails/images/prd_img/20240826/4368646/detail_4368646_17290538209820_big.jpg?w=1200,https://image.msscdn.net/thumbnails/images/prd_img/20240826/4368646/detail_4368646_17290538234139_big.jpg?w=1200,knit_0387,218,1.7천 회 이상 (최근 1개월),없음,후기 17개,4.8,예뻐요!! 넉넉하고 스타일 좋아요~~^^ 아이보리 샀는데 색감도 원단도 좋고 엄마도 사달래요,딱.괜찮은 정도 엄청 이쁘진않아요. 재질이 고급스럽진않아요,한달후기 두툼하고 꾸안꾸 느낌이라 좋습니다 ~ 편하게 입고잇어요,"무신사 스탠다드에서 입어보고 맘에 들어서 인터넷으로 구매합니다! 처음에 딱입고 넘 귀여워서 그냥 그자리에서 바로 살 뻔 했어요;; 색 톤이 진차 이쁩니다. 저는 적당히 아방하게 입으려고 m 샀구요, 크게 입으시려면 한 치수 크게, 크롭처럼 입으시려면 한 치수 작게 시키심 될 것 같습니당",오프라인에서 보고 산건데 사진보다 실물이 훨씬 귀여워요! 요즘 니트 후드에 빠졌는데 그 중에 최대입니당
https://www.musinsa.com/products/4627425,하이넥 하프 집업 트랙 라인 배색 카라 하찌 니트 [브라운],"57,000원",25%,"42,750원",노드유,https://image.musinsa.com/mfile_s01/_brand/free_medium/nodu.png?20240329122454,상의,니트/스웨터,https://image.msscdn.net/thumbnails/images/goods_img/20241120/4627425/4627425_17321455913647_big.jpg?w=1200,https://image.msscdn.net/thumbnails/images/prd_img/20241120/4627425/detail_4627425_17321456064746_big.jpg?w=1200,https://image.msscdn.net/thumbnails/images/prd_img/20241120/4627425/detail_4627425_17321456070391_big.jpg?w=1200,https://image.msscdn.net/thumbnails/images/prd_img/20241120/4627425/detail_4627425_17321456081971_big.jpg?w=1200,knit_0388,143,1.6천 회 이상 (최근 1개월),없음,후기 3개,4.3,색감도 이쁘고 핏도 나쁘지 않네요 자주 입을 거 같아요,사진보다 밝은 톤에 색이 더 맘에 들어요 가지고 있는 바지에 모두 잘 어울려요,색깔은 이쁜데 옷 에 쿰쿰한 냄새가 나서 바로 드라이클리밍 맡겼어요,없음,없음
https://www.musinsa.com/products/4312378,UNI LOGO SWEATER coral,없음,없음,"149,000원",마리떼,https://image.musinsa.com/mfile_s01/_brand/free_medium/marithefrancoisgirbaud.png?20210127142317,상의,니트/스웨터,https://image.msscdn.net/thumbnails/images/goods_img/20240808/4312378/4312378_17255179536035_big.jpg?w=1200,https://image.msscdn.net/thumbnails/images/prd_img/20240808/4312378/detail_4312378_17255179797231_big.jpg?w=1200,없음,https://image.msscdn.net/thumbnails/images/prd_img/20240808/4312378/detail_4312378_17255179827103_big.jpg?w=1200,knit_0389,225,1천 회 이상 (최근 1개월),없음,후기 4개,없음,한달후기 생각했던 색보다는 살짝 약한데 크리스마스 시즌에 예쁘게 잘 입었어요,귀엽고 이쁜 색상의 코랄 스웨터 입니다. 청바지랑 잘 어울려요.,한달후기 색감 가을에 딱입니다 너무 이쁘고 두께감도 지금 적절해요 !,생각했더대로 사이즈 두께감 색상 모두 완벽하네요 ㅎㅎ,없음
https://www.musinsa.com/products/4318420,RUGBY SWEATER BLUE/NAVY,"159,000원",10%,"143,100원",포커페이스,https://image.musinsa.com/mfile_s01/_brand/free_medium/pokerface.png?20230831151604,상의,니트/스웨터,https://image.msscdn.net/thumbnails/images/prd_img/20240812/4318420/detail_4318420_17234267525419_big.jpg?w=1200,https://image.msscdn.net/thumbnails/images/prd_img/20240812/4318420/detail_4318420_17234267615214_big.jpg?w=1200,없음,https://image.msscdn.net/thumbnails/images/goods_img/20240812/4318420/4318420_17234267390243_big.jpg?w=1200,knit_0390,"1,180",2.1천 회 이상 (최근 1개월),없음,후기 35개,4.7,니트가 포슬포슬하니 귀여워요 옷도 가볍고 색도 귀여웡,색감이나 핏감 모두 예뻐요 두꺼운 니트고 럭비티 디자인이 귀엽습니다 박스에 담겨져와 배송도 준수합니다 원단 특성상 냄새랑 따가움이 심합니다 섬유탈취제 많이 뿌리고 2일 바람 잘 통하는 야외에 걸어놨는데 냄새가 많이 나네요.. 어쩔수없는것같습니다,핏 사이즈 너무 다 마음에 들고 가성비도 너무 좋아요 다들 구매해보세요!!,한달후기 핏 사이즈 너무 다 마음에 들고 가성비도 너무 좋아요 추천합니다!!,한달후기 소재도 두툼하고 색감 패턴이 이쁘네요!! 럭비스타일이라 체형보완도 될것 같아요!
https://www.musinsa.com/products/4734690,[COLLECTION LINE] 뉴 와일드 지브라 풀오버 니트 아이보리,"158,000원",10%,"142,200원",비욘드클로젯,https://image.musinsa.com/mfile_s01/_brand/free_medium/beyondcloset.png?20220225125715,상의,니트/스웨터,https://image.msscdn.net/thumbnails/images/goods_img/20250121/4734690/4734690_17385776450859_big.jpg?w=1200,https://image.msscdn.net/thumbnails/images/prd_img/20250121/4734690/detail_4734690_17385776526868_big.jpg?w=1200,https://image.msscdn.net/thumbnails/images/prd_img/20250121/4734690/detail_4734690_17385776538711_big.jpg?w=1200,https://image.msscdn.net/thumbnails/images/prd_img/20250121/4734690/detail_4734690_17385776598879_big.jpg?w=1200,knit_0391,14,없음,없음,없음,없음,없음,없음,없음,없음,없음
https://www.musinsa.com/products/4485636,70s 트레포일 스웨터 - 원더화이트 / JN8318,"189,000원",25%,"140,990원",아디다스,https://image.musinsa.com/mfile_s01/_brand/free_medium/adidas.png?20240220140057,상의,니트/스웨터,https://image.msscdn.net/thumbnails/images/goods_img/20241004/4485636/4485636_17285406132580_big.jpg?w=1200,https://image.msscdn.net/thumbnails/images/prd_img/20241004/4485636/detail_4485636_17285406197515_big.jpg?w=1200,https://image.msscdn.net/thumbnails/images/prd_img/20241004/4485636/detail_4485636_17285406206936_big.jpg?w=1200,https://image.msscdn.net/thumbnails/images/prd_img/20241004/4485636/detail_4485636_17285406235579_big.jpg?w=1200,knit_0392,152,800회 이상 (최근 1개월),없음,후기 15개,4.9,스타일이 힙하고 좋어요 소재는 면이라 따갑지 않아요 상당히 루즈핏이네요. 가오리핏이라서 코트나 패딩 입으면 겨드랑이가 좀 불편하지만 예뻐서 품습니다,한달후기 깔끔하고 니트 재질도 좋고 입었을때 너무 이뻐요ㅋㅋ,한달후기 너무좋아요 색감이 웜톤에딱입니다 웜톤분들 꼭사세요,사이즈 딱 넉낙하고 은은하지만 대빵만한 로고도이쁘구 재생소재는 안 까끌거려서 너무 좋아요  품절전에사세요 ㅋㄷ,세트로 구매하길 잘했어요 너무 예뻐요 xs하길 잘했어요 사이즈 딱이에요
https://www.musinsa.com/products/4581355,[DE LUXE] 데일리 재니스 브이넥 니트 DLX1512 (4 COLOR),"59,900원",33%,"39,900원",앨빈클로,https://image.musinsa.com/mfile_s01/_brand/free_medium/alvinclo.png?20220318155226,상의,니트/스웨터,https://image.msscdn.net/thumbnails/images/goods_img/20241101/4581355/4581355_17337277566056_big.jpg?w=1200,https://image.msscdn.net/thumbnails/images/prd_img/20241101/4581355/detail_4581355_17304353832299_big.jpg?w=1200,https://image.msscdn.net/thumbnails/images/prd_img/20241101/4581355/detail_4581355_17304353840096_big.jpg?w=1200,https://image.msscdn.net/thumbnails/images/prd_img/20241101/4581355/detail_4581355_17304353865776_big.jpg?w=1200,knit_0393,208,2.4천 회 이상 (최근 1개월),없음,후기 4개,없음,너무 부드럽고 잘맞는 사이즈에요 재구매 의사잇어요,사이즈도 딱 맞고 보시는거와 같이 너무 이뻐요!! 다른 분들도 추천,한달후기 낙낙하게 입기 좋았습니다 다른 색상도 구매하고싶네요,저렴한 가격에 무난하게 입을 니트네요ㅎㅎ 안에 흰티를 겹쳐있으면 더 이뻐요,없음
https://www.musinsa.com/products/4671557,VLAD 로고 자수 니트 후드 티셔츠_멜란지,"49,900원",20%,"39,900원",디미트리블랙,https://image.musinsa.com/mfile_s01/_brand/free_medium/dimitriblack.png?20210325153706,상의,니트/스웨터,https://image.msscdn.net/thumbnails/images/goods_img/20241218/4671557/4671557_17356200847953_big.jpg?w=1200,https://image.msscdn.net/thumbnails/images/prd_img/20241218/4671557/detail_4671557_17356200926458_big.jpg?w=1200,https://image.msscdn.net/thumbnails/images/prd_img/20241218/4671557/detail_4671557_17356202103507_big.jpg?w=1200,https://image.msscdn.net/thumbnails/images/prd_img/20241218/4671557/detail_4671557_17352616531794_big.jpg?w=1200,knit_0394,57,없음,없음,없음,없음,없음,없음,없음,없음,없음
https://www.musinsa.com/products/4421526,에센셜 크롭 헤어리 라운드 니트_오트밀,"52,500원",24%,"39,900원",디미트리블랙,https://image.musinsa.com/mfile_s01/_brand/free_medium/dimitriblack.png?20210325153706,상의,니트/스웨터,https://image.msscdn.net/thumbnails/images/goods_img/20240909/4421526/4421526_17268221939089_big.jpg?w=1200,https://image.msscdn.net/thumbnails/images/prd_img/20240909/4421526/detail_4421526_17268222161660_big.jpg?w=1200,https://image.msscdn.net/thumbnails/images/prd_img/20240909/4421526/detail_4421526_17268222169358_big.jpg?w=1200,https://image.msscdn.net/thumbnails/images/prd_img/20240909/4421526/detail_4421526_17268222337630_big.jpg?w=1200,knit_0395,"1,128",100회 이상 (최근 1개월),없음,후기 47개,4.8,개이쁨 ㄹㅇ로 크롭니트중 원탑 진짜 후회안함 너무이뻐,연핑크색 사고 너무 마음에 들어서 흰색도 샀어요 조만간 초록색도 사지 않을지… ㅎㅎ 보드랍고 따뜻한데 3만원이라니 ㅠ 최곱니닷,여동생 사줬는데 정말 좋아하네요 포인트 상의로 참 좋내요,한달후기 부들부들 촉감 엄청 부드럽고 전정기 일어나는 재질도 아니예요,"질도 좋고, 따듯해서 가볍게 매칭해서 입기 좋았어요!"
https://www.musinsa.com/products/4313869,[장원영 Pick]CUT OUT RIBBON BOARDER KNIT BLACK,"75,000원",10%,"67,500원",로라로라,https://image.musinsa.com/mfile_s01/_brand/free_medium/rolarola.png?20220210144021,상의,니트/스웨터,https://image.msscdn.net/thumbnails/images/goods_img/20240809/4313869/4313869_17242951846600_big.jpg?w=1200,없음,없음,https://image.msscdn.net/thumbnails/images/prd_img/20240809/4313869/detail_4313869_17242951996407_big.jpg?w=1200,knit_0396,"11,274",4만 회 이상 (최근 1개월),없음,후기 139개,4.9,#데이트룩 팔뚝 얇아보이고 도톰해서 요즘 날씨에 입기 딱이에요,구매한지 두달정도 되었는데 잘 입고있어요 보플도 안생기는 것 같고 좋습니더 팔 기장감도 넉넉하고 입으면 말라보이는 옷인 것 같아요 ✦ ✧ ⋆⁺₊⋆ 무엇보다 보들보들 소재가 너무 좋음 사길 잘 한 옷ㅠ,한달후기 니트재질 너무 부드럽고 좋아요 잘입고 다니고 있습니다,킼 !,생각보다 목부분이 많이 파이지 않은 것 같아서 좋아요. 일반 브래지어 착용했을 때 티도 안나서 좋았어요. 핏이 너무 이쁘고 생각보다 많이 달라붙지 않아요.
https://www.musinsa.com/products/4328688,헤어리 그래픽 로고 오버핏 자카드 니트 (BLACK),"52,000원",23%,"39,800원",트릴리온,https://image.musinsa.com/mfile_s01/_brand/free_medium/trillion.png?20210702123042,상의,니트/스웨터,https://image.msscdn.net/thumbnails/images/goods_img/20240814/4328688/4328688_17249553996228_big.jpg?w=1200,https://image.msscdn.net/thumbnails/images/prd_img/20240814/4328688/detail_4328688_17249554091738_big.jpg?w=1200,https://image.msscdn.net/thumbnails/images/prd_img/20240814/4328688/detail_4328688_17249554105534_big.jpg?w=1200,https://image.msscdn.net/thumbnails/images/prd_img/20240814/4328688/detail_4328688_17249554166145_big.jpg?w=1200,knit_0397,"9,071",3만 회 이상 (최근 1개월),3.4천 개 이상,후기 342개,4.7,라지 사이즈 생각보다 훨씬 루즈핏이예요! 배송 기다리다 죽기 직전 이었는데 이뻐서 용서함,배송도 빠르고 컬러감도 좋고 디자인 이뻐요 착용감이 좋아요,남자용이라서 너무 크거나 핏이 이상할까봐 걱정했는데 m으로 사니까 오버핏으로 괜찮아용 그리고 재질 완존 보들보들보들보들 털털털털입니더 참고하세요 저는 탄탄한 니트 재질인줄 알고 사서ㅋ 힙찔이 될 수 있어요 근데 여성분들은 160중후반 아래시면 추천XX 제가 167-168인데 꽤 오버핏이에요,아직 중학생인 아들이 처음으로 고른 니트입니다. 덩치가 작아 옷이좀 크지만 아이는 좋아하네요. 니트다보니 좀 무게감도 있긴 합니다,옷 엄청 예뻐요 넘 맘에듭니다 옷 자체도 탄탄하고 묵직해요 자주자주 입고 있어요
https://www.musinsa.com/products/4314531,PONY STRIPE KNIT / BLACK,없음,없음,"67,000원",애즈온,https://image.musinsa.com/mfile_s01/_brand/free_medium/ason.png?20240513134427,상의,니트/스웨터,https://image.msscdn.net/thumbnails/images/goods_img/20240809/4314531/4314531_17231810534839_big.jpg?w=1200,https://image.msscdn.net/thumbnails/images/prd_img/20240809/4314531/detail_4314531_17231812168553_big.jpg?w=1200,https://image.msscdn.net/thumbnails/images/prd_img/20240809/4314531/detail_4314531_17231812174456_big.jpg?w=1200,https://image.msscdn.net/thumbnails/images/prd_img/20240809/4314531/detail_4314531_17231812193121_big.jpg?w=1200,knit_0398,"49,339",2만 회 이상 (최근 1개월),1.7천 개 이상,후기 252개,4.5,"오..음.. 재질 쌉 구려용.. 근데 핏은 또 예쁘고 근데 얇고 초겨울만 가능하고 한겨울은 노농.,. ㅠ.ㅠ","음,, 옷은 예쁜데 뭔가 생각이랑은 좀 달라요 일단 마감이 진짜 엉망진창,, 알파카 울이라고 기재되어 있는 걸 보고 샀는데 정말 가격이 의심스러울 정도로 얇고 마감이 제대로 안 된,, 부직포로 만든 인형옷 같은 느낌이에요 특히 밑단이랑 안쪽 덧대진 부분은 풀리기 일보직전,, 핏은 예뻐요,, 글고 거칠거칠합니다 ㅜㅜ 아 무신사에서 산 것 중 가장 별루임 ㅜㅜ 옷은 그래도 이쁜데 가격대비 정말 ㅎㅎ,,ㅠ",넓은 브이넥이라 한쪽 오프숄더로 입어도 예쁘고 그냥 입어도 여리여리하고 예뻐요 핏이 마음에 들어오 처음엔 많이 까끌하다고 느꼈는데 아니여요 입다보니까 괜찮더라구여 그리고 하의는 웬만한 거 다 잘 어울리는데 흑청이 젤 색감 잘 맞구 예쁜거 같아용,일자바지나 청바지에 잘어울리거 같아요,"생각보다 작고, 얇고, 가벼웠어요 아직 더워도 미리 사는 거 추천 단독으로 입으려면 초가을 오자마자 바로 입어주야 합니다 가을 다 오고 나서 사면 아쉬울듯 그리고 내가 마른 편이다 -> 필수템 내가 바로 여리여리 가을여자 쌥가능"
https://www.musinsa.com/products/4303985,워셔블 케이블 라운드 풀오버 [블랙],"59,000원",33%,"39,530원",르뎁트,https://image.musinsa.com/mfile_s01/_brand/free_medium/ledept.png?20240318155835,상의,니트/스웨터,https://image.msscdn.net/thumbnails/images/prd_img/20240807/4303985/detail_4303985_17274020253898_big.jpg?w=1200,https://image.msscdn.net/thumbnails/images/prd_img/20240807/4303985/detail_4303985_17235967870450_big.jpg?w=1200,없음,https://image.msscdn.net/thumbnails/images/goods_img/20240807/4303985/4303985_17274020192960_big.jpg?w=1200,knit_0399,179,450회 이상 (최근 1개월),없음,후기 11개,4.6,한달후기 예쁜데 사이즈가 크네요ㅠ 어차피 키 클거니까 환불은 안했지만 조금 작게 사는걸 추천해요,한달후기 포근하고 조아용! 근데 폴로처럼 얇고 그런 재질 생각하시면 아쉬울수도..? 전 빨래도 가능해서 편하게 잘 입고있습니다,두툼하고 편하게자주입을거같아요 핏도좋아욤,원하는디자인에 깔끔하니이뻐요 잘입고다닐듯해요,한달후기 오빠가 좋아하더군 오빠가 좋으면 나두 좋지 뭐 *^^*옹
https://www.musinsa.com/products/4310109,메리노울 하프 집업 니트 멜란지 블랙,"154,000원",10%,"138,600원",애습,https://image.musinsa.com/mfile_s01/_brand/free_medium/asp.png?20220623172914,상의,니트/스웨터,https://image.msscdn.net/thumbnails/images/goods_img/20240808/4310109/4310109_17312992395174_big.jpg?w=1200,https://image.msscdn.net/thumbnails/images/prd_img/20240808/4310109/detail_4310109_17312992443767_big.jpg?w=1200,https://image.msscdn.net/thumbnails/images/prd_img/20240808/4310109/detail_4310109_17312992516502_big.jpg?w=1200,https://image.msscdn.net/thumbnails/images/prd_img/20240808/4310109/detail_4310109_17232749545554_big.jpg?w=1200,knit_0400,272,2.2천 회 이상 (최근 1개월),없음,후기 11개,없음,한달후기 원단도 탄탄하고 보풀 생기는거 없이 아직 잘 입고있습니다.,배송이 빨라서 좋았어요 촉감이 너무 부드러워요 자주 입을 하프집업니트네요,배송이 빨라서 좋았어요 촉감이 너무 부드러워요 스타일링도 편해요 자주 입을 것 같아요,뚜깨 좋고 출근룩으로 딱 좋은거 같아요. 애습에서는 바지만 샀었는데 다른 제품들도 좋네요.,탄탄하고 블랙이라 여기저기 무난하게 활용하기 좋아요!
