detail_url,product_name,product_price,discount_rate,final_price,brand_name,brand_image,category,category_sub,product_images_1,product_images_2,product_images_3,product_images_4,product_code,heart_cnt,numof_views,total_sales,review_cnt,review_rating,review1,review2,review3,review4,review5
https://www.musinsa.com/products/4751582,레이어드 롱슬리브 (블랙),"98,000원",15%,"83,300원",주앙옴므,https://image.musinsa.com/mfile_s01/_brand/free_medium/juanhomme.png?20240912111401,상의,긴소매 티셔츠,없음,없음,없음,https://image.msscdn.net/thumbnails/images/goods_img/20250203/4751582/4751582_17389162199290_big.jpg?w=1200,longsl_0001,25,150회 이상 (최근 1개월),없음,없음,없음,없음,없음,없음,없음,없음
https://www.musinsa.com/products/4699576,헤비 코튼 헨리넥 니트 (4COLOR),"87,000원",10%,"78,300원",파브레가,https://image.musinsa.com/mfile_s01/_brand/free_medium/fabregat.png?20220303174256,상의,긴소매 티셔츠,https://image.msscdn.net/thumbnails/images/goods_img/20250106/4699576/4699576_17386670259444_big.jpg?w=1200,https://image.msscdn.net/thumbnails/images/prd_img/20250106/4699576/detail_4699576_17386669524883_big.jpg?w=1200,https://image.msscdn.net/thumbnails/images/prd_img/20250106/4699576/detail_4699576_17386669561627_big.jpg?w=1200,https://image.msscdn.net/thumbnails/images/prd_img/20250106/4699576/detail_4699576_17386669642287_big.jpg?w=1200,longsl_0002,242,3.1천 회 이상 (최근 1개월),없음,후기 4개,없음,두께가 있는 헨리넥을 찾던 도중 발견했습니다-! 색감도 이쁘고 좋아요! 팔이 좀 길긴 하지만 괜찮아요! 모델님 셔츠레이어드를 따라 했지만 따라가지 못하네요 ㅠ 옷은 넘 이뻐영!,얇은 니트가 아니고 두께감이 있는 코튼재질의 니트에요 데릭님과 함께 콜라보한 브이넥니트 정도 두께감? 이라고 생각하시면 됩니다,여리여리한 느낌이 아닌 탄탄한 느낌의 헨리넥을 찾고 있었는데 파브레가에서 찾았네요 두께감 있고 여유로운핏이 너무 마음에 들어요 셔츠 레이어드하면 너무 좋을것같아요,여리여리한 느낌이 아닌 탄탄한 느낌의 헨리넥을 찾고 있었는데 파브레가에서 찾았네요 두께감 있고 여유로운핏이 너무 마음에 들어요 셔츠 레이어드하면 너무 좋을것같아요,없음
https://www.musinsa.com/products/4348635,TCM mini logo stripe long sleeve (pink/red),"54,000원",10%,"48,600원",더콜디스트모먼트,https://image.musinsa.com/mfile_s01/_brand/free_medium/thecoldestmoment.png?20200710145248,상의,긴소매 티셔츠,https://image.msscdn.net/thumbnails/images/goods_img/20240820/4348635/4348635_17254110112634_big.jpg?w=1200,https://image.msscdn.net/thumbnails/images/prd_img/20240820/4348635/detail_4348635_17254110185097_big.jpg?w=1200,https://image.msscdn.net/thumbnails/images/prd_img/20240820/4348635/detail_4348635_17254110194724_big.jpg?w=1200,https://image.msscdn.net/thumbnails/images/prd_img/20240820/4348635/detail_4348635_17254110216549_big.jpg?w=1200,longsl_0003,"8,264",1.6만 회 이상 (최근 1개월),1.2천 개 이상,후기 199개,4.8,긔야워요 저거 불가사리택배오는거 아쥬 귀얍ㅈ스으디너,믿고사는 슬리브 맛집ㅠㅜ 재질도 그렇고 색도 귀여움,옷이 너무 탄탄해요. 어떻게 이렇게 만들어요? 그들은 신인가?,이 옷 입은 내가 너무 귀여워요 ㅋ 두살은 더 어려진듯 푸핫,귀얍습니다….🥰 꼭 흑청이랑 같이 입으십시오… 카와이ㅎㅐ여
https://www.musinsa.com/products/4348641,TCM mini logo stripe long sleeve (sky blue/charcoal),"54,000원",10%,"48,600원",더콜디스트모먼트,https://image.musinsa.com/mfile_s01/_brand/free_medium/thecoldestmoment.png?20200710145248,상의,긴소매 티셔츠,https://image.msscdn.net/thumbnails/images/goods_img/20240820/4348641/4348641_17254109815864_big.jpg?w=1200,https://image.msscdn.net/thumbnails/images/prd_img/20240820/4348641/detail_4348641_17254109891946_big.jpg?w=1200,https://image.msscdn.net/thumbnails/images/prd_img/20240820/4348641/detail_4348641_17254109902414_big.jpg?w=1200,https://image.msscdn.net/thumbnails/images/prd_img/20240820/4348641/detail_4348641_17254109923775_big.jpg?w=1200,longsl_0004,"11,408",2만 회 이상 (최근 1개월),1.8천 개 이상,후기 277개,4.8,예쁘고 귀여움 근데 사이즈가 많이커요,휘뚤마뚤입기 좋은 슬리브예요 생각보다 짱짱해서 좋았고요 핏도 좋았습니다 어깨라인 핏만 좀 아쉬웠고 나머지 다 만족해요 스트라이프패턴이 특히 예뻐요,한달후기 정가에 구매하긴 아까워서 할인해서 3만원 초반대일 때 구매했어요. 스트라이프 하나만 보고 산 거라 질은 기대 안 했는데 생각보다 좋았어요. 목부분도 짱짱하고 슬리브인데 너무 얇지 않아서 만족했습니다. 평소 크게 입는 거 좋아하는데도 가슴단면보니 크게 나온 거 같아서 M샀더니 딱 만족할 핏 나와서 좋아요,세상에서 가장 귀여운 옷이에요 빨아도 변형없이 잘 유지돼용 시험기간에 입으면 딱@@@@좋아요 휘뚤마뚤 추리닝이랑 같이 입어서 손이 자주갑니다! 전 오랫동안 고민하고 질렀는데 후회 절대 안해요… 올해 최고의 소비. 정말귀여움,귀여운 맛으로 한 번 사봤는데 이 티셔츠 보고 있으면 어지러워요 ㅋㅋ ㅠ 봄 가을에 이쁘게 입을 수 있을 것 같아요 ! 더콜디는 롱슬리브 맛집이에요 오래 입을 수 있을 만큼 탄탄한 !!!
https://www.musinsa.com/products/4730912,리브드 헨리넥 티셔츠 [BLACK],"44,000원",20%,"35,200원",드로우핏,https://image.msscdn.net/mfile_s01/_brand/free_medium/drawfit.png?20200608153142,상의,긴소매 티셔츠,https://image.msscdn.net/thumbnails/images/goods_img/20250120/4730912/4730912_17374390856578_big.jpg?w=1200,https://image.msscdn.net/thumbnails/images/prd_img/20250120/4730912/detail_4730912_17374390956275_big.jpg?w=1200,https://image.msscdn.net/thumbnails/images/prd_img/20250120/4730912/detail_4730912_17374390965730_big.jpg?w=1200,https://image.msscdn.net/thumbnails/images/prd_img/20250120/4730912/detail_4730912_17374390999464_big.jpg?w=1200,longsl_0005,523,4.4천 회 이상 (최근 1개월),없음,후기 9개,4.4,소화하기 쉽지는 않은 옷같아요 세로 줄무늬에 붙는핏이라 실루엣이 잘보여서 마른분들은 고민좀 해봐야 할거같네요,소화하기 쉽지는 않은 옷같아요 세로 줄무늬에 붙는핏이라 실루엣이 잘보여서 마른분들은 고민좀 해봐야 할거같네요,생각보다 두툼하고 이너로 입기에 딱일 것 같습니다,얇으면서 맨살에 입어도 불편하지않아서 좋네요. 그레이 사려다가 블랙 샀는데 잘산거같네요. 이너용으로 연출하면 예쁘게 입을거같아요.,기본템으로 추천드려요 블랙룩좋아하시면 편하게 입기좋아요
https://www.musinsa.com/products/4366073,460G 컷 헤비 피그먼트 롱 슬리브-워시드 블랙-,"71,700원",40%,"43,000원",소버먼트,https://image.musinsa.com/mfile_s01/_brand/free_medium/sovermentwithlomort.png?20201105164327,상의,긴소매 티셔츠,없음,없음,없음,https://image.msscdn.net/thumbnails/images/goods_img/20240823/4366073/4366073_17250158703927_big.jpg?w=1200,longsl_0006,"1,463",7.5천 회 이상 (최근 1개월),1.7천 개 이상,후기 302개,4.9,"소버먼트 특유의 느낌. 딱 생각했던 재질, 핏, 색감입니다. 만족합니다^^",핏도좋고 건조기돌려서 살짝줄여입으면 오버하게 떨어져요,저같은 큰 사이즈를 원하는 분께는 딱인 옷이라는 생각이들어요. 그리고 등 윗부분에 가로줄이 있어서 덜밋밋해서 의외로 좋아요. 단점이라면 천이 생각보다 팔랑팔랑?거린다는거 뿐이에요.,배송도 빠르고 탄탄하니 마음에 듭니다 역시 소버먼트입니다,소버먼트옷은 항상좋습니다 늘어나지도않고 이뻐요
https://www.musinsa.com/products/4515584,패턴 머슬 헨리넥 니트티 [차콜],없음,없음,"39,900원",바우로 프로덕트,https://image.musinsa.com/mfile_s01/_brand/free_medium/bowlow.png?20240520135539,상의,긴소매 티셔츠,https://image.msscdn.net/thumbnails/images/prd_img/20241014/4515584/detail_4515584_17288957058455_big.jpg?w=1200,https://image.msscdn.net/thumbnails/images/prd_img/20241014/4515584/detail_4515584_17288957032348_big.jpg?w=1200,없음,https://image.msscdn.net/thumbnails/images/goods_img/20241014/4515584/4515584_17288956936284_big.jpg?w=1200,longsl_0007,634,8천 회 이상 (최근 1개월),없음,후기 31개,4.6,얇은 소재이고 핏은 나쁘지 않았습니다. 배송 좋았어요,적당히 핏한 소재로 잘 나왔습니다. 딱 제가 원하는 그런 느낌의 소재에요 잘 입도록 할게요!!,살짝 얇긴한데 이너로 입기에 찰떡입니다. 잘입을게요,핏이랑 컬러가 좋고 부드러워요 근데 생각보다 더 얇네요,생각보다 얇고 소매가 길어요 하지만 소매 걷으면 진짜 예뻐요 ㅎㅎ 전완근 크신 분들 무조건 사세요
https://www.musinsa.com/products/4308203,VLAD 피그먼트 슬래쉬 롱슬리브 티셔츠_차콜,"45,900원",36%,"29,600원",디미트리블랙,https://image.musinsa.com/mfile_s01/_brand/free_medium/dimitriblack.png?20210325153706,상의,긴소매 티셔츠,https://image.msscdn.net/thumbnails/images/goods_img/20240808/4308203/4308203_17240583743289_big.jpg?w=1200,https://image.msscdn.net/thumbnails/images/prd_img/20240808/4308203/detail_4308203_17240492823264_big.jpg?w=1200,https://image.msscdn.net/thumbnails/images/prd_img/20240808/4308203/detail_4308203_17240492814651_big.jpg?w=1200,https://image.msscdn.net/thumbnails/images/prd_img/20240808/4308203/detail_4308203_17236032065361_big.jpg?w=1200,longsl_0008,"8,380",950회 이상 (최근 1개월),2.8천 개 이상,후기 408개,4.9,남성 · 181cm · 75kg,체구가 작은데 옷 자체가 탄탄해서 핏이 안 망가져서 말라보이지 않아서 좋아요 170이상 아니면 여성분들은 s하면 적당히 오버핏 되서 예쁠거 같아요,후기보고 구매했는데 역시 실패는 없어요! 재질도 좋고 워싱이 기가 막히네요ㅋㅋ 여자분들은 S하면 품이나 기장 딱 맞을거 같아요 팔길이 긴 편인데도 소매는 약간 남아요,사이즈도 잘 맞고 이쁩니다 ㅎ 간절기때 입기 딱 좋은거같아요 !,개인적으로 요즘 피그먼트에 빠져서 슬슬 가을 오는것 같아서 긴팔 구매하려고 알아보다가 디미트리블랙 롱슬리브 티서츠 핏이 예뻐보여서 구매했습니다. 살짝 오버핏이고 기장도 만족합니다!
https://www.musinsa.com/products/4457093,Black leopard cross necklace top,없음,없음,"49,000원",일리오,https://image.musinsa.com/mfile_s01/_brand/free_medium/illio.png?20240315153926,상의,긴소매 티셔츠,https://image.msscdn.net/thumbnails/images/goods_img/20240924/4457093/4457093_17272505741967_big.jpg?w=1200,https://image.msscdn.net/thumbnails/images/prd_img/20240924/4457093/detail_4457093_17272642775118_big.jpg?w=1200,https://image.msscdn.net/thumbnails/images/prd_img/20240924/4457093/detail_4457093_17272642788322_big.jpg?w=1200,https://image.msscdn.net/thumbnails/images/prd_img/20240924/4457093/detail_4457093_17272642762155_big.jpg?w=1200,longsl_0009,"3,477",1.5만 회 이상 (최근 1개월),없음,후기 81개,4.9,3개 남았다길래 후다닥 결제했는데 재질 너무 쫜쫜하구 목걸이 처럼 돼있는 디테일 미쳐벌여요 어깨도 넓은편인데 딱 맞아서 너무 행복해요 흑흑 굿소비,한달후기 화이트보단 블랙이 더 예쁜 거 같아용 좀 헐렁했지만 디자인이 예뻐요!! 체인이랑 호피가 포인뚜예용,넘 이뻐요! 무신사 덕분에 기분좋은 쇼핑성공 히희,목도 적당히 파여있고 소매도 적당히 길어서 여리여리한핏 쌉가능입니다 그리고 이 옷에 포인트 체인으로 목걸이까지 하면 너무 예뻐요,목도 적당히 파여있고 소매도 적당히 길어서 여리여리한핏 쌉가능입니다 그리고 이 옷에 포인트 체인으로 목걸이까지 하면 너무 예뻐요
https://www.musinsa.com/products/4762401,PTR 워밍업 하이넥 피스테 오렌지(UQ121SWT21),"129,000원",5%,"122,550원",엄브로,https://image.msscdn.net/mfile_s01/_brand/free_medium/umbro.png?20200608153142,상의,긴소매 티셔츠,https://image.msscdn.net/thumbnails/images/goods_img/20250206/4762401/4762401_17388177409730_big.jpg?w=1200,https://image.msscdn.net/thumbnails/images/prd_img/20250206/4762401/detail_4762401_17388091545902_big.jpg?w=1200,https://image.msscdn.net/thumbnails/images/prd_img/20250206/4762401/detail_4762401_17388091549365_big.jpg?w=1200,https://image.msscdn.net/thumbnails/images/prd_img/20250206/4762401/detail_4762401_17388091553376_big.jpg?w=1200,longsl_0010,1,없음,없음,없음,없음,없음,없음,없음,없음,없음
https://www.musinsa.com/products/4265170,Plan L/S Tee Black,없음,없음,"65,000원",테켓,https://image.msscdn.net/mfile_s01/_brand/free_medium/teket.png?20240722134232,상의,긴소매 티셔츠,없음,없음,없음,https://image.msscdn.net/thumbnails/images/goods_img/20240722/4265170/4265170_17237780102807_big.jpg?w=1200,longsl_0011,"3,241",1.4만 회 이상 (최근 1개월),없음,후기 138개,4.9,재질도 괜찮고 길이도 적당해서 편하게 입기 좋은 거 같아요,예쁜 롱슬리브 하나 얻었네요 ~ 핏도 좋구 대충 입을 때 좋음,휘뚜루마뚜루 딱이에요 앞에 로고가 밋밋하지않아서 더 맘에들어요,추리닝에도 고냥 바지에도 다 잘어울리고 테켓은 그냥 테켓이죠 더 말할 것도 없어요!!!,예약 배송이래서 기다릴라고 시켰는데 하루만에 옴 👍🏻👍🏻 이뻐요
https://www.musinsa.com/products/4734738,슬림핏 버튼 레이어드 롱슬리브 [BLACK],"48,000원",10%,"43,200원",레더리,https://image.musinsa.com/mfile_s01/_brand/free_medium/leathery.png?20220124140405,상의,긴소매 티셔츠,https://image.msscdn.net/thumbnails/images/goods_img/20250121/4734738/4734738_17376123092011_big.jpg?w=1200,https://image.msscdn.net/thumbnails/images/prd_img/20250121/4734738/detail_4734738_17376123178791_big.jpg?w=1200,없음,https://image.msscdn.net/thumbnails/images/prd_img/20250121/4734738/detail_4734738_17376123187100_big.jpg?w=1200,longsl_0012,697,5.2천 회 이상 (최근 1개월),없음,후기 1개,없음,이쁘고 입기편해요 파인부분도 이쁘구요 여리여리해보이고 전체적으로 맘에쏙듭니다! 여기브랜드 옷자체가 다 이쁜거같아여 성공!,없음,없음,없음,없음
https://www.musinsa.com/products/4339000,Honda Motorcycle Piping Jersey Blue,"89,000원",30%,"62,300원",혼다 모터사이클,https://image.musinsa.com/mfile_s01/_brand/free_medium/hondaxphyps.png?20240208185624,상의,긴소매 티셔츠,https://image.msscdn.net/thumbnails/images/goods_img/20240816/4339000/4339000_17238011660839_big.jpg?w=1200,https://image.msscdn.net/thumbnails/images/prd_img/20240816/4339000/detail_4339000_17238011667795_big.jpg?w=1200,https://image.msscdn.net/thumbnails/images/prd_img/20240816/4339000/detail_4339000_17238011670532_big.jpg?w=1200,https://image.msscdn.net/thumbnails/images/prd_img/20240816/4339000/detail_4339000_17238011675659_big.jpg?w=1200,longsl_0013,703,2.3천 회 이상 (최근 1개월),없음,후기 12개,4.8,한달후기 너무나 잘 입고 있습니다. 튼튼하고 안감이 있어서 따뜻하고 세탁시에도 변함이 없네요. 혼다 최고,사이즈 원단 다 맘에 들아여!! 오버핏으러 싹싹이에여!,한달후기 아 너무 잘샀어요~ 세일때 사길 잘했어요 교복처럼 입을거없으면 거의 맨날 입는것같아요 데일리로 입기 좋고 입으면 꾸안꾸됩니다,몸이 조금 커보이지만 좋은가격 좋은 품질입니다,실물이 훨씬 이쁘네요. 색감도 상당히 만족스럽습니다. 약간은 얇은감이 있지만 나풀거려서 더 좋습니다.
https://www.musinsa.com/products/4686823,PROTOTYPE HENLEY NECK WAFFLE KNIT (BLACK),없음,없음,"119,000원",이티씨이,https://image.msscdn.net/mfile_s01/_brand/free_medium/etce.png?1733464500665,상의,긴소매 티셔츠,https://image.msscdn.net/thumbnails/images/goods_img/20241231/4686823/4686823_17356305351835_big.jpg?w=1200,https://image.msscdn.net/thumbnails/images/prd_img/20241231/4686823/detail_4686823_17356305442027_big.jpg?w=1200,https://image.msscdn.net/thumbnails/images/prd_img/20241231/4686823/detail_4686823_17356305447819_big.jpg?w=1200,https://image.msscdn.net/thumbnails/images/prd_img/20241231/4686823/detail_4686823_17356305471971_big.jpg?w=1200,longsl_0014,525,9.6천 회 이상 (최근 1개월),없음,후기 9개,4.9,역시 인기 믾은 이유가 있네용 품도 넉넉하니 이쁩니당,옷 너무 이쁘고 뒤에 해골자수가 너무 매력적이네요,퀄리티 좋습니다. 후면 그래픽이 프린팅인 줄 알고 샀었는데 자수여서 놀랐습니다,자수 디테일과 핏 그리고 제질까지 너무 좋아서 강추요!,옷 사고 싶었는데 재입고 되어 바로 질러버렸으.. 매우만족
https://www.musinsa.com/products/4720492,무브먼트 풋볼 져지_블랙,"62,000원",10%,"55,800원",로맨틱크라운,https://image.msscdn.net/mfile_s01/_brand/free_medium/romanticcrown.png?20240418114459,스포츠/레저,상의,https://image.msscdn.net/thumbnails/images/goods_img/20250115/4720492/4720492_17370956626091_big.jpg?w=1200,https://image.msscdn.net/thumbnails/images/prd_img/20250115/4720492/detail_4720492_17370958223674_big.jpg?w=1200,https://image.msscdn.net/thumbnails/images/prd_img/20250115/4720492/detail_4720492_17370960079885_big.jpg?w=1200,https://image.msscdn.net/thumbnails/images/prd_img/20250115/4720492/detail_4720492_17370998012031_big.jpg?w=1200,longsl_0015,98,800회 이상 (최근 1개월),없음,없음,없음,없음,없음,없음,없음,없음
https://www.musinsa.com/products/4412816,[프리미엄 CP30] 세미오버핏 긴팔티 (화이트),"38,500원",35%,"24,900원",리우아,https://image.musinsa.com/mfile_s01/_brand/free_medium/riooa.png?20220701144101,상의,긴소매 티셔츠,없음,없음,없음,https://image.msscdn.net/thumbnails/images/goods_img/20240905/4412816/4412816_17255340039696_big.jpg?w=1200,longsl_0016,526,1.3천 회 이상 (최근 1개월),없음,후기 119개,4.9,한달후기 원단은 엄청 부드럽고 탄탄해요. 근데 좀 얇아서 요즘 날씨에 단품으로 입기에는 별로고 이너로 입으면 좋을거 같아요. 다음에는 좀더 두꺼운걸로 사야겠어요,원단은 엄청 부드럽고 탄탄해요. 근데 좀 얇아서 요즘 날씨에 단품으로 입기에는 별로고 이너로 입으면 좋을거 같아요.,사이즈 재질 값어치 이상하고 팔길이 기본보다 조금 길어서 더 좋네요,"사이즈,재질 뭐하나 빠짐없이 맘에듭니다 팔이 조금 긴편인데 딱 좋게 나왔어요",한달후기 왜 유명한지 알거같은 재질이네요 요즘 이너티 이거만 입어요
https://www.musinsa.com/products/4697828,FOREVER HOMIES LAYERED LS TEE_NAVY(IK2FSMT550A),"59,000원",20%,"47,200원",이스트쿤스트,https://image.musinsa.com/mfile_s01/_brand/free_medium/istkunst.png?20230821172118,상의,긴소매 티셔츠,https://image.msscdn.net/thumbnails/images/goods_img/20250103/4697828/4697828_17373492949759_big.jpg?w=1200,https://image.msscdn.net/thumbnails/images/prd_img/20250103/4697828/detail_4697828_17373492961157_big.jpg?w=1200,https://image.msscdn.net/thumbnails/images/prd_img/20250103/4697828/detail_4697828_17373492963851_big.jpg?w=1200,https://image.msscdn.net/thumbnails/images/prd_img/20250103/4697828/detail_4697828_17373492973147_big.jpg?w=1200,longsl_0017,702,3.7천 회 이상 (최근 1개월),없음,후기 1개,없음,친구가 귀엽다고 해줬습니다. 봄에 주구장창 입을 예정,없음,없음,없음,없음
https://www.musinsa.com/products/4424134,티로 긴팔 자카드 저지 - 블랙 / IX1336,"69,000원",30%,"47,990원",아디다스,https://image.musinsa.com/mfile_s01/_brand/free_medium/adidas.png?20240220140057,상의,긴소매 티셔츠,https://image.msscdn.net/thumbnails/images/goods_img/20240910/4424134/4424134_17261270271840_big.jpg?w=1200,https://image.msscdn.net/thumbnails/images/prd_img/20240910/4424134/detail_4424134_17261270377076_big.jpg?w=1200,https://image.msscdn.net/thumbnails/images/prd_img/20240910/4424134/detail_4424134_17261270387867_big.jpg?w=1200,https://image.msscdn.net/thumbnails/images/prd_img/20240910/4424134/detail_4424134_17261270408648_big.jpg?w=1200,longsl_0018,813,3.5천 회 이상 (최근 1개월),없음,후기 25개,4.9,아디다스 저지가 운동할때 가볍고 편해서 애용합니당 ㅎㅎ 브이넥 좋아요,총 기장이 짧아 제일 큰 사이즈 했는데 잘 맞습니다 다망 소매가 길어서 접어입어야겠네요 어깨 상견이시거나 등빨 있으신 분에게 강추,18375 2XL 오버로 편하게 잘 맞네요 다만 마감이 좀 아쉬워요 실밥 넘 많아서 제거하는데 살짝 귀찮았네요,한달후기 진짜 잘입고 다님 사이즈는 만족인데 핏하게 입고 싶은 분은 한사이즈 작은거 사도 괜찮아 보여요,얇고 후들후들 해요. 편하게 입을수 있을거 같아요.
https://www.musinsa.com/products/4722494,3S 레귤러 긴팔 티 - 블랙 / JC5774,"55,000원",15%,"46,990원",아디다스,https://image.musinsa.com/mfile_s01/_brand/free_medium/adidas.png?20240220140057,상의,긴소매 티셔츠,https://image.msscdn.net/thumbnails/images/goods_img/20250115/4722494/4722494_17370143152377_big.jpg?w=1200,https://image.msscdn.net/thumbnails/images/prd_img/20250115/4722494/detail_4722494_17370143203413_big.jpg?w=1200,https://image.msscdn.net/thumbnails/images/prd_img/20250115/4722494/detail_4722494_17370143211935_big.jpg?w=1200,https://image.msscdn.net/thumbnails/images/prd_img/20250115/4722494/detail_4722494_17370143242582_big.jpg?w=1200,longsl_0019,"1,520",1.4만 회 이상 (최근 1개월),없음,후기 13개,4.8,어깨핏이 너무 예쁘게 떨어지고 디자인도 chill 해서 조아욤ㅎㅎ,165기준 XL 엉덩이 반 정도 덮습니다 품도 적당히 넉넉하고 근데 팔이 긴편도 아닌데 짧습니다..,질도 좋고 가격도 싸게 잘 샀어요! 무신사가 쿠폰 먹이면 제일 싸요,라지도 그렇게 오버하지않고 정핏에 가까워요 그리고 제키에도 소매가 길지않고 짧게 느껴지네요 160초중반 이상이신분들은 무조건 XL하세요,"완전 기본!! 하지만 산뜻하고, 날씬해보이고,군살가려줘요!"
https://www.musinsa.com/products/4704474,아가일 펀칭 롱슬리브_GREY,"69,000원",35%,"44,850원",더블유엠씨,https://image.musinsa.com/mfile_s01/_brand/free_medium/wellmadecom.png?20240213171026,상의,긴소매 티셔츠,https://image.msscdn.net/thumbnails/images/prd_img/20250108/4704474/detail_4704474_17376171499785_big.jpg?w=1200,https://image.msscdn.net/thumbnails/images/prd_img/20250108/4704474/detail_4704474_17376171506310_big.jpg?w=1200,없음,https://image.msscdn.net/thumbnails/images/goods_img/20250108/4704474/4704474_17376171636214_big.jpg?w=1200,longsl_0020,38,550회 이상 (최근 1개월),없음,없음,없음,없음,없음,없음,없음,없음
https://www.musinsa.com/products/4348596,TCM shine long sleeve (white/ivory),"49,000원",10%,"44,100원",더콜디스트모먼트,https://image.musinsa.com/mfile_s01/_brand/free_medium/thecoldestmoment.png?20200710145248,상의,긴소매 티셔츠,https://image.msscdn.net/thumbnails/images/goods_img/20240820/4348596/4348596_17241394582142_big.jpg?w=1200,https://image.msscdn.net/thumbnails/images/prd_img/20240820/4348596/detail_4348596_17241394660651_big.jpg?w=1200,https://image.msscdn.net/thumbnails/images/prd_img/20240820/4348596/detail_4348596_17241394669457_big.jpg?w=1200,https://image.msscdn.net/thumbnails/images/prd_img/20240820/4348596/detail_4348596_17241394685517_big.jpg?w=1200,longsl_0021,"5,147",4.9천 회 이상 (최근 1개월),없음,후기 41개,4.8,아 진짜 캐이뻐요 핏도 좋고.... 포인트 너무 귀엽고 질도 좋아요 tcm이 너무좋다고말해 tcm이너무좋다,한달후기 완전 이뿌고 손에 잘 잡히는 것 같아요 더콜디 많이 애용하는데 다음에도 사야갰어요,한달후기 그래픽이 마음에 들어서 샀는데 옷 사이즈도 좋아요 소매가 좀 많이 길긴하지만 접어서 입는중..,디자인이 유니크해서 마음에 들고 편하게 입을 수 있어서 좋은 것 같아요,생각보다 너무 예뻤어요!! 재질도 좋고 자주 입을 것 같아요
https://www.musinsa.com/products/4603193,레이어 터틀넥 핑거홀 슬리브스 (그레이),없음,없음,"43,000원",베르드누아,https://image.musinsa.com/mfile_s01/_brand/free_medium/berdenoir.png?20230811134940,상의,긴소매 티셔츠,없음,없음,없음,https://image.msscdn.net/thumbnails/images/goods_img/20241111/4603193/4603193_17312982003574_big.jpg?w=1200,longsl_0022,"1,263",9.8천 회 이상 (최근 1개월),없음,후기 65개,4.9,"후기가 별로 없어서 도움이 될까 싶어 제품 받자마자 입어보고 바로 후기 작성해 봅니다.^^  우선 두께감은 일반 면 티 같은 느낌이 아니라 찰랑찰랑거리는 기능성 소재에 가깝습니다. 입었을 때 핏감은 얇고 찰랑거리는 소재감이라 루즈한 핏으로 떨어지는데, 제3의 눈이 생겨서 사실 단품으로 활용하기에는 모델처럼 이쁘게 마르신 분들 아니면 쉽지 않을 것 같습니다.  저는 이너용으로 구매했는데, 카라나 브이넥 가디건보다는 라운드넥인 가디건, 맨투맨이나 후드티 등과 잘 어울리는 것 같습니다. 밑단이 여유 있게 나와서 자켓이랑 입었을 때는 밑단이 떠서 지저분해 보이는 것 같아서 넣입해서 입어야 할 것 같습니다. 겨울 지나도 봄 가을에도 충분히 잘 활용할 것 같고, 보온성도 적당히 챙겨서 따뜻할 것 같네요.  사이즈는 170/72 기준으로 M 구매했는데 딱 좋습니다. 저랑 스펙 비슷하신 분들이나 평균 체형이라면 M으로 가시면 될 것 같습니다.  아쉬운 점으로는 처음 받았을 때 창고 냄새? 같은 특징적인 냄새가 있었고, 엄지손가락 들어가는 핑거홀이 제 손에는 살짝 끼는 느낌이 있었고 쉽게 늘어날 것 같다는 생각이 들었으나 이건 어쩔 수 없는 것 같습니다.  감성있는 터틀넥 이너 가성비로 찾으시는 분들께는 강력 추천드립니니다. 궁금하신 점 있으시면 댓글 남겨주세요!  도움 되셨다면 <좋아요> 한 번씩만 부탁드립니다🙏🏻","후기가 별로 없어서 도움이 될까 싶어 제품 받자마자 입어보고 바로 후기 작성해 봅니다.^^  우선 두께감은 일반 면 티 같은 느낌이 아니라 찰랑찰랑거리는 기능성 소재에 가깝습니다. 입었을 때 핏감은 얇고 찰랑거리는 소재감이라 루즈한 핏으로 떨어지는데, 제3의 눈이 생겨서 사실 단품으로 활용하기에는 모델처럼 이쁘게 마르신 분들 아니면 쉽지 않을 것 같습니다.  저는 이너용으로 구매했는데, 카라나 브이넥 가디건보다는 라운드넥인 가디건, 맨투맨이나 후드티 등과 잘 어울리는 것 같습니다. 밑단이 여유 있게 나와서 자켓이랑 입었을 때는 밑단이 떠서 지저분해 보이는 것 같아서 넣입해서 입어야 할 것 같습니다. 겨울 지나도 봄 가을에도 충분히 잘 활용할 것 같고, 보온성도 적당히 챙겨서 따뜻할 것 같네요.  사이즈는 170/72 기준으로 M 구매했는데 딱 좋습니다. 저랑 스펙 비슷하신 분들이나 평균 체형이라면 M으로 가시면 될 것 같습니다.  아쉬운 점으로는 처음 받았을 때 창고 냄새? 같은 특징적인 냄새가 있었고, 엄지손가락 들어가는 핑거홀이 제 손에는 살짝 끼는 느낌이 있었고 쉽게 늘어날 것 같다는 생각이 들었으나 이건 어쩔 수 없는 것 같습니다.  감성있는 터틀넥 이너 가성비로 찾으시는 분들께는 강력 추천드립니니다. 궁금하신 점 있으시면 댓글 남겨주세요!  도움 되셨다면 <좋아요> 한 번씩만 부탁드립니다🙏🏻",이너로 입었는데 따뜻하고 너무 좋네요 재질도 부드럽습니다,재질 너무 부드럽고 흐물거리는 핏이 너무 이뻐요,어느옷이든 이너로 입기에 괜찮고 핑거홀 디테일도 좋아요
https://www.musinsa.com/products/4573809,골지 더블 레이어드 홀터넥 슬림 롱 슬리브리스 긴소매 티셔츠 [블랙],"34,000원",20%,"27,200원",플레이스 스튜디오,https://image.musinsa.com/mfile_s01/_brand/free_medium/placestudio.png?20240221141901,상의,긴소매 티셔츠,https://image.msscdn.net/thumbnails/images/goods_img/20241030/4573809/4573809_17320617968662_big.jpg?w=1200,https://image.msscdn.net/thumbnails/images/prd_img/20241030/4573809/detail_4573809_17320618041565_big.jpg?w=1200,https://image.msscdn.net/thumbnails/images/prd_img/20241030/4573809/detail_4573809_17306847557136_big.jpg?w=1200,https://image.msscdn.net/thumbnails/images/prd_img/20241030/4573809/detail_4573809_17306847564841_big.jpg?w=1200,longsl_0023,"2,228",1.5만 회 이상 (최근 1개월),없음,후기 34개,4.7,한달후기 기본템인데 디테일이있어 좋아요! 이쁘고 깔끔합니당,날씬해보이고 이뻐요 노출이 별루 없어서 좋어요 ㅎㅎ,작을까봐 걱정했는데 생각보다 널널하고 핏이 딱이에요 예뻐서 만족합니당,널널해서 좋아요 생각보다 목이 답답한 느낌이 없지않아 있지만 좋아요,리뷰에 어깨 라인 핏이 안예쁘다고 해서 걱정했는데 예뻤어요!
https://www.musinsa.com/products/4730922,리브드 라운드넥 티셔츠 [BLACK],"42,000원",10%,"37,800원",드로우핏,https://image.msscdn.net/mfile_s01/_brand/free_medium/drawfit.png?20200608153142,상의,긴소매 티셔츠,https://image.msscdn.net/thumbnails/images/goods_img/20250120/4730922/4730922_17374392330325_big.jpg?w=1200,https://image.msscdn.net/thumbnails/images/prd_img/20250120/4730922/detail_4730922_17374392475984_big.jpg?w=1200,https://image.msscdn.net/thumbnails/images/prd_img/20250120/4730922/detail_4730922_17374392484263_big.jpg?w=1200,https://image.msscdn.net/thumbnails/images/prd_img/20250120/4730922/detail_4730922_17374392511269_big.jpg?w=1200,longsl_0024,336,1.5천 회 이상 (최근 1개월),없음,후기 6개,없음,생각보다 착 달라붙어 너무 예뻐요!!! 약간 섹쿠시 한 미 떠서 너무너무 예쁩니다,생각보다 착 달라붙어 너무 예뻐요!!! 약간 섹크시 한 느낌 떠서 너무너무 예쁩니다,이너로 입기 너무 좋고 세로 스트라이프라 길어보여요,내 체형에 XL딱이네요ㅎㅎ 질도 좋아요 강추합니다ㅎ,기본티가 심심할때 입기 좋은 티셔츠에요 좀 여유있는 느낌이네요
https://www.musinsa.com/products/4500008,레터링 루즈핏 롱슬리브(블랙),"48,900원",51%,"23,900원",오오엠엘,https://image.musinsa.com/mfile_s01/_brand/free_medium/oel.png?20211101140607,상의,긴소매 티셔츠,https://image.msscdn.net/thumbnails/images/goods_img/20241009/4500008/4500008_17292371526471_big.png?w=1200,https://image.msscdn.net/thumbnails/images/prd_img/20241009/4500008/detail_4500008_17296590273169_big.jpg?w=1200,없음,https://image.msscdn.net/thumbnails/images/prd_img/20241009/4500008/detail_4500008_17296590302637_big.jpg?w=1200,longsl_0025,708,5.2천 회 이상 (최근 1개월),없음,후기 4개,없음,한달후기 유행하는 힙한 슬림핏 롱슬리브 중 질이 가격대비 제일 괜찮은 것 같아요 쫀쫀합니다 목부분이 넓게 파여있어서 어깨 드러내는 스타일링도 가능해요,"가성비가 좋은데 세일가격이 진짜 부담없어서 구입했고, 원단이 정말 부드럽고 쫀쫀한 느낌? 이라 입었을때 너무 좋아요! 그리고 어깨가 넓은 편인데 어깨 전혀 안작고 오히려 여리여리헌 느낌이 조금 풍겨요(워낙에 건장한 체격) 소매가 길어서 또 너무 좋네요!!",이 브랜드에서는 옷 처음 사보는데 완전 호감됐어여 가격이 넘 저렴해서 전혀 기대 없이 시킨건데 마감이 아주 깔끔하고 원단 퀄도 훌륭하네요! 세탁 한 뒤의 사진인데 변형이 아예 없어요👍🏻 팔뚝살 부자라 모델처럼 여리핏으로 입으려면 당연히 L이지~ 했는데 생각보다 많이 커서 만약 재구매 한다면 M으로 할 것 같아욤,넘 만족합니다 날씬해 보이고 입었을때 감촉이 부드럽고 좋아요 역시 원단 좋습니다 잘입을께요~~,없음
https://www.musinsa.com/products/4670845,LACE FRAME T-SHIRT #BEIGE,없음,없음,"71,000원",달링유어배드,https://image.musinsa.com/mfile_s01/_brand/free_medium/darlingyouarebad.png?20221124092338,상의,긴소매 티셔츠,https://image.msscdn.net/thumbnails/images/goods_img/20241217/4670845/4670845_17344366452014_big.jpg?w=1200,https://image.msscdn.net/thumbnails/images/prd_img/20241217/4670845/detail_4670845_17344366571815_big.jpg?w=1200,https://image.msscdn.net/thumbnails/images/prd_img/20241217/4670845/detail_4670845_17344366579297_big.jpg?w=1200,https://image.msscdn.net/thumbnails/images/prd_img/20241217/4670845/detail_4670845_17344366596014_big.jpg?w=1200,longsl_0026,198,1.2천 회 이상 (최근 1개월),없음,후기 4개,없음,핑크베이지보다 회핑크베이지 차분한 느낌이 더 들어요 이번 시리즈 중에 실물 젤 ㄱㅊ,디자인 너무 마음에 들어요 특히 레이스가 달린 부분이 좋아요 색감은 베이지에 살짝 핑크가 섞인 색?이에요,요즘 옷들 가격만 높게 책정하고 막상 가격값 하는 옷은 찾기가 힘든데 얘는 가격값을 하는 옷이라 너무 감격스러웠습니다… 아직 안 빨아봐서 확실하지는 않지만 옷감 질이 좋은 거 같아욥 그리구 심하게 붙지 않고 적당하게 핏돼서 부담스럽거나 부해보이지 않는 게 마음에 들었슴다! 잘 입을 거 같아요 ㅠ.ㅜ,질두좋공 너무이뻐영 꼭다시 구매하고싶은 브랜드!너무 좋아영.,없음
https://www.musinsa.com/products/4501834,Frill Layered Long Sleeve Melange Gray,"43,000원",20%,"34,400원",렌세,https://image.musinsa.com/mfile_s01/_brand/free_medium/rense.png?20240509135300,상의,긴소매 티셔츠,https://image.msscdn.net/thumbnails/images/goods_img/20241010/4501834/4501834_17292288034641_big.jpg?w=1200,https://image.msscdn.net/thumbnails/images/prd_img/20241010/4501834/detail_4501834_17292288098814_big.jpg?w=1200,https://image.msscdn.net/thumbnails/images/prd_img/20241010/4501834/detail_4501834_17292288105053_big.jpg?w=1200,https://image.msscdn.net/thumbnails/images/prd_img/20241010/4501834/detail_4501834_17292288117549_big.jpg?w=1200,longsl_0027,"7,711",3만 회 이상 (최근 1개월),1.3천 개 이상,후기 227개,4.8,"포인트가 돼서 좀 특별하게 입을 수 있을것 같어요..! 호피에도 잘 어울리다니,,~",체험단 첨엔 너무 크다는 생각을 해서 나한테 잘 어울릴까라는 생각을 했 어요. 근데 엄마가 마음에 든다며 입어보신다고 하셔서 입으셨답니다. 이리저리 요리조리 벗었다입었다 반복하시더니 사진처럼 입으셨네요 ^^일단 많이 파져서 안에 뭘 입지않고서는 저는 못입겠더라구요. 나시나 목티나 뭐 이런걸 입어야할듯 합니다.레깅스를 입어서 스커트 입은것처럼 연출 할수있을것 같고 청바지에 입어도 잘 어울릴것 같습니다.아직 예쁘게 코디해서 입는걸 연구해봐겠지만 활용도가 높은 옷인건 분명합니다.엄마거 입든 제가입든 아무튼 예쁘게 잘입어보겠습니다,너무 귀여워요 레이어드하면 그냥 스타일있어보이고 막 그럼!,질 좋고 레이어드 맛도리입니다 이친구 모델착용컷처럼 치마에 흰색 뽀글이아우터랑도 잘 어울리고 루즈한 바지랑도 너무 잘 어울릴 것 같아서 구매한건데 사길 잘 했어요! 넉넉해서 안에 목폴라나 이너 입고 지금 계절에도 레이어드 겸 티로 입음 딱일것 같습니다! 여름 빼고 다 활용가능!!,한달후기 이쁘고 기여워융. 약간 헐렁헐렁한 옷깃 배송이 빨라요.
https://www.musinsa.com/products/4730935,스트라이프 티셔츠 [CHARCOAL],"37,000원",10%,"33,300원",드로우핏,https://image.msscdn.net/mfile_s01/_brand/free_medium/drawfit.png?20200608153142,상의,긴소매 티셔츠,https://image.msscdn.net/thumbnails/images/goods_img/20250120/4730935/4730935_17374400925400_big.jpg?w=1200,https://image.msscdn.net/thumbnails/images/prd_img/20250120/4730935/detail_4730935_17374401672069_big.jpg?w=1200,https://image.msscdn.net/thumbnails/images/prd_img/20250120/4730935/detail_4730935_17374401682271_big.jpg?w=1200,https://image.msscdn.net/thumbnails/images/prd_img/20250120/4730935/detail_4730935_17375311656470_big.jpg?w=1200,longsl_0028,266,950회 이상 (최근 1개월),없음,후기 1개,없음,스트라이프가 과하지 않고 은은하게 들어가서 감성있고 예뻐요,없음,없음,없음,없음
https://www.musinsa.com/products/4497258,레이스 터틀넥 티셔츠 ( 아이보리 ),"84,000원",25%,"63,000원",지지지,https://image.msscdn.net/mfile_s01/_brand/free_medium/zeezeezee.png?1730456311891,상의,긴소매 티셔츠,https://image.msscdn.net/thumbnails/images/goods_img/20241008/4497258/4497258_17283654543063_big.jpg?w=1200,https://image.msscdn.net/thumbnails/images/prd_img/20241008/4497258/detail_4497258_17283654674473_big.jpg?w=1200,https://image.msscdn.net/thumbnails/images/prd_img/20241008/4497258/detail_4497258_17283654599798_big.jpg?w=1200,https://image.msscdn.net/thumbnails/images/prd_img/20241008/4497258/detail_4497258_17283654635499_big.jpg?w=1200,longsl_0029,103,250회 이상 (최근 1개월),없음,없음,없음,없음,없음,없음,없음,없음
https://www.musinsa.com/products/4709007,[Mmlg] MCA STRIPE LSV-T (GREEN),없음,없음,"59,000원",엠엠엘지,https://image.msscdn.net/mfile_s01/_brand/free_medium/mmlg.png?20200608153142,상의,긴소매 티셔츠,https://image.msscdn.net/thumbnails/images/goods_img/20250109/4709007/4709007_17369238213109_big.jpg?w=1200,https://image.msscdn.net/thumbnails/images/prd_img/20250109/4709007/detail_4709007_17368382768241_big.jpg?w=1200,https://image.msscdn.net/thumbnails/images/prd_img/20250109/4709007/detail_4709007_17368382775589_big.jpg?w=1200,https://image.msscdn.net/thumbnails/images/prd_img/20250109/4709007/detail_4709007_17368382803122_big.jpg?w=1200,longsl_0030,38,400회 이상 (최근 1개월),없음,없음,없음,없음,없음,없음,없음,없음
https://www.musinsa.com/products/4332474,로코코 오너먼트 티 (화이트),"69,000원",15%,"58,650원",허그유어스킨,https://image.musinsa.com/mfile_s01/_brand/free_medium/hugyourskin.png?20240820134344,상의,긴소매 티셔츠,https://image.msscdn.net/thumbnails/images/prd_img/20240814/4332474/detail_4332474_17307035575643_big.jpg?w=1200,https://image.msscdn.net/thumbnails/images/prd_img/20240814/4332474/detail_4332474_17307035584570_big.jpg?w=1200,없음,https://image.msscdn.net/thumbnails/images/goods_img/20240814/4332474/4332474_17262036595621_big.jpg?w=1200,longsl_0031,"2,525",5천 회 이상 (최근 1개월),없음,후기 14개,4.7,핏이 정말 예쁘게 떨어져요.. 특히 직각어깨이신 분들 정말 잘 어울리실 것 같은데 실은 조금 잘 끊어지는 것 같아요 프린팅도 이쁘고 재질은 약간 수영복 느낌인데 원단이 고급진 느낌이 나요,"체험단 🩶쇠맛 트렌드에 딱 맞는 로코코 오너먼트 티🩶 만족도 ⭐️⭐️⭐️⭐️⭐️  ⚡️디자인 이 티셔츠의 제일 매력적인 점이 바로 디자인이라고 생각하는데, 요즘 유행하는 쇠맛재질로 딱입니다! 그렇다고 너무 과하지 않아 부담 없고, 일상 생활에서도 가볍게 여기저기 매치할 수 있는 정도의 큐티쇠맛입니다🩵  ⚡️재질 보이는 것과 다르게 좀 특이한 재질입니다! 약간 수영복 같으면서도 끼지는 않고 얇지 않은 원단이에요. 재질이 후들미끌해서 그런지 주름이 잘 안생기는 편인 것 같고, 주름이 생겨도 금방 펴집니다. 목부분은 오히려 늘어나지 않도록 신축성없이 빠듯하게 처리되어 있습니다.  ⚡️핏 원사이즈이지만 너무 작거나 너무 크게 느껴지지 않았구요, 딱 적당한 피팅감이었습니다. 손등을 살짝 덮는 소매길이이고, 총기장은 배꼽정도의 길이라 지나치게 짧지 않아 좋습니다. 어깨도 체구에 비해 넓은 편인데, 끼지 않고 딱 예쁘게 맞더라구요.  다른 색상도 소장하고 싶은 옷입니다!🤩 고민하고 있는 분들이 있다면, 어서 try try 해보세요 :)",한달후기 비싼데 예뻐요 재질이 약간 수영복? 같은 느낌인데 아주 좋습니다,한달후기 소재가 특이한 재질이다 보니깐 입고 벗기 불편한거 빼곤 다 좋은것 같아요,면이 부드럽고 좋은데 처음 입을 때 뚜둑 소리가 나더니 나중에 보니 뒷 부분 박음질이 뜯어졌더라구요 다들 너무 늘려서 입지 마시고 꼭 화장 전에 착용하세요
https://www.musinsa.com/products/4516935,Tie & Shirring Long Sleeve [Pink],"65,000원",10%,"58,500원",로제프란츠,https://image.msscdn.net/mfile_s01/_brand/free_medium/rosefrantz.png?1726714962255,상의,긴소매 티셔츠,https://image.msscdn.net/thumbnails/images/prd_img/20241015/4516935/detail_4516935_17289505156726_big.jpg?w=1200,없음,없음,https://image.msscdn.net/thumbnails/images/goods_img/20241015/4516935/4516935_17289505148046_big.jpg?w=1200,longsl_0032,911,1.8천 회 이상 (최근 1개월),없음,후기 4개,4.8,사진에 색감이 잘 안담기는데 밝은 핑크색이에요 셔링있어서 예뻐요,화사해보이고 안통통해보여서 좋아요 자주 입을것같아요,좋아요 부들부들하고..그런데 끈이 너무 말려있어요 ㅠ 당겨서 박음질한듯,스판끼가 있어서 착용감이 부드럽고 편해서 좋습니다,없음
https://www.musinsa.com/products/4366003,OUR DAILY LONG SLEEVE TEE (PIGMENT CHARCOAL),"65,000원",10%,"58,500원",더트,https://image.musinsa.com/mfile_s01/_brand/free_medium/durt.png?20230613131049,상의,긴소매 티셔츠,https://image.msscdn.net/thumbnails/images/goods_img/20240823/4366003/4366003_17249440105868_big.jpg?w=1200,없음,없음,https://image.msscdn.net/thumbnails/images/prd_img/20240823/4366003/detail_4366003_17249440183784_big.jpg?w=1200,longsl_0033,957,1.3천 회 이상 (최근 1개월),없음,후기 35개,4.9,체험단 키162 차콜색 스몰사이즈 후기입니다 제 기준 미디움보다 스몰이 딱 적당히 박시한 느낌이라서 좋았어요! 길이는 엉덩이를 다 덮을 정도는 아니고 절반?정도 덮어요 어깨선 잘맞고 좋은데 딱 하나 아쉬운 점! 팔이 너무 깁니당.. 제가 팔이 짧은 편이라고는 생각 안 했는데 진짜 길더라구요ㅜ 평소엔 무조건 한 번 접고 다녀요 그리고 평범한 슬리브티와 달리 소매에 시보리? 같은게 있어서 좋았어요 소재는 부드럽고 탄탄합니다! 촤르륵 예쁘게 흘러내려서 예뻐요 휘뚜루마뚜루에 제 격인 옷입니다요 추천합니다!,체험단 편하고 예쁜 긴팔티를 주신 더트에 정말 감사합니다!! 약간 검은 차콜 느낌이면서 그렇게 두껍지도 않아서 정말 편하게 자주 입고 다녔어요! 이건 진짜 거짓말이 아니라 저번주 7일 중 3일을 입고다닌거같아요ㅎㅎ 그만큼 너무 편하고 예쁩니다 [두께] 두께가 그렇게 두껍지 않은 긴팔티입니다! 딱 가을하고 봄에 입고다니기 좋을거같아요 팔부분 소매에도 시보리가 잡혀있어서 팔이 펄럭거리지 않았던게 좋았어요! [디자인] 색은 화면하고 똑같은데 차콜느낌이 더 강한거 같아요! 바지는 정말 아무거나 다 잘 어울리는 것 같습니당  정말 간편하고 무난하게 어디에나 잘어울립니다! 가볍고 편안해서 계속 손이가는 옷입니다!,체험단 수령하고 2번 착용한 뒤 세탁까지 한 뒤에 적는 후기입니다.  원단 소재 아주 좋아요. 입었을때 적당히 탄탄하면서도 부드러워서 좋었습니다. 색이 얼룩덜룩 하지 않은 피그먼트 티 처음 입어보는데 좋았어요. 가끔 너무 흐들흐들한 티셔츠 입으면 목이 금방 늘어날 것 같아서 불안한데 이 티셔츠는 그런 게 없어요. 마음 편하게 입고 있습니다. 핏도 늘어지지 않고 예쁘게 떨어지는 티셔츠 핏입니다. 오버핏으로 입고 싶었는데 딱 좋아요. 다만 세탁은 주의사항 따라서 신경써야할 것 같아요. 손세칵할 시간이 안 되어서 약한 온도에 건조기 돌렸는데 좀 줄었어요. 애초에 크게 구매해서 괜찮지만 되도록 (적어도) 첫 세탁은 손세탁 자연건조를 해줘야 오래갈 것 같아요. 그래도 만족합니다! 잘입겠습니다~,"체험단 평소에 가장 입고 다니기 좋은 색상인 차콜 색상의 티를 찾다가 특이한 패턴이 있어서 신청했어요. 배송은 포장지로 도착했고 옷은 문제 없이 깔끔하게 도착했어요. 마감에도 문제는 없었습니다  우선 제품은 상품상세정보에 있는 내용이나 사진과 거의 똑같다고 보시면 됩니다. 처음 봤을 때 가운데 있는 프린팅이 너무 튀지 않으면서 포인트가 되어주어서 너무 마음에 들었어요. 두께가 얇은 편인 옷이라 날씨에 따라 단품으로 입기도, 레이어드로 입기도 좋고 차분한 차콜 색상이라 어디에 매치해도 어울려요.  사이즈는 제 기준 딱 스탠다드한 느낌으로, 불편하지 않으면서 몸에 딱 맞았어요. 세탁 후에 옷의 변형은 없었고 까끌거리지 않아서 좋았습니다.  웬만한 옷과 다 어울릴 거라 생각하는데, 저는 데님이랑 함께 입어봤어요. 차콜 큭유의 안정감이 프린팅 로고와 더해지니까 캐주얼하면서도 세련되어 보였어요.  전체적으로 아쉬움이 느껴지지 않는 제품이어서 만족하면서 입고 있어요. 다른 분들의 구매에도 도움이 되었으면 좋겠습니다",체험단 더트 제품 요번에 처음 입어보는데 프린팅 미쳤네요 진짜 힙하게 잘 빠졌습니다 옷 색도 피그먼트라 올검으로 입으면 진짜 맛있어요 요새 낮에는 덥고 밤에는 추운데 낮에 이거 한장 입고 다니면 덥지도 춥지도 않아서 너무 좋습니다 밤에 조끼 하나 입어주면 안에 프린팅 보이면서 포인트로 너무 좋습니다 사이즈는 제 스팩이시면 라지 사이즈 딱 좋습니다 제가 원하는 핏 나와요 나중에 겨울에는 안에 이너로 입어도 너무 좋을거 같습니다 옷 제질도 좋고 시보리도 괜찮은거 같습니다 단독으로 입을 롱슬리브 찾으시는 분들 포인트 롱슬리브로 너무 좋은거 같습니다 고민하지 마시고 구매하세요
https://www.musinsa.com/products/4375696,남녀공용 2PACK 릴렉스핏 모노그램 로고 긴팔 티셔츠 J400464 BEH,"99,000원",42%,"57,390원",캘빈클라인 진,https://image.musinsa.com/mfile_s01/_brand/free_medium/calvinkleinjeans.png?20220926172503,상의,긴소매 티셔츠,https://image.msscdn.net/thumbnails/images/goods_img/20240827/4375696/4375696_17254990731373_big.jpg?w=1200,https://image.msscdn.net/thumbnails/images/prd_img/20240827/4375696/detail_4375696_17254990771573_big.jpg?w=1200,없음,https://image.msscdn.net/thumbnails/images/prd_img/20240827/4375696/detail_4375696_17254990800598_big.jpg?w=1200,longsl_0034,"1,039",2.4천 회 이상 (최근 1개월),없음,후기 30개,4.8,배송도 너무 빠르고 옷도 이뻐여 지금같은 날씨에 입기 좋아용,배송이 빨라요 물건이 좋아요 이쁘고 핏이 잘나오네요…,재질은 괜찮다 근데 66인 나한테도 오버스럽다 어깨가 딱 떨어지는 핏이아니라 당황,한달후기 너무 두껍지 않고 부드러운 면 재질이라 편하게 잘 입고 다닙니다,한달후기 편하게 입고 있어요. 싼값에 잘사서 너무 좋았습니다.
https://www.musinsa.com/products/4384130,Rig bustier t-shirt_2piece (pale khaki),"62,000원",10%,"55,800원",리엘,https://image.msscdn.net/mfile_s01/_brand/free_medium/rel.png?1739152679273,상의,긴소매 티셔츠,https://image.msscdn.net/thumbnails/images/goods_img/20240829/4384130/4384130_17288882766370_big.jpg?w=1200,https://image.msscdn.net/thumbnails/images/prd_img/20240829/4384130/detail_4384130_17288882855828_big.jpg?w=1200,https://image.msscdn.net/thumbnails/images/prd_img/20240829/4384130/detail_4384130_17288882865901_big.jpg?w=1200,https://image.msscdn.net/thumbnails/images/prd_img/20240829/4384130/detail_4384130_17255272014493_big.jpg?w=1200,longsl_0035,319,1.3천 회 이상 (최근 1개월),없음,후기 11개,4.6,한달후기 세일도 하고 이뻐서 구매했어요 세탁하고 한번 입었는데 레이어드했던 블랙 베스트에 먼지가 엄청 붙었어요 그냥 보면 전혀 티 안니는데 먼지 엄청 나는 소재에요ㅠ 또 입기 겁나네요 넘 이쁘긴 한데,배송도 생각보다 빠르고 옷도 제법 도톰하니 너무이뻐요 레이어드로 포인트 굿,배송도 생각보다 빠르고 옷도 제법 도톰하니 너무이뻐요 레이어드로 포인트 굿,생각한것보다 더 예뻐요 여성여성해보이네요 팔도 날씬해보여요 연핑크나 피치같은 여성스런 색상 나오면 좋겠어요,라인도 예쁘게잡아주고 탄탄하고 너무 예뻐요 구입하고 할인을많이해서 좀 아쉽지만 그래도 빨리사서 날 따뜻할때 예쁘게입어서 만족합니다
https://www.musinsa.com/products/4324758,MOTORCYCLE BLUE BOY BIG BIG L/S TEE_WHITE(NG2EFUT554A),"69,000원",20%,"55,200원",나이스고스트클럽,https://image.msscdn.net/mfile_s01/_brand/free_medium/niceghostclub.png?1730455267007,상의,긴소매 티셔츠,https://image.msscdn.net/thumbnails/images/goods_img/20240813/4324758/4324758_17237785035653_big.jpg?w=1200,https://image.msscdn.net/thumbnails/images/prd_img/20240813/4324758/detail_4324758_17237785046471_big.jpg?w=1200,https://image.msscdn.net/thumbnails/images/prd_img/20240813/4324758/detail_4324758_17237785048460_big.jpg?w=1200,https://image.msscdn.net/thumbnails/images/prd_img/20240813/4324758/detail_4324758_17237945439760_big.jpg?w=1200,longsl_0036,"4,901",6.9천 회 이상 (최근 1개월),없음,후기 115개,4.8,한달후기 아래에 뭘 입던 다 잘 어울리고 뽀인뚜가 뽝!!! 돼서 넘 맘에 들었어요>< 낮엔 날씨가 따뜻해서 요즘엔 잠깐 나갈 때 잘 입고 있습니다! 더 추워지기 전에 어서 사셔서 다덜 bbong 뽑으세욥☆,한달후기 프린팅이 힙하고 귀여워요 엄청 크고 핏도 예뻐요!,그래픽이 마음에 들어요! 사이즈는 2사이즈 다운하시는 게 좋을 것 같아요.. 다른 브랜드 XL정도 되는 것 같네요,진짜 크고 길고 완전 귀여워용 마음에 드는데 제 건 왜 머리카락이 잘려있는지 모르겠어요.... 다른 후기에서는 안그렇던데...,9월 13일에 샀고 9월 28일에 왔어요 15일이나 걸렸지만 예정 배송일이 10월 10일이었기 때문에 이정도면 빨리 왔다고 생각해요 완전 오버핏이라 여성분들은 무조건 s해야 될 거 같고요 소매가 손 다 덮고도 남는데 끝에 시보리 처리가 되어있어서 귀여워요 오버핏 즐겨입으시면 추천드립니다
https://www.musinsa.com/products/4505289,여성 배니시 에너지 긴팔 1388643-001,"69,000원",20%,"55,200원",언더아머,https://image.musinsa.com/mfile_s01/_brand/free_medium/underarmour.png?20210111133314,스포츠/레저,상의,https://image.msscdn.net/thumbnails/images/goods_img/20241010/4505289/4505289_17285526734726_big.jpg?w=1200,https://image.msscdn.net/thumbnails/images/prd_img/20241010/4505289/detail_4505289_17288028525658_big.jpg?w=1200,https://image.msscdn.net/thumbnails/images/prd_img/20241010/4505289/detail_4505289_17288028572048_big.jpg?w=1200,https://image.msscdn.net/thumbnails/images/prd_img/20241010/4505289/detail_4505289_17288028613344_big.jpg?w=1200,longsl_0037,22,400회 이상 (최근 1개월),없음,후기 1개,없음,팔이 긴편인데 팔길이도 적당하게 손등 절반정도 덮고 너무 달라붙지 않아서 여리여리 예뻐요💕💕 땀이 잘 마르는 소재이고 라운드 넥 라인이랑 옷 쉐입이 예뻐서 대만족입니다아🐰 얇아서 이너로 입기도 좋고 비침 없어서 단독으로 입기도 좋아보여요!!,없음,없음,없음,없음
https://www.musinsa.com/products/4536926,FLORAL PRINTED LONG SLEEVE TEE (cream),"58,000원",5%,"55,100원",레이크,https://image.musinsa.com/mfile_s01/_brand/free_medium/leic.png?20230310173502,상의,긴소매 티셔츠,https://image.msscdn.net/thumbnails/images/goods_img/20241020/4536926/4536926_17294088468936_big.jpg?w=1200,https://image.msscdn.net/thumbnails/images/prd_img/20241020/4536926/detail_4536926_17294088517956_big.jpg?w=1200,없음,https://image.msscdn.net/thumbnails/images/prd_img/20241020/4536926/detail_4536926_17294088584786_big.jpg?w=1200,longsl_0038,"6,547",2만 회 이상 (최근 1개월),없음,후기 28개,4.8,코디에 사랑스러움 한 스푼 추가하고 싶으신 분들 추천해요 !  이런 의류는 잘못 입으면 내복 같은데 .. 레이크 제품은 여유있는 핏이고 소매 네임 택 덕분에 내복에서 벗어났습니다  소매도 길이감이 있어서 이너로 입고 레이어드하기 너무 좋아요 (짱 귀여움..),딱 달라붙을 줄 알았는데 적당히 편한 핏이라 너무 좋아요 짱 예뿜,한달후기 여기저기 레이어드하기 진짜 좋습니다 한달내내 주구장창 입었는데 늘어나지도 않고 넘 좋아요,생각보다 꽃패턴이 잘보이고 이미지샷이 보들한 느낌이라면 실제는 더 텍스쳐감이 잘 보여요 근데 디테일있어보여서 좋음!! 핏도 딱 모델핏 나옵니당,가격대가 있어서 고민했지만 넘 갖고싶어서 샀고 옷도 만족스러워요
https://www.musinsa.com/products/4737923,STAR LOGO SLIM L/S TEE_WHITE(NG2FSUT553A),"59,000원",10%,"53,100원",나이스고스트클럽,https://image.msscdn.net/mfile_s01/_brand/free_medium/niceghostclub.png?1730455267007,상의,긴소매 티셔츠,https://image.msscdn.net/thumbnails/images/goods_img/20250122/4737923/4737923_17375343398394_big.jpg?w=1200,https://image.msscdn.net/thumbnails/images/prd_img/20250122/4737923/detail_4737923_17375343405366_big.jpg?w=1200,https://image.msscdn.net/thumbnails/images/prd_img/20250122/4737923/detail_4737923_17375343406945_big.jpg?w=1200,https://image.msscdn.net/thumbnails/images/prd_img/20250122/4737923/detail_4737923_17385471425419_big.jpg?w=1200,longsl_0039,169,200회 이상 (최근 1개월),없음,없음,없음,없음,없음,없음,없음,없음
https://www.musinsa.com/products/4673048,FLYING CATS LONG SLV TEE brown,"59,000원",10%,"53,100원",엘엠씨,https://image.musinsa.com/mfile_s01/_brand/free_medium/lmc.png?20220610163914,상의,긴소매 티셔츠,https://image.msscdn.net/thumbnails/images/goods_img/20241219/4673048/4673048_17378042579305_big.jpg?w=1200,https://image.msscdn.net/thumbnails/images/prd_img/20241219/4673048/detail_4673048_17385720066926_big.jpg?w=1200,https://image.msscdn.net/thumbnails/images/prd_img/20241219/4673048/detail_4673048_17385720081897_big.jpg?w=1200,https://image.msscdn.net/thumbnails/images/prd_img/20241219/4673048/detail_4673048_17385720158056_big.jpg?w=1200,longsl_0040,26,없음,없음,없음,없음,없음,없음,없음,없음,없음
https://www.musinsa.com/products/4673046,FLYING PUPPY LONG SLV TEE white,"59,000원",10%,"53,100원",엘엠씨,https://image.musinsa.com/mfile_s01/_brand/free_medium/lmc.png?20220610163914,상의,긴소매 티셔츠,https://image.msscdn.net/thumbnails/images/prd_img/20241219/4673046/detail_4673046_17385720534277_big.jpg?w=1200,https://image.msscdn.net/thumbnails/images/prd_img/20241219/4673046/detail_4673046_17385720545158_big.jpg?w=1200,없음,https://image.msscdn.net/thumbnails/images/goods_img/20241219/4673046/4673046_17378042774975_big.jpg?w=1200,longsl_0041,13,없음,없음,없음,없음,없음,없음,없음,없음,없음
https://www.musinsa.com/products/4423571,홀터넥 레이어드 슬림핏 스판 롱슬리브 긴팔 랩 티셔츠,"33,000원",20%,"26,400원",플레이스 스튜디오,https://image.musinsa.com/mfile_s01/_brand/free_medium/placestudio.png?20240221141901,상의,긴소매 티셔츠,https://image.msscdn.net/thumbnails/images/goods_img/20240910/4423571/4423571_17294714744028_big.jpg?w=1200,https://image.msscdn.net/thumbnails/images/prd_img/20240910/4423571/detail_4423571_17294714790040_big.jpg?w=1200,https://image.msscdn.net/thumbnails/images/prd_img/20240910/4423571/detail_4423571_17294714798289_big.jpg?w=1200,https://image.msscdn.net/thumbnails/images/prd_img/20240910/4423571/detail_4423571_17294714806379_big.jpg?w=1200,longsl_0042,"7,055",4만 회 이상 (최근 1개월),없음,후기 32개,4.4,한달후기 긴말안함 세 번 정도 입었는데 보풀좀 보시라고요,예쁜데 와 진짜 작아요.. 프리사이즈인데 이렇게 꽉끼는거 오랜만이에요,"생각보다 팔 부분이 널널하네요. 저는 좀 더 딱 붙는 느낌일 즐 알았는데,,ㅎ 그래도 전체적으로 보드랍고 편하게 입기 좋습니다.",색은 사진이랑 비슷하고 디자인도 너무 예쁜데 문제는 프리사이즈치고 많이 작습니다 몸에 비해 상체가 좀 더 마른편인데도 이건 정말 작게 나왔나봐요 재질은 신축성이 좋은 재질이라기보단 부드럽고 탄탄한 재질에 가까워요 보풀 잘 안날 것 같은 느낌 무튼 초반에 좀 참고 입으면서 늘려야할 것 같아요ㅋㅋㅠ,생각보다 얇지 않고 적당히 도톰하고 부드러워요! 겉에 레이어드가 붙어있고 엉키지 않게 되어있어서 편하고 좋아요!
https://www.musinsa.com/products/4357231,THERMAL CAMO LONG SLEEVE [CAMO],"75,000원",30%,"52,500원",스웨이드,https://image.musinsa.com/mfile_s01/_brand/free_medium/suade.png?20230804121342,상의,긴소매 티셔츠,https://image.msscdn.net/thumbnails/images/prd_img/20240822/4357231/detail_4357231_17242980230534_big.jpg?w=1200,https://image.msscdn.net/thumbnails/images/prd_img/20240822/4357231/detail_4357231_17242980242052_big.jpg?w=1200,없음,https://image.msscdn.net/thumbnails/images/goods_img/20240822/4357231/4357231_17242980112123_big.jpg?w=1200,longsl_0043,"1,438",5.6천 회 이상 (최근 1개월),없음,후기 28개,4.8,목 부분이 좁아서 거꾸로 입은 줄 알았지만 예뻐서 괜찮아요 카모 치고는 데일리로 입기 좋은 고런… 6만원이라고 생각하면 살짝 비싼감이 있지않아 없습니다,재질도 와플니트같은 재질이라 맘에들고 핏감이랑 디자인 맘에듭니다 ㅎㅎ,운돈할때 입으려고 샀는데 너무 이뻐요! 사길 잘한거같아요!,완전 맘에 들어요… 핏도 딱 예쁘고 부담스럽지 않은 카모입니다!,원단이 좋아요 길이감적당합니다 핏이좋습니다 깔끔합니다 원단 가볍습니다 색감좋아요 물빠짐 좋아요
https://www.musinsa.com/products/4514993,리브드 헨리넥 머슬 롱슬리브 니트티 [블랙],없음,없음,"49,900원",바우로 프로덕트,https://image.musinsa.com/mfile_s01/_brand/free_medium/bowlow.png?20240520135539,상의,긴소매 티셔츠,https://image.msscdn.net/thumbnails/images/prd_img/20241014/4514993/detail_4514993_17288922186835_big.jpg?w=1200,https://image.msscdn.net/thumbnails/images/prd_img/20241014/4514993/detail_4514993_17288922194474_big.jpg?w=1200,없음,https://image.msscdn.net/thumbnails/images/goods_img/20241014/4514993/4514993_17288922121412_big.jpg?w=1200,longsl_0044,732,3.8천 회 이상 (최근 1개월),없음,후기 24개,4.6,쫀쫀한 재질이고 그래서 그런지 세탁 한번에 사이즈가 하나정도 줄어든 느낌이에요,아주 깔꼼하니 잘 입고 있습니다 근데 빨았더니 약간 수축있어요,한달후기 이너로 활용하기 좋은 기본템입니다. 많이들 사서 입어보셔요,한달후기 너무 좋습니다 딱 맞아서 편하게 입을수있습니다,한번입고 세탁기로 세탁하니까 엄청 줄어드네요
https://www.musinsa.com/products/4412838,[프리미엄 CP30] 세미오버핏 긴팔티 (블랙),"38,500원",35%,"24,900원",리우아,https://image.musinsa.com/mfile_s01/_brand/free_medium/riooa.png?20220701144101,상의,긴소매 티셔츠,없음,없음,없음,https://image.msscdn.net/thumbnails/images/goods_img/20240905/4412838/4412838_17255346175751_big.jpg?w=1200,longsl_0045,126,500회 이상 (최근 1개월),없음,후기 74개,4.9,편안하고 좋습니다 기본티는 리우아만한게없어요,한달후기 재질 좋고 두께 좋고 핏 좋고 하나도 빠지는게 없습니다,2년전부터 구매해서 잘입고있던 기본 티입니다 세탁은 뭐 100회 이상 했던거같고 여태 잘입고있지만 이제는 보풀이나 그런게 조금 눈에 보이기 시작해서 재구매했어요 그냥 할인할때 몇장씩 쟁여놓을까 합니다 적극 추천드려요!,2년전부터 구매해서 잘입고있던 기본 티입니다 세탁은 뭐 100회 이상 했던거같고 여태 잘입고있지만 이제는 보풀이나 그런게 조금 눈에 보이기 시작해서 재구매했어요 그냥 할인할때 몇장씩 쟁여놓을까 합니다 적극 추천드려요!,면 느낌 좋고 기본 이너 긴팔티로 잘 입고 있습니다 추천이요
https://www.musinsa.com/products/4333278,COLORED CRAYON CAT LONG SLEEVE WHITE MELANGE,"55,000원",10%,"49,500원",론론,https://image.musinsa.com/mfile_s01/_brand/free_medium/ronron.png?20220615154955,상의,긴소매 티셔츠,https://image.msscdn.net/thumbnails/images/goods_img/20240815/4333278/4333278_17254382478093_big.jpg?w=1200,https://image.msscdn.net/thumbnails/images/prd_img/20240815/4333278/detail_4333278_17254382574109_big.jpg?w=1200,https://image.msscdn.net/thumbnails/images/prd_img/20240815/4333278/detail_4333278_17254382581413_big.jpg?w=1200,https://image.msscdn.net/thumbnails/images/prd_img/20240815/4333278/detail_4333278_17254382604301_big.jpg?w=1200,longsl_0046,266,650회 이상 (최근 1개월),없음,없음,없음,없음,없음,없음,없음,없음
https://www.musinsa.com/products/4432390,Black House (Pigment),없음,없음,"49,000원",디파이클럽로버스,https://image.musinsa.com/mfile_s01/_brand/free_medium/robbers.png?20240523134744,상의,긴소매 티셔츠,https://image.msscdn.net/thumbnails/images/goods_img/20240911/4432390/4432390_17260397740232_big.jpg?w=1200,없음,없음,https://image.msscdn.net/thumbnails/images/prd_img/20240911/4432390/detail_4432390_17261356459421_big.jpg?w=1200,longsl_0047,147,100회 이상 (최근 1개월),없음,후기 3개,없음,한달후기 디파이 나그랑티? 보다는 얇아요 그냥 가볍게 입구 다니려구요,기존 나그랑 티셔츠보단 얇은 재질이라 겉옷 안에 입기 좋아요!!,#아식스 #디파이클럽로버스 #차콜,없음,없음
https://www.musinsa.com/products/4421711,스터드 라인 후드 [ivory],"54,000원",10%,"48,500원",시스에이,https://image.musinsa.com/mfile_s01/_brand/free_medium/sisa.png?20240702105738,상의,긴소매 티셔츠,https://image.msscdn.net/thumbnails/images/prd_img/20240909/4421711/detail_4421711_17258732237234_big.jpg?w=1200,없음,없음,https://image.msscdn.net/thumbnails/images/goods_img/20240909/4421711/4421711_17258730985288_big.jpg?w=1200,longsl_0048,"2,139",2.9천 회 이상 (최근 1개월),없음,후기 19개,4.7,아주 마음에 듳어욭 ㅌ다듳 구매파세용 이뻐욭ㅇ헤헤,한달후기 이 옷 되게 묘한 매력이 있어요 힙하면서도 청순한데 시크한 느낌 ..?? 암튼 휘뚤마뚤입기도 좋고 최곱니당,핏 착 감겨 넘이쁘고 심플해서 자주 손갈거같아요 재질두 부드럽고 좋아요,딱맞고 너무 이뻐요~ 날씨 좀 따뜻해지면 자주 입을것같아요!,가격대비는 좀 비싼 것 같음 배송은 빨랏고 얇은 이너티
https://www.musinsa.com/products/4631151,백로고 오버핏 롱 슬리브 [화이트],없음,없음,"48,000원",디서먼트,https://image.msscdn.net/mfile_s01/_brand/free_medium/discernment.png?1729664412695,상의,긴소매 티셔츠,https://image.msscdn.net/thumbnails/images/goods_img/20241121/4631151/4631151_17322528845859_big.jpg?w=1200,https://image.msscdn.net/thumbnails/images/prd_img/20241121/4631151/detail_4631151_17322528965358_big.jpg?w=1200,https://image.msscdn.net/thumbnails/images/prd_img/20241121/4631151/detail_4631151_17322528972843_big.jpg?w=1200,https://image.msscdn.net/thumbnails/images/prd_img/20241121/4631151/detail_4631151_17322528989082_big.jpg?w=1200,longsl_0049,15,100회 이상 (최근 1개월),없음,없음,없음,없음,없음,없음,없음,없음
https://www.musinsa.com/products/4375695,남녀공용 2PACK 릴렉스핏 모노그램 로고 긴팔 티셔츠 J400464 YAF,"99,000원",52%,"47,230원",캘빈클라인 진,https://image.musinsa.com/mfile_s01/_brand/free_medium/calvinkleinjeans.png?20220926172503,상의,긴소매 티셔츠,https://image.msscdn.net/thumbnails/images/goods_img/20240827/4375695/4375695_17285348455715_big.jpg?w=1200,https://image.msscdn.net/thumbnails/images/prd_img/20240827/4375695/detail_4375695_17285348141215_big.jpg?w=1200,https://image.msscdn.net/thumbnails/images/prd_img/20240827/4375695/detail_4375695_17254991871898_big.jpg?w=1200,https://image.msscdn.net/thumbnails/images/prd_img/20240827/4375695/detail_4375695_17254991906878_big.jpg?w=1200,longsl_0050,316,1천 회 이상 (최근 1개월),없음,후기 28개,4.8,체험단 남녀공용 2팩 릴렉스핏 모노그램 로고 긴팔 티_화이트  안녕하세요 165cm / 55kg 20대 중반 여자입니다. 평소에 베이직한 스타일을 좋아해서 캘빈클라인진을 자주 애용하는데요. 이번에 캘빈클라인진에서 릴렉스핏 모노그램 로고 긴팔 티셔츠 체험단에 당첨돼서 입어본 후기 남깁니다.  평소 몸이 예민해서 까슬까슬한 티셔츠는 절대 못입는데 이 티셔츠는 부드럽고 몸에 착 감겨 좋았어요! 안정적인 라운드넥이여서 휘뚜루 마뚜루 입을 거 같아요.  사실 지금까지는 긴팔은 크게 중요한가?싶어서 조금 저렴한 긴팔만 입다가 이렇게 브랜드 제품은 처음 입어보는데 정말 편하고 대충입어도 예쁘게 보여서 편하네요 그리고 체형보정도 좀 되는 거 같아서 자신감도 생기는 거 같습니다.  정말 신기한 점이 언뜻 보기에는 평범한 흰색 긴팔티인데 입어보면 실루엣과 촉감이 저가랑은 다르고 로고가 심플하게 있어서 어떤 바지를 입어도 꾸안꾸 느낌을 주기 좋네요 정말 만족스럽습니다.  이번에 입어본 긴팔이 너무 만족스러워서 캘빈클라인진의 다른 제품도 기대가 갑니다 :) 마지막으로 저에게 체험단 기회를 주신 캘빈클라인진과 무신사에게 감사의 말씀을 드리며 체험단 후기를 마치겠습니다.!,"체험단 📦 패키지는 없다고 생각하시면 됩니다.  👕여성분들은 S사이즈도 큽니다. 일자핏이라 너무 어벙하지 않아 좋습니다만, 오버핏 안 좋아하시는 분들은 XS 시키셔도 넉넉히 편안하게 입으실 것 같아요.ㅎㅎ 55사이즈까지 XS~S 추천하고 66부터 S~M 가세요. 툭 떨어지는 티셔츠라서 남자분들이 입었을 때 더 예쁠 것 같은 핏감입니다~ 그래서 어머니아버지 드렸어요ㅋㅋ 커플티 좋아하시네요  🪡소재가 좋습니다. 살짝 코팅된 거처럼 부들부들 후들후들한 재질이 몸에 닿는 느낌 굿. 이너로 받쳐 입기 좋을 듯합니다.  단, 처음 꺼냈을 때 냄새가 심합니다. 세탁 필수이고, 오염 체크하세요. 교환은 빠르고 친절하셨습니다","체험단 체험단 리뷰  신체 175cm 71kg  사이즈 오버핏으로 나온거같아요 보통 L, XL 입는데 M사이즈도 넉넉하게 맞아요 사이즈 말고 실측표 보고 구매 하거나 한사이즈 다운이 맞을거같아요!  소재 제가 실켓 티셔츠 처럼 되게 부드러워요 입으면 감기는 느낌이에요 탄탄해보이고 원단이 딱 만져보고 옷 잘모르는 저도 좋은 원단인게 느껴지더라고요  색감 완전 화이트는 아니고 화이트에 아이보이 한두방울 섞인 느낌이에요 저는 오히려 쨍한 화이트가 아니라 더 맘에 들었어요 여기저기 매치해서 입기 좋은거 같더라고요  코디 사진보시면 알겠지만 구매 고민중이신분들 여러가지 옷에 어울리는거 보여 드리려고 여러가지 코디에 찍어봤는데 정말 단품으로 입을수도있고 이너로 입을수있고 어디에나 잘어울리는거같아요 사진처럼 레이어드에도 어울리고 정말 이정도면 만능템이에요  총평 비침적고 소재 좋고 핏도 너무 맘에 들어요 무엇보다 어디에나 어울리는 옷 그냥 코디 뚝딱 입니다 그리고 ck 잖아요 그냥 저렴한 흰색티 보다 돈 조금 더 주고 구매하시면 재질 코디 ck감성 까지 다 챙길수있어요!  저는 개인적으로는 이너말고 원탑으로입는게 티셔츠에 장점이 다 묻어나는거같아서 제일 맘에 들어요 핏 디자인 색감 전체적으로 다 맘에들었어요🙌🙌","체험단 소재 : 도톰한 100% BCL 면 소재의 옷으로 촉감이 매우 부들부들하여 입을 때 마다 기분 좋게 입을 수 있는 옷입니다. 줄어듬 걱정도 없을 것 같네요.  사이즈 : 남녀공용 제품으로 사이즈가 조금 크게 나온 것 같습니다. 저는 S사이즈를 선택했는데 남녀공용 제품이라 그런지 소매도 길고 전체적으로 오버핏으로 생각하시면 될 것 같습니다.  디자인 : 왼쪽 가슴에 디자인된 모노그램 로고가 포인트인 옷으로 단독으로 입어도 깔끔하게 입을 수 있고 겨울철 후드티나 맨투맨, 니트 안에 이너로 입어도 너무 좋을 것 같습니다. 개인적으로 큼지막한 로고는 부담스러워 하는 편인데, 스몰로고라서 더 마음에 들고 예쁘다고 생각합니다",살까 말까 고민하다가 세일 하길래 샀어요! 봄에 잘 입고 다닐거 같아여
https://www.musinsa.com/products/4295963,에센셜 울텐셀 레이어드 티셔츠_5COLORS,"59,000원",20%,"47,200원",시티브리즈 우먼,https://image.msscdn.net/mfile_s01/_brand/free_medium/citybreeze.png?1730707402990,상의,긴소매 티셔츠,https://image.msscdn.net/thumbnails/images/prd_img/20240805/4295963/detail_4295963_17376881186997_big.jpg?w=1200,https://image.msscdn.net/thumbnails/images/prd_img/20240805/4295963/detail_4295963_17240358991876_big.jpg?w=1200,없음,https://image.msscdn.net/thumbnails/images/goods_img/20240805/4295963/4295963_17376881082397_big.jpg?w=1200,longsl_0051,"12,248",1.2만 회 이상 (최근 1개월),2.4천 개 이상,후기 459개,4.7,한달후기 우선 힘이 없습니다! 그래서인지 목도 금방 후즐근해졌어요ㅠㅠ 제 스타일은 아닌걸로..!,가을 여자가되..2,"체험단 시티브리즈 에센셜 울텐셀 레이어드 티셔츠 아이보리 색으로 받아봤어요 처음 느낀 점은 엄청엄청 부드럽다 입니다 소재가 너무 부드러워서 계속 입고싶고 만지고 싶어요 두께는 얇은 편입니다 아이보리색은 약간 비침이 있는데 엄청 신경쓰일 정도는 아니었어요 아이보리색이라 쌩화이트가 아니라 살짝 노리끼리하고 따뜻한 색감입니다 오히려 얇고 조금 비쳐서 더 여리여리해보여서 좋았어요 옷이 너무 예뻐요 계절감은 겨울만 아니면 봄여름(너무 덥지 않은) 가을 전부 입을 수 있는 옷이에요 가장 추천하는 계절은 봄,가을입니다 지금쯤 사시면 너무 예쁘고 편하게 휘뚜루마뚜루 입으실 수 있을듯 합니다 옷이 너무 예쁘고 부드럽고 귀여워요 데일리로도 잘 입고 사실 집에서도 잘 입을 수 있을 것 같아요","체험단 좋은 기회로 시티브리즈 우먼의 에센셜 울텐셀 레이어드 티셔츠 체험단으로 선정되어 남기는 후기입니다!  📍색감, 재질 색감은 상품 이미지와 동일한 그레이와 연그레이? 색상입니다. 배색부분이 연한 하늘색같아 보이기도해서 예쁜 것 같아요! 재질은 엄청 보들보들해서 피부 예민하신분도 입으실 수 있을 것 같아요  📍사이즈 프리사이즈인데도 품과 팔 사이즈가 넉넉해요! 기장도 적절해서 이너로도, 단독으로 입어도 예쁩니다👍  📍디테일 먼저 배색 포인트가 눈에 가장 띄었습니다! 요즘 이런 레이어드 포인트가 들어간 상의가 유행하는 것 같은데 적절한 색으로 잘 어우러져 무난하게 입을 수 있습니다! 그리고 갈비뼈부분에 시티브리즈라고 자수가 놓여있는데 이 부분도 포인트 역할을 톡톡히 하는 것 같아요  📍디자인, 마감 무난한 디자인으로 출근룩이나 데일리룩 여러방면으로 활용이 가능할 것 같아요 가을에는 단독으로 입어주고 겨울에는 이너로 활용해주면 아주 좋을 것 같네요! 마감도 아주 잘되어있어서 실오라기 하나 없었습니다  📍총평 스판이 좋은 재질이라 편하게 입을 수 있고 여러가지 포인트로 심심하지않아 아주 예뻐요! 추천드립니다😋",옷은 예쁜데 티셔츠가 아니라 내복 느낌 나요... 단독으로는 못입을 것 같고 안에 가볍게 입기 좋은 이너인 것 같아요
https://www.musinsa.com/products/4456169,Y.E.S Mock Neck L/S White,"59,000원",20%,"47,200원",예스아이씨,https://image.msscdn.net/mfile_s01/_brand/free_medium/yeseyesee.png?20200608153142,상의,긴소매 티셔츠,https://image.msscdn.net/thumbnails/images/goods_img/20240924/4456169/4456169_17276766979031_big.jpg?w=1200,https://image.msscdn.net/thumbnails/images/prd_img/20240924/4456169/detail_4456169_17276767037412_big.jpg?w=1200,https://image.msscdn.net/thumbnails/images/prd_img/20240924/4456169/detail_4456169_17276767074151_big.jpg?w=1200,https://image.msscdn.net/thumbnails/images/prd_img/20240924/4456169/detail_4456169_17276767189678_big.jpg?w=1200,longsl_0052,106,350회 이상 (최근 1개월),없음,후기 1개,없음,사이즈도 적당하고 이쁘네요 잘 입을 것 같습니다,없음,없음,없음,없음
https://www.musinsa.com/products/4734753,스트랩 언발란스 레이어드 롱슬리브 [BLACK],"52,000원",10%,"46,800원",레더리,https://image.musinsa.com/mfile_s01/_brand/free_medium/leathery.png?20220124140405,상의,긴소매 티셔츠,https://image.msscdn.net/thumbnails/images/goods_img/20250121/4734753/4734753_17376130183798_big.jpg?w=1200,https://image.msscdn.net/thumbnails/images/prd_img/20250121/4734753/detail_4734753_17376130727094_big.jpg?w=1200,https://image.msscdn.net/thumbnails/images/prd_img/20250121/4734753/detail_4734753_17376130736436_big.jpg?w=1200,https://image.msscdn.net/thumbnails/images/prd_img/20250121/4734753/detail_4734753_17376130787745_big.jpg?w=1200,longsl_0053,352,2.8천 회 이상 (최근 1개월),없음,후기 1개,없음,가방 구매하면서 홀린듯 같이 구매했어요! 모델 사진이 너무 제 추구미네요. 소재 느낌이 엄청 좋고 옆구리 리본도 포인트 돼서 좋아요,없음,없음,없음,없음
https://www.musinsa.com/products/4516942,Eyelet Belt Long Sleeve [Beige],"52,000원",10%,"46,800원",로제프란츠,https://image.msscdn.net/mfile_s01/_brand/free_medium/rosefrantz.png?1726714962255,상의,긴소매 티셔츠,https://image.msscdn.net/thumbnails/images/goods_img/20241015/4516942/4516942_17289505527587_big.jpg?w=1200,없음,없음,https://image.msscdn.net/thumbnails/images/prd_img/20241015/4516942/detail_4516942_17289505536059_big.jpg?w=1200,longsl_0054,382,1.1천 회 이상 (최근 1개월),없음,후기 1개,없음,생각보다 짧은데 질 좋고 예뻐요 벨트부분 고정이 안돼서 가끔씩 확인해줘야해요,없음,없음,없음,없음
https://www.musinsa.com/products/4329168,[5589] 루즈핏 롱 슬리브 (베이지),"54,000원",20%,"43,200원",밀리언코르,https://image.musinsa.com/mfile_s01/_brand/free_medium/millioncor.png?20230905103642,상의,긴소매 티셔츠,https://image.msscdn.net/thumbnails/images/goods_img/20240814/4329168/4329168_17242246925901_big.jpg?w=1200,https://image.msscdn.net/thumbnails/images/prd_img/20240814/4329168/detail_4329168_17242246991293_big.jpg?w=1200,https://image.msscdn.net/thumbnails/images/prd_img/20240814/4329168/detail_4329168_17242247001153_big.jpg?w=1200,https://image.msscdn.net/thumbnails/images/prd_img/20240814/4329168/detail_4329168_17242247010541_big.jpg?w=1200,longsl_0055,79,없음,없음,후기 2개,없음,한달후기 젠더리스 하면서 빈티지한게 아주 만족스럽고 너무 편하네요,배송도 빠르고 빈티지한 느낌이 아주 마음이 드네요,없음,없음,없음
https://www.musinsa.com/products/4365989,460G 컷 헤비 피그먼트 롱 슬리브-내츄럴 아이보리-,"71,700원",40%,"43,000원",소버먼트,https://image.musinsa.com/mfile_s01/_brand/free_medium/sovermentwithlomort.png?20201105164327,상의,긴소매 티셔츠,없음,없음,없음,https://image.msscdn.net/thumbnails/images/goods_img/20240823/4365989/4365989_17250158420327_big.jpg?w=1200,longsl_0056,608,4천 회 이상 (최근 1개월),없음,후기 156개,4.9,옷 자체만 놓고보면 짱짱하고 좋은데 4만원 받을가격은 아니고 쿠폰먹여서 한 2만원?정도면 구매 추천드려요 레이어드용으로는 좋은듯 그리고 아이보리가 아니라 완전 화이트라서 아쉬워요,고중량 특유의 갑갑함 없고 질기고 튼튼. 넉넉한 핏으로 착용감또한 편함. 유의할점은 팔에 쌓이는 스트릿한 핏. 클래식하게 입을 분들은 조심. 롱슬리브랍시고 항상 나풀나풀하게 만드는곳만 많아서 만족감 느껴본적이 적은데 이 제품 아주 좋음,고중량 특유의 갑갑함 없고 질기고 튼튼. 넉넉한 핏으로 착용감또한 편함. 유의할점은 팔에 쌓이는 스트릿한 핏. 클래식하게 입을 분들은 조심. 롱슬리브랍시고 항상 나풀나풀하게 만드는곳만 많아서 만족감 느껴본적이 적은데 이 제품 아주 좋음,사이즈 생각보다 커요 한사이즈 다운 필수요 재질 좋어요,소버먼트 한 번 맛보면 진짜 못 빠져나간다 조심해야한다
https://www.musinsa.com/products/4305460,스퀘어 넥 립드 탑_브라운,"52,000원",20%,"41,600원",로맨틱크라운,https://image.msscdn.net/mfile_s01/_brand/free_medium/romanticcrown.png?20240418114459,상의,긴소매 티셔츠,https://image.msscdn.net/thumbnails/images/prd_img/20240807/4305460/detail_4305460_17252560729729_big.jpg?w=1200,https://image.msscdn.net/thumbnails/images/prd_img/20240807/4305460/detail_4305460_17252560810792_big.jpg?w=1200,없음,https://image.msscdn.net/thumbnails/images/goods_img/20240807/4305460/4305460_17351775209219_big.jpg?w=1200,longsl_0057,"1,355",750회 이상 (최근 1개월),없음,후기 4개,3.5,한달후기 s로 사세요 보통 여성분이라묜..! 버클이 너무 질 풀려요,사이즈 조절할 걸.. 너무 널널해서 벨크로? 가 자꾸 끊겨요 ㅜ,핏이 살짝 하늘해서 사진처럼 딱 잡혀있지않습니다. 배부분도 묘하게 어정쩡해서 아쉬워요 그래도 옷이 부드럽고 스퀘어넥이 매력이라서 만족합니다,여리여리하고 예쁩니다. 제 체구가 많이 작아서 약간 헐렁하긴한데 입을만 합니다.,없음
https://www.musinsa.com/products/4672839,FN OG LONG SLV TEE brown,"49,000원",20%,"39,200원",엘엠씨,https://image.musinsa.com/mfile_s01/_brand/free_medium/lmc.png?20220610163914,상의,긴소매 티셔츠,https://image.msscdn.net/thumbnails/images/prd_img/20241219/4672839/detail_4672839_17357805267020_big.jpg?w=1200,https://image.msscdn.net/thumbnails/images/prd_img/20241219/4672839/detail_4672839_17357805279531_big.jpg?w=1200,없음,https://image.msscdn.net/thumbnails/images/goods_img/20241219/4672839/4672839_17357805187065_big.jpg?w=1200,longsl_0058,256,2.1천 회 이상 (최근 1개월),없음,후기 4개,4.5,생각보다 정핏이어서 당황햇지만 뭐 그럭저럭 할인해서 산거 생각하면 괜찮슴니다,휘뚜루 마뚜루 입기 좋은 데일리 아이템입니다 잘입구 있어요.,가끔씩 기본스러운 롱슬리브 사고싶을때 엘엠씨에서 자주사요 낙낙하니 좋아요,꺄오 너무 예뻐요 근데 조금 더 넉넉하게 입고싶으면 엠사도 괜찮앗을것 같애요 하지만 에스도 넉넉해서 ㄱㅊ긴해요 색도 넘 예쁘고 크기도 ㄱㅊ고 넘 예뻐여,없음
https://www.musinsa.com/products/4746905,FF SLEEVELESS LAYERED L/S TEE(GREY),"49,000원",20%,"39,200원",해비즘,https://image.musinsa.com/mfile_s01/_brand/free_medium/havism.png?20210209155418,상의,긴소매 티셔츠,https://image.msscdn.net/thumbnails/images/goods_img/20250130/4746905/4746905_17385675471232_big.jpg?w=1200,https://image.msscdn.net/thumbnails/images/prd_img/20250130/4746905/detail_4746905_17385675539502_big.jpg?w=1200,https://image.msscdn.net/thumbnails/images/prd_img/20250130/4746905/detail_4746905_17385675546178_big.jpg?w=1200,https://image.msscdn.net/thumbnails/images/prd_img/20250130/4746905/detail_4746905_17385675559718_big.jpg?w=1200,longsl_0059,26,100회 이상 (최근 1개월),없음,없음,없음,없음,없음,없음,없음,없음
https://www.musinsa.com/products/4416232,소프트 슬럽 롱슬리브 티셔츠 (T32E7TTO51SWT1C1G),"52,000원",30%,"36,400원",타미진스,https://image.msscdn.net/mfile_s01/_brand/free_medium/tommyjeans.png?20200608153142,상의,긴소매 티셔츠,https://image.msscdn.net/thumbnails/images/goods_img/20240906/4416232/4416232_17274067230421_big.jpg?w=1200,없음,없음,https://image.msscdn.net/thumbnails/images/prd_img/20240906/4416232/detail_4416232_17274067260324_big.jpg?w=1200,longsl_0060,385,2.7천 회 이상 (최근 1개월),없음,후기 2개,없음,싸게 잘 샀어요 핏도 괜찮고 잘 받았습니다 이뻐요,옷감이 약간 루즈핏 흐늘거려요 편한 착용감입니다,없음,없음,없음
https://www.musinsa.com/products/4343051,플로니 슬림 티셔츠 [CHARCOAL],"45,000원",20%,"36,000원",델리센트,https://image.musinsa.com/mfile_s01/_brand/free_medium/deliccent.png?20220621162521,상의,긴소매 티셔츠,https://image.msscdn.net/thumbnails/images/goods_img/20240819/4343051/4343051_17255228580903_big.jpg?w=1200,없음,없음,https://image.msscdn.net/thumbnails/images/prd_img/20240819/4343051/detail_4343051_17255228590641_big.jpg?w=1200,longsl_0061,956,3.6천 회 이상 (최근 1개월),없음,후기 4개,없음,너무 달라붙고 얇고 이런 옷은 부담스러워서 잘 안입게 되는데 얘는 핏이 예쁘게 잡혀서 계속 손이 가네용 무엇보다 질이 너무 좋아서 늘어나지두 않구 탄탄해요!,한달후기 딱 달라붙어서 몸매 보정두 잘 해주고 신축성도 좋아서 입고 벗기 편해요!,너무 이뻐요!! 핏도 이쁘고 길이도 적당해서 자주 입을 것 같아요!!,한달후기 총장 안 보고 삿엇는데 생각보다 많이 안 짧구 딱 좋아염 근데뮨가 어깨선이 애매한? 위치에 잇는 느낌 소매 손등까지 쭈욱해야 핏이 예뻐염 건조기 돌렷는데 별루 안 줄어들음 디자인은 넘넘예뿜,없음
https://www.musinsa.com/products/4519093,코튼 보트넥 니트티 [차콜],없음,없음,"34,900원",바우로 프로덕트,https://image.musinsa.com/mfile_s01/_brand/free_medium/bowlow.png?20240520135539,상의,긴소매 티셔츠,https://image.msscdn.net/thumbnails/images/goods_img/20241015/4519093/4519093_17289706842821_big.jpg?w=1200,https://image.msscdn.net/thumbnails/images/prd_img/20241015/4519093/detail_4519093_17289706955606_big.jpg?w=1200,https://image.msscdn.net/thumbnails/images/prd_img/20241015/4519093/detail_4519093_17289706966572_big.jpg?w=1200,https://image.msscdn.net/thumbnails/images/prd_img/20241015/4519093/detail_4519093_17289706993437_big.jpg?w=1200,longsl_0062,27,150회 이상 (최근 1개월),없음,후기 2개,없음,잘 입고있습니다. 옷의 신축성은 거의 없고 팔부분이 타이트합니다.,디자인 너무 예쁘네요 재질도 마음에 들고 다른색도 구매 예정입니다.,없음,없음,없음
https://www.musinsa.com/products/4327695,Type Logo L/S Tee - White,"49,000원",30%,"34,300원",로어즈,https://image.musinsa.com/mfile_s01/_brand/free_medium/lores.png?20240911110401,상의,긴소매 티셔츠,https://image.msscdn.net/thumbnails/images/prd_img/20240813/4327695/detail_4327695_17260375636958_big.jpg?w=1200,https://image.msscdn.net/thumbnails/images/prd_img/20240813/4327695/detail_4327695_17260375639384_big.jpg?w=1200,없음,https://image.msscdn.net/thumbnails/images/goods_img/20240813/4327695/4327695_17260375628970_big.jpg?w=1200,longsl_0063,48,없음,없음,후기 1개,없음,옷이 짱짱하고 핏도 좋아서 여러벌 구입했어요 반팔도 사려고요,없음,없음,없음,없음
https://www.musinsa.com/products/4592364,쿨링 ROKA 로카 긴팔 티셔츠,"16,500원",40%,"9,900원",밀리브로,https://image.msscdn.net/mfile_s01/_brand/free_medium/milibro.png?1730858958061,상의,긴소매 티셔츠,없음,없음,없음,https://image.msscdn.net/thumbnails/images/goods_img/20241106/4592364/4592364_17310548114829_big.jpg?w=1200,longsl_0064,125,2.3천 회 이상 (최근 1개월),없음,후기 21개,없음,여자친구 주려고 하나 샀는데 여자친구도 넘 조아하고 사이즈도 적당해용 그렇게 크진 않아요 ㅡ,운동할 때 입기 좋아요. 핏도 딱 근육이 잘 드러나게 맞아서 추천해요 ㅡ,생각보다 훨씬 이쁘네요! 반팔로는 이미 두개 있었는데 긴팔 버전도 하나 굉장히 저렴하게 장만해서 기분 좋습니다,운동할때 입으려고 샀어요 통풍잘되고 가벼워서 잘 마를거 같아요,운동할때 입으려고 샀어요 통풍잘되고 가벼워서 잘 마를거 같아요
https://www.musinsa.com/products/4346480,슬림핏 스트라이프 탑 [GREY],"41,000원",20%,"32,800원",레더리,https://image.musinsa.com/mfile_s01/_brand/free_medium/leathery.png?20220124140405,상의,긴소매 티셔츠,https://image.msscdn.net/thumbnails/images/goods_img/20240820/4346480/4346480_17243778682551_big.jpg?w=1200,https://image.msscdn.net/thumbnails/images/prd_img/20240820/4346480/detail_4346480_17243778833630_big.jpg?w=1200,https://image.msscdn.net/thumbnails/images/prd_img/20240820/4346480/detail_4346480_17243778805133_big.jpg?w=1200,https://image.msscdn.net/thumbnails/images/prd_img/20240820/4346480/detail_4346480_17243778874171_big.jpg?w=1200,longsl_0065,"22,841",4만 회 이상 (최근 1개월),2.3천 개 이상,후기 303개,4.7,전체적으로 사이즈가 약간 딱 핏이에여 살찌면 못입음 ㅠㅋㅋ ㅠㅠ 평소 55-66입는 분들은 비추 드립니다 솔직후기 남겨요 많이끼고 불편하다고 느끼실거에요 전 맞긴한데 막 편하게 입는듯한 느낌은 없었어요 저한테도 약간 딱맞다란게 더 맞음 개말라분들은 그냥 입으시면됩니다 저한텐 근데 작다거나 봤을때 이상하진 않고 예뻐서 그냥 확정함,패턴이랑 색감이 예뻐서 구매했는데.. 스판기가 하나도 없어서 좀 불편해요ㅠ 단독으로 입긴 힘들거 같고 자켓 안에 받쳐서 입어야겠어요,#레더리 #힙한코디 #스트릿패션 편하지만 힙하게 입기 좋은 룩👀,예뻐요ㅜㅜ 근데 살이쪘나... 낑겨요.... 그리고 9웡 말 기준으로 너무 더워요,모델핏 나오려면 44사쥬 되야되 솔직히 모델 마네킹 같음 암튼 그냥 입는거야 이뿌니까 기분 좋으니까
https://www.musinsa.com/products/4499976,레터링 레이스 롱슬리브(블랙),"52,800원",40%,"31,900원",오오엠엘,https://image.musinsa.com/mfile_s01/_brand/free_medium/oel.png?20211101140607,상의,긴소매 티셔츠,https://image.msscdn.net/thumbnails/images/goods_img/20241009/4499976/4499976_17292369564774_big.png?w=1200,https://image.msscdn.net/thumbnails/images/prd_img/20241009/4499976/detail_4499976_17296581730980_big.jpg?w=1200,없음,https://image.msscdn.net/thumbnails/images/prd_img/20241009/4499976/detail_4499976_17296581766894_big.jpg?w=1200,longsl_0066,293,1.1천 회 이상 (최근 1개월),없음,후기 6개,4.8,한달후기 가격 저렴하게 잘 구매했는데 예쁘고 편해서 자주 입고 있어요,한달후기 편하고 예뻐서 자주 입고 있어요 넥라인이 예쁩니다,부드럽고 날씬보임 코디된바지랑 같이구입 할인받아 싸게구입,진짜 몸매 날씬해 보여요 라인이 잘빠져서 좋아요 고급스러운 질감에 스타일 만족합니다 ~^^,손목이랑 목부분 레이스가 너무너무 예쁘고 많이 달라 붙지 않아서 좋아요
https://www.musinsa.com/products/4744146,노팅힐 페미닌 원숄더 롱 슬리브 블랙,"45,000원",30%,"31,500원",칙스,https://image.msscdn.net/mfile_s01/_brand/free_medium/chicks.png?1733982020725,상의,긴소매 티셔츠,https://image.msscdn.net/thumbnails/images/goods_img/20250124/4744146/4744146_17377003675277_big.jpg?w=1200,https://image.msscdn.net/thumbnails/images/prd_img/20250124/4744146/detail_4744146_17377003684669_big.jpg?w=1200,https://image.msscdn.net/thumbnails/images/prd_img/20250124/4744146/detail_4744146_17377003687296_big.jpg?w=1200,https://image.msscdn.net/thumbnails/images/prd_img/20250124/4744146/detail_4744146_17377003692616_big.jpg?w=1200,longsl_0067,"1,374",1만 회 이상 (최근 1개월),없음,없음,없음,없음,없음,없음,없음,없음
https://www.musinsa.com/products/4296948,W LLF UNIFORM L/S TEE(BLACK),"52,000원",40%,"31,200원",해비즘,https://image.musinsa.com/mfile_s01/_brand/free_medium/havism.png?20210209155418,상의,긴소매 티셔츠,https://image.msscdn.net/thumbnails/images/prd_img/20240805/4296948/detail_4296948_17238953037567_big.jpg?w=1200,https://image.msscdn.net/thumbnails/images/prd_img/20240805/4296948/detail_4296948_17238953047696_big.jpg?w=1200,없음,https://image.msscdn.net/thumbnails/images/goods_img/20240805/4296948/4296948_17238952969694_big.jpg?w=1200,longsl_0068,"1,934",8천 회 이상 (최근 1개월),없음,후기 37개,4.8,사진이랑 같은데 제가 통통해서 그런지 사이즈가 타이트하네요,생각보다 작긴 한데 스판이 있어서 편해요 옆에 줄이 있어서 팔뚝 부각이 안돼서 좋아요,한달후기 이 옷 진짜 존예에요 심지어 팔뚝살이랑 뱃살 커버됨 돈만 많으면 색깔별로 다 사고 싶어요,세트로 구입했는데 같이입으니까 예쁘네요 운동할때 입기좋아여,핏이 아주예뻐요 레이스포인트가 맘에들어서 구입했어여~
https://www.musinsa.com/products/4740722,하트넥 셔링 롱슬리브 티 [CHARCOAL] / WBE1L01506,없음,없음,"35,000원",제너럴아이디어,https://image.musinsa.com/mfile_s01/_brand/free_medium/generalideastandard.png?20240418113747,상의,긴소매 티셔츠,https://image.msscdn.net/thumbnails/images/goods_img/20250123/4740722/4740722_17376215563590_big.jpg?w=1200,https://image.msscdn.net/thumbnails/images/prd_img/20250123/4740722/detail_4740722_17376215653515_big.jpg?w=1200,https://image.msscdn.net/thumbnails/images/prd_img/20250123/4740722/detail_4740722_17376215660421_big.jpg?w=1200,https://image.msscdn.net/thumbnails/images/prd_img/20250123/4740722/detail_4740722_17376158405475_big.jpg?w=1200,longsl_0069,27,100회 이상 (최근 1개월),없음,없음,없음,없음,없음,없음,없음,없음
https://www.musinsa.com/products/4614053,폴리 레이온 터틀넥티셔츠 AQ4CTA66,"39,900원",25%,"29,930원",랩,https://image.msscdn.net/mfile_s01/_brand/free_medium/lap.png?20200608153142,상의,긴소매 티셔츠,https://image.msscdn.net/thumbnails/images/goods_img/20241114/4614053/4614053_17315507406359_big.jpg?w=1200,https://image.msscdn.net/thumbnails/images/prd_img/20241114/4614053/detail_4614053_17315507416185_big.jpg?w=1200,https://image.msscdn.net/thumbnails/images/prd_img/20241114/4614053/detail_4614053_17315507418566_big.jpg?w=1200,https://image.msscdn.net/thumbnails/images/prd_img/20241114/4614053/detail_4614053_17315622589525_big.jpg?w=1200,longsl_0070,8,100회 이상 (최근 1개월),없음,없음,없음,없음,없음,없음,없음,없음
https://www.musinsa.com/products/4336536,오버핏 스트라이프 롱슬리브 티셔츠 (BLACK),"39,000원",23%,"29,900원",엑스컨테이너,https://image.musinsa.com/mfile_s01/_brand/free_medium/excontainer.png?20240320150032,상의,긴소매 티셔츠,https://image.msscdn.net/thumbnails/images/goods_img/20240816/4336536/4336536_17242855269889_big.jpg?w=1200,https://image.msscdn.net/thumbnails/images/prd_img/20240816/4336536/detail_4336536_17243748230080_big.jpg?w=1200,https://image.msscdn.net/thumbnails/images/prd_img/20240816/4336536/detail_4336536_17243748170081_big.jpg?w=1200,https://image.msscdn.net/thumbnails/images/prd_img/20240816/4336536/detail_4336536_17243748196727_big.jpg?w=1200,longsl_0071,"1,150",1.9천 회 이상 (최근 1개월),없음,후기 103개,4.8,"단독으로 입기보다는 맨투맨이나 후드티 안쪽에 레이어드해 입으려고 구매했어요. 아주 얇은 재질은 아니고, 적당해요! 살짝 오버핏이에요. 심심한 옷에 같이 입기 좋아요.",역시 너무 이쁘고 이너로 입기 괜찮은티임,사진보다 실제가 훠얼씬 예쁘네요 부드랍고 좋아요,딱 생각했던 핏으로 잘맞습니다 예뻐요 잘입을듯 생각대로 두껍진 않슴다,좀 얇은편이고 딱 생각했던 느낌 색감 그대롭니다 예뻐영
https://www.musinsa.com/products/4725762,남성) 변형 와플 슬릿넥 긴팔티_PHF2TS1510,"59,900원",50%,"29,900원",폴햄,https://image.msscdn.net/mfile_s01/_brand/free_medium/polham.png?20200608153142,상의,긴소매 티셔츠,https://image.msscdn.net/thumbnails/images/goods_img/20250116/4725762/4725762_17370150985738_big.jpg?w=1200,https://image.msscdn.net/thumbnails/images/prd_img/20250116/4725762/detail_4725762_17370150993108_big.jpg?w=1200,https://image.msscdn.net/thumbnails/images/prd_img/20250116/4725762/detail_4725762_17370150995759_big.jpg?w=1200,https://image.msscdn.net/thumbnails/images/prd_img/20250116/4725762/detail_4725762_17370150997373_big.jpg?w=1200,longsl_0072,1,,없음,없음,없음,없음,없음,없음,없음,없음
https://www.musinsa.com/products/4358417,WASHED LONG SLEEVE [PIGMENT BLACK],"59,000원",50%,"29,500원",스웨이드,https://image.musinsa.com/mfile_s01/_brand/free_medium/suade.png?20230804121342,상의,긴소매 티셔츠,https://image.msscdn.net/thumbnails/images/goods_img/20240822/4358417/4358417_17243078634948_big.jpg?w=1200,https://image.msscdn.net/thumbnails/images/prd_img/20240822/4358417/detail_4358417_17243078706115_big.jpg?w=1200,https://image.msscdn.net/thumbnails/images/prd_img/20240822/4358417/detail_4358417_17243078723100_big.jpg?w=1200,https://image.msscdn.net/thumbnails/images/prd_img/20240822/4358417/detail_4358417_17243078766119_big.jpg?w=1200,longsl_0073,86,350회 이상 (최근 1개월),없음,후기 1개,없음,이쁘고 편하네요 마음에 듭니다 원했던 사이즈입니다,없음,없음,없음,없음
https://www.musinsa.com/products/4457993,아이보리 웨이브 절개 긴팔 티셔츠,"49,000원",40%,"29,400원",앤디아더,https://image.musinsa.com/mfile_s01/_brand/free_medium/andtheother.png?20230419170156,상의,긴소매 티셔츠,https://image.msscdn.net/thumbnails/images/goods_img/20240924/4457993/4457993_17271766584119_big.jpg?w=1200,https://image.msscdn.net/thumbnails/images/prd_img/20240924/4457993/detail_4457993_17271766665790_big.jpg?w=1200,https://image.msscdn.net/thumbnails/images/prd_img/20240924/4457993/detail_4457993_17271766674608_big.jpg?w=1200,https://image.msscdn.net/thumbnails/images/prd_img/20240924/4457993/detail_4457993_17271766692423_big.jpg?w=1200,longsl_0074,189,1천 회 이상 (최근 1개월),없음,후기 3개,4.7,키작은 저에게 잘맞요 재질은 별룬데 그냥 입어요,크롭디자인이 다리가 길어보여서 좋고 핏이 날씬해보여요!,와 이거 진짜 이뻐요! 니트재질이라 부해보일줄 알았는데 오히려 날씬해보이고 크롭기장이 맘에드네요,없음,없음
https://www.musinsa.com/products/4342167,베이직 긴팔 티셔츠 024910 [19color],없음,없음,"12,800원",지오다노,https://image.musinsa.com/mfile_s01/_brand/free_medium/giordano.png?20201008161709,상의,긴소매 티셔츠,https://image.msscdn.net/thumbnails/images/goods_img/20240819/4342167/4342167_17241298656590_big.jpg?w=1200,https://image.msscdn.net/thumbnails/images/prd_img/20240819/4342167/detail_4342167_17241299672535_big.jpg?w=1200,https://image.msscdn.net/thumbnails/images/prd_img/20240819/4342167/detail_4342167_17241298918562_big.jpg?w=1200,https://image.msscdn.net/thumbnails/images/prd_img/20240819/4342167/detail_4342167_17368366485699_big.jpg?w=1200,longsl_0075,243,500회 이상 (최근 1개월),없음,후기 137개,4.9,일단 배송이 진짜 빨라서 좋아요 그리고 옷이 생각보다 얇아서 초여름까지 입을수 있을거 같아요 흰색은 비침이 좀 있었는데 그레이는 비침이 없어서 단독으로 입을수도 있을것 같고 레이어드 해서 입어도 예쁠것 같아요 그리고 오버핏 원하는 분들은 한 사이즈 크게 사시는게 좋을것 같아요 정사이즈 사니까 딱 맞아요 그래도 이 가격에 퀄리티는 좋네요,일단 배송이 진짜 빨라서 좋아요 그리고 옷이 생각보다 얇아서 초여름까지 입을수 있을거 같아요 흰색은 비침이 좀 있었는데 그레이는 비침이 없어서 단독으로 입을수도 있을것 같고 레이어드 해서 입어도 예쁠것 같아요 그리고 오버핏 원하는 분들은 한 사이즈 크게 사시는게 좋을것 같아요 정사이즈 사니까 딱 맞아요 그래도 이 가격에 퀄리티는 좋네요,일단 배송이 진짜 빨라서 좋아요 그리고 옷이 생각보다 얇아서 초여름까지 입을수 있을거 같아요 흰색은 비침이 좀 있었는데 검정색은 비침이 없어서 단독으로 입을수도 있을것 같고 레이어드 해서 입어도 예쁠것 같아요 그리고 오버핏 원하는 분들은 한 사이즈 크게 사시는게 좋을것 같아요 정사이즈 사니까 딱 맞아요 그래도 이 가격에 퀄리티는 좋네요,일단 배송이 진짜 빨라서 좋아요 그리고 옷이 생각보다 얇아서 초여름까지 입을수 있을거 같아요 흰색은 비침이 좀 있었는데 검정색은 비침이 없어서 단독으로 입을수도 있을것 같고 레이어드 해서 입어도 예쁠것 같아요 그리고 오버핏 원하는 분들은 한 사이즈 크게 사시는게 좋을것 같아요 정사이즈 사니까 딱 맞아요 그래도 이 가격에 퀄리티는 좋네요,일단 배송이 진짜 빨라서 좋아요 그리고 옷이 생각보다 얇아서 흰색은 비침이 좀 있네요 그래서 레이어드나 이너로만 입는게 좋을것 같아요 그리고 오버핏 원하는 분들은 한 사이즈 크게 사시는게 좋을것 같아요 정사이즈 사니까 딱 맞아요 그래도 이 가격에 퀄리티는 좋네요
https://www.musinsa.com/products/4501622,Back Point Boat Neck Sleeve Melange Gray,"32,000원",20%,"25,600원",렌세,https://image.musinsa.com/mfile_s01/_brand/free_medium/rense.png?20240509135300,상의,긴소매 티셔츠,https://image.msscdn.net/thumbnails/images/goods_img/20241010/4501622/4501622_17312982536703_big.jpg?w=1200,https://image.msscdn.net/thumbnails/images/prd_img/20241010/4501622/detail_4501622_17292285866817_big.jpg?w=1200,https://image.msscdn.net/thumbnails/images/prd_img/20241010/4501622/detail_4501622_17292285873293_big.jpg?w=1200,https://image.msscdn.net/thumbnails/images/prd_img/20241010/4501622/detail_4501622_17292285884405_big.jpg?w=1200,longsl_0076,"2,216",6.1천 회 이상 (최근 1개월),없음,후기 18개,4.8,기본티로 넘 좋을거 같아요 핏도 날씬해보이고 자주 손이 갈듯한 느낌!! 근데…… 우측 팔 끝부분에 무슨 이염자국이 있어요 이염자국도 오래되서 굳은 거 같아요 상품검수 제대로 안하신거 같아요 기분 안좋은데 또 언제 교환하고 기다리고 할지 귀찮아서 세탁하고 입으려구요,한달후기 활용도 너무 좋고 앞뒤로 입을 수 있어서 더 좋음! 여기저기 휘뚤마뚤최고 ㅎㅎ,선물용으로 구매했는데 가격대비 마감이 괜찮다고 좋아합니다.,한달후기 세일할때 잘 샀어용 질 좋은 거 같아용 가성비 굳굳,한달후기 짇짜잘입고잇음 밋밋하지않고 포인트되서좋음
https://www.musinsa.com/products/4227348,우먼즈 투 톤 리브드 슬림 긴소매 티셔츠 [토프],"26,900원",20%,"21,490원",무신사 스탠다드 우먼,https://image.msscdn.net/mfile_s01/_brand/free_medium/musinsastandardwoman.png?1733278192535,상의,긴소매 티셔츠,https://image.msscdn.net/thumbnails/images/prd_img/20240702/4227348/detail_4227348_17285312791028_big.jpg?w=1200,https://image.msscdn.net/thumbnails/images/prd_img/20240702/4227348/detail_4227348_17285312802965_big.jpg?w=1200,없음,https://image.msscdn.net/thumbnails/images/goods_img/20240702/4227348/4227348_17285312727361_big.jpg?w=1200,longsl_0077,206,600회 이상 (최근 1개월),없음,후기 12개,4.7,두가지 색상샀어요 길이 길지않아 더 좋네요 좋습니다.,한달후기 보풀걱정할 필요 없는 소재라 좋고 타이트해서 밑에 h라인 스커트 입으면 잘 어울리는 거 같아요,평소 s나 m입는데 이거는 스판이 거의 없어서 l해야 될 거 같아요 근데 잘 없는 소재라 매장에서 입어보고 샀습니당,티 넘 갠찮아요 근데 좀 타이트한 편이라 L사이즈삼 보통 S나M입는데 스타일리쉬하고 힙함,힙하고 예뻐요 그 롱스커트랑 입으면 찰떡임 사보니까 다른 색도 사고싶음 ...
https://www.musinsa.com/products/4739541,남성) 쿨에어 코튼 그래픽 긴팔티_MSF2TS1011,"39,900원",25%,"29,900원",탑텐,https://image.msscdn.net/mfile_s01/_brand/free_medium/topten.png?20200608153142,상의,긴소매 티셔츠,https://image.msscdn.net/thumbnails/images/goods_img/20250123/4739541/4739541_17376090154863_big.jpg?w=1200,https://image.msscdn.net/thumbnails/images/prd_img/20250123/4739541/detail_4739541_17376090161707_big.jpg?w=1200,https://image.msscdn.net/thumbnails/images/prd_img/20250123/4739541/detail_4739541_17376090163721_big.jpg?w=1200,https://image.msscdn.net/thumbnails/images/prd_img/20250123/4739541/detail_4739541_17376090167289_big.jpg?w=1200,longsl_0078,2,150회 이상 (최근 1개월),없음,없음,없음,없음,없음,없음,없음,없음
https://www.musinsa.com/products/4518249,골지 그래픽 긴소매 티셔츠 화이트,"39,900원",50%,"19,900원",에잇세컨즈,https://image.musinsa.com/mfile_s01/_brand/free_medium/8seconds.png?20230113172937,상의,긴소매 티셔츠,없음,없음,없음,https://image.msscdn.net/thumbnails/images/goods_img/20241015/4518249/4518249_17289615484037_big.jpg?w=1200,longsl_0079,63,500회 이상 (최근 1개월),없음,후기 1개,없음,한달후기 상체에 살집이 많은데 이건 아래쪽도 트여있고 어깨라인도 보이는 옷이라 엄청 마르게보여서 잘입고다닙니다!,없음,없음,없음,없음
https://www.musinsa.com/products/4576700,[2PACK] 헤비 루즈핏 롱슬리브,"144,000원",49%,"74,000원",제이엘브,https://image.musinsa.com/mfile_s01/_brand/free_medium/jeleve.png?20231016182911,스포츠/레저,상의,https://image.msscdn.net/thumbnails/images/prd_img/20241031/4576700/detail_4576700_17303488716617_big.jpg?w=1200,https://image.msscdn.net/thumbnails/images/prd_img/20241031/4576700/detail_4576700_17303488727225_big.jpg?w=1200,없음,https://image.msscdn.net/thumbnails/images/goods_img/20241031/4576700/4576700_17303488611634_big.jpg?w=1200,longsl_0080,433,5.3천 회 이상 (최근 1개월),없음,후기 81개,4.9,생각보다 사이즈가 크긴한데 루즈핏으로 괜찮은 것 같아요,한달후기 생각보다 옷테가 커서 신기했어요 재질은 맘에 듭니다,헤비라고는 하지만 좀 얇은 거 같고 면재질이 아닌거 같아요.,자주 이용하는 브랜드로 저렴하게 득했어요. 두께감 착용감 만족합니다. 175기준 기장은 정사이즈는 1 오버핏은 2 추천드립니다,소재가 튼튼하고 여유로운 사이즈 마음에 듭니다.
https://www.musinsa.com/products/4326403,[힛탠다드] 터틀 넥 긴소매 티셔츠 [블랙],"23,900원",36%,"15,390원",무신사 스탠다드,https://image.msscdn.net/mfile_s01/_brand/free_medium/musinsastandard.png?20200608153142,상의,긴소매 티셔츠,https://image.msscdn.net/thumbnails/images/prd_img/20240813/4326403/detail_4326403_17260412845065_big.jpg?w=1200,https://image.msscdn.net/thumbnails/images/prd_img/20240813/4326403/detail_4326403_17259552188497_big.jpg?w=1200,없음,https://image.msscdn.net/thumbnails/images/goods_img/20240813/4326403/4326403_17259552121241_big.jpg?w=1200,longsl_0081,814,5.3천 회 이상 (최근 1개월),1.9천 개 이상,후기 273개,4.9,단품으론 조금그런데 니트나 가디건이너로 좋네요 덕분에 고기남자룩을 완성시켰습니다,제가 목이 살짝 긴편?인것 같은데 그래서 그런지 일반티보다 더 잘 어울리네요 마감 재질 핏 다 완벽해요 근데 따뜻한지는 잘 모르겠어요,부드럽고 편안하네요. 약간은 여유있는 사이즈라 세미오버핏 느낌입니다. 목은 까끌거리는거 없이 좋아요. 소매기장이나 몸통기장 딱 좋습니다. 일밤 면티에 비해 따뜻한 느낌도 나구요.,한달후기 가성비 높고 청바지랑 잘 어울려요 목이 긴 편이라 겨울에 추웠는데 이거 덕분에 올해는 따뜻할 것 같습니다,옷 엄청 예뻐요 겨울에도 따뜻할 것 같아요 이너로 입기에도 좋고 코트랑 입으면 엄청 잘 어울려요
https://www.musinsa.com/products/4719672,[30% 적립금]클래식 핏 스트라이프 저지 럭비 셔츠-블랙,없음,없음,"299,000원",폴로 랄프 로렌,https://image.musinsa.com/mfile_s01/_brand/free_medium/poloralphlauren.png?20220906134140,상의,긴소매 티셔츠,https://image.msscdn.net/thumbnails/images/goods_img/20250114/4719672/4719672_17385723217581_big.jpg?w=1200,https://image.msscdn.net/thumbnails/images/prd_img/20250114/4719672/detail_4719672_17385723267504_big.jpg?w=1200,https://image.msscdn.net/thumbnails/images/prd_img/20250114/4719672/detail_4719672_17385723276410_big.jpg?w=1200,https://image.msscdn.net/thumbnails/images/prd_img/20250114/4719672/detail_4719672_17385723360991_big.jpg?w=1200,longsl_0082,7,150회 이상 (최근 1개월),없음,없음,없음,없음,없음,없음,없음,없음
https://www.musinsa.com/products/4501837,Frill Layered Long Sleeve Black,"43,000원",20%,"34,400원",렌세,https://image.musinsa.com/mfile_s01/_brand/free_medium/rense.png?20240509135300,상의,긴소매 티셔츠,https://image.msscdn.net/thumbnails/images/goods_img/20241010/4501837/4501837_17292288250639_big.jpg?w=1200,https://image.msscdn.net/thumbnails/images/prd_img/20241010/4501837/detail_4501837_17292288327458_big.jpg?w=1200,https://image.msscdn.net/thumbnails/images/prd_img/20241010/4501837/detail_4501837_17292288333567_big.jpg?w=1200,https://image.msscdn.net/thumbnails/images/prd_img/20241010/4501837/detail_4501837_17292288345727_big.jpg?w=1200,longsl_0083,"15,281",9만 회 이상 (최근 1개월),2.4천 개 이상,후기 264개,4.8,나시랑 레이어드해서 입으니깐 너무 이뻤어요 여행가서 잘 입구 다녔습니다 ㅎㅎ,먼지도 잘 붙고 전체적으로 옷이 커서 부해보이는 재질이라 아쉬웠습니다,"입으면 아주 상큼발랄해지는 옷이랄까¿ 레이어드 해서 입으려고 샀는데 딱 맞아 떨어지는 길이에요 엉덩이 다 덮어서 왠만한 맨투맨,후드에 입으면 프릴이 보여서 귀욥네요 ㅎㅎ 하의는 와이드 보다는 핏 되는 부츠컷이 더 잘 어울려요 목은 많이 파여서 머플러나 나시랑 입으면 좋아요 만족스!",체험단 블랙이랑 그레이 고민하다가 무난한건 블랙이지 않을까 하고 블랙색상했어요  아무래도 날씨가 너무 추워져서 단독으로 입기는 힘들고 아우터랑 코디해서 빈티지하고 여성스러운 느낌으로 연출했어요 저는 키가 좀 큰 편이라 160이하이시거나 체격이 외소하신 분들은 모델코디 처럼 원피스 느낌나게 연출해서 앙고라같은 아우터랑 코디해도 예쁠 거 같아요 옷 아랫부분이 두단으로 되어있어서 도톰한 느낌으로 연출돼서 너무 후리한 느낌도 아니고 여성스러운 느낌이나 펑키한 느낌으로도 연출하기 좋을 거 같아요!̤̻  만약에 꼭 하나만 사야한다!̤̻ 한다면 블랙색상은 약간 시크하고 여성스러운 느낌이 더 많이 있는 거 같고 그레이는 좀더 빈티지한 느낌이 있어서 참고해서 구매하시면 좋을 거 같아요!̤̻ (저는 빈티지가 좋아서 그레이 추천 ..ㅎ)  저처럼 아우터나 위에 도톰한 니트같은 것으로 코디해서 예쁘게 입기도 좋고 참고해서 예쁜 코디 구매하세용,팔 길이가 좀 길고 목이 엄청 파여 있긴 하지만 느낌 주고 싶을 때 좋아요
https://www.musinsa.com/products/4329700,자이언트핏 럭비 저지 롱 슬리브,"89,000원",15%,"75,600원",에이치덱스,https://image.musinsa.com/mfile_s01/_brand/free_medium/hadex.png?20220929173733,스포츠/레저,상의,https://image.msscdn.net/thumbnails/images/goods_img/20240814/4329700/4329700_17316483308611_big.jpg?w=1200,https://image.msscdn.net/thumbnails/images/prd_img/20240814/4329700/detail_4329700_17316483010011_big.jpg?w=1200,https://image.msscdn.net/thumbnails/images/prd_img/20240814/4329700/detail_4329700_17271638669984_big.jpg?w=1200,https://image.msscdn.net/thumbnails/images/prd_img/20240814/4329700/detail_4329700_17272253952494_big.jpg?w=1200,longsl_0084,"4,095",2만 회 이상 (최근 1개월),2.8천 개 이상,후기 422개,4.9,핏에 만족 원단에 만족 이핏으로 제발 다른 디자인 계속 출시되면 좋겠습니다,원단도 부드럽고 편안하게 입기 좋아요!,생각보다 큽니다. 크다고 해서 작게샀는데 큽니다 음 제 생각엔 180이상 되시는 분만 사는게 좋을거 같아요! 그래듀 옷 이뻐요! 재구매 의사있습니다,헬짱애인이 사달래서 사줬는데 큼직해거 좋아해요,재질 좋고 세탁 건조에도 변화 없구 핏도 예쁘구 아주 좋아요
https://www.musinsa.com/products/4265181,Plan L/S Tee White,없음,없음,"65,000원",테켓,https://image.msscdn.net/mfile_s01/_brand/free_medium/teket.png?20240722134232,상의,긴소매 티셔츠,없음,없음,없음,https://image.msscdn.net/thumbnails/images/goods_img/20240722/4265181/4265181_17237777850674_big.jpg?w=1200,longsl_0085,"5,347",1.8만 회 이상 (최근 1개월),1.5천 개 이상,후기 229개,4.8,전부터 사고싶엇는데 그레이랑 고민하다 결국 삼 •• 재질도 부들부들하고 걍 그래픽이 전나 예쁨 핏도 너무 커서 안예쁜핏 아니고 딱 적당한 오버핏 !!,"테켓…👍🏻 핏 진심 예뻐요 M 사이즈지만 너무 클까봐 걱정했는데 160 기준 엉덩이까지 덮는 적당한 오버핏입니당 패키지도 예뻐서 왠지 선물 받은 기분ㅎㅎ 어깨선이 내려오면 부해보이기도 해서 롱슬리브는 구매하기 전에 리뷰를 많이 찾아보고 사는데 테켓은 오직,,디자인만 보고 구매했고 핏까지 완벽합니다 ^^7",S사이즈 만들어주세요ㅠ 통이 너무 커서 뚱뚱해보여요,테켓 무신사에 입점 했길래 여자친구랑 커플템으로 쿠폰 맥여서 싸게 구입 잘 해씀니당 옷 이쁘요,검은색 사고 너무 만족해서 흰색도 샀는데 흰색이 더 이쁨 걍 맨날입고나님
https://www.musinsa.com/products/4662764,Stripe Star L/S Blue,"71,000원",10%,"63,900원",배드블루,https://image.musinsa.com/mfile_s01/_brand/free_medium/badblue.png?20221214173326,상의,긴소매 티셔츠,https://image.msscdn.net/thumbnails/images/goods_img/20241212/4662764/4662764_17339838209099_big.jpg?w=1200,https://image.msscdn.net/thumbnails/images/prd_img/20241212/4662764/detail_4662764_17339838289169_big.jpg?w=1200,https://image.msscdn.net/thumbnails/images/prd_img/20241212/4662764/detail_4662764_17339838300643_big.jpg?w=1200,https://image.msscdn.net/thumbnails/images/prd_img/20241212/4662764/detail_4662764_17339838365488_big.jpg?w=1200,longsl_0086,"1,277",3.7천 회 이상 (최근 1개월),없음,후기 3개,없음,목 꽤 탄탄하고 소매도 넉넉하고 기장도 넘 짧지 않고 딱 적당해요,너어무 맘에 들어요 좀 비싼 듯해서 고민하다가 이거보다 맘에 드는 스트라이프가 없어서 그냥 샀는데 목도 꽤 탄탄하고 소매도 넉넉하고 기장도 넘 짧지 않고 딱 적당해요,완전이뻐요 ㅋㅋ흔하지않아서 다들 이쁘다고 그러네요,없음,없음
https://www.musinsa.com/products/4355521,헨리넥 롱 슬리브 티셔츠 (멜란지 그레이),"69,000원",10%,"62,100원",주앙옴므,https://image.musinsa.com/mfile_s01/_brand/free_medium/juanhomme.png?20240912111401,상의,긴소매 티셔츠,https://image.msscdn.net/thumbnails/images/prd_img/20240821/4355521/detail_4355521_17248295284630_big.jpg?w=1200,https://image.msscdn.net/thumbnails/images/prd_img/20240821/4355521/detail_4355521_17248295319826_big.jpg?w=1200,없음,https://image.msscdn.net/thumbnails/images/goods_img/20240821/4355521/4355521_17249806811391_big.jpg?w=1200,longsl_0087,"2,420",1만 회 이상 (최근 1개월),1.1천 개 이상,후기 230개,4.9,뭔가 여리여리한핏이 안나와요 머슬핏도 아니고 이너로는 이쁜고같아요,"약간 긴가민가하면서 샀는데 실물이 훨씬 낫네요 너무 맘에 들어서 조만간 블랙색상도 살 것 같아요 주앙옹므 반팔티, 롱슬리브도 있어서 옷 괜찮네 생각한 브랜드인데 헨리넥도 미쳤다...",나오는 헨리넥 스타일 중에 젤 무난하고 핏도 좋아보여서 구매했는데 대만족입니다! 부들부들하고 소재라 좋아요!,헨리넥 레이어드 코디가 예뻐보여 블랙과 레이어드하려고 구매했습니다. 3버튼으로 기본이라 입기 편합니다. 다만 단추가 조금 저렴해보여서 아쉽습니디.,사이즈도 좋고 색도 좋아요 이쁜데 단추가 오자마자 바로 떨어졌어요 신경써주세요 세탁소에 맡기려고요
https://www.musinsa.com/products/4298658,시그니처 모크넥 머슬핏 긴팔 티셔츠 (블랙) NSTL03,없음,없음,"45,000원",나인제트,https://image.musinsa.com/mfile_s01/_brand/free_medium/ninez.png?20231228120516,스포츠/레저,상의,https://image.msscdn.net/thumbnails/images/goods_img/20240806/4298658/4298658_17254281815086_big.png?w=1200,https://image.msscdn.net/thumbnails/images/prd_img/20240806/4298658/detail_4298658_17254282117044_big.png?w=1200,https://image.msscdn.net/thumbnails/images/prd_img/20240806/4298658/detail_4298658_17254282128642_big.png?w=1200,https://image.msscdn.net/thumbnails/images/prd_img/20240806/4298658/detail_4298658_17254282172907_big.png?w=1200,longsl_0088,"1,567",4.8천 회 이상 (최근 1개월),1.5천 개 이상,후기 126개,4.8,한달후기 예쁘고 부드럽습니다 기본템으로 좋고 진짜 자주 입어요,항상 나인제트꺼는 잘 입는거 같아요 니트 같으면서 스판 있는 재질이 마음에 들었습니다,이너용으로 입을려고 샀고 나중에 재구매 생각 있어요 다른 반폴라보다 쫀쫀한 느낌 있습니다,한달후기 선물해줬는데 괜찮아요 핏은 175/65인 사람한테 적당해요!,단벌 또는 이너로 입어도 손색없는 제품입니다. 색상별로 구비하고 싶네요!
https://www.musinsa.com/products/4324432,M TN WINDPROOF UNDER LQ3TU70M,없음,없음,"198,000원",마크앤로나,https://image.musinsa.com/mfile_s01/_brand/free_medium/markandlona.png?20210430143455,스포츠/레저,상의,https://image.msscdn.net/thumbnails/images/goods_img/20240813/4324432/4324432_17243216180147_big.jpg?w=1200,https://image.msscdn.net/thumbnails/images/prd_img/20240813/4324432/detail_4324432_17243216137934_big.jpg?w=1200,https://image.msscdn.net/thumbnails/images/prd_img/20240813/4324432/detail_4324432_17243216147877_big.jpg?w=1200,https://image.msscdn.net/thumbnails/images/prd_img/20240813/4324432/detail_4324432_17243216154407_big.jpg?w=1200,longsl_0089,3,100회 이상 (최근 1개월),없음,없음,없음,없음,없음,없음,없음,없음
https://www.musinsa.com/products/4756962,Good Girl Collar Tee Black,"98,000원",5%,"93,100원",스컬프터,https://image.musinsa.com/mfile_s01/_brand/free_medium/sculptor.png?20240126133440,상의,긴소매 티셔츠,https://image.msscdn.net/thumbnails/images/goods_img/20250204/4756962/4756962_17389220980753_big.jpg?w=1200,https://image.msscdn.net/thumbnails/images/prd_img/20250204/4756962/detail_4756962_17389220988379_big.jpg?w=1200,https://image.msscdn.net/thumbnails/images/prd_img/20250204/4756962/detail_4756962_17389220990107_big.jpg?w=1200,https://image.msscdn.net/thumbnails/images/prd_img/20250204/4756962/detail_4756962_17389220994073_big.jpg?w=1200,longsl_0090,36,150회 이상 (최근 1개월),없음,없음,없음,없음,없음,없음,없음,없음
https://www.musinsa.com/products/4618705,[토트넘] NO.7 마킹 우븐 롱슬리브_네이비,없음,없음,"179,000원",풋볼스탠다드,https://image.musinsa.com/mfile_s01/_brand/free_medium/footballstandard.png?20231026162512,상의,긴소매 티셔츠,https://image.msscdn.net/thumbnails/images/goods_img/20241115/4618705/4618705_17316569069248_big.jpg?w=1200,https://image.msscdn.net/thumbnails/images/prd_img/20241115/4618705/detail_4618705_17316569077065_big.jpg?w=1200,https://image.msscdn.net/thumbnails/images/prd_img/20241115/4618705/detail_4618705_17316569078702_big.jpg?w=1200,https://image.msscdn.net/thumbnails/images/prd_img/20241115/4618705/detail_4618705_17316569083716_big.jpg?w=1200,longsl_0091,31,350회 이상 (최근 1개월),없음,후기 2개,없음,95는 조금 작은 느낌이 있고 100이 딱 맞는 것 같아요! 실제로 보면 색감이 너무 이뻐요!!,95는 조금 작은 느낌이 있고 100이 딱 맞는 것 같아요! 실제로 보면 색감이 너무 이뻐요!!,없음,없음,없음
https://www.musinsa.com/products/4373346,시티보이 유니버스 레터링 빅 오버핏 롱슬리브 트임 긴팔 티셔츠 6COLOR,"37,000원",46%,"19,900원",언탭트 스튜디오,https://image.msscdn.net/mfile_s01/_brand/free_medium/untapped.png?1730708272814,상의,긴소매 티셔츠,https://image.msscdn.net/thumbnails/images/prd_img/20240827/4373346/detail_4373346_17252524622109_big.jpg?w=1200,https://image.msscdn.net/thumbnails/images/prd_img/20240827/4373346/detail_4373346_17252524632407_big.jpg?w=1200,없음,https://image.msscdn.net/thumbnails/images/goods_img/20240827/4373346/4373346_17252524456440_big.jpg?w=1200,longsl_0092,134,650회 이상 (최근 1개월),없음,후기 7개,4.9,한달후기 겨울 레이어드 이너용으로 입기 좋은데 세탁 몇번 했다고 보풀이 일어나네요,한달후기 실물로 받아보니 생각보다 더 괜찮았어요 할인해서 구입했는데 만족합니다,95 입는 아이한테는 너무 커서 105 입는 아빠가 입고 다닙니다.,다른 95보다는 많이 큰것 같아요 다른 브랜드 100~105인듯 합니다,면이 부드럽고 톡톡해서 가을에 단품으로 입어도 괜찮은거 같아요 팔이 길지만 접어도 흐늘거리며 풀리지 않아 좋아요
https://www.musinsa.com/products/4546771,더매스 212 자이언트핏 럭비 저지 롱슬리브 (Black),"94,000원",20%,"75,600원",에이치덱스,https://image.musinsa.com/mfile_s01/_brand/free_medium/hadex.png?20220929173733,스포츠/레저,상의,https://image.msscdn.net/thumbnails/images/goods_img/20241023/4546771/4546771_17312859864250_big.jpg?w=1200,없음,없음,https://image.msscdn.net/thumbnails/images/prd_img/20241023/4546771/detail_4546771_17312859871439_big.jpg?w=1200,longsl_0093,591,8.8천 회 이상 (최근 1개월),없음,후기 67개,4.9,아주 맘에 들어요. 사이즈 정말 여유있게 나왔어요. 웜업할 때도 좋아요,커플 선물로 사게 되었는데 맘에들어하고 편하게 입기 좋습니다!,잠옷으로도 좋고 운동할때도 좋은 그런 옷입니다,선물용으로 구매했습니다 마음에 들어하네요 좋습니다,배송 빠르고 사진과 같은 디자인에 너무 좋아요 맘에 듬
https://www.musinsa.com/products/4613728,DUSTY STRIPE LONG SLEEVE (BLACK&BROWN),"53,000원",10%,"47,700원",발루트,https://image.musinsa.com/mfile_s01/_brand/free_medium/ballute.png?20210324141318,상의,긴소매 티셔츠,없음,없음,없음,https://image.msscdn.net/thumbnails/images/goods_img/20241114/4613728/4613728_17315479477557_big.jpg?w=1200,longsl_0094,"1,676",8.7천 회 이상 (최근 1개월),없음,후기 77개,4.9,원단도 부드럽고 색감이나 디자인도 맘에 듭니다 굿굿,어느정도 체형은 드러나지만 촤르르 떨어지는 실루엣이 너무 좋아요. 재질도 부드럽고 탄탄해서 변형없이 오래 입을 수 있겠네요. 잘 입을게요!,정말 손 자주가는 겨울 이너입니다!! 패딩이너로 포인트주기 너무 좋고 얇기도 적당해서 올겨울 계속 잘 입고있어요 완전추천..,이너로 너무 좋고 두깨감도 적당하고 색감이 지금 입기 너무좋네여,생각보다 크지만 그래도 완전 이쁘고 재질도 좋아서 자주 입을거 같아요!
https://www.musinsa.com/products/4723644,TCM stable long sleeve (grey),"49,000원",10%,"44,100원",더콜디스트모먼트,https://image.musinsa.com/mfile_s01/_brand/free_medium/thecoldestmoment.png?20200710145248,상의,긴소매 티셔츠,https://image.msscdn.net/thumbnails/images/goods_img/20250116/4723644/4723644_17387153753363_big.jpg?w=1200,https://image.msscdn.net/thumbnails/images/prd_img/20250116/4723644/detail_4723644_17387153825334_big.jpg?w=1200,https://image.msscdn.net/thumbnails/images/prd_img/20250116/4723644/detail_4723644_17387153832381_big.jpg?w=1200,https://image.msscdn.net/thumbnails/images/prd_img/20250116/4723644/detail_4723644_17387153849395_big.jpg?w=1200,longsl_0095,264,800회 이상 (최근 1개월),없음,없음,없음,없음,없음,없음,없음,없음
https://www.musinsa.com/products/4494456,모먼트 헨리넥 롱슬리브 (블랙),없음,없음,"44,000원",오엑스 스튜디오,https://image.msscdn.net/mfile_s01/_brand/free_medium/oxstudios.png?20200608153142,상의,긴소매 티셔츠,https://image.msscdn.net/thumbnails/images/goods_img/20241007/4494456/4494456_17283122907000_big.jpg?w=1200,https://image.msscdn.net/thumbnails/images/prd_img/20241007/4494456/detail_4494456_17283123112129_big.jpg?w=1200,https://image.msscdn.net/thumbnails/images/prd_img/20241007/4494456/detail_4494456_17283123119591_big.jpg?w=1200,https://image.msscdn.net/thumbnails/images/prd_img/20241007/4494456/detail_4494456_17283123169633_big.jpg?w=1200,longsl_0096,"1,087",7천 회 이상 (최근 1개월),없음,후기 90개,4.9,사진 보시면 아시겠지만 레알 핏 좋습니다.. 저는 좀 길게 입어서 큰사이즈 갔는데 정핏 입으시면 정핏도 이쁠듯요 다른색도 구매 예정입니다,깔끔하고 이쁩니다 깔별로 매수해버림 이뻐요 굿,"이너와 단품이 모두 가능한 헨리넥을 찾고 있던 중 발견한 제품입니다! 입었을 때 체형 보완도 가능하고 넣입, 빼입 둘 다 가능해서 너무 만족스럽습니다 ㅎㅎ 이미 그레이, 블랙 구매 완료했고 화이트도 추매 예정입니다. 기본 헨리넥을 찾고 있다면 이 제품 추천드립니다!","이너와 단품이 모두 가능한 헨리넥을 찾고 있던 중 발견한 제품입니다! 입었을 때 체형 보완도 가능하고 넣입, 빼입 둘 다 가능해서 너무 만족스럽습니다 ㅎㅎ 이미 그레이, 블랙 구매 완료했고 화이트도 추매 예정입니다. 기본 헨리넥을 찾고 있다면 이 제품 추천드립니다!",첫 헨리넥인데 평이 좋아 구매했고 결과는 대만족이었습니다 옷이 너무 이뻐서 매일 입을듯요
https://www.musinsa.com/products/4477162,Guildo Elbow Patch (0BI) ASJU2431388-0BI,없음,없음,"138,000원",세인트제임스,https://image.musinsa.com/mfile_s01/_brand/free_medium/saintjames.png?20210804103320,상의,긴소매 티셔츠,https://image.msscdn.net/thumbnails/images/goods_img/20240930/4477162/4477162_17276793076725_big.jpg?w=1200,https://image.msscdn.net/thumbnails/images/prd_img/20240930/4477162/detail_4477162_17276793084085_big.jpg?w=1200,https://image.msscdn.net/thumbnails/images/prd_img/20240930/4477162/detail_4477162_17276793086576_big.jpg?w=1200,https://image.msscdn.net/thumbnails/images/prd_img/20240930/4477162/detail_4477162_17276793095080_big.jpg?w=1200,longsl_0097,41,200회 이상 (최근 1개월),없음,후기 2개,없음,배송 빠르게 잘 받았습니다. 사이즈가 딱 맞네욯ㅎ 합리적인 가격에 잘 구매한 것 같아 좋네요ㅎㅎ,면이 톡톡하고 색감이 사진 그대로라 좋았어요 세탁하면 기장이 꽤 줄어든다길래 일부러 한사이즈 크게사서 세탁기 건조기 돌렸더니 딱맞게 줄어들었어요ㅋㅋ,없음,없음,없음
https://www.musinsa.com/products/4754400,[데이식스 착용]HBL 프리미어 우븐 피스테 블랙(UQ121CWT23),없음,없음,"129,000원",엄브로,https://image.msscdn.net/mfile_s01/_brand/free_medium/umbro.png?20200608153142,상의,긴소매 티셔츠,https://image.msscdn.net/thumbnails/images/goods_img/20250204/4754400/4754400_17386376590008_big.jpg?w=1200,https://image.msscdn.net/thumbnails/images/prd_img/20250204/4754400/detail_4754400_17386363502107_big.jpg?w=1200,https://image.msscdn.net/thumbnails/images/prd_img/20250204/4754400/detail_4754400_17386363505392_big.jpg?w=1200,https://image.msscdn.net/thumbnails/images/prd_img/20250204/4754400/detail_4754400_17386363512937_big.jpg?w=1200,longsl_0098,145,1.8천 회 이상 (최근 1개월),없음,없음,없음,없음,없음,없음,없음,없음
https://www.musinsa.com/products/4758643,Minquiers 18 (0OU) ASJM2514326-0OU,없음,없음,"128,000원",세인트제임스,https://image.musinsa.com/mfile_s01/_brand/free_medium/saintjames.png?20210804103320,상의,긴소매 티셔츠,https://image.msscdn.net/thumbnails/images/goods_img/20250205/4758643/4758643_17387171011397_big.jpg?w=1200,https://image.msscdn.net/thumbnails/images/prd_img/20250205/4758643/detail_4758643_17387171020636_big.jpg?w=1200,https://image.msscdn.net/thumbnails/images/prd_img/20250205/4758643/detail_4758643_17387171022818_big.jpg?w=1200,https://image.msscdn.net/thumbnails/images/prd_img/20250205/4758643/detail_4758643_17387171028143_big.jpg?w=1200,longsl_0099,6,없음,없음,없음,없음,없음,없음,없음,없음,없음
https://www.musinsa.com/products/4573789,골지 더블 레이어드 홀터넥 슬림 롱 슬리브리스 긴소매 티셔츠 [그레이],"34,000원",20%,"27,200원",플레이스 스튜디오,https://image.musinsa.com/mfile_s01/_brand/free_medium/placestudio.png?20240221141901,상의,긴소매 티셔츠,https://image.msscdn.net/thumbnails/images/goods_img/20241030/4573789/4573789_17306847254764_big.jpg?w=1200,https://image.msscdn.net/thumbnails/images/prd_img/20241030/4573789/detail_4573789_17306847299853_big.jpg?w=1200,없음,https://image.msscdn.net/thumbnails/images/prd_img/20241030/4573789/detail_4573789_17306847308126_big.jpg?w=1200,longsl_0100,"13,418",10만 회 이상 (최근 1개월),1.1천 개 이상,후기 31개,4.6,니트가 생각보다 촘촘하게 짜여있어서 부드럽고 공기도 안들어와요 따뜻해요 오프숄더까진 아니고 보트넥 느낌이라 머플러 두르고 겨울에 입기 딱입니다,총 기장이랑 팔이 길고 슬림해보여서 좋아용 가성비 굿,옷이 너무 얇지 않아서 겨울 내내 잘 입을 것 같아요! 팔이 손등을 넉넉하게 덮는 정도라 딱 예뻐요,어깨 올려도 오프숄더로 입어도 예쁘고 내장 된 나시 끈 묶으면 승모근 커버도 되고 날씬해보여서 조음 친구가 살 빠졌냐 함 나 3키로 쪘는데,디자인 약간 특이해요 좀 얇아서 봄가을에 입어야 할 거 같아요~
https://www.musinsa.com/products/4349548,심볼 로고 풋볼 저지,"98,000원",41%,"58,000원",제이엘브,https://image.musinsa.com/mfile_s01/_brand/free_medium/jeleve.png?20231016182911,스포츠/레저,상의,https://image.msscdn.net/thumbnails/images/prd_img/20240820/4349548/detail_4349548_17368189896537_big.jpg?w=1200,https://image.msscdn.net/thumbnails/images/prd_img/20240820/4349548/detail_4349548_17242015114313_big.jpg?w=1200,없음,https://image.msscdn.net/thumbnails/images/goods_img/20240820/4349548/4349548_17242015035083_big.jpg?w=1200,longsl_0101,"8,591",1.8만 회 이상 (최근 1개월),1.8만 개 이상,"후기 2,628개",4.9,운동갈때나. 마실나갈때 입기좋네요 제질도좋고 나이스,#심볼자수풋볼저지,패션은 역시 게이엘브❤️ 진짜 재질이 너무 좋아요.. 핏도 이쁘고 흰색 고만중입니다!,한달후기 5번정도 세탁했는데 원단에 변화가 없네요 운동할때 입고 하는데 멋있네요 득템 한거 같네요 앞으로도 잘 입으께요,이벤트 할때 매우 저렴하게 구매 했는데 너무 마음에 들어요 운동 할때 입으려구요!! 핏이 아주 넉넉하고 팔길이도 딱 좋습니다!! 저는 175 72 이구요 사이즈는 2 입니다
https://www.musinsa.com/products/4335481,Girls-PEN Raglan LS-T [Melange grey],없음,없음,"58,000원",원더비지터,https://image.msscdn.net/mfile_s01/_brand/free_medium/wondervisitor.png?1728524988224,상의,긴소매 티셔츠,https://image.msscdn.net/thumbnails/images/goods_img/20240816/4335481/4335481_17246346651787_big.jpg?w=1200,https://image.msscdn.net/thumbnails/images/prd_img/20240816/4335481/detail_4335481_17246346665252_big.jpg?w=1200,없음,https://image.msscdn.net/thumbnails/images/prd_img/20240816/4335481/detail_4335481_17246346668079_big.jpg?w=1200,longsl_0102,"18,457",4만 회 이상 (최근 1개월),1.3천 개 이상,후기 187개,4.8,한달후기 너무 기여운데요 가격에 비해서 재질이 진짜 너무 얇고 세탁기 한번 돌리면 다 늘어날 재질입니다... 까먹고 그냥 돌리니까 소매 다 너덜너덜해졌네요...ㅎㅎ,윈더비지터 티셔츠 착용했습니다~ 너무 편하고 휘뚜루마뚜루 꾸안꾸룩에 딱이에요!,"프린팅부터 재질, 핏 뭐 하나 빠짐없이 이렇게 완벽한 옷이 어디 있어요 ? 아 솔직히 매일 입고 싶고 ,, 생각했던 것보다 큐티 해서 아주 마음에 쏙 들어요! 제가 키가 작은 편이라 길이가 조금 길긴 하지만 그건 제 사정이니까요 ! 암튼 원더비지터 체고 ! 이번엔 뭘 살까 ?_? ෆ",한달후기 패딩이랑 입어야 안추어요 아니면 레이어드 해서 입거나 해야할 것 같아요!! 근데 프린팅이 포인트인데 가려지면 아쉽기 때문에 그냥 추울게요ㅎ,한달후기 진짜 귀여워요 뉴진스 혜인님도 입으셨던데! 뉴진스 굿즈 같다고 생각했었는데.. 생각보다 이런 스타일을 소화할 수 있는 사람이 많지 않아서 더 맘에 듭니당 ㅎ 친구들이 잼민이같다고 놀리는데 그게 매력 아니겠습니까. 약간 찐@따같은 매력이 있어서 조아요 그리고 포카랑 브로마이드도 주더라구요? 기분이 조음 그냥. 기장은 저한테 너무 길길래 수선해서 입고 있습니다 너무 자주 입어서 저 프린팅이 빨리 뜯겨 나가지 않길 간절히 바라는 중이에옹
https://www.musinsa.com/products/4472474,마레니 레이스 레이어드 티셔츠 ( 핑크 ),"61,000원",5%,"57,950원",레터프롬문,https://image.musinsa.com/mfile_s01/_brand/free_medium/letterfrommoon.png?20240213170316,상의,긴소매 티셔츠,https://image.msscdn.net/thumbnails/images/prd_img/20240927/4472474/detail_4472474_17276560087058_big.jpg?w=1200,https://image.msscdn.net/thumbnails/images/prd_img/20240927/4472474/detail_4472474_17276560096302_big.jpg?w=1200,없음,https://image.msscdn.net/thumbnails/images/goods_img/20240927/4472474/4472474_17276560018837_big.jpg?w=1200,longsl_0103,"5,763",2만 회 이상 (최근 1개월),없음,후기 43개,4.8,한달후기 여유있고 말라보여요 무엇보다 색감이 미쳤늠.. 근데 살짝나온 부분 흰색이 아니라 크림색이라 아쉬워요,잊을만 하니 왔어요 생각보다 붙지 않고 여유로워요 다만 가격대비 비싼감…,이거입은날 예쁘다는 소리 많이 들음 팔뚝살 부각 전혀 안되고 좋아용 여쿨이나 봄웜인데 진짜 얼굴이 환하게 밝아짐 너무너무이쁜 옷이에용,날씬하게 보이고 가볍고 사랑스럽게 보입니다. 좋아요,진짜 이거 핏이 미쳤어요! 색감도 연한 딸기우유라 실물이 진짜 이쁘고 레이스가 포인트여서 진짜 너무맘에 들어요 어깨 선도 딱 적당하고 엄청 여리여리해보입니다!
https://www.musinsa.com/products/4574896,워시드 와플 니트 헨리 셔츠 빈티지 블랙,없음,없음,"119,000원",헤이스트,https://image.musinsa.com/mfile_s01/_brand/free_medium/heyste.png?20221026114056,상의,긴소매 티셔츠,https://image.msscdn.net/thumbnails/images/goods_img/20241030/4574896/4574896_17312953978489_big.jpg?w=1200,https://image.msscdn.net/thumbnails/images/prd_img/20241030/4574896/detail_4574896_17312954032667_big.jpg?w=1200,https://image.msscdn.net/thumbnails/images/prd_img/20241030/4574896/detail_4574896_17302756726552_big.jpg?w=1200,https://image.msscdn.net/thumbnails/images/prd_img/20241030/4574896/detail_4574896_17302756901852_big.jpg?w=1200,longsl_0104,202,2.4천 회 이상 (최근 1개월),없음,후기 20개,없음,재질이 탄탄하고 핏이 레귤러에서 세미오버 사이로 마음에 들어요. 넥 버튼도 고급스런 느낌이라 좋아요.,재질이 탄탄하고 핏이 레귤러에서 세미오버 사이로 마음에 들어요. 넥 버튼도 고급스런 느낌이라 좋아요.,가격이 좀 있어서 망설이다가 할인하길래 구매해봤습니다..운동 좀 하신분들이 입으시면 이쁜 핏이 나올거같네요..빈티지한 재질도 너무 이쁩니다..제 스펙이시면 1사이즈 가시면 됩니다.. 기장은 좀 길어서 넣입이 더 나을거같네요,가격이 좀 있어서 망설이다가 할인하길래 구매해봤습니다..운동 좀 하신분들이 입으시면 이쁜 핏이 나올거같네요..빈티지한 재질도 너무 이쁩니다..제 스펙이시면 1사이즈 가시면 됩니다.. 기장은 좀 길어서 넣입이 더 나을거같네요,진짜 헨리넥 돌고돌아서 헤이스트류 오는것같습니드 헨리넥 goat임
https://www.musinsa.com/products/4501408,남성 니트페이스 집업 티셔츠 JWTBW24261DML,"138,000원",20%,"110,400원",코오롱스포츠,https://image.msscdn.net/mfile_s01/_brand/free_medium/kolonsport.png?20200608153142,스포츠/레저,상의,https://image.msscdn.net/thumbnails/images/goods_img/20241010/4501408/4501408_17285281595539_big.jpg?w=1200,https://image.msscdn.net/thumbnails/images/prd_img/20241010/4501408/detail_4501408_17285281623307_big.jpg?w=1200,https://image.msscdn.net/thumbnails/images/prd_img/20241010/4501408/detail_4501408_17285281634802_big.jpg?w=1200,https://image.msscdn.net/thumbnails/images/prd_img/20241010/4501408/detail_4501408_17285281694746_big.jpg?w=1200,longsl_0105,26,600회 이상 (최근 1개월),없음,후기 6개,없음,한달후기 재질도 좋고 아버지 선물해드린건데 잘 입고 다니셔서 기분이 좋아요~,잘받았습니다. 품질이 좋아보입니다. 잘 입겠습니다.,잘받았습니다. 품질이 좋아보입니다. 잘 입겠습니다.,"품질, 가격, 배송 아주 만족합니다.(보온성과 디자인 등)",아빠사드렸는데 마음에 드신다고 하시네요 사이즈는 정핏이고 소재가 좋은거 같아요
https://www.musinsa.com/products/4420573,남성 니트페이스 폴로티셔츠 TLTBW24561LBE,"138,000원",20%,"110,400원",코오롱스포츠,https://image.msscdn.net/mfile_s01/_brand/free_medium/kolonsport.png?20200608153142,스포츠/레저,상의,https://image.msscdn.net/thumbnails/images/goods_img/20240909/4420573/4420573_17258593958326_big.jpg?w=1200,https://image.msscdn.net/thumbnails/images/prd_img/20240909/4420573/detail_4420573_17258593984049_big.jpg?w=1200,https://image.msscdn.net/thumbnails/images/prd_img/20240909/4420573/detail_4420573_17258593996163_big.jpg?w=1200,https://image.msscdn.net/thumbnails/images/prd_img/20240909/4420573/detail_4420573_17258594081280_big.jpg?w=1200,longsl_0106,22,500회 이상 (최근 1개월),없음,후기 3개,없음,배송도 빠르고 품질이 너무 좋고 디자인도 너무 예쁩니다. 여러번 구입했지만 역시 믿고사는 브랜드 추천합니다!,도톰하고 색상도 무난하고 좋아요. 팔과 총길이는 조금 긴것 같아요.,화면보다는 조금 탁하고 어두운 베이지 입니당 겨울까지 따뜻하게 이너로 입을만한 두께의 니트예용 예쁩니당,없음,없음
https://www.musinsa.com/products/4420578,남성 니트페이스 폴로티셔츠 TLTBW24561DBU,"138,000원",20%,"110,400원",코오롱스포츠,https://image.msscdn.net/mfile_s01/_brand/free_medium/kolonsport.png?20200608153142,스포츠/레저,상의,https://image.msscdn.net/thumbnails/images/goods_img/20240909/4420578/4420578_17258594554025_big.jpg?w=1200,https://image.msscdn.net/thumbnails/images/prd_img/20240909/4420578/detail_4420578_17258594584997_big.jpg?w=1200,https://image.msscdn.net/thumbnails/images/prd_img/20240909/4420578/detail_4420578_17258594603651_big.jpg?w=1200,https://image.msscdn.net/thumbnails/images/prd_img/20240909/4420578/detail_4420578_17258594701381_big.jpg?w=1200,longsl_0107,8,400회 이상 (최근 1개월),없음,후기 2개,없음,부모님 선물로 너무 좋습니다!! 소재도 부드럽고 좋아요,부모님 선물로 드렸더니 좋아하시네요. 소재도 좋습니다!,없음,없음,없음
https://www.musinsa.com/products/4656605,[힛탠스] 베이스 레이어 셋업 [블랙],"65,800원",20%,"52,640원",무신사 스탠다드 스포츠,https://image.msscdn.net/mfile_s01/_brand/free_medium/musinsastandardsp.png?1733278171653,스포츠/레저,상의,https://image.msscdn.net/thumbnails/images/goods_img/20241209/4656605/4656605_17345673491617_big.jpg?w=1200,https://image.msscdn.net/thumbnails/images/prd_img/20241209/4656605/detail_4656605_17337960226725_big.jpg?w=1200,https://image.msscdn.net/thumbnails/images/prd_img/20241209/4656605/detail_4656605_17337960116014_big.jpg?w=1200,https://image.msscdn.net/thumbnails/images/prd_img/20241209/4656605/detail_4656605_17337949035252_big.jpg?w=1200,longsl_0108,187,2.5천 회 이상 (최근 1개월),없음,후기 3개,4.7,몸에 딱 핏하게 맞아서 활동하는데 둔하지않고 편했어요,겨울 등산할때 입으려고 구매했어요. 아직 안입어 봤는데 다른 베이스레이어보단 기장이 짧네요..,원단도 짱짱하니 좋고 내구성도 좋은거 같습니다. 겨울 등산 러닝에 이런 스타일 찾던 분들에게 추천합니다!,없음,없음
https://www.musinsa.com/products/4575675,Studded Leaf Hooded Long Sleeve (White),없음,없음,"98,000원",아캄,https://image.musinsa.com/mfile_s01/_brand/free_medium/aakam.png?20221014164004,상의,긴소매 티셔츠,https://image.msscdn.net/thumbnails/images/goods_img/20241030/4575675/4575675_17319899988717_big.jpg?w=1200,https://image.msscdn.net/thumbnails/images/prd_img/20241030/4575675/detail_4575675_17319899913830_big.jpg?w=1200,https://image.msscdn.net/thumbnails/images/prd_img/20241030/4575675/detail_4575675_17319899537707_big.jpg?w=1200,https://image.msscdn.net/thumbnails/images/prd_img/20241030/4575675/detail_4575675_17302841411312_big.jpg?w=1200,longsl_0109,"1,471",5.5천 회 이상 (최근 1개월),없음,후기 10개,4.8,팔뚝살 잘 커버해주고 핏 예뻐용 생각보다 비친다는 점 참고해주세요!,재질도 쫜쫜하고 길이감도 골반라인정도까지 떨어져서 좋아요. 스터드 디테일도 굳입니다,스트레이트 체형이라 옷한테 미안해서 차마 사진 첨부를 못하지만 옷은 너무나도 예쁩니다..,한달후기 핏도 맘에들고 괜찮은데 가격대비..는 잘 모르겠어요,디자인이 너무 이뻐서 홀린 듯 샀는데 실물이 더 이쁩니다...
https://www.musinsa.com/products/4726679,Cest_Fake two piece off-shoulder top,없음,없음,"98,000원",쎄무아듀,https://image.musinsa.com/mfile_s01/_brand/free_medium/moimoii.png?20211112010929,상의,긴소매 티셔츠,https://image.msscdn.net/thumbnails/images/goods_img/20250117/4726679/4726679_17370803589046_big.jpg?w=1200,https://image.msscdn.net/thumbnails/images/prd_img/20250117/4726679/detail_4726679_17370803598201_big.jpg?w=1200,없음,https://image.msscdn.net/thumbnails/images/prd_img/20250117/4726679/detail_4726679_17370803600687_big.jpg?w=1200,longsl_0110,43,300회 이상 (최근 1개월),없음,없음,없음,없음,없음,없음,없음,없음
https://www.musinsa.com/products/4766074,EXTREME METAL LONG SLEEVES WHITE,"108,000원",10%,"97,200원",스키즘 인듀싱,https://image.musinsa.com/mfile_s01/_brand/free_medium/schisminducing.png?20230330153625,상의,긴소매 티셔츠,없음,없음,없음,https://image.msscdn.net/thumbnails/images/goods_img/20250206/4766074/4766074_17388399724601_big.jpg?w=1200,longsl_0111,20,100회 이상 (최근 1개월),없음,없음,없음,없음,없음,없음,없음,없음
https://www.musinsa.com/products/4757913,와플 링 스냅 헨리넥 롱 슬리브 [블랙],"38,000원",22%,"29,800원",트릴리온,https://image.musinsa.com/mfile_s01/_brand/free_medium/trillion.png?20210702123042,상의,긴소매 티셔츠,https://image.msscdn.net/thumbnails/images/goods_img/20250204/4757913/4757913_17388174210742_big.jpg?w=1200,https://image.msscdn.net/thumbnails/images/prd_img/20250204/4757913/detail_4757913_17387449852987_big.jpg?w=1200,https://image.msscdn.net/thumbnails/images/prd_img/20250204/4757913/detail_4757913_17387449859724_big.jpg?w=1200,https://image.msscdn.net/thumbnails/images/prd_img/20250204/4757913/detail_4757913_17387449894607_big.jpg?w=1200,longsl_0112,86,750회 이상 (최근 1개월),없음,없음,없음,없음,없음,없음,없음,없음
https://www.musinsa.com/products/4515933,여성 마운틴 라운드 티셔츠 JKTBW24302LBE,"118,000원",20%,"94,400원",코오롱스포츠,https://image.msscdn.net/mfile_s01/_brand/free_medium/kolonsport.png?20200608153142,스포츠/레저,상의,https://image.msscdn.net/thumbnails/images/goods_img/20241014/4515933/4515933_17288987240950_big.jpg?w=1200,https://image.msscdn.net/thumbnails/images/prd_img/20241014/4515933/detail_4515933_17288987293903_big.jpg?w=1200,https://image.msscdn.net/thumbnails/images/prd_img/20241014/4515933/detail_4515933_17288987307539_big.jpg?w=1200,https://image.msscdn.net/thumbnails/images/prd_img/20241014/4515933/detail_4515933_17288987365375_big.jpg?w=1200,longsl_0113,2,200회 이상 (최근 1개월),없음,없음,없음,없음,없음,없음,없음,없음
https://www.musinsa.com/products/4515924,여성 마운틴 라운드 티셔츠 JKTBW24302DML,"118,000원",20%,"94,400원",코오롱스포츠,https://image.msscdn.net/mfile_s01/_brand/free_medium/kolonsport.png?20200608153142,스포츠/레저,상의,https://image.msscdn.net/thumbnails/images/goods_img/20241014/4515924/4515924_17288984029681_big.jpg?w=1200,https://image.msscdn.net/thumbnails/images/prd_img/20241014/4515924/detail_4515924_17288984064341_big.jpg?w=1200,https://image.msscdn.net/thumbnails/images/prd_img/20241014/4515924/detail_4515924_17288984084140_big.jpg?w=1200,https://image.msscdn.net/thumbnails/images/prd_img/20241014/4515924/detail_4515924_17288984145983_big.jpg?w=1200,longsl_0114,0,300회 이상 (최근 1개월),없음,없음,없음,없음,없음,없음,없음,없음
https://www.musinsa.com/products/4420589,남성 베이직 폴로티셔츠 TLTBW24551GRY,"118,000원",20%,"94,400원",코오롱스포츠,https://image.msscdn.net/mfile_s01/_brand/free_medium/kolonsport.png?20200608153142,스포츠/레저,상의,https://image.msscdn.net/thumbnails/images/goods_img/20240909/4420589/4420589_17258595208042_big.jpg?w=1200,https://image.msscdn.net/thumbnails/images/prd_img/20240909/4420589/detail_4420589_17258595237499_big.jpg?w=1200,https://image.msscdn.net/thumbnails/images/prd_img/20240909/4420589/detail_4420589_17258595247953_big.jpg?w=1200,https://image.msscdn.net/thumbnails/images/prd_img/20240909/4420589/detail_4420589_17258595324587_big.jpg?w=1200,longsl_0115,12,400회 이상 (최근 1개월),없음,없음,없음,없음,없음,없음,없음,없음
https://www.musinsa.com/products/4240816,픽셀 로고 후디 (Grey),"99,000원",5%,"94,050원",엔조 블루스,https://image.musinsa.com/mfile_s01/_brand/free_medium/enzoblues.png?20210512150652,상의,긴소매 티셔츠,https://image.msscdn.net/thumbnails/images/goods_img/20240709/4240816/4240816_17247414567656_big.jpg?w=1200,없음,없음,https://image.msscdn.net/thumbnails/images/prd_img/20240709/4240816/detail_4240816_17247414716325_big.jpg?w=1200,longsl_0116,"2,571",3.7천 회 이상 (최근 1개월),없음,후기 71개,4.9,귀여워 아주 귀여워요 맨날 입고싶어요 안 부담스러운 크롭!,데일리로 입기 좋고 체크포인트가 너무 귀여워요 추워죽겠는데 안에 로고 보였으면 좋겠어서 패딩 지퍼 열고 다녀요 정핏이라 부해보이지도 않고 너무 좋습니당,간절기에 입기 좋은 두께입니당 핏도 너무 예뻐요,체크패턴 디자인 맘에 들구 옷 사이즈는 널널하게 나오진 않은 것 같아요,체크포인트가 정말 너무 귀여워요 엔조 블루스 눈여겨보고 있다가 주문해봤는데 너무 만족스럽네요ㅎㅎ
https://www.musinsa.com/products/4732269,MULTI STRIPE COLLARED T-SHIRT_UNISEX_UDTS5A109_NAVY STRIPE,"99,000원",5%,"94,050원",던스트,https://image.musinsa.com/mfile_s01/_brand/free_medium/dunstformen.png?20210405133919,상의,긴소매 티셔츠,https://image.msscdn.net/thumbnails/images/goods_img/20250121/4732269/4732269_17383047278897_big.jpg?w=1200,https://image.msscdn.net/thumbnails/images/prd_img/20250121/4732269/detail_4732269_17383047287715_big.jpg?w=1200,없음,https://image.msscdn.net/thumbnails/images/prd_img/20250121/4732269/detail_4732269_17383047289479_big.jpg?w=1200,longsl_0117,15,150회 이상 (최근 1개월),없음,없음,없음,없음,없음,없음,없음,없음
https://www.musinsa.com/products/4318975,UNISEX MULTI STRIPE COLLARED T-SHIRT_UDTS5A109_GREEN STRIPE,"99,000원",5%,"94,050원",던스트 포 우먼,https://image.musinsa.com/mfile_s01/_brand/free_medium/dunstforwomen.png?20201028145204,상의,긴소매 티셔츠,https://image.msscdn.net/thumbnails/images/goods_img/20240812/4318975/4318975_17385447327890_big.jpg?w=1200,https://image.msscdn.net/thumbnails/images/prd_img/20240812/4318975/detail_4318975_17385447338552_big.jpg?w=1200,없음,https://image.msscdn.net/thumbnails/images/prd_img/20240812/4318975/detail_4318975_17385447341933_big.jpg?w=1200,longsl_0118,502,300회 이상 (최근 1개월),없음,후기 35개,4.9,너무 이쁩니다. 색상도 핏도 너무너무 맘에들어서 버건디 색상도 주문했어요.,한달후기 소재가 부드럽고 색감이 훌륭합니다. 얇은 긴팔로 활용도가 높습니다. 생각보다 코디도 쉬운듯,한달후기 겨울문턱에 산거라 많이 못입었지만 제품 만족해요. 세탁후에도 면이 비교적 좋은 컨디션을 유지해서 좋으네요- 색도 쉽게 바래거나 빠지지 않구요. 면티라 오래 입을 건 아니지만 그래도 관리 잘하면 생각보다 오래 입을 수 있을 것 같아요,맘에 들어서 두 컬러나 구매했어요 넉넉하고 핏도 좋아요 겨울인데도 매일입어요,한달후기 세탁 두범정도 햇어요 건조기까지 돌렷는 크게 변형되지 않는듯해요 근데 지금 딱맞아서 치수는 하너더 크게 햇으면 좋앗을껄 싶어요
https://www.musinsa.com/products/4441687,몽중화 베이스 티셔츠 그린,없음,없음,"93,000원",노피셜노피스,https://image.musinsa.com/mfile_s01/_brand/free_medium/nofficialnoffice.png?20200902122236,상의,긴소매 티셔츠,https://image.msscdn.net/thumbnails/images/goods_img/20240917/4441687/4441687_17265602598082_big.jpg?w=1200,https://image.msscdn.net/thumbnails/images/prd_img/20240917/4441687/detail_4441687_17265602784931_big.jpg?w=1200,없음,https://image.msscdn.net/thumbnails/images/prd_img/20240917/4441687/detail_4441687_17265602735181_big.jpg?w=1200,longsl_0119,682,2.2천 회 이상 (최근 1개월),없음,후기 5개,4.4,원랜 블루색 갖고싶었는데 품절이어서 이걸로샀어여 재질도 부들찰랑하고 디자인이 너무 제 취향이라 구매했는데 퀄리티에비해 진짜너무비싸요 진짜너무..,귀여워요 소재도 부들부들 하구 좋습니다 다만 가격이 넘사 ㅜㅜ,라벨도 너무 기엽고~ 러블리한 티셔츠 입니다 ^^ 잘입을게요♡,진짜진짜 귀야운 티셔츠.. 너무 맘에 들고 추천합니다 ..,짱 귀여워요 사진하고 똑같고 조금 얇은 느낌이긴해요
https://www.musinsa.com/products/4348602,TCM beta service long sleeve (magenta),"49,000원",10%,"44,100원",더콜디스트모먼트,https://image.musinsa.com/mfile_s01/_brand/free_medium/thecoldestmoment.png?20200710145248,상의,긴소매 티셔츠,https://image.msscdn.net/thumbnails/images/goods_img/20240820/4348602/4348602_17241394778775_big.jpg?w=1200,https://image.msscdn.net/thumbnails/images/prd_img/20240820/4348602/detail_4348602_17241394847428_big.jpg?w=1200,https://image.msscdn.net/thumbnails/images/prd_img/20240820/4348602/detail_4348602_17241394854915_big.jpg?w=1200,https://image.msscdn.net/thumbnails/images/prd_img/20240820/4348602/detail_4348602_17241394871692_big.jpg?w=1200,longsl_0120,"2,186",1.7천 회 이상 (최근 1개월),없음,후기 51개,4.9,슬리브가 젤 손이 많이가서 일단 바로 구매했는데 색감도 완전 예뻐여ㅕ길이도 적당한듯,하진짜.. 몇번째 더콜임 이번 fw만 세개 샀다 ㅎㅎ 진짜 개 이쁘다 핏이 아주 예쁘고…. 널널한데 작지도 크지도 않고 정사이즈.. 키작은 나에겐 길이가 미쵸따!,한달후기 오버핏으러 입으려고 엘사이즈했는데 목이 조금 넓은편이에요! 색깔이 존예..,한달후기 색감이 제일 맘에 들어요 세탁해도 그대로라서 좋아요,한달후기 막 빨아도 되고 막 입어요 이쁘고 그냥 딱 긴팔 티입니다
https://www.musinsa.com/products/4494457,모먼트 헨리넥 롱슬리브 (그레이),없음,없음,"44,000원",오엑스 스튜디오,https://image.msscdn.net/mfile_s01/_brand/free_medium/oxstudios.png?20200608153142,상의,긴소매 티셔츠,https://image.msscdn.net/thumbnails/images/goods_img/20241007/4494457/4494457_17283125549282_big.jpg?w=1200,https://image.msscdn.net/thumbnails/images/prd_img/20241007/4494457/detail_4494457_17283126057738_big.jpg?w=1200,https://image.msscdn.net/thumbnails/images/prd_img/20241007/4494457/detail_4494457_17283125801799_big.jpg?w=1200,https://image.msscdn.net/thumbnails/images/prd_img/20241007/4494457/detail_4494457_17283125918407_big.jpg?w=1200,longsl_0121,578,4.1천 회 이상 (최근 1개월),없음,후기 101개,4.9,한달후기 원단이 좋아서 오래오래 입을 수 있을 것 같아요 ! 짱!,한달후기 원단도 탄탄하고 세탁 후에도 변형이 없어 너무 좋습니다. 지금은 날씨가 추워져서 레이어드 용도로 활용하고 있지만 날이 풀리면 단품으로 자주 입을 것 같습니다.,"이너와 단품이 모두 가능한 헨리넥을 찾고 있던 중 발견한 제품입니다! 입었을 때 체형 보완도 가능하고 넣입, 빼입 둘 다 가능해서 너무 만족스럽습니다 ㅎㅎ 이미 그레이, 블랙 구매 완료했고 화이트도 추매 예정입니다. 기본 헨리넥을 찾고 있다면 이 제품 추천드립니다!","이너와 단품이 모두 가능한 헨리넥을 찾고 있던 중 발견한 제품입니다! 입었을 때 체형 보완도 가능하고 넣입, 빼입 둘 다 가능해서 너무 만족스럽습니다 ㅎㅎ 이미 그레이, 블랙 구매 완료했고 화이트도 추매 예정입니다. 기본 헨리넥을 찾고 있다면 이 제품 추천드립니다!","너무 이뻐요 색감도 딱 원하던 색이고 원단도 매우 부드럽습니다. 체형보정도 잘 해줘서 더 이쁘게 느껴집니다. 흰색,블랙도 사고싶네요ㅎㅎ"
https://www.musinsa.com/products/4380185,리브드 스웨트 헨리넥 : 3컬러,"48,000원",10%,"43,200원",인템포무드,https://image.musinsa.com/mfile_s01/_brand/free_medium/intempomood.png?20240327151218,상의,긴소매 티셔츠,https://image.msscdn.net/thumbnails/images/goods_img/20240828/4380185/4380185_17254195773376_big.jpg?w=1200,https://image.msscdn.net/thumbnails/images/prd_img/20240828/4380185/detail_4380185_17249092543868_big.jpg?w=1200,https://image.msscdn.net/thumbnails/images/prd_img/20240828/4380185/detail_4380185_17249092552409_big.jpg?w=1200,https://image.msscdn.net/thumbnails/images/prd_img/20240828/4380185/detail_4380185_17249093667004_big.jpg?w=1200,longsl_0122,"2,504",1.1천 회 이상 (최근 1개월),1.4천 개 이상,후기 587개,4.8,슬림한 무드로 입기 너무 좋습니다! 착용감도 좋았어요🙂,이번 fw헨리넥이 야무져 보입니더 오버핏 아니고 정핏이라 소매 슥 걷어서 연출하면 야무질듯요#인템포무드,늘 믿고사는 인템포무드 입니다. 일전에 XL로 샀다가 반품하고 다시 L사이즈로 재구매하게 된 제품입니다. 팔이 좀 길다고 느꼈었는데 사이즈를 L사이즈로 다운하니 단품은 내복필이 조금 나지만 나쁘지 않고 특히 이너로 활용하기 딱 좋을 것 같다는 생각입니다. 넥라인도 적당하니 과하지 않다는 생각입니다. 원단은 골지 느낌으로 쫀쫀하며 착용감이며 활동성이 아주 굿... 아이보리 색상으로 표기되어 있지만 사실 거의 화이트 색상에 가깝습니다. 헨리넥 셔츠를 찾으시는 분들에게 강추 날립니다!,늘 믿고사는 인템포무드 입니다. 일전에 XL로 샀다가 반품하고 다시 L사이즈로 재구매하게 된 제품입니다. 팔이 좀 길다고 느꼈었는데 사이즈를 L사이즈로 다운하니 단품은 내복필이 조금 나지만 나쁘지 않고 특히 이너로 활용하기 딱 좋을 것 같다는 생각입니다. 넥라인도 적당하니 과하지 않다는 생각입니다. 원단은 골지 느낌으로 쫀쫀하며 착용감이며 활동성이 아주 굿... 아이보리 색상으로 표기되어 있지만 사실 거의 화이트 색상에 가깝습니다. 헨리넥 셔츠를 찾으시는 분들에게 강추 날립니다!,"헨리넥 역시 이번 시즌에 유독 많이 보이지만, 워낙 기본템이기도 하고 블프 기간에 좋은 가격으로 인템포무드 골지 헨리넥을 하나 들였습니다.  역시나 애정하는 브랜드답게 저한테는 핏이 찰떡이고, 소재도 면 100%에 가까운 혼용율을 보여주고 있어서 관리도 용이할 듯합니다.  한 가지 단점이 있다면.. 공장 냄새라고 해야하나요 염료 냄새? 염색 냄새? 시큼한 식초 냄새가 엄청 납니다. 10여개가 넘는 인템포무드 제품 중에서는 없었던 일이라서 조금 당황했습니다만, 탈취제 뿌려서 베란다에 걸어놨으니 빠질 거라고 믿습니다.  추운 겨울철 이너로, 돌아오는 봄엔 단품으로 잘 입을게요!"
https://www.musinsa.com/products/4449127,공존 롱 슬리브 (카키),없음,없음,"89,000원",999휴머니티,https://image.musinsa.com/mfile_s01/_brand/free_medium/999humanity.png?20230228145503,상의,긴소매 티셔츠,https://image.msscdn.net/thumbnails/images/goods_img/20240920/4449127/4449127_17314076303827_big.jpg?w=1200,https://image.msscdn.net/thumbnails/images/prd_img/20240920/4449127/detail_4449127_17314076496941_big.jpg?w=1200,https://image.msscdn.net/thumbnails/images/prd_img/20240920/4449127/detail_4449127_17314076502585_big.jpg?w=1200,https://image.msscdn.net/thumbnails/images/prd_img/20240920/4449127/detail_4449127_17314076490821_big.jpg?w=1200,longsl_0123,159,700회 이상 (최근 1개월),없음,후기 3개,없음,기본 긴팔티로 좋습니다 색감도 진합니다 핏은 약간 네모네모하네요,기본 긴팔티로 좋습니다 색감도 진합니다 핏은 약간 네모네모하네요,너무너무너무너무너무너무너무너무너무좋다,없음,없음
https://www.musinsa.com/products/4758438,Raivers Graphic Sweatshirt VW5SE501_2color,없음,없음,"88,000원",레이브,https://image.msscdn.net/mfile_s01/_brand/free_medium/raive.png?20200608153142,상의,긴소매 티셔츠,https://image.msscdn.net/thumbnails/images/goods_img/20250205/4758438/4758438_17387127518033_big.jpg?w=1200,https://image.msscdn.net/thumbnails/images/prd_img/20250205/4758438/detail_4758438_17387127527055_big.jpg?w=1200,없음,https://image.msscdn.net/thumbnails/images/prd_img/20250205/4758438/detail_4758438_17387127529455_big.jpg?w=1200,longsl_0124,4,없음,없음,없음,없음,없음,없음,없음,없음,없음
https://www.musinsa.com/products/4652446,Heavy thermal L/S Chacoal,없음,없음,"87,000원",타임리스 스포츠웨어,https://image.musinsa.com/mfile_s01/_brand/free_medium/timelesssportswear.png?20240522140057,상의,긴소매 티셔츠,없음,없음,없음,https://image.msscdn.net/thumbnails/images/goods_img/20241206/4652446/4652446_17334222257288_big.jpg?w=1200,longsl_0125,100,1.1천 회 이상 (최근 1개월),없음,후기 4개,없음,"설 연휴 랜덤쿠폰이 꽤 좋은 게 나와 무엇을 살까 고민하다 호기심에 구매한 제품입니다. 브랜드는 어데케이드를 통해 알기만 했지 경험은 안해봤는데, 결론부터 말하자면 상당히 만족스럽습니다.  원단이 탄탄하고 두께감이 있어 익히 아는 롱슬리브라기 보단 스웻셔츠에 가까운 느낌입니다. 옷에 워싱을 돌렸는지 약간 빈티지한 느낌이 나고, 핏 또한 약간 크롭하고 품이 넉넉합니다.  기대하지 않고 입어봤는데, 진짜 핏이 너무 이쁘고 와플 패턴 또한 일반적인 롱슬리브,맨투맨과 다른 느낌을 주니 신선했습니다.  제 스펙과 비슷하시다면 사이즈는 원하는 기장에 맞춰 가시면 될 거 같습니다","설 연휴 랜덤쿠폰이 꽤 좋은 게 나와 무엇을 살까 고민하다 호기심에 구매한 제품입니다. 브랜드는 어데케이드를 통해 알기만 했지 경험은 안해봤는데, 결론부터 말하자면 상당히 만족스럽습니다.  원단이 탄탄하고 두께감이 있어 익히 아는 롱슬리브라기 보단 스웻셔츠에 가까운 느낌입니다. 옷에 워싱을 돌렸는지 약간 빈티지한 느낌이 나고, 핏 또한 약간 크롭하고 품이 넉넉합니다.  기대하지 않고 입어봤는데, 진짜 핏이 너무 이쁘고 와플 패턴 또한 일반적인 롱슬리브,맨투맨과 다른 느낌을 주니 신선했습니다.  제 스펙과 비슷하시다면 사이즈는 원하는 기장에 맞춰 가시면 될 거 같습니다",탄탄 쫀쫀한 원단이라 따뜻하면서도 편해요 품은 여유로운편,만족합니다 이쁘고 핏도 좋네요 감사합니다 잘입겠습니다ㅓ,없음
https://www.musinsa.com/products/4652428,Heavy thermal L/S brown,없음,없음,"87,000원",타임리스 스포츠웨어,https://image.musinsa.com/mfile_s01/_brand/free_medium/timelesssportswear.png?20240522140057,상의,긴소매 티셔츠,없음,없음,없음,https://image.msscdn.net/thumbnails/images/goods_img/20241206/4652428/4652428_17334222399900_big.jpg?w=1200,longsl_0126,77,750회 이상 (최근 1개월),없음,후기 8개,없음,한달후기 넘 예쁜옷입니다~ 기장이 좀더 길었으면 좋았을거같아요,한달후기 정말 마음에 드는 옷입니다. 편하게 나갈 때 이거만 입습니다,옷 너무 이쁘고 따뜻하고 좋아요~ 가성비 좋은 듯합니다,품 넉넉하고 재질 괜찮고 느낌 좋아요. 회사에 입고 다닐 용도로 샀어요.,품 넉넉하고 재질 괜찮고 느낌 좋아요. 회사에 입고 다닐 용도로 샀어요.
https://www.musinsa.com/products/4608652,세일러 스트라이프 탑_블랙,없음,없음,"85,000원",페이즈드,https://image.musinsa.com/mfile_s01/_brand/free_medium/fazed.png?20240820134152,상의,긴소매 티셔츠,https://image.msscdn.net/thumbnails/images/goods_img/20241113/4608652/4608652_17322664429757_big.jpg?w=1200,https://image.msscdn.net/thumbnails/images/prd_img/20241113/4608652/detail_4608652_17322664596163_big.jpg?w=1200,https://image.msscdn.net/thumbnails/images/prd_img/20241113/4608652/detail_4608652_17322664623898_big.jpg?w=1200,https://image.msscdn.net/thumbnails/images/prd_img/20241113/4608652/detail_4608652_17322664630225_big.jpg?w=1200,longsl_0127,116,700회 이상 (최근 1개월),없음,없음,없음,없음,없음,없음,없음,없음
https://www.musinsa.com/products/4332286,"LAYERED STRIPE T-SHIRT, LIGHT YELLOW",없음,없음,"83,000원",오헤시오,https://image.musinsa.com/mfile_s01/_brand/free_medium/oheshio.png?20230825130502,상의,긴소매 티셔츠,https://image.msscdn.net/thumbnails/images/prd_img/20240814/4332286/detail_4332286_17252497814437_big.jpg?w=1200,https://image.msscdn.net/thumbnails/images/prd_img/20240814/4332286/detail_4332286_17252497830463_big.jpg?w=1200,없음,https://image.msscdn.net/thumbnails/images/goods_img/20240814/4332286/4332286_17253335340422_big.jpg?w=1200,longsl_0128,"1,872",1.9천 회 이상 (최근 1개월),없음,후기 33개,4.9,색감이 화면과 똑같고 free 사이즈임에도 157/39인 저한테 잘 맞네요!,"너무 귀여워요... 택까지 귀여움;; 그리고 재질 왕탄탄 색이 너무 튀면 잘 안 입어질까봐 차콜이랑 고민하다가 이거 샀는데, 색이 생각보다 무난해서 이거 사길 잘한 것 같아요!",레이어드 된 게 너무 귀여워요 재질도 튼튼하고 괜찮은 것 같습니다,팔 길이도 적당하고 옷 전체 길이도 적당해서 좋아ㅛ어요,한달후기 예뻐요 소재도 톡톡하고 어디에나 잘 어울리네요
https://www.musinsa.com/products/4378917,로렌조 시리즈 롱슬리브-블랙,없음,없음,"83,000원",에이펙스 디자인,https://image.musinsa.com/mfile_s01/_brand/free_medium/apexdesign.png?20221110173328,상의,긴소매 티셔츠,https://image.msscdn.net/thumbnails/images/goods_img/20240828/4378917/4378917_17248205667256_big.jpg?w=1200,없음,없음,https://image.msscdn.net/thumbnails/images/prd_img/20240828/4378917/detail_4378917_17248205730149_big.jpg?w=1200,longsl_0129,258,없음,없음,후기 5개,없음,한달후기 핏도 이쁘고 재질도 좋아요 아주 이쁘게 잘 입고있습니당,한달후기 단단한소재같은느낌에 프린팅이이뻐요 좋아요,색감도 이쁘고 레이어드 느낌으로다가 스트릿 좋아하시는 분들이라면 추천합니다!,마감도 이정도면 괜찮고 핏도 마음에 들고 색감도 이쁩니다!,사이즈도 적당하고 프린팅도 이쁩니다 좋습니당
https://www.musinsa.com/products/4515546,패턴 머슬 헨리넥 니트티 [블랙],없음,없음,"39,900원",바우로 프로덕트,https://image.musinsa.com/mfile_s01/_brand/free_medium/bowlow.png?20240520135539,상의,긴소매 티셔츠,https://image.msscdn.net/thumbnails/images/goods_img/20241014/4515546/4515546_17288953939923_big.jpg?w=1200,https://image.msscdn.net/thumbnails/images/prd_img/20241014/4515546/detail_4515546_17288954040865_big.jpg?w=1200,https://image.msscdn.net/thumbnails/images/prd_img/20241014/4515546/detail_4515546_17288954020858_big.jpg?w=1200,https://image.msscdn.net/thumbnails/images/prd_img/20241014/4515546/detail_4515546_17288954061202_big.jpg?w=1200,longsl_0130,877,5.7천 회 이상 (최근 1개월),없음,후기 45개,4.8,디자인도 마음에 들고 깔끔하고 배송도 빨라서 좋아요,사이즈 적당하게 오버하고 헨리넥 너무 예쁘네요,크롭한 기장입니다. 두께는 얇아서 몸 좋으신 분은 길루엣 드러날 수 있습니다. 질은 괜찮은 편입니다.,급하게 샀는데 배송도 빠르고 딱 생각한 예쁜 핏입니다,헨리넥이 이뻐요 ㅎ 재질이 좋은거같은데 겨울에입긴 추어보여요
https://www.musinsa.com/products/4308485,플리에 레이어드 티-블랙,"44,000원",10%,"39,600원",비터셀즈,https://image.musinsa.com/mfile_s01/_brand/free_medium/bittercells.png?20220204123329,상의,긴소매 티셔츠,https://image.msscdn.net/thumbnails/images/prd_img/20240808/4308485/detail_4308485_17237064529554_big.jpg?w=1200,https://image.msscdn.net/thumbnails/images/prd_img/20240808/4308485/detail_4308485_17237064537234_big.jpg?w=1200,없음,https://image.msscdn.net/thumbnails/images/goods_img/20240808/4308485/4308485_17321558417486_big.jpg?w=1200,longsl_0131,"2,733",1.1만 회 이상 (최근 1개월),없음,후기 40개,4.6,옷이 여리여리해보이고 말라보여서 손이 자주 갑니다 추천해용,사이즈도 좋고 핏도 오진다리 모두들 꼭 사세요 ㅎㅎ색감도 화면이랑 똑같습니다, 이런 티셔츠는 원단이 가장 중요한 것 같은데 옷이 쫀쫀하고 고급져요,디자인 너무 이쁨. .팔이 조금 길긴 한데 말라 보여서 너무 마음에 듦🥹,질도 좋고 보풀 잘 안날것같은 재질이에요 팔쪽이 조금 작긴하지만 나뿌지 않아요 예뻐요
https://www.musinsa.com/products/4627155,ARMED 23 롱슬리브 저지 2 Color,"116,000원",30%,"81,200원",머슬암드,https://image.musinsa.com/mfile_s01/_brand/free_medium/musclearmed.png?20230913174100,스포츠/레저,상의,https://image.msscdn.net/thumbnails/images/prd_img/20241120/4627155/detail_4627155_17350143932520_big.jpg?w=1200,https://image.msscdn.net/thumbnails/images/prd_img/20241120/4627155/detail_4627155_17350143939098_big.jpg?w=1200,없음,https://image.msscdn.net/thumbnails/images/goods_img/20241120/4627155/4627155_17350143777987_big.jpg?w=1200,longsl_0132,416,2천 회 이상 (최근 1개월),없음,후기 100개,4.9,사이즈는 딱맞는거같습니다. 몸통은 제가 좀 큰편 둘레가 크긴해서 2사이즈가도 루즈하게 잘맞을거같은데 1사이즈도 잘맞고 ㅎㅎ 재질도 좋아서 잘입을수있을거같아요🫶,머슬암드 반팔구매한적이있은데 긴팔이 더욱 이쁘네요 ㅎㅎ 한치수 더 크게사도 루즈하게 이뻣겠지만 지금도 충분히 이쁜거같아서 너무 좋아요.,다른 회사 비슷한 져지 샀는데 이게 마음에 들어서 다 취소하고 하나 더 샀어요 예뻐요,새하얀 하얀색이라 겨울쿨톤에게 찰떡이에요 추워져서 긴팔 구매했는데 얇지도 않고 운동할때 입기 좋습니다 다음에 또 구매하러 오겠습니당,긴팔이 없었는데 착한가격에 너무 이쁜 옷 겟해서 좋아요^^ 엉덩이도 가려져서 하비인 저에게 최고의 옷입니다! 많이 얇지않고 도톰한 편이라서 일할때 입고 웜업할때도 입으면 최고인거 같아요^^
https://www.musinsa.com/products/4672840,FN OG LONG SLV TEE white,"49,000원",20%,"39,200원",엘엠씨,https://image.musinsa.com/mfile_s01/_brand/free_medium/lmc.png?20220610163914,상의,긴소매 티셔츠,https://image.msscdn.net/thumbnails/images/prd_img/20241219/4672840/detail_4672840_17356286442420_big.jpg?w=1200,https://image.msscdn.net/thumbnails/images/prd_img/20241219/4672840/detail_4672840_17356286454469_big.jpg?w=1200,없음,https://image.msscdn.net/thumbnails/images/goods_img/20241219/4672840/4672840_17356286355809_big.jpg?w=1200,longsl_0133,164,1.9천 회 이상 (최근 1개월),없음,후기 1개,없음,이너로 입으려고 삿는데 딱 좋은 핏이에요 좋습니다,없음,없음,없음,없음
https://www.musinsa.com/products/4318526,PRDA BIG PATCH RAGLAN LONG SLEEVE WHITE,"59,000원",34%,"39,000원",프렌다,https://image.musinsa.com/mfile_s01/_brand/free_medium/prendafromplant.png?20210820120132,상의,긴소매 티셔츠,없음,없음,없음,https://image.msscdn.net/thumbnails/images/goods_img/20240812/4318526/4318526_17242866181255_big.jpg?w=1200,longsl_0134,"2,371",2.5천 회 이상 (최근 1개월),없음,후기 42개,4.8,색감 매치도 너무 이쁘고 팔뚝살 커버가 잘되요 길이감이 상세컷 보다는 짦은감이 없지 않아 아쉽지만 그래도 바지나 치마에 입기 젛을 것 같습니다,중간에 글씨 프린팅 되어 있는줄 알았는데 자수로 되어있어서 더 이뻤음ㅎㅎ,너무 이쁜 옷이에요 동생이 달라고.. 아주그냥 난리 입니다.. 그래도 이옷은 제껍니다,아잇 .. 프리사이즈.. .. 너무 짝아요 .... 제가 너무 제 자신을 ... 기장도 짧구 ..팔뚝도 끼궄ㅋㅋ.. 조카에게 선물했네요,한달후기 간절기에 잘 입었고 한겨울에는 얇아서 손이 그렇게 가진 않지만 예쁨
https://www.musinsa.com/products/4315224,시그니처 코튼 머슬핏 긴팔 티셔츠 NSTL01,없음,없음,"39,000원",나인제트,https://image.musinsa.com/mfile_s01/_brand/free_medium/ninez.png?20231228120516,스포츠/레저,상의,https://image.msscdn.net/thumbnails/images/prd_img/20240809/4315224/detail_4315224_17248353203756_big.png?w=1200,https://image.msscdn.net/thumbnails/images/prd_img/20240809/4315224/detail_4315224_17248353229992_big.png?w=1200,없음,https://image.msscdn.net/thumbnails/images/goods_img/20240809/4315224/4315224_17248353131176_big.png?w=1200,longsl_0135,"1,259",6.2천 회 이상 (최근 1개월),1.3천 개 이상,후기 88개,4.7,목 부분이 딱 붙어서 너무 좋고 면도 두꺼워요! 한 치수 더 크게 입으면 이쁠 것 같습니다,한달후기 팔이 부자연스럽게 낍니다...그부분이 아쉽습니다.,어깨 넓어보이고 재질이 짱짱해서 이너랑 단독으로 입기에 충분합니다,올해 여름에 반팔티 구매해서 잘 입었는데 사이즈는 똑같아요 배송도 빠르고 품질도 좋아요!,핏은 좋은데 재질이 한번 빨면 끝이네요.. 뭔가 잘 유지될 수 있는 건 아닌 재질
https://www.musinsa.com/products/4465847,[골드라벨 2세대] 세미오버핏 크루넥 긴팔 티셔츠,없음,없음,"39,000원",유핑,https://image.musinsa.com/mfile_s01/_brand/free_medium/uping.png?20240509135501,상의,긴소매 티셔츠,없음,없음,없음,https://image.msscdn.net/thumbnails/images/goods_img/20240926/4465847/4465847_17344230956955_big.jpg?w=1200,longsl_0136,687,3.4천 회 이상 (최근 1개월),1.5천 개 이상,후기 249개,4.9,목이짱짱해서 4년째쓰고있는데 좋아서 긴팔로하나더샀습니다,너무 탄탄해요 4년전에 반팔샀는데 짱짱해서 긴팔로질렀습니다!,한달후기 확실히쫀쫀하고안에입기 딱좋습니다. 계속 구매예정이에요.,가성비 좋은 티셔츠만 입었는데 한 시즌 지나면 누래져서 못 입는 게 오히려 손해 같아서 구매햇어요  블레이저 이너 등등 꾸밀 때 이너는 이 티셔츠 입으려구요  찰랑찰랑한 소재고 오래 입을 수 있을 것 같아요 ㅎㅎ,가성비 좋은 티셔츠만 입었는데 한 시즌 지나면 누래져서 못 입는 게 오히려 손해 같아서 구매햇어요  블레이저 이너 등등 꾸밀 때 이너는 이 티셔츠 입으려구요  찰랑찰랑한 소재고 오래 입을 수 있을 것 같아요 ㅎㅎ
https://www.musinsa.com/products/4441397,Layered Lace Frill Long Sleeve (FL-137_Cream),없음,없음,"79,000원",플레어업,https://image.msscdn.net/mfile_s01/_brand/free_medium/flareup.png?20200608153142,상의,긴소매 티셔츠,https://image.msscdn.net/thumbnails/images/prd_img/20240915/4441397/detail_4441397_17267928641542_big.jpg?w=1200,https://image.msscdn.net/thumbnails/images/prd_img/20240915/4441397/detail_4441397_17267928657186_big.jpg?w=1200,없음,https://image.msscdn.net/thumbnails/images/goods_img/20240915/4441397/4441397_17306647849942_big.jpg?w=1200,longsl_0137,"5,091",1.6만 회 이상 (최근 1개월),없음,후기 55개,4.6,넘 좋아욘 잘 입구다니구 있어욘 ㅎ 레이스가 맘에드네용,유튜브보다가 이뻐서 샀는데 디테일이 너무 예쁜 옷입니다 블랙도 구매하고싶어여,한달후기 생각 했던 것 처럼 귀엽고 잘 하고 다닐 것 같습니다,"퀄리티 너무 좋고, 디자인도 너무 예뻐요 원단도 얇지 않고 레이어드로 입기도 좋아요 레이스 디테일이 있어서 단독으로 입어도 이쁨🫶 그레이 사고 마음에 들어서 크림도 샀는데 더 요정같아요",레이어드로도 단독으로도 입을 수 있어서 활용도도 높고 좋은 거 같아요
https://www.musinsa.com/products/4339369,UNBALANCE SHIRRING TOP BLACK,없음,없음,"79,000원",코이세이오,https://image.musinsa.com/mfile_s01/_brand/free_medium/coyseio.png?20240903105427,상의,긴소매 티셔츠,없음,없음,없음,https://image.msscdn.net/thumbnails/images/goods_img/20240817/4339369/4339369_17238801340546_big.png?w=1200,longsl_0138,903,3.3천 회 이상 (최근 1개월),없음,후기 9개,4.6,조금 파였는데 그렇게 생각보다 안파여서 자주 가을에@입을가 같아요 소재도 넘 좋습니다,한달후기 제가 젤 좋아하는 브랜드가 코이세이오 인디 . 역시 구매하길 잘햇어요 다 잘어울려요 ㅜ,"색감, 옷감, 디자인, 핏 모두 만족합니다. 가성비 정말 훌륭합니다.",한달후기 몬가~~ 핏이 애매해요 은근 넥라인이 깊어서 저심하셔야 할듯~,한달후기 늘어나는재질이라서 편한데 좀 파여서 입기 조심해야될거같아요
https://www.musinsa.com/products/4480916,STAR RAGLAN BOX TEE / WHITE,없음,없음,"79,000원",라세레모니,https://image.musinsa.com/mfile_s01/_brand/free_medium/laceremonie.png?20230608173650,상의,긴소매 티셔츠,없음,없음,없음,https://image.msscdn.net/thumbnails/images/goods_img/20241002/4480916/4480916_17319044232642_big.jpg?w=1200,longsl_0139,"2,337",2.8천 회 이상 (최근 1개월),없음,후기 3개,없음,너무 폭닥폭닥 부드럽고 넉넉하게 기여우ㅓ여 잘입울게오,재질 부드럽고 기장도 적당해서 좋아요 팔부분 색깔이 네이비인줄 알았는데 회색이에요 사진보다 더 연한느낌이에요 별이 귀여워요,노랑이 사려다 품절돼서 이걸루 샀는데 저한테 이색이 잘 어울려서 너무 조아요🤭,없음,없음
https://www.musinsa.com/products/4534479,Handmade Twisted One-Shoulder Long Sleeve (FL-117_Gray),없음,없음,"79,000원",플레어업,https://image.msscdn.net/mfile_s01/_brand/free_medium/flareup.png?20200608153142,상의,긴소매 티셔츠,https://image.msscdn.net/thumbnails/images/prd_img/20241018/4534479/detail_4534479_17292341452496_big.jpg?w=1200,https://image.msscdn.net/thumbnails/images/prd_img/20241018/4534479/detail_4534479_17292341460648_big.jpg?w=1200,없음,https://image.msscdn.net/thumbnails/images/goods_img/20241018/4534479/4534479_17292341399916_big.jpg?w=1200,longsl_0140,"2,109",5.4천 회 이상 (최근 1개월),없음,후기 6개,4.7,이뻐요 일단 스트랩으로 연출할수있어서 넘 좋었규요 와이드한 바지나 치마랑 입어도 이뿝니다 달라붙는 핏이에여,이너로 입었는데 무채색러버 블랙러버인 제가 입으니 포인트로 좋았어요 쫀쫀하이 가슴도 겁나 커보입니다 몸매보정 옷 굳굳 딴색도 살듯요,옷이 얇고 허리를 잡아줘서 날씬해보여서 좋아요.,색깔고민많이했는데 뮤트톤이 잘어울릴거같아서 톤온톤 믹스매치하려고 그레이샀어요 길이감 힙살짝덮는기장이고 끈연출다양하게할수있어좋어요 한쪽 오프숄더도 넘이뻐요ㅠㅠ,저한텐 길이도 적당하고 밑에 바지 부츠컷입으면 이쁠듯 와이드도 나쁘진 않아용 다만 재질이 보풀 금방 일어날 재질 입니다...
https://www.musinsa.com/products/4338957,Honda Speed Track nylon Long sleeve Red,"109,000원",28%,"79,000원",혼다 모터사이클,https://image.musinsa.com/mfile_s01/_brand/free_medium/hondaxphyps.png?20240208185624,상의,긴소매 티셔츠,https://image.msscdn.net/thumbnails/images/prd_img/20240816/4338957/detail_4338957_17238005767169_big.jpg?w=1200,https://image.msscdn.net/thumbnails/images/prd_img/20240816/4338957/detail_4338957_17238005769598_big.jpg?w=1200,없음,https://image.msscdn.net/thumbnails/images/goods_img/20240816/4338957/4338957_17238005759313_big.jpg?w=1200,longsl_0141,"1,107",2.1천 회 이상 (최근 1개월),없음,후기 17개,4.9,24.09.12,"질감 좋고, 색감 좋고, 보온이 꽤 되고, 느낌 좋습니닷",한달후기 색감 이쁘고 좋아요. 사이즈도 잘 맞음.. 세일때 잘 샀네요 ㅎㅎ 자주 입어요,색감이 이쁘고 디자인도 편하고 좋습니다. 메쉬안감도 있어서 홑겹은 아님,사진보다 짙은 진홍색입니다. 안감으로 두께가 있습니다. 클줄알았는데 103기준 딱 맞네요.
https://www.musinsa.com/products/4346484,스퀘어넥 타이 스카프 티셔츠 [KHAKI],"42,000원",10%,"37,800원",레더리,https://image.musinsa.com/mfile_s01/_brand/free_medium/leathery.png?20220124140405,상의,긴소매 티셔츠,https://image.msscdn.net/thumbnails/images/goods_img/20240820/4346484/4346484_17243779909244_big.jpg?w=1200,https://image.msscdn.net/thumbnails/images/prd_img/20240820/4346484/detail_4346484_17243780066210_big.jpg?w=1200,https://image.msscdn.net/thumbnails/images/prd_img/20240820/4346484/detail_4346484_17243780024362_big.jpg?w=1200,https://image.msscdn.net/thumbnails/images/prd_img/20240820/4346484/detail_4346484_17243780057482_big.jpg?w=1200,longsl_0142,"11,427",1.4만 회 이상 (최근 1개월),없음,후기 149개,4.8,"재질이 부들부들하고 촌스런 카키가 아니라 예쁜 카키(브라운 카키느낌)라서 쿨,웜톤 상관없이 잘 어울릴 것 같아요!",뭐야..너무 이뻐 놀랍게 이뻐요 상체 66 안뚱뚱해보여요 쫀쫀해요 그렇다고 두껍진 않아요 색만 아니먄 사계절 가능요 ㅠ 밝은 색도 있으면 즇았을 텐데 아쉽 !!,쫀쫀하고 텐션좋은 티셔츠 입니다 여기저기 레이어드해서 입어도 이쁜거 같아요,레더리에서 상의를 두 벌 시켰는데 정말 다 재질이 미쳤어요... 다 너무 부드럽고 몸에 착 감기는 느낌이 너무 좋아요 레더리.. 가방만 잘하는 줄 알았는데 옷도 너무 잘하네요.. 목에 두르는 것까지 완벽입니다,소재도 나쁘지 않고 적당함 두께감이에요 조금 흐물흐물하긴해요! 목부분이 적당히 파여있어서 그게 가장 마음에 들어요! 같이주는 타이 스카프도 잘 어울리고 좋아요! 색감도 딥해서 가을과 잘어울리고 최고입니다💗
https://www.musinsa.com/products/4582911,Boxer Tee Blue Charcoal,없음,없음,"78,000원",해칭룸,https://image.musinsa.com/mfile_s01/_brand/free_medium/hatchingroom.png?20230713144655,상의,긴소매 티셔츠,https://image.msscdn.net/thumbnails/images/goods_img/20241101/4582911/4582911_17304509952441_big.jpg?w=1200,https://image.msscdn.net/thumbnails/images/prd_img/20241101/4582911/detail_4582911_17304510002509_big.jpg?w=1200,https://image.msscdn.net/thumbnails/images/prd_img/20241101/4582911/detail_4582911_17304510010775_big.jpg?w=1200,https://image.msscdn.net/thumbnails/images/prd_img/20241101/4582911/detail_4582911_17304510046844_big.jpg?w=1200,longsl_0143,497,7천 회 이상 (최근 1개월),없음,후기 7개,없음,역시 해칭룸입니다. 면이 부드럽고 고급스러운 소재라 좋습니다.,생각보다 얇지만 떨어지는 핏이 너무 예쁘고 핑거홀도 있어요,일단 색감이 심하게 파란색이 아니여서 좋고 핑거홀도 있어서 포인트 주기에 좋은 것 같아요,엄지손가락 들어가는 레이어드 티를 찾고 있었는데 이것만한게 없습니다,디테일이 진짜 맘에 드네요 검정색도 구매할거 같아요
https://www.musinsa.com/products/4520371,남성 플레이 온 메시 긴팔티셔츠,"118,000원",35%,"76,700원",할리데이비슨,https://image.musinsa.com/mfile_s01/_brand/free_medium/harleydavidson.png?20221219100415,상의,긴소매 티셔츠,https://image.msscdn.net/thumbnails/images/goods_img/20241015/4520371/4520371_17289793795230_big.jpg?w=1200,https://image.msscdn.net/thumbnails/images/prd_img/20241015/4520371/detail_4520371_17289793803238_big.jpg?w=1200,https://image.msscdn.net/thumbnails/images/prd_img/20241015/4520371/detail_4520371_17289793805633_big.jpg?w=1200,https://image.msscdn.net/thumbnails/images/prd_img/20241015/4520371/detail_4520371_17289793807389_big.jpg?w=1200,longsl_0144,16,없음,없음,없음,없음,없음,없음,없음,없음,없음
https://www.musinsa.com/products/4427484,Henley Neck Waffle Slim T-shirt_[Black],없음,없음,"72,000원",레씨토,https://image.musinsa.com/mfile_s01/_brand/free_medium/lecyto.png?20240320150047,상의,긴소매 티셔츠,https://image.msscdn.net/thumbnails/images/prd_img/20240910/4427484/detail_4427484_17270628775380_big.jpg?w=1200,https://image.msscdn.net/thumbnails/images/prd_img/20240910/4427484/detail_4427484_17270629066446_big.jpg?w=1200,없음,https://image.msscdn.net/thumbnails/images/goods_img/20240910/4427484/4427484_17268101579329_big.jpg?w=1200,longsl_0145,581,1.7천 회 이상 (최근 1개월),없음,후기 25개,없음,너무너무 이쁨! 얇은 시스루 재질 나시랑 같이 입어두 이쁨,달라붙는 핏이라서 몸 좋은 사람들이 입으면 더 멋질듯합니다,생각보다 너무 예쁘긴 하나 빨래 하니가 조금 줄어드네요 ㅠ,원했던 핏입니다 안에 나시 레이어드해도 이쁩니다! 잘입을게요!!,핑거홀 디테일도 예쁘규 핏도 좋습니다 마르신분들 추천
https://www.musinsa.com/products/4759755,레이어링 롱 슬리브 티셔츠 (8colors),없음,없음,"72,000원",엠.엠.엠,https://image.msscdn.net/mfile_s01/_brand/free_medium/mmmjeans.png?1738721713861,상의,긴소매 티셔츠,없음,없음,없음,https://image.msscdn.net/thumbnails/images/goods_img/20250205/4759755/4759755_17387295542046_big.jpg?w=1200,longsl_0146,8,150회 이상 (최근 1개월),없음,없음,없음,없음,없음,없음,없음,없음
https://www.musinsa.com/products/4324329,Bonheur stripe cotton t-shirt_Gray,"75,000원",5%,"71,250원",틸아이다이,https://image.msscdn.net/mfile_s01/_brand/free_medium/tillidie.png?20200608153142,상의,긴소매 티셔츠,없음,없음,없음,https://image.msscdn.net/thumbnails/images/goods_img/20240813/4324329/4324329_17235194749362_big.jpg?w=1200,longsl_0147,"1,160",550회 이상 (최근 1개월),없음,후기 28개,4.8,네이비사고 맘에들어 바로 그레이도 쟁였어요. 편하게 잘 입을 것 같습니다.,모델분의 착용샷이 계속 눈에 아른거려서 구매했는데...화이트진에 검정벨트 착용하고 같이 입으면 넘 예쁩니다..다만 몇몇분들의 후기에도 있듯이 넥시보리가 탄탄한 편은 아니에요...그렇다고 세탁후에 시보리가 울고 그런건 아니지만요,한달후기 무난하게 입을수 있어요 55반 -66사이즈 기준 S 레귤러핏으로 잘 맞아요,한달후기 잘 안늘어나고 안에 바쳐 입기도 좋고 잘 입었습니다,한달후기 티자체가 무슨색바지든 다 잘어울려서 요즘 거의 매주입고있어요
https://www.musinsa.com/products/4713762,At Symbol Quick Dry longsleeve Tee Black,"79,000원",10%,"71,100원",더왈드,https://image.msscdn.net/mfile_s01/_brand/free_medium/thewarld.png?1735007599436,스포츠/레저,상의,https://image.msscdn.net/thumbnails/images/goods_img/20250111/4713762/4713762_17365786117624_big.png?w=1200,https://image.msscdn.net/thumbnails/images/prd_img/20250111/4713762/detail_4713762_17365786125369_big.png?w=1200,https://image.msscdn.net/thumbnails/images/prd_img/20250111/4713762/detail_4713762_17365786127884_big.png?w=1200,https://image.msscdn.net/thumbnails/images/prd_img/20250111/4713762/detail_4713762_17365786129950_big.png?w=1200,longsl_0148,21,550회 이상 (최근 1개월),없음,없음,없음,없음,없음,없음,없음,없음
https://www.musinsa.com/products/4309089,W ROSE LS TEE WHITE(CV2EFFT555A),"49,000원",30%,"34,300원",카비시,https://image.musinsa.com/mfile_s01/_brand/free_medium/cavish.png?20210324141342,상의,긴소매 티셔츠,https://image.msscdn.net/thumbnails/images/prd_img/20240808/4309089/detail_4309089_17290409981072_big.jpg?w=1200,https://image.msscdn.net/thumbnails/images/prd_img/20240808/4309089/detail_4309089_17244059277645_big.jpg?w=1200,없음,https://image.msscdn.net/thumbnails/images/goods_img/20240808/4309089/4309089_17290409771723_big.jpg?w=1200,longsl_0149,"2,805",4.7천 회 이상 (최근 1개월),없음,후기 14개,4.9,긴편인데 약간 주름잡고 입으면 진짜 예뻐용 . 차르르 주름 잡히면서 떨어지는 핏이 좋습니다. 부들부들하고 진짜 다 젛아요,여유롭게 핏한 느낌이라 부담스럽지 않고 좋아요 가로로 트여 있어서 매력있어용,마감도 좋고 가격대비 진짜 이득이었습니다. 쫀쫀하면서 착 감기는 핏이라 여리여리해 보이고 좋아요. 보풀도 안날 것 같은 재질이라 좋슴다,한달후기 핏이 좀 아쉽지만 전체적으로 무난하고 괜찮아요,한달후기 예뻐요... 몸에 착붙🫢 핏이 진짜 예쁘고 이너로 입기도 괜찮아요
https://www.musinsa.com/products/4501919,WIDE BAND CROP LONGSLEEVE [BLACK],없음,없음,"69,000원",본투윈,https://image.musinsa.com/mfile_s01/_brand/free_medium/borntowin.png?20231218160612,스포츠/레저,상의,https://image.msscdn.net/thumbnails/images/goods_img/20241010/4501919/4501919_17286267536450_big.jpg?w=1200,https://image.msscdn.net/thumbnails/images/prd_img/20241010/4501919/detail_4501919_17286267543947_big.jpg?w=1200,https://image.msscdn.net/thumbnails/images/prd_img/20241010/4501919/detail_4501919_17286267546584_big.jpg?w=1200,https://image.msscdn.net/thumbnails/images/prd_img/20241010/4501919/detail_4501919_17286267548420_big.jpg?w=1200,longsl_0150,481,3.4천 회 이상 (최근 1개월),없음,후기 24개,4.8,크롭티 디자인이 이쁘고 허리밴딩이 허리라인을 잡아주는 느낌이 나고 신축성이 너무 좋아서 만족합니다!! 역시 본투윈❤️,허리에 팬딩보이시나요 너무이뻐서 보자마자 구매했는데 역시 사길잘했네요,후기가 좋아서 구매해봤는데 정말 이쁘고 편해요 옷이 위로 올라갈까봐 걱정했는데 엄청 잘 잡아주고 말려올라가지않았어요,상의는 탄탄히 잘잡아주고 힙합니다 제 몸뚱이가 이상해서 그렇치 옷은아주맘에들어여,한달후기 허리 밴드에 로고 있어서 허리 얇아보이는 효과 잇어요
https://www.musinsa.com/products/4289581,ATHLETE STRIPE L/S [SKYBLUE],없음,없음,"69,000원",에이이에이이,https://image.msscdn.net/mfile_s01/_brand/free_medium/aeae.png?1728349697863,상의,긴소매 티셔츠,https://image.msscdn.net/thumbnails/images/prd_img/20240801/4289581/detail_4289581_17248254693134_big.jpg?w=1200,https://image.msscdn.net/thumbnails/images/prd_img/20240801/4289581/detail_4289581_17248254706324_big.jpg?w=1200,없음,https://image.msscdn.net/thumbnails/images/goods_img/20240801/4289581/4289581_17248254622279_big.jpg?w=1200,longsl_0151,"10,085",7.6천 회 이상 (최근 1개월),없음,후기 46개,4.8,색감이 너무 예쁘고 보들보들해요!! 날씨 쫌만 더 풀리면?? 걍 내 살이 되;;,한달후기 한번 입고나서 바로 보풀생겼어요 가격대비 질이 좋은 것 같진않아요 디자인이뻐서 입습니다,색깔이 사진 그대로에요!! 오버핏이라서 널널하게 입을 수 있어서 편하고 좋아요!!,소재도 탄탄하고 디자인도 예뻐서 편하게 잘 입을 수 있을 듯!,한달후기 칭구가 샹일선물로 사줬어요 막 입기 조아요 기엽 ㅎ
https://www.musinsa.com/products/4693156,워머 롱슬리브 티셔츠 타이다이 블랙,없음,없음,"69,000원",슬로우선데이,https://image.musinsa.com/mfile_s01/_brand/free_medium/slowsunday.png?20230614164236,스포츠/레저,상의,https://image.msscdn.net/thumbnails/images/goods_img/20250102/4693156/4693156_17357805037179_big.jpg?w=1200,없음,없음,https://image.msscdn.net/thumbnails/images/prd_img/20250102/4693156/detail_4693156_17357805090439_big.jpg?w=1200,longsl_0152,4,150회 이상 (최근 1개월),없음,없음,없음,없음,없음,없음,없음,없음
https://www.musinsa.com/products/4501920,WIDE BAND CROP LONGSLEEVE [WHITE],없음,없음,"69,000원",본투윈,https://image.musinsa.com/mfile_s01/_brand/free_medium/borntowin.png?20231218160612,스포츠/레저,상의,https://image.msscdn.net/thumbnails/images/goods_img/20241010/4501920/4501920_17286267443673_big.jpg?w=1200,https://image.msscdn.net/thumbnails/images/prd_img/20241010/4501920/detail_4501920_17286267450587_big.jpg?w=1200,https://image.msscdn.net/thumbnails/images/prd_img/20241010/4501920/detail_4501920_17286267452200_big.jpg?w=1200,https://image.msscdn.net/thumbnails/images/prd_img/20241010/4501920/detail_4501920_17286267455473_big.jpg?w=1200,longsl_0153,239,1.2천 회 이상 (최근 1개월),없음,후기 1개,없음,크롭인데 너무 이쁘고 쫀쫀해요 재질도 완전 좋습니달,없음,없음,없음,없음
https://www.musinsa.com/products/4544823,스냅 네크라인 롱 슬리브 [틴 블랙],"41,000원",20%,"32,800원",헬레네파리스,https://image.musinsa.com/mfile_s01/_brand/free_medium/heleneparis.png?20240503161520,상의,긴소매 티셔츠,없음,없음,없음,https://image.msscdn.net/thumbnails/images/goods_img/20241022/4544823/4544823_17296431099518_big.jpg?w=1200,longsl_0154,"3,824",1.3만 회 이상 (최근 1개월),없음,후기 64개,4.6,쫜쫜 탄탄한 재질이라 몸라인을 너무 예쁘게 잡아줘요 ! 골반이 별로 없고 허리도 얇은 편이 아닌데 이 옷에 스키니 바지입으면 허리도 얇아보이고 마찬가지로 그래서 골반도 좀 있어 보여요 ! 스판끼가 장난아니라 벗을때 조금 힘이 들지만 옷자체가 너무너무너무 예뻐요 !,재질이 신기해요 보들쫀득한 ? 그리고 신축성 좋아요 대신 쫄쫄이같은 느낌이여서 팔뚝살이나 통자허리 고민이신분들은 비추입니더,블랙도 시켰었는데 역시 몸에 착붙고 몸매 라인을 되게 좋아보이게 만드네요 그레이여서 더 포인트 있고 여기저기 매치하기 딱 좋아요 느좋상의 연말룩으로 체고,엄청 쫀쫀하구 핏 타이트해요!! 생각한대로 너무 예쁩니당,좀 작아요..근데또 팔은 좀 넉넉해서 팔 개얇아보임 예쁘긴해요
https://www.musinsa.com/products/4757803,소로나 캠퍼 긴팔 티셔츠 (S25SMFTL62) Black,"69,000원",5%,"65,550원",스노우피크 어패럴,https://image.musinsa.com/mfile_s01/_brand/free_medium/snowpeakapparel.png?20220304121742,상의,긴소매 티셔츠,https://image.msscdn.net/thumbnails/images/goods_img/20250204/4757803/4757803_17387241305796_big.jpg?w=1200,https://image.msscdn.net/thumbnails/images/prd_img/20250204/4757803/detail_4757803_17387241341796_big.jpg?w=1200,없음,https://image.msscdn.net/thumbnails/images/prd_img/20250204/4757803/detail_4757803_17387241349700_big.jpg?w=1200,longsl_0155,3,없음,없음,없음,없음,없음,없음,없음,없음,없음
https://www.musinsa.com/products/4729245,[일꼬르소X미즈노] 런 앤 무브 롱 슬리브 티셔츠 화이트 IETS5E701WT,"69,000원",5%,"65,500원",일꼬르소,https://image.musinsa.com/mfile_s01/_brand/free_medium/ilcorso.png?20210609111959,상의,긴소매 티셔츠,https://image.msscdn.net/thumbnails/images/goods_img/20250120/4729245/4729245_17373402830120_big.jpg?w=1200,https://image.msscdn.net/thumbnails/images/prd_img/20250120/4729245/detail_4729245_17373402845995_big.jpg?w=1200,https://image.msscdn.net/thumbnails/images/prd_img/20250120/4729245/detail_4729245_17373402847674_big.jpg?w=1200,https://image.msscdn.net/thumbnails/images/prd_img/20250120/4729245/detail_4729245_17373402854683_big.jpg?w=1200,longsl_0156,26,350회 이상 (최근 1개월),없음,후기 1개,없음,디자인 이쁘고 가격도 착하고 좋습니다! 사이즈는 s사이즈가 다른 옷 m이상 되는것 같아요 가슴너비가 넓어서 저는 s하니 딱 좋네요!,없음,없음,없음,없음
https://www.musinsa.com/products/4290115,STICKER L/S [WHITE],없음,없음,"65,000원",에이이에이이,https://image.msscdn.net/mfile_s01/_brand/free_medium/aeae.png?1728349697863,상의,긴소매 티셔츠,https://image.msscdn.net/thumbnails/images/goods_img/20240801/4290115/4290115_17254223376386_big.jpg?w=1200,https://image.msscdn.net/thumbnails/images/prd_img/20240801/4290115/detail_4290115_17254223438475_big.jpg?w=1200,https://image.msscdn.net/thumbnails/images/prd_img/20240801/4290115/detail_4290115_17254223468579_big.jpg?w=1200,https://image.msscdn.net/thumbnails/images/prd_img/20240801/4290115/detail_4290115_17254223457160_big.jpg?w=1200,longsl_0157,"2,410",5천 회 이상 (최근 1개월),없음,후기 16개,4.7,회색사고 너무 이뻐서 흰색도 샀어용 완죠니 기요미 긴팔티임!!!!,한달후기 디자인은 정말 너무 귀엽고 이쁜데.. 보풀이 엄청 쉽게 생겨요 ...... ㅎㅎ 그래서 제값 하는진 모르겠어요 그치만 프린팅이 너무 이쁩니다,한달후기 너무 예뻐용 여기저기 입기 좋고 다른 색도 사고 싶네용,아직 개시는 안 해봤지만빈티지한 느낌도 나고 은근 귀여워서 잘 입게 될 것 같아요,여기저기 휘뚜루 마뚜루 잘 어울려서 너무 좋아용 ! 코디도 쉬워용
https://www.musinsa.com/products/4339380,SYMBOL LOGO LONGSLEEVES WHITE,없음,없음,"65,000원",코이세이오,https://image.musinsa.com/mfile_s01/_brand/free_medium/coyseio.png?20240903105427,상의,긴소매 티셔츠,없음,없음,없음,https://image.msscdn.net/thumbnails/images/goods_img/20240817/4339380/4339380_17238804634682_big.png?w=1200,longsl_0158,600,1.7천 회 이상 (최근 1개월),없음,후기 11개,4.8,할인 안받고 사는거면 비추!!!!! 드립니다 생각보다 그냥 그래욥,키가 커서 많이 작지 않을까 걱정했는데 사이즈 딱맞고 적당히 슬림한 핏이라서 마음에 들어여,생각보다 얇긴 하지만 핏이 너무 예뻐요 안에 이너로 입거나 단독으로 입어도 될 거 같습니다 비침은 거의 없는 거 같습니다,한달후기 코이세이오답게 요즘 여자들이 원하는 핏을 정확히 맞춘 것 같아요. 예뻐요....,한달후기 2사이즈는 핏이 별루구 1사이즈가 이쁜거 같아용~~~
https://www.musinsa.com/products/4388357,Flower Lace Button Long Top - Cream,없음,없음,"65,000원",썸웨어버터,https://image.musinsa.com/mfile_s01/_brand/free_medium/somewherebutter.png?20240216172315,상의,긴소매 티셔츠,https://image.msscdn.net/thumbnails/images/goods_img/20240830/4388357/4388357_17255190710951_big.jpg?w=1200,https://image.msscdn.net/thumbnails/images/prd_img/20240830/4388357/detail_4388357_17255163502107_big.jpg?w=1200,https://image.msscdn.net/thumbnails/images/prd_img/20240830/4388357/detail_4388357_17255163511785_big.jpg?w=1200,https://image.msscdn.net/thumbnails/images/prd_img/20240830/4388357/detail_4388357_17255163521973_big.jpg?w=1200,longsl_0159,333,550회 이상 (최근 1개월),없음,후기 4개,없음,색감도 너무 예쁘고 쿨톤에 찰떡이에요! 블프때 구매 잘했습니당,한달후기 제가 꽃무늬를 너무 좋아해서 구입했는데 역시 입으니 너무 귀여워요! 언니도 예쁘다고 해줬네요 🙂 근데 택배 오자마자 냄새가 너무 심했어요.. 세탁 후 입는건 필수 !!,잘 맞고 잘 입고 다닙니다 코디 된 대로 샀어요. 너무 좋아요.,사진 색감이랑 똑같고 핏도 모델처럼 딱 달라붙어요! 길이가 적당히 짧아서 통 넓은 바지랑 입으면 예쁠 것 같아요,없음
https://www.musinsa.com/products/4595837,멘즈 롱-슬리브드 P-6 로고 리스판서빌리-티,"79,000원",20%,"63,200원",파타고니아,https://image.msscdn.net/mfile_s01/_brand/free_medium/patagonia.png?1727398452208,스포츠/레저,상의,https://image.msscdn.net/thumbnails/images/goods_img/20241107/4595837/4595837_17309548163316_big.jpg?w=1200,https://image.msscdn.net/thumbnails/images/prd_img/20241107/4595837/detail_4595837_17309548172063_big.jpg?w=1200,https://image.msscdn.net/thumbnails/images/prd_img/20241107/4595837/detail_4595837_17309548175344_big.jpg?w=1200,https://image.msscdn.net/thumbnails/images/prd_img/20241107/4595837/detail_4595837_17309548178632_big.jpg?w=1200,longsl_0160,517,7.3천 회 이상 (최근 1개월),없음,후기 3개,없음,재질이 참 좋네요. 흰색 구매했는데...약간 블루화이트입니다. 조금 얇은편이고 사이즈는 넉넉합니다.,좋아요 여유있고 세탁후에도 변형없고 좋아요 검정티도 구입 할께요,파타고니아 긴팔티 XL 팔은 이정도 여유 있습니다 도움되세요 저는 편해서 좋아요,없음,없음
https://www.musinsa.com/products/4331859,V-cut Minimal Long Sleeve - 4COL,"52,000원",42%,"29,990원",비바셔스,https://image.musinsa.com/mfile_s01/_brand/free_medium/vivacious.png?20240503161902,상의,긴소매 티셔츠,https://image.msscdn.net/thumbnails/images/goods_img/20240814/4331859/4331859_17252601426885_big.jpg?w=1200,https://image.msscdn.net/thumbnails/images/prd_img/20240814/4331859/detail_4331859_17252601573054_big.jpg?w=1200,https://image.msscdn.net/thumbnails/images/prd_img/20240814/4331859/detail_4331859_17252601544996_big.jpg?w=1200,https://image.msscdn.net/thumbnails/images/prd_img/20240814/4331859/detail_4331859_17252601536544_big.jpg?w=1200,longsl_0161,"1,200",3천 회 이상 (최근 1개월),없음,후기 2개,4.5,한달후기 착용감 편하고 색상도 맘에 들어요 추천합니다 만족,디자인은 예쁘고 핏도 좋은데 옷이 너무 잘 구겨져요 ㅠㅠ,없음,없음,없음
https://www.musinsa.com/products/4355520,헨리넥 롱 슬리브 티셔츠 (블랙),"69,000원",10%,"62,100원",주앙옴므,https://image.musinsa.com/mfile_s01/_brand/free_medium/juanhomme.png?20240912111401,상의,긴소매 티셔츠,https://image.msscdn.net/thumbnails/images/prd_img/20240821/4355520/detail_4355520_17249067402056_big.jpg?w=1200,https://image.msscdn.net/thumbnails/images/prd_img/20240821/4355520/detail_4355520_17249067511080_big.jpg?w=1200,없음,https://image.msscdn.net/thumbnails/images/goods_img/20240821/4355520/4355520_17248080231327_big.jpg?w=1200,longsl_0162,"3,480",1.8만 회 이상 (최근 1개월),1.1천 개 이상,후기 189개,4.9,옷 이뻐요 근데 마른사람이 입어야 핏이 더 사는 거 같아요,이쁘긴 한데 마른 분들한테 잘 어울릴 것 같아요 그리고 기장이 쫌 짧아요,그레이 구매하고 맘에 들어서 블랙도 구매했네요 모델처럼 두 색상 레이어드해서 입어도 이쁘고 단품도 이뻐요 두께는 얇아서 겨울엔 이너로 츄라이앤엔조이~,소재도 부들부들하고 기장감이 조금 길지만 바지에 넣어서 입으면 딱 좋아요! 단추 디테일도 좋고 소매 기장도 좋아요!,재질도 좋고 기본템으로 자주 입을 수 있는 디자인이라 좋아요!! 단추 디테일도 좋고 가볍고 사이즈도 딱 좋아요!
https://www.musinsa.com/products/4737921,GHOST RIBBON BIG BIG L/S TEE_BLACK(NG2FSUT554A),"69,000원",10%,"62,100원",나이스고스트클럽,https://image.msscdn.net/mfile_s01/_brand/free_medium/niceghostclub.png?1730455267007,상의,긴소매 티셔츠,https://image.msscdn.net/thumbnails/images/goods_img/20250122/4737921/4737921_17375343226233_big.jpg?w=1200,https://image.msscdn.net/thumbnails/images/prd_img/20250122/4737921/detail_4737921_17375343234452_big.jpg?w=1200,https://image.msscdn.net/thumbnails/images/prd_img/20250122/4737921/detail_4737921_17375343236514_big.jpg?w=1200,https://image.msscdn.net/thumbnails/images/prd_img/20250122/4737921/detail_4737921_17385470625134_big.jpg?w=1200,longsl_0163,353,1천 회 이상 (최근 1개월),없음,없음,없음,없음,없음,없음,없음,없음
https://www.musinsa.com/products/4327523,T-shirt & Lace Sleeveless Set [Black],"69,000원",10%,"62,100원",로제프란츠,https://image.msscdn.net/mfile_s01/_brand/free_medium/rosefrantz.png?1726714962255,상의,긴소매 티셔츠,https://image.msscdn.net/thumbnails/images/goods_img/20240813/4327523/4327523_17235409183179_big.jpg?w=1200,없음,없음,https://image.msscdn.net/thumbnails/images/prd_img/20240813/4327523/detail_4327523_17235409192569_big.jpg?w=1200,longsl_0164,440,350회 이상 (최근 1개월),없음,후기 1개,없음,편하고 짱 이뻐요!! 핏 잘나왑니당!! 체질도 좋구 맘에 듭니당,없음,없음,없음,없음
https://www.musinsa.com/products/4301012,[콜라보] PANIC PIZZA long sleeve [white],"69,000원",10%,"62,100원",더 아이덴티티 프로젝트,https://image.musinsa.com/mfile_s01/_brand/free_medium/theidentityproject.png?20220830140647,상의,긴소매 티셔츠,https://image.msscdn.net/thumbnails/images/goods_img/20240806/4301012/4301012_17242926947572_big.jpg?w=1200,https://image.msscdn.net/thumbnails/images/prd_img/20240806/4301012/detail_4301012_17244062819631_big.jpg?w=1200,https://image.msscdn.net/thumbnails/images/prd_img/20240806/4301012/detail_4301012_17244062828225_big.jpg?w=1200,https://image.msscdn.net/thumbnails/images/prd_img/20240806/4301012/detail_4301012_17244062853022_big.jpg?w=1200,longsl_0165,62,150회 이상 (최근 1개월),없음,후기 6개,4.6,굿구그긔ㅜ굿굿 이상없이 잘받았습니다 맛있게 잘입을게요,한달후기 사이즈도 딱 좋고 적당한 핏이 나와 맘에 듭니다!! 잘 입을게요ㅔ,한달후기 첫 빨래를 그냥 하고 건조기 돌렸더니 로고 주변부분이 초록색이 됐어요.. 조심하세요,포장 퀄리티도 너무좋고 넉넉하니 아주 예쁩니다👍,예쁩니다 근데 생각보다 팔이 더 기니까 유의하세요
https://www.musinsa.com/products/4314126,오프숄더 레이스업 세트 [CHARCOAL],없음,없음,"62,000원",오디너리홀리데이,https://image.musinsa.com/mfile_s01/_brand/free_medium/ordinaryholiday.png?20230713144809,상의,긴소매 티셔츠,https://image.msscdn.net/thumbnails/images/goods_img/20240809/4314126/4314126_17240342722969_big.jpg?w=1200,https://image.msscdn.net/thumbnails/images/prd_img/20240809/4314126/detail_4314126_17240342733944_big.jpg?w=1200,없음,https://image.msscdn.net/thumbnails/images/prd_img/20240809/4314126/detail_4314126_17240342737369_big.jpg?w=1200,longsl_0166,359,400회 이상 (최근 1개월),없음,없음,없음,없음,없음,없음,없음,없음
https://www.musinsa.com/products/4579576,드로잉 프릴 폴라 탑 (차콜 블랙),"72,000원",15%,"61,200원",허그유어스킨,https://image.musinsa.com/mfile_s01/_brand/free_medium/hugyourskin.png?20240820134344,상의,긴소매 티셔츠,https://image.msscdn.net/thumbnails/images/prd_img/20241031/4579576/detail_4579576_17307052735017_big.jpg?w=1200,https://image.msscdn.net/thumbnails/images/prd_img/20241031/4579576/detail_4579576_17307052743712_big.jpg?w=1200,없음,https://image.msscdn.net/thumbnails/images/goods_img/20241031/4579576/4579576_17307052638198_big.jpg?w=1200,longsl_0167,"1,279",6.6천 회 이상 (최근 1개월),없음,후기 20개,4.9,배송은 오래 걸렸지만 옷이 너무 부드럽고 따뜻합니당 그리거 프린팅이 진짜 귀여워요ㅎㅎ,프린팅이 너무 귀엽고 은근 따듯해서 잘 입을거가타요,보들보들하고 프린팅이랑 밑단프릴이너무귀여워요,한달후기 너무 귀여워요 허깅이 크게 나온 옷 많이 발매해주세오,느좋 그 자체 옷입니다 우히히 미디스커트랑 너무 잘 어울려요 (˶> <˶)♡
https://www.musinsa.com/products/4385454,[SET] 그랑프리 + 텍스트 피그먼트 긴팔티셔츠 (KMLT6769+KMLT6814),"100,900원",41%,"59,800원",에즈카톤,https://image.musinsa.com/mfile_s01/_brand/free_medium/ezkaton.png?20230919172205,상의,긴소매 티셔츠,https://image.msscdn.net/thumbnails/images/goods_img/20240829/4385454/4385454_17249178575991_big.jpg?w=1200,https://image.msscdn.net/thumbnails/images/prd_img/20240829/4385454/detail_4385454_17249191381119_big.jpg?w=1200,https://image.msscdn.net/thumbnails/images/prd_img/20240829/4385454/detail_4385454_17249191388946_big.jpg?w=1200,https://image.msscdn.net/thumbnails/images/prd_img/20240829/4385454/detail_4385454_17249191430583_big.jpg?w=1200,longsl_0168,382,250회 이상 (최근 1개월),없음,후기 12개,4.7,한달후기 입어보고 너무 좋아서 똑같은 디자인에 다른 색 주문하려고 합니다,한달후기 색감좋고 막 입기 좋으나 저한텐 팔이 너무 길어요… 외투 밖으로 삐져나옴,이너로 입기 딱 좋아연 디자인도 예쁘고 추천합니다,오버한 기장감의 티셔츠. 착용감은 살짝 뻣뻣한 재질. 살짝 물빠진 색깔이 포인트로 만족스러웠음 개인적으로 소매에 시보리가 없어서 매우 만족!,한달후기 동생 입으라고 사줬는데 너무 만족하고 좋아하네요 애즈카톤 가성비 짱입니다!
https://www.musinsa.com/products/4333540,베이직 무지 긴팔 티셔츠_화이트,"21,000원",12%,"18,500원",유나이티드 애슬,https://image.musinsa.com/mfile_s01/_brand/free_medium/unitedathle1.png?20240808112534,상의,긴소매 티셔츠,https://image.msscdn.net/thumbnails/images/goods_img/20240815/4333540/4333540_17237810964059_big.jpg?w=1200,https://image.msscdn.net/thumbnails/images/prd_img/20240815/4333540/detail_4333540_17237811295017_big.jpg?w=1200,https://image.msscdn.net/thumbnails/images/prd_img/20240815/4333540/detail_4333540_17237811301468_big.jpg?w=1200,https://image.msscdn.net/thumbnails/images/prd_img/20240815/4333540/detail_4333540_17237811344089_big.jpg?w=1200,longsl_0169,337,2.7천 회 이상 (최근 1개월),없음,후기 33개,4.9,사이즈 적당하고 지금 시기에 이너로 강추입니다,와 진짜 너무 편하고 좋아요 하나 더 시킬게요 히히,한달후기 이너로 입으려고 급하게 주문했는데 면이 고급져요,교복이나 니트안에 기본이너로 입으려고 샀는데 핏이 예뻐서 3장 더 구매합니다,교복이나 니트안에 기본이너로 입으려고 샀는데 핏이 예뻐서 3장 더 구매합니다
https://www.musinsa.com/products/4333272,SHEER LAYERED LONG SLEEVE DOT BLACK,"66,000원",10%,"59,400원",론론,https://image.musinsa.com/mfile_s01/_brand/free_medium/ronron.png?20220615154955,상의,긴소매 티셔츠,https://image.msscdn.net/thumbnails/images/goods_img/20240815/4333272/4333272_17254372481460_big.jpg?w=1200,https://image.msscdn.net/thumbnails/images/prd_img/20240815/4333272/detail_4333272_17254372605905_big.jpg?w=1200,https://image.msscdn.net/thumbnails/images/prd_img/20240815/4333272/detail_4333272_17254372614106_big.jpg?w=1200,https://image.msscdn.net/thumbnails/images/prd_img/20240815/4333272/detail_4333272_17254372637048_big.jpg?w=1200,longsl_0170,"2,336",9.8천 회 이상 (최근 1개월),없음,후기 41개,4.8,요즘 도트에 꽂혔는데 얘 너무 기여워요 ! 데님이나 스커트에 모두다 찰떡일거 같아요 그런데 밑단에 실밥이 너덜하게 붙어 있어성 별하나 뺏어욤 ㅠ 재가 가위로 자르긴 했는데 세탁후 풀리진 않겠죠 ;;,옷이 포인트 주기 너무 좋은 옷인거 같아요 너무 예쁩니다,그냥 티 하나입은건데 신경쓴 느낌나서 좋아요 튼튼했으면 좋겠슴다,진짜 세상 젤 귀여운 옷입니다 .. 입고나가면 탐난다는 소리 한번씩은 꼭 들어용,역시론론 제최애 브랜드예요 역시나 너무 러블리하네요 부하지도안고 너무이뻐요
https://www.musinsa.com/products/4509460,SHEER LAYERED LONG SLEEVE DOT WHITE,"66,000원",10%,"59,400원",론론,https://image.musinsa.com/mfile_s01/_brand/free_medium/ronron.png?20220615154955,상의,긴소매 티셔츠,https://image.msscdn.net/thumbnails/images/goods_img/20241011/4509460/4509460_17387246419805_big.jpg?w=1200,https://image.msscdn.net/thumbnails/images/prd_img/20241011/4509460/detail_4509460_17387246570677_big.jpg?w=1200,https://image.msscdn.net/thumbnails/images/prd_img/20241011/4509460/detail_4509460_17387246584025_big.jpg?w=1200,https://image.msscdn.net/thumbnails/images/prd_img/20241011/4509460/detail_4509460_17387246620812_big.jpg?w=1200,longsl_0171,722,3.1천 회 이상 (최근 1개월),없음,후기 8개,4.8,레이스랑 도트 조합이 진짜 넘넘귀여으ㅏ요!!! 다들 귀엽다해줌ㅎㅎ,귀여워용! 레이스는 생각보다 좀 더 방방하게 떨어져서 허리라인 딱 맞게 입으셔야 예쁘신 분들에게는 좀 부해보일 수 잇고요.. 그 도트 부분이 약간 부직포? 재질이라 검은 털 같은 거 잘 묻어요 레이스 짜임도 촘촘한 편은 아닙니다 어디 걸리면 찢길 수 있어서 조심해야 할 것 같아용 목은 널널한 편이고 컬러감은 아이보리빛 없는 생화이트입니동,진짜 개예쁨 후기사진보고.. 검은색사려다 흰색샀는데 흰색 쫌 입다가 검정색도 사야겠어요,한달후기 레이스랑 도트 조합이 진짜 넘넘귀여으ㅏ요!!! 다들 귀엽다해줌ㅎㅎ,하나만 입기에도 포인트 되서 너무 귀여워요 자켓 아우터 안에 입으니까 도트 포인트가 아주 이뻐요 원단도 짱짱해서 너무 좋은거 같습니다 검정도 한장 더 사야 될 꺼 같아요 !!!!
https://www.musinsa.com/products/4630048,Ribbed Button T-shirt (black),없음,없음,"59,000원",카키포인트,https://image.msscdn.net/mfile_s01/_brand/free_medium/khakipoint.png?1732259933609,상의,긴소매 티셔츠,https://image.msscdn.net/thumbnails/images/goods_img/20241121/4630048/4630048_17328672858466_big.jpg?w=1200,https://image.msscdn.net/thumbnails/images/prd_img/20241121/4630048/detail_4630048_17328672800265_big.jpg?w=1200,없음,https://image.msscdn.net/thumbnails/images/prd_img/20241121/4630048/detail_4630048_17321884720003_big.jpg?w=1200,longsl_0172,"1,237",5.7천 회 이상 (최근 1개월),없음,후기 30개,4.7,•소재는 얇은 퍼(?)처럼 부드럽고 넥라인이 답답하지 않게 파져있어 이너로 입기도 좋고 단독으로 착용해도 예쁨!  •착용핏 가슴 팔 잘 잡아줘서 넘 부해보이지 않고 허리 부분은 많이 얇은 편 아닌데도 어느정도 여유있는 핏이었어요. 허리가 부담스럽지 않게 쫙 달라붙지 않아서 꾸안꾸나 데일리하게도 입을 수 있어요  •비침성❌ 햇빛이 들어올 때나 혹은 내외부 둘 다 상관없이 비침은 없음!  •아쉬운점 팔부분이 신축성이 없어 입고 벗고 약간 불편할 수 있을 것 같아요,디자인이 예쁜옷이에요 옷에 팔부분이 신축성이 없어서 조금 불편한 느낌이 있어요 사이즈가 더 컸으면 좋았을거 같아요,한달후기 따뜻하고 핏도 예뻐요! 날 풀리면 더 자주 입어질거 같네요,따듯하고 핏도 예뻐서 추천해요!! 여행가서 잘 입었습니다~ 카포 짱,살짝 타이트한데 따뜻하고 이쁜 것 같아요. 카포 옷들은 핏과 디자인이 진짜 타브랜드들과 다른 것 같습니다. 옷을 살때마다 걱정하는 포인트들이 있는데 카포는 걱정없이 믿고살 수 있어요.
https://www.musinsa.com/products/4745670,Pigment Sleeve Lace Henley Neck Long Sleeve - Charcoal,"74,000원",20%,"59,000원",낫포너드,https://image.musinsa.com/mfile_s01/_brand/free_medium/not4nerd.png?20220504154911,상의,긴소매 티셔츠,https://image.msscdn.net/thumbnails/images/goods_img/20250124/4745670/4745670_17387167454707_big.jpg?w=1200,없음,없음,https://image.msscdn.net/thumbnails/images/prd_img/20250124/4745670/detail_4745670_17387167510832_big.jpg?w=1200,longsl_0173,109,750회 이상 (최근 1개월),없음,없음,없음,없음,없음,없음,없음,없음
https://www.musinsa.com/products/4289951,WEB LOGO CROP L/S [BLACK],없음,없음,"59,000원",에이이에이이,https://image.msscdn.net/mfile_s01/_brand/free_medium/aeae.png?1728349697863,상의,긴소매 티셔츠,https://image.msscdn.net/thumbnails/images/goods_img/20240801/4289951/4289951_17254221434963_big.jpg?w=1200,https://image.msscdn.net/thumbnails/images/prd_img/20240801/4289951/detail_4289951_17254221529308_big.jpg?w=1200,https://image.msscdn.net/thumbnails/images/prd_img/20240801/4289951/detail_4289951_17254221538190_big.jpg?w=1200,https://image.msscdn.net/thumbnails/images/prd_img/20240801/4289951/detail_4289951_17254221556552_big.jpg?w=1200,longsl_0174,"2,012",2.3천 회 이상 (최근 1개월),없음,후기 7개,4.3,한달후기 처음 샀을때랑 큰 변화없이 깔끔한 기본템으로 예쁘게 잘 입고 있습니당 좋아요!,한달후기 생각보다 사이즈 작고 어깨 넓으신분들은 안 맞으실듯 소재가 잘 늘어나는 소재 아니고 탄탄해요 근데 예쁩니당,한달후기 겨울이라 추워서 자주 입지는 못하지만 날씨 좀 풀리면 맨날 입을 거 같아요,무난하고 귀여워요 자주입을것같아요 긴팔필요했는데잘산것같아요,한달후기 이거는 잘 안입게되요. 뭔가 재질이 불편한느낌 그래서 손이 잘 안가요
https://www.musinsa.com/products/4289953,WEB LOGO CROP L/S [NAVY],없음,없음,"59,000원",에이이에이이,https://image.msscdn.net/mfile_s01/_brand/free_medium/aeae.png?1728349697863,상의,긴소매 티셔츠,https://image.msscdn.net/thumbnails/images/goods_img/20240801/4289953/4289953_17254222058951_big.jpg?w=1200,https://image.msscdn.net/thumbnails/images/prd_img/20240801/4289953/detail_4289953_17254222133394_big.jpg?w=1200,https://image.msscdn.net/thumbnails/images/prd_img/20240801/4289953/detail_4289953_17254222141845_big.jpg?w=1200,https://image.msscdn.net/thumbnails/images/prd_img/20240801/4289953/detail_4289953_17254222167442_big.jpg?w=1200,longsl_0175,"1,450",1.5천 회 이상 (최근 1개월),없음,없음,없음,없음,없음,없음,없음,없음
https://www.musinsa.com/products/4262156,MOT SERIES WAFFLE LONG SLEEVE(GREAT THRILL)_CHARCOAL,"65,000원",10%,"58,500원",아웃스탠딩,https://image.musinsa.com/mfile_s01/_brand/free_medium/outstanding.png?20200730105116,상의,긴소매 티셔츠,https://image.msscdn.net/thumbnails/images/goods_img/20240719/4262156/4262156_17259333502972_big.jpg?w=1200,https://image.msscdn.net/thumbnails/images/prd_img/20240719/4262156/detail_4262156_17259333583702_big.jpg?w=1200,https://image.msscdn.net/thumbnails/images/prd_img/20240719/4262156/detail_4262156_17259333591962_big.jpg?w=1200,https://image.msscdn.net/thumbnails/images/prd_img/20240719/4262156/detail_4262156_17259333646072_big.jpg?w=1200,longsl_0176,542,4.4천 회 이상 (최근 1개월),없음,후기 22개,4.9,한달후기 옷이 예쁘고 사이즈가 워낙 낙낙하게 나와서 굉장히 편해요!!!,한달후기 아따 좋습니다 스티릿하게 과하지않고가볍게 입을수있네요,아따 좋습니다 스티릿하게 과하지않고가볍게 입을수있네요,한달후기 아웃스탠딩 긴팔 여러번 빨아도 굉장히 탄탄합니당,한달후기 원단도 튼튼하고 빨래해도 잘 안 줄어서 강추입니다! 오래 입을 수 있을 것 같아요
https://www.musinsa.com/products/4516463,G OFF SHOULDER LONG SLEEVE (NAVY),없음,없음,"58,000원",글로니,https://image.musinsa.com/mfile_s01/_brand/free_medium/glowny.png?20230428133317,상의,긴소매 티셔츠,https://image.msscdn.net/thumbnails/images/prd_img/20241015/4516463/detail_4516463_17296724260034_big.jpg?w=1200,https://image.msscdn.net/thumbnails/images/prd_img/20241015/4516463/detail_4516463_17296724265577_big.jpg?w=1200,없음,https://image.msscdn.net/thumbnails/images/goods_img/20241015/4516463/4516463_17296724207557_big.jpg?w=1200,longsl_0177,"2,358",5.4천 회 이상 (최근 1개월),없음,후기 55개,4.8,"아쉽게도 뭐 하나 추천할만한 부분이 없었습니다!  아주 마른 체형이 잠깐 딱 한 번 입었는데 팔이 이렇게 됐네요...ㅋㅋ 사진으로 보면 그냥 조금 구겨진 것 같아 보이는데 팔 부분 다 늘어난 거예요. 보통 이 브랜드 기본티 라인은 원단 탄탄해서 많이 입으시던데 이 티셔츠는 제 생각에는 전혀... 그냥 딱 맞게 나왔다... 말고는 한 번 입고 다 늘어난 보세처럼 돼서 잘 모르겠었으니 딴 거 추천드립니다! 꼭 사고 싶다? 하시는 분들은 최소 60% 이상 완전 떨이!!!할 때 사시길! 추천드려요♡  제품이 가격값 하는 것도 아닌데 cs도 엉망이고... 웬만하면 이런 츄리닝은 진짜 딴 거 사시고 디자인 때문에 다른 상품이라도 꼭 사고 싶다? 하시는 분들은 최소 60% 이상 완전 떨이!!!할 때 사시길... 추천드려요♡  제품은 딱 정가 엄청 올려서 세일 때 제대로 된 가격 되는 인플루언서 브랜드 정도의 퀄리티ㅜㅜ cs도 진짜 처참한 수준ㅠㅠ 당연히 줘야될 거 누락된 걸 이렇게 하면 준다, 저렇게 하면 준다, 이것만 받아라 하면서 조건 엄청 달아대서 누락 자체보다 대응에 너무 화나길래 이리저리 민원 넣고 진짜 끝까지 가보자 하고 법적대응할 준비하려고 하니까 그제서야 연락 와서 바로 처리해줌ㅋㅋ 암튼 구매건 전체적으로 매우 불만족했습니다~!",오프숄더라 옷 자체가 여성스러워서 너무 이뻐요ㅠ 옷 자체가 쫀쫀하고 탄탄해서 아주 잘 입고 다녔습니다ㅎㅎ,질 탄탄하구 기존 글로니 오프숄더랑 재질이 달라요! 요게 훨씬 질좋아보여요,오프 숄더로만 입을수 있습니다 완전 쪼꼬만 옷인데 또 입으면 이쁘네요 과감함이 필요한 날 입으려구요 ㅋㅋ,한달후기 핏이 증말루 예술이에요 ̵ ̀ ̗♡ ̖ ́ ̵ 오프숄더 인데 진짜 몸 딱 잡아주고 흘러내리지두 않구 ㅠㅠ 글로니는 정말 레전드에요항상💙💙💙💙
https://www.musinsa.com/products/4516469,3/4 G CONTRAST TEE (NAVY),없음,없음,"58,000원",글로니,https://image.musinsa.com/mfile_s01/_brand/free_medium/glowny.png?20230428133317,상의,긴소매 티셔츠,https://image.msscdn.net/thumbnails/images/goods_img/20241015/4516469/4516469_17296729532894_big.jpg?w=1200,https://image.msscdn.net/thumbnails/images/prd_img/20241015/4516469/detail_4516469_17296729595768_big.jpg?w=1200,https://image.msscdn.net/thumbnails/images/prd_img/20241015/4516469/detail_4516469_17296729603195_big.jpg?w=1200,https://image.msscdn.net/thumbnails/images/prd_img/20241015/4516469/detail_4516469_17296729620715_big.jpg?w=1200,longsl_0178,"2,079",4.5천 회 이상 (최근 1개월),없음,후기 45개,4.2,44사이즈 아니면 절대 못입을 옷입니다. 글로니 사입 시절부터 팬이었고 팝업 연다고 하면 거의 다 가서 응원했는데 이번 논란 보고 마음 접습니다. 노골적으로 다른 브랜드들 카피하는데도 팬심 하나로 눈 감고 계속 구매했는데 이젠 보내드릴게요.,한달후기 컴포트 후드티는 입고 나가지도 않았는데 겨드랑이 양쪽에 실밥 터져서 구멍 날 정도로 재질이 영 별로였는데 이건 골지라서 다른 제품에 비해 튼튼하게 나온 듯합니다. 이미 샀으니 옷은 둘째고 개인 브랜드를 운영하시는 분이.. 생각이 많이 짧았던 게 아닌지ㅋㅋ 좋아했던 브랜드였는데 덕분에 이게 마지막 구매가 됐고 로고를 어떻게 가리고 다닐지 고민하게 생겼네요. 재질도 논란도 가격도 여러모로 터질게 터졌죠 :/,네이비 아이보리 배색이 예쁩니당 기장 딱 적당해요,그냥 탄탄 하긴한데요 옷이 엄청타이트하고 그래요,M사이즈이지만 넉넉한 핏 아니고 몸에 딱 달라붙는 슬림핏입니다
https://www.musinsa.com/products/4472486,마레니 레이스 레이어드 티셔츠 ( 그레이 ),"61,000원",5%,"57,950원",레터프롬문,https://image.musinsa.com/mfile_s01/_brand/free_medium/letterfrommoon.png?20240213170316,상의,긴소매 티셔츠,https://image.msscdn.net/thumbnails/images/prd_img/20240927/4472486/detail_4472486_17276559932096_big.jpg?w=1200,https://image.msscdn.net/thumbnails/images/prd_img/20240927/4472486/detail_4472486_17276559942253_big.jpg?w=1200,없음,https://image.msscdn.net/thumbnails/images/goods_img/20240927/4472486/4472486_17276559806606_big.jpg?w=1200,longsl_0179,930,3.9천 회 이상 (최근 1개월),없음,후기 5개,4.6,예쁘긴한데 가격대비 퀄리티가 너무 떨어져요.. 입고 나니까 목 쪽 늘어짐이 심하네요,핏이 넘 예뻐영 ㅎㅎ 다른색 사고 예뻐서 또삿어요!! 완전 기본템,이거 분홍색도 샀었는데 쿠폰먹여서 싸게 살수잇어서 그레이도 샀어용 ㅎㅎ 제생각보다 좀 더 어두운 그레이더라고요 그래도 넘 편하고 이뻐욥,한달후기 입었을 때 너무 예쁘고 편해요! 칼라가 낮아서 겨울에 안에 옷을 입기엔 힘들 것 같고 봄과 가을에 착용하면 더 좋을 것 같아요!,이뻐요!! 약간 크롭 기장인데 잘 늘어나서 체형 상관없이 편하게 입을 수 있을거 같아요
https://www.musinsa.com/products/4453077,FENDER STRIPE LONG SLEEVE T-SHIRT WHITE / NAVY,"72,000원",20%,"57,600원",타일레,https://image.musinsa.com/mfile_s01/_brand/free_medium/taille.png?20220824173332,상의,긴소매 티셔츠,없음,없음,없음,https://image.msscdn.net/thumbnails/images/goods_img/20240923/4453077/4453077_17273514156507_big.jpg?w=1200,longsl_0180,69,450회 이상 (최근 1개월),없음,후기 1개,없음,정말좋어요 이거입으면 개말라인간 나도장원영 가능임,없음,없음,없음,없음
https://www.musinsa.com/products/4641620,기모ver Keep your eyes 롱 슬리브 티셔츠,"37,000원",25%,"27,650원",칙스,https://image.msscdn.net/mfile_s01/_brand/free_medium/chicks.png?1733982020725,상의,긴소매 티셔츠,https://image.msscdn.net/thumbnails/images/goods_img/20241128/4641620/4641620_17327733394539_big.jpg?w=1200,https://image.msscdn.net/thumbnails/images/prd_img/20241128/4641620/detail_4641620_17330962925714_big.jpg?w=1200,https://image.msscdn.net/thumbnails/images/prd_img/20241128/4641620/detail_4641620_17330962841797_big.jpg?w=1200,https://image.msscdn.net/thumbnails/images/prd_img/20241128/4641620/detail_4641620_17330962950231_big.jpg?w=1200,longsl_0181,"3,967",2만 회 이상 (최근 1개월),없음,후기 35개,4.8,여름 제외하고 계절 상관없이 입을 정도의 기모에요. 천이 부드럽고 잘 늘어나서 누구라도 편하게 입을 수 있을 것 같아요.,상체가 마른 편인데도 생각보다 달라붙어요 얇은 걸 사고 싶었는데 후기 보니까 너무 약한 것 같아서 기모버전으로 샀어요 엄청기모까진 아니고 조금 도톰한 정도라 여름 겨울 빼곤 다 잘 입을 수 있을 것 같습니다,"여름 제외하고 계절 상관없이 입을 정도의 기모에요. 천이 부드럽고 잘 늘어나서 누구나 편하게 입을 수 있을 것 같아요. 팔 길이도, 기장도 딱 맞아요.",진촤 예쁨 칙스에 비슷한 스타일 많던데 보장된 에쁨 믿고 여러번 살 듷,할쿠 써서 만칠천원?에 샀어요 이 가격으로 생각하면 가격대비 굿인데 이거보다 비싸면 굳이 사진 않을 듯ㅎ 그래도 옷 예뻐요
https://www.musinsa.com/products/4760144,클래식 울 크루넥 탑_베이지,없음,없음,"57,000원",엠.엠.엠,https://image.msscdn.net/mfile_s01/_brand/free_medium/mmmjeans.png?1738721713861,상의,긴소매 티셔츠,없음,없음,없음,https://image.msscdn.net/thumbnails/images/goods_img/20250205/4760144/4760144_17387345008602_big.jpg?w=1200,longsl_0182,2,없음,없음,없음,없음,없음,없음,없음,없음,없음
https://www.musinsa.com/products/4698242,DELIC LAYERED LS TEE NAVY(CV2FSUT579A),"63,000원",10%,"56,700원",카비시,https://image.musinsa.com/mfile_s01/_brand/free_medium/cavish.png?20210324141342,상의,긴소매 티셔츠,https://image.msscdn.net/thumbnails/images/prd_img/20250103/4698242/detail_4698242_17364162478323_big.jpg?w=1200,https://image.msscdn.net/thumbnails/images/prd_img/20250103/4698242/detail_4698242_17364162485245_big.jpg?w=1200,없음,https://image.msscdn.net/thumbnails/images/goods_img/20250103/4698242/4698242_17370866994154_big.jpg?w=1200,longsl_0183,294,1.1천 회 이상 (최근 1개월),없음,없음,없음,없음,없음,없음,없음,없음
https://www.musinsa.com/products/4607006,Frill Lace Top - Grey,"63,000원",10%,"56,700원",썸웨어버터,https://image.musinsa.com/mfile_s01/_brand/free_medium/somewherebutter.png?20240216172315,상의,긴소매 티셔츠,https://image.msscdn.net/thumbnails/images/goods_img/20241112/4607006/4607006_17314766644460_big.jpg?w=1200,https://image.msscdn.net/thumbnails/images/prd_img/20241112/4607006/detail_4607006_17314847340424_big.jpg?w=1200,https://image.msscdn.net/thumbnails/images/prd_img/20241112/4607006/detail_4607006_17314847349210_big.jpg?w=1200,https://image.msscdn.net/thumbnails/images/prd_img/20241112/4607006/detail_4607006_17314847368425_big.jpg?w=1200,longsl_0184,883,3.9천 회 이상 (최근 1개월),없음,후기 4개,없음,레이어드해서 입으려고 샀어요 프릴이 예쁘게 잡히고 길이도 적당해요 재질도 괜찮아 보여요 가격이 조금만 저렴했으면 아이보리색도 사고 싶어요,한달후기 제가 팔이 긴 편인데 소매가 짧지 않아 좋았어요. 편하고 이쁩니다,레이어드용으로 샀는데 생각보다 짧아서 크롭기장이랑 입어야돼요,쇼룸에서 입어보고 구매했는데 예뻐요! 이너용으로 단독으로 다 입기 좋습니다,없음
https://www.musinsa.com/products/4736374,블랙 레귤러핏 리브드 헨리넥 롱 슬리브 티셔츠 (TNTS5E106BK),"59,000원",5%,"56,050원",티엔지티,https://image.musinsa.com/mfile_s01/_brand/free_medium/tngt.png?20210208165225,상의,긴소매 티셔츠,https://image.msscdn.net/thumbnails/images/goods_img/20250122/4736374/4736374_17391714212752_big.jpg?w=1200,https://image.msscdn.net/thumbnails/images/prd_img/20250122/4736374/detail_4736374_17391714222302_big.jpg?w=1200,없음,https://image.msscdn.net/thumbnails/images/prd_img/20250122/4736374/detail_4736374_17391714224466_big.jpg?w=1200,longsl_0185,39,550회 이상 (최근 1개월),없음,없음,없음,없음,없음,없음,없음,없음
https://www.musinsa.com/products/4538358,우먼 심볼 롱슬리브 [블랙],없음,없음,"56,000원",애이애이애,https://image.msscdn.net/mfile_s01/_brand/free_medium/aeiaeiae.png?20240415135501,상의,긴소매 티셔츠,https://image.msscdn.net/thumbnails/images/goods_img/20241021/4538358/4538358_17322367321971_big.jpg?w=1200,https://image.msscdn.net/thumbnails/images/prd_img/20241021/4538358/detail_4538358_17322367573671_big.jpg?w=1200,https://image.msscdn.net/thumbnails/images/prd_img/20241021/4538358/detail_4538358_17298329377568_big.jpg?w=1200,https://image.msscdn.net/thumbnails/images/prd_img/20241021/4538358/detail_4538358_17298329387181_big.jpg?w=1200,longsl_0186,436,1.2천 회 이상 (최근 1개월),없음,후기 4개,없음,생각보다 두꺼운데 탄탄해서 재질 좋아요 몸도이쁘게 잡아줍니다 패딩안에 입어도될것같아요,재질도 좋고 핏이 진짜 이뻐서 잘 입을 것 같아요 굿굿,"한달후기 브이넥이라 그런지 더 여리여리하니 이쁨 팔 길이, 옷 전체 길이 전부 다 딱 이쁜 길이임","꽤 두께감이 있는 옷이예요, 단독으로 입어도 좋을 것 같아요 브이넥이라서 목부분이 시원하게 트여서 목 짧은 저한테는 최고 ̗  ̗꤮︠ ̫꤮︡ ̗  ̗ ໒꒱",없음
https://www.musinsa.com/products/4327534,Tiffany Off shoulder Long Sleeve [Pink],"62,000원",10%,"55,800원",로제프란츠,https://image.msscdn.net/mfile_s01/_brand/free_medium/rosefrantz.png?1726714962255,상의,긴소매 티셔츠,https://image.msscdn.net/thumbnails/images/goods_img/20240813/4327534/4327534_17235409494290_big.jpg?w=1200,없음,없음,https://image.msscdn.net/thumbnails/images/prd_img/20240813/4327534/detail_4327534_17235409503895_big.jpg?w=1200,longsl_0187,"6,375",1만 회 이상 (최근 1개월),없음,후기 37개,4.9,너무 예뻐요ㅠㅠ 봄라이트인데 이 색깔에 더 하얗게 보인데요?!핏도 좋구요,배 앞쪽 셔링 부분이 예쁘게 잡혀있어서 뱃살도 가려주고 팔뚝쪽이 안 달라붙어서 이쁘고 말라보이는데 좀 웜한 핑크색이라 여쿨인 저에겐 살짝 아쉽긴하네용.,앞에 리본이 포인트되서 더이뻐요~~ 입으면 되게 여자력 상승됨 ㅋㅋ 배송도 엄청 빨리와서 좋았어여,너무 예뻐요... 이 옷만 입으면 나도 청순걸 가능입니다...,색감도 딸기우유 색이라 이쁘고 핏도 맘에 드네요
https://www.musinsa.com/products/4327533,Tiffany Off shoulder Long Sleeve [Black],"62,000원",10%,"55,800원",로제프란츠,https://image.msscdn.net/mfile_s01/_brand/free_medium/rosefrantz.png?1726714962255,상의,긴소매 티셔츠,https://image.msscdn.net/thumbnails/images/goods_img/20240813/4327533/4327533_17235409429419_big.jpg?w=1200,없음,없음,https://image.msscdn.net/thumbnails/images/prd_img/20240813/4327533/detail_4327533_17235409438983_big.jpg?w=1200,longsl_0188,"4,362",5.3천 회 이상 (최근 1개월),없음,후기 35개,4.8,생각한 느낌이구 재질 좋아용 약간 길긴하구요 입으면 공주공주함,정말 이쁩니다 신축성도 좀 있는 편이구요~ 체형도 보정되고 날씬해보여요!! 블랙색상 고급집니당 통통이분들한테도 굿 추천 왕왕추천쓰~🥰,재질이 부들부들하고 핏이 예뻐요••! 리본이 포인트로 달려있는 게 좋운 거 같아욤,모델핏처럼 나오진 않지만 여리해보여요 승모근 있으신분들은 부각될거같아서 비추,한달후기 모델핏처럼 나오진 않지만 여리해보여요 승모근 있으신분들은 부각될거같아서 비추
https://www.musinsa.com/products/4327535,Tiffany Off shoulder Long Sleeve [Cream],"62,000원",10%,"55,800원",로제프란츠,https://image.msscdn.net/mfile_s01/_brand/free_medium/rosefrantz.png?1726714962255,상의,긴소매 티셔츠,https://image.msscdn.net/thumbnails/images/prd_img/20240813/4327535/detail_4327535_17235409565611_big.jpg?w=1200,없음,없음,https://image.msscdn.net/thumbnails/images/goods_img/20240813/4327535/4327535_17235409557343_big.jpg?w=1200,longsl_0189,"2,986",3.2천 회 이상 (최근 1개월),없음,후기 29개,4.8,"아이보리 색감이 좋았고, 옆구리쪽 셔링이 있어서 말라보입니다! 강추>__<🐒",일단 질이 너무 좋고 엄청 얇을줄알았는데 니트 소재였어요!! 단점은 오프숄더라 어쩔수없이 어깨 내려주ㅏ여하는거지만 허리 잡아줘서 넘 예뻐요,일단 질이 너무 좋고 엄청 얇을줄알았는데 니트 소재였어요!! 단점은 오프숄더라 어쩔수없이 어깨 내려주ㅏ여하는거지만 허리 잡아줘서 넘 예뻐요,색상도 예쁘고 셔링디테일도 예뻐요 살짝 두께있어서 쌀쌀해지면 입어야할 듯해요,생각보다 더 누런끼 도는 아이보리 색입니다 재질 좋고 예쁜데 어깨쪽 고정이 안 되어있어서 좀 불편해요
https://www.musinsa.com/products/4720504,무브먼트 풋볼 져지_화이트,"62,000원",10%,"55,800원",로맨틱크라운,https://image.msscdn.net/mfile_s01/_brand/free_medium/romanticcrown.png?20240418114459,스포츠/레저,상의,https://image.msscdn.net/thumbnails/images/goods_img/20250115/4720504/4720504_17370956650800_big.jpg?w=1200,https://image.msscdn.net/thumbnails/images/prd_img/20250115/4720504/detail_4720504_17370958229277_big.jpg?w=1200,https://image.msscdn.net/thumbnails/images/prd_img/20250115/4720504/detail_4720504_17370960097606_big.jpg?w=1200,https://image.msscdn.net/thumbnails/images/prd_img/20250115/4720504/detail_4720504_17370997843895_big.jpg?w=1200,longsl_0190,38,400회 이상 (최근 1개월),없음,없음,없음,없음,없음,없음,없음,없음
https://www.musinsa.com/products/4673621,(American Casual Campaign) 알브이디 피그먼트 오버핏 크루넥 롱슬리브 (아이언그레이),,,,알브이디,https://image.musinsa.com/mfile_s01/_brand/free_medium/rvd.png?20201028145156,상의,긴소매 티셔츠,https://image.msscdn.net/thumbnails/images/goods_img/20241219/4673621/4673621_17345877285495_big.jpg?w=1200,https://image.msscdn.net/thumbnails/images/prd_img/20241219/4673621/detail_4673621_17345877356136_big.jpg?w=1200,없음,https://image.msscdn.net/thumbnails/images/prd_img/20241219/4673621/detail_4673621_17345877387848_big.jpg?w=1200,longsl_0191,8,없음,없음,없음,없음,없음,없음,없음,없음,없음
https://www.musinsa.com/products/4398038,[피로 PICK]STARS LONG SLEEVE OFF WHITE,"79,000원",30%,"55,300원",엑스트라오디너리,https://image.musinsa.com/mfile_s01/_brand/free_medium/extraordinary.png?20230214171720,상의,긴소매 티셔츠,https://image.msscdn.net/thumbnails/images/prd_img/20240903/4398038/detail_4398038_17255389244406_big.jpg?w=1200,https://image.msscdn.net/thumbnails/images/prd_img/20240903/4398038/detail_4398038_17255389251426_big.jpg?w=1200,없음,https://image.msscdn.net/thumbnails/images/goods_img/20240903/4398038/4398038_17255389103305_big.jpg?w=1200,longsl_0192,646,1.6천 회 이상 (최근 1개월),없음,후기 19개,4.9,한달후기 5번 정도 세탁했는데 세탁후 변형없이 잘입고 있습니다 스타일 활용이 넓어서 좋아요,단품도 괜찮지만 이너로 입으면 더욱 더 매력적인 롱슬리브네요 유튜브 보고 구매했는데 활용도 넓게 잘 입을수있을거 같아요,정말 잘입고 다니는 롱슬리브입니다 지금은 너무 추워서 레이어드로 껴입는 용도로 입고 있습니다 날 좀 풀리면 이너로 입고 위에 외투 가볍게 걸쳐입고 다니기 정말 좋은 제품인거 같습니다 정가로 구매했어도 만족하고 입었을거 같네요 추천드립니다,할인가격이 말이 안되네요 예쁘고 편하고 어디든 잘어울려요 최곱니다,니트 티만 자주 입었는데 기냥 티를 산 게 조금 어색하긴 한데 디자인 너무 이뻐서 샀습니다 포인트 자체 가 되는 티셔츠라 너무 괜찮은 것 같습니다
https://www.musinsa.com/products/4398034,STARS LONG SLEEVE CHARCOAL,"79,000원",30%,"55,300원",엑스트라오디너리,https://image.musinsa.com/mfile_s01/_brand/free_medium/extraordinary.png?20230214171720,상의,긴소매 티셔츠,https://image.msscdn.net/thumbnails/images/prd_img/20240903/4398034/detail_4398034_17255389471714_big.jpg?w=1200,https://image.msscdn.net/thumbnails/images/prd_img/20240903/4398034/detail_4398034_17255389480031_big.jpg?w=1200,없음,https://image.msscdn.net/thumbnails/images/goods_img/20240903/4398034/4398034_17255389383881_big.jpg?w=1200,longsl_0193,262,1.4천 회 이상 (최근 1개월),없음,후기 5개,없음,정핏으로가는게 좋네요 포인트별 이뻐요 흰색도사고싶네요,롱슬리브에다가 별 들어간 포인트 느낌 너무 좋습니다!,한달후기 자켓에 입기 좋은 것 같습니다. 투박하지 않고 편해서 좋아요. 세탁 후에도 원단이 좋아 다림질 하면 간지가 잘 살어요.,오우 상당히예쁜롱슬리브입니다 총장이꽤길어서 사실때참고하세용,지금 입기에 너무 좋습니다. 스타일도 컬러오 무척 마음에 드네요. 차코 바지랑 입으니 잘 어울리는 것 같습니다. 추천합니다.
https://www.musinsa.com/products/4338883,3-WAY 도트 레이어드 롱슬리브 (GRAY)_F24ZB071,"69,000원",20%,"55,200원",팬시클럽,https://image.musinsa.com/mfile_s01/_brand/free_medium/nastyfancyclub.png?20240820135247,상의,긴소매 티셔츠,https://image.msscdn.net/thumbnails/images/prd_img/20240816/4338883/detail_4338883_17258662639396_big.jpg?w=1200,https://image.msscdn.net/thumbnails/images/prd_img/20240816/4338883/detail_4338883_17258662630589_big.jpg?w=1200,없음,https://image.msscdn.net/thumbnails/images/goods_img/20240816/4338883/4338883_17302698709475_big.jpg?w=1200,longsl_0194,"16,220",3만 회 이상 (최근 1개월),1.1천 개 이상,후기 180개,4.7,원래 장바구니 고민템이었는데 길가다가 어떤 분이 입은거 보고 그날 바로 갈겼어요 분위기 넘 예쁘 ••,활용도가 높아서 좋아요 그리고 소매가 워머처럼 돼있는 게 너무 귀여워요!,도트무늬에 귀여운 리본까지 달린 레이어드 시스루티가 다른 옷에도 휘뚜루마뚜루 코디하기 좋아서 만족해요 !,한달후기 한달간 째려봤는데 사실 어떻게 코디해야될지 모르겟더염ㅋ귀엽긴함..,"상체 발달 스트레잍체형이라 상체 딱 붙는 핏 안 어울리는 사람인데 그냥 예쁘고 활용도가 좋을 것 같아서 구매ㅎ 당연히 여리여리 핏은 안 나오지만 걍 무난하게 괜찮아요 (애초에 여리여리 말라핏은 기대도 안 함…^^) 상체 얇고 어깨 별로 없으시고 마르신 분이 입으면 더 예쁠 듯 꽉 맞게 붙는 건 아닌데 적당히 핏한 느낌 (옷은 붙는 편) 팔뚝살, 뱃살 다 가려주는 핏은 아닌데 그렇다고 완전히 꽉 껴서 다 드러나게 하는 편도 아닌…? (체형 보정은 안 됨) 안에 그레이 탑은 부들부들하게 딱 붙는 느낌이고 시스루라 속옷 어두운 계열로 입어야 할 것 같습니다. 위에 프릴 탑은 앞, 뒤 어느 쪽으로 입어도 다 괜찮습니다. 리본 줄은 약간 까끌까끌한 재질? 이에요. 프릴 탑이 조금 얇고 여리여리해서 입고 벗을 때 조심해야 할 것 같아요. 확 벗다간 찢어질까봐 무섭… (제품의 문제라기보단 원단 자체의 문제라 조심해야 할 듯. 생각하던 그 원단임.) 두 제품 다 레이어드 활용도가 좋을 것 같습니다. 다만 질에 비해 가격이 비싼 감이 있음"
https://www.musinsa.com/products/4338885,3-WAY 도트 레이어드 롱슬리브 (BEIGE)_F24ZB071,"69,000원",20%,"55,200원",팬시클럽,https://image.musinsa.com/mfile_s01/_brand/free_medium/nastyfancyclub.png?20240820135247,상의,긴소매 티셔츠,https://image.msscdn.net/thumbnails/images/prd_img/20240816/4338885/detail_4338885_17258663505706_big.jpg?w=1200,https://image.msscdn.net/thumbnails/images/prd_img/20240816/4338885/detail_4338885_17258663477701_big.jpg?w=1200,없음,https://image.msscdn.net/thumbnails/images/goods_img/20240816/4338885/4338885_17326020075388_big.jpg?w=1200,longsl_0195,"9,653",1.4만 회 이상 (최근 1개월),1.4천 개 이상,후기 210개,4.8,66사이즈의 현실핏입니다 살 좀 빼고 입어야 이쁠 거 같아요 그리고 안에 속옷도 잘 비치고 실밥이 좀...ㅋㅋ큐ㅠ,너무 이뻐요!! 맘에 들어요 가을 느낌 낭낭하니 흔한 디자인도 아니라 넘 맘에들어서 풀리자마자 사버렸어요🍂🫶🏼,레이어트 티 중에서 제일 예뻐요! 날씬해보이는 효과를 줄 수 있다는 사실,너무 예뻐요 ㅠㅠㅠ 이런 시스루 레이어드 갖고 싶었는데 취향저격입니다 커염져요🩷🩷🩷,"추구미가 ""러블리힙빈티지"" 라면 당장 구매하시라 ..★ 저 진짜 이런 옷을 찾아 헤맸지만 어딜 둘러봐도 이만한 옷이 없었고요. 가격은 쪼매 비싸지만 worth it. 다시 돌아간대도 이 옷 살 거임. 다른 색도 사고파요. 겨울이라 추울 것 같았지만 껴입으면 되. That's okay !!! 🤩🤩🤩"
https://www.musinsa.com/products/4496880,TAG TWIN STRIPE LONGSLEEVE - NAVY,"69,000원",20%,"55,200원",브라운브레스,https://image.msscdn.net/mfile_s01/_brand/free_medium/brownbreath.png?20200608153142,상의,긴소매 티셔츠,https://image.msscdn.net/thumbnails/images/goods_img/20241008/4496880/4496880_17289740904839_big.jpg?w=1200,https://image.msscdn.net/thumbnails/images/prd_img/20241008/4496880/detail_4496880_17289760303869_big.jpg?w=1200,https://image.msscdn.net/thumbnails/images/prd_img/20241008/4496880/detail_4496880_17289760313972_big.jpg?w=1200,https://image.msscdn.net/thumbnails/images/prd_img/20241008/4496880/detail_4496880_17289760332210_big.jpg?w=1200,longsl_0196,564,3천 회 이상 (최근 1개월),없음,후기 4개,없음,색감도 이쁘고 질도 좋고 편해요!! 자주 입고있어요,한달후기 귀여워요 재질도 좋아서 늘어나지 않게 잘 입고 있어요,재질은 좋습니다 좀 길긴해서 애매하지만 좋아요,저랑은 안어울리긴한데 옷 자체는 이뻐요 다만 목부분이 쪼꼼 작아요!,없음
https://www.musinsa.com/products/4496879,TAG CAMO LONGSLEEVE - DARK GREY,"69,000원",20%,"55,200원",브라운브레스,https://image.msscdn.net/mfile_s01/_brand/free_medium/brownbreath.png?20200608153142,상의,긴소매 티셔츠,https://image.msscdn.net/thumbnails/images/goods_img/20241008/4496879/4496879_17289740970745_big.jpg?w=1200,https://image.msscdn.net/thumbnails/images/prd_img/20241008/4496879/detail_4496879_17289760606952_big.jpg?w=1200,https://image.msscdn.net/thumbnails/images/prd_img/20241008/4496879/detail_4496879_17289760616134_big.jpg?w=1200,https://image.msscdn.net/thumbnails/images/prd_img/20241008/4496879/detail_4496879_17289760635135_big.jpg?w=1200,longsl_0197,332,900회 이상 (최근 1개월),없음,후기 5개,4.8,브라운브레스 새일하면 한놈씩 구매합니다 가격대에 맞는 퀄리티,브라운브레스 새일하면 한놈씩 구매합니다 가격대에 맞는 퀄리티,그래픽이나 색감은 너무 맘에드는데 한치수 더 큰 거 살걸 그랬음 살짝 정핏이라 아쉽,카모디자인이멋스럽고 착용감이 너무나 좋았어요,옷 너무 예뻐요 길이도 적당하고 사이즈도 잘 맞아요 자주 입을거 같습니당
https://www.musinsa.com/products/4373538,Pixel Devil Raglan T-shirt(OLIVE),"69,000원",20%,"55,200원",메인부스,https://image.musinsa.com/mfile_s01/_brand/free_medium/mainbooth.png?20230912112008,상의,긴소매 티셔츠,https://image.msscdn.net/thumbnails/images/prd_img/20240827/4373538/detail_4373538_17300950771675_big.jpg?w=1200,https://image.msscdn.net/thumbnails/images/prd_img/20240827/4373538/detail_4373538_17259278681540_big.jpg?w=1200,없음,https://image.msscdn.net/thumbnails/images/goods_img/20240827/4373538/4373538_17300950699701_big.jpg?w=1200,longsl_0198,999,1천 회 이상 (최근 1개월),없음,후기 13개,4.8,너무 좋아요. 기장이 역시 제 키가 많이 작아서 그렇지 진짜 너무 이쁜데요. 색깔도 진짜 너무 완벽해요. 팔 부분 자수?? 그것도 너무 아리따운..,한달후기 휘뚜루마뚜루 입고 다니기 좋고 편합니다! 핏도 예뻐요,사진상으로는 색상이 노란색을 좀 띄는데 실제로 보면 노란색은 거의 없는거 같네요 그래도 이쁩니다,티셔츠 특유 어깨라인이 없어서 어깨깡처럼 보이긴 하지만 그래도 예뻐요!,"한달후기 색감 잘 빠졌고, 유니크하고 이뻐요. 얇아서 겨울엔 못입겠네요."
https://www.musinsa.com/products/4631192,백로고 와플 롱 슬리브 [블랙],없음,없음,"55,000원",디서먼트,https://image.msscdn.net/mfile_s01/_brand/free_medium/discernment.png?1729664412695,상의,긴소매 티셔츠,https://image.msscdn.net/thumbnails/images/goods_img/20241122/4631192/4631192_17322601301208_big.jpg?w=1200,https://image.msscdn.net/thumbnails/images/prd_img/20241122/4631192/detail_4631192_17322601473935_big.jpg?w=1200,https://image.msscdn.net/thumbnails/images/prd_img/20241122/4631192/detail_4631192_17322601483686_big.jpg?w=1200,https://image.msscdn.net/thumbnails/images/prd_img/20241122/4631192/detail_4631192_17322601504997_big.jpg?w=1200,longsl_0199,190,1.3천 회 이상 (최근 1개월),없음,후기 8개,없음,이쁨니다 뒷 로고가 뽀인트에요 재질도 탄탄해서 잘 안늘어날것같아오,진짜 이쁩니다 핏감도 좋고 목라인도 이중재봉으로 튼튼하고 두가지색 다샀어요,한달후기 로고가 주는 이 갬성 설명이 필요할까요? 옷도 탄탄해서 외플티치고 나름 잘 안늘어나요~,Wow 어깨가 완전 넓어보여요 그리고 목 뒤 로고가 은근 커서좋아오,옷은 그냥 예뻐서 할 말은 없고 포장이 너무 깔끔하고 꼼곰하게 잘 와서 기분이 좋았는데 손편지도 같이 나와서 감동을 먹었습니다
https://www.musinsa.com/products/4593287,사이드 셔링 프릴 나시 레이어드 슬림핏 롱 슬리브리스 [블랙],"33,000원",20%,"26,400원",플레이스 스튜디오,https://image.musinsa.com/mfile_s01/_brand/free_medium/placestudio.png?20240221141901,상의,긴소매 티셔츠,https://image.msscdn.net/thumbnails/images/goods_img/20241106/4593287/4593287_17308765748655_big.jpg?w=1200,https://image.msscdn.net/thumbnails/images/prd_img/20241106/4593287/detail_4593287_17308765782545_big.jpg?w=1200,https://image.msscdn.net/thumbnails/images/prd_img/20241106/4593287/detail_4593287_17308765807530_big.jpg?w=1200,https://image.msscdn.net/thumbnails/images/prd_img/20241106/4593287/detail_4593287_17308765815046_big.jpg?w=1200,longsl_0200,"4,411",1.1만 회 이상 (최근 1개월),없음,후기 66개,4.8,개이쁨 어깨 디테일이 진짜 이쁨 아쉬운건 이너를 챙겨입을 수 없다는거지만 프릴 언발란스한 디테일도 다 맘에들어서 용서가능 그리고 다 장어울림,와 생각도 못햇는데 이거 진짜 예쁘네여ㅠㅜ 저렴한 가격에 잘삿어요…완전 쫀쫀,배송은 오래 기다렸지만 재질도 부들부들하니 좋고 요즘같은 날씨에 레이어드해서 입기 딱 좋을 거 같아요,세일해서 저렴한 가격에 구매해서 만족합니다아!!,한달후기 생각보다 달라붙는 핏이라 아직 한 번도 못 입음..ㅠㅠ 살빼고 입을거예여
https://www.musinsa.com/products/4448526,Pattern Punching Long sleeve - Ivory,"68,000원",20%,"54,400원",락케이크,https://image.msscdn.net/mfile_s01/_brand/free_medium/rockcake.png?1733796138138,상의,긴소매 티셔츠,https://image.msscdn.net/thumbnails/images/prd_img/20240920/4448526/detail_4448526_17326786518585_big.jpg?w=1200,https://image.msscdn.net/thumbnails/images/prd_img/20240920/4448526/detail_4448526_17302553317441_big.jpg?w=1200,없음,https://image.msscdn.net/thumbnails/images/goods_img/20240920/4448526/4448526_17326786211704_big.jpg?w=1200,longsl_0201,"6,423",2만 회 이상 (최근 1개월),없음,후기 35개,4.8,한달후기 생각보다 코디하기 어려워요.. 옷핏이 그냥 어정쩡한 느낌.. 지금까지 한번도 밖에 못 입고 나감요.. 허리를 잡아주는 것도 없고 그렇다고 원피스도 아니라서 진짜 애매함.. 여름때에는 입을 수 있겠죠 뭐..,얇지만 긔여워요 머플러랑 셋뚜라 좋아요! 핏도 이뻐툐,가로선에 아이보리 컬러라 좀 부해보이는 감이 있어요,한달후기 예쁜데 가로선에 밝은 컬러라 그런지 좀 부해보이는 감이 있어요,편하고 너무 예뻐요!! 이너로 자주 입을 수 있을 것 같아유
https://www.musinsa.com/products/4184777,짐 오버핏 롱 슬리브 (3color),"59,900원",10%,"53,910원",무신사 스탠다드 스포츠,https://image.msscdn.net/mfile_s01/_brand/free_medium/musinsastandardsp.png?1733278171653,스포츠/레저,상의,https://image.msscdn.net/thumbnails/images/goods_img/20240607/4184777/4184777_17351760572456_big.jpg?w=1200,https://image.msscdn.net/thumbnails/images/prd_img/20240607/4184777/detail_4184777_17351760884372_big.jpg?w=1200,https://image.msscdn.net/thumbnails/images/prd_img/20240607/4184777/detail_4184777_17351760877986_big.jpg?w=1200,https://image.msscdn.net/thumbnails/images/prd_img/20240607/4184777/detail_4184777_17351760772674_big.jpg?w=1200,longsl_0202,212,2천 회 이상 (최근 1개월),없음,후기 7개,4.4,편하고 코디하기 쉬워서 매일 손이 가는 거 같아요,원래 그런건지 엄청 팔 기장이 길고 크고해서 난감했어요 원래 크게 입는건가 바요,세계 최고의 아이템 너무 행복합니다 베리베리굿,덩치 커보이는 핏 편하게 이쁜 핏이네요! 추천합니다,한달후기 다 좋은데 팔길이가 너무 길어서 걷어 올리고 다녀요 저도 팔이 긴데 기네요 ㅎ
https://www.musinsa.com/products/4316288,MULTI-STRIPE LONG SLEEVE Navy,"89,000원",40%,"53,400원",이에이,https://image.msscdn.net/mfile_s01/_brand/free_medium/iey.png?20240520141929,상의,긴소매 티셔츠,https://image.msscdn.net/thumbnails/images/goods_img/20240809/4316288/4316288_17247451993908_big.jpg?w=1200,https://image.msscdn.net/thumbnails/images/prd_img/20240809/4316288/detail_4316288_17247452090640_big.jpg?w=1200,https://image.msscdn.net/thumbnails/images/prd_img/20240809/4316288/detail_4316288_17247452103023_big.jpg?w=1200,https://image.msscdn.net/thumbnails/images/prd_img/20240809/4316288/detail_4316288_17247452135337_big.jpg?w=1200,longsl_0203,315,1.2천 회 이상 (최근 1개월),없음,후기 20개,없음,"한달후기 가격다는 있지만 이렇게 이쁘게 색상 플레이를 한 스트라이프티는 많지 않습니다. 단품으로 캐주얼하게 연출할 수도 있고, 룩북처럼 안에 셔츠를 레이어드하고 슬랙스를 매치하면 너드한 남친룩 느낌도 납니다. 이에이는 한 번도 실망시킨 적이 없습니다.",미디엄이지만 꽤 크고 길어요 요즘 스트라이프티가 이뻐보이던데 색상도 선명하고 맘에 들어요,이번 이에이 룩북이 너무 멋졌습니다. 너드 스타일처럼 보이는 스트라이프티를 회색 슬랙스에 매치한 코디가 멋집니다. 이에의 특유의 오버핏을 좋아한다면 살 이유가 충분합니다.,사이즈 낭낭하고 핏도 정말 예뻐요!! 두장 쟁여둡니다~,배송빠르고 만족합니다. 생각했던 핏이라 잘 입고 있어요
https://www.musinsa.com/products/4407609,[FC서울] 라글란 크롭 롱슬리브_레드,"59,000원",10%,"53,100원",1993스튜디오,https://image.musinsa.com/mfile_s01/_brand/free_medium/1993studio.png?20210127142340,상의,긴소매 티셔츠,https://image.msscdn.net/thumbnails/images/goods_img/20240905/4407609/4407609_17258688159894_big.jpg?w=1200,https://image.msscdn.net/thumbnails/images/prd_img/20240905/4407609/detail_4407609_17258688007681_big.jpg?w=1200,https://image.msscdn.net/thumbnails/images/prd_img/20240905/4407609/detail_4407609_17258442842956_big.jpg?w=1200,https://image.msscdn.net/thumbnails/images/prd_img/20240905/4407609/detail_4407609_17258688018563_big.jpg?w=1200,longsl_0204,426,450회 이상 (최근 1개월),없음,후기 4개,없음,한달후기 FC서울 팬입니다! 1993 스튜디오랑 콜라보해서 계속 이렇게 예쁜 의류들 내줘서 감사합니다.. 키가 170인데 몸통 기장도 너무 짧지 않아서 좋고 몸무게도 많이 나가는 편인데 몸에 완전 쫙 붙는 스타일이 아니라 편하게 입을 수 있어요! 직관 갈 때도 입고 평소에도 잘 입었습니당! 봄에 개막하면 오버롤이랑 같이 입고 또 직관 가려구요! 유니폼 대신 입고 오시는 분들도 많더라구요!,핏도좋고 재질도좋아서 데일리로입기에도 좋아요,막입었는데 초라하지않고 개간지는 아니지만 꾸안꾸가능,한달후기 여자친구 선물로 사줬는데 굉장히 좋아함. 상당한 귀여움을 뽐냄,없음
https://www.musinsa.com/products/4730479,뉴 로맨틱 스포츠 져지_스카이 블루,"58,000원",10%,"52,200원",로맨틱크라운,https://image.msscdn.net/mfile_s01/_brand/free_medium/romanticcrown.png?20240418114459,스포츠/레저,상의,https://image.msscdn.net/thumbnails/images/goods_img/20250120/4730479/4730479_17375125100432_big.jpg?w=1200,https://image.msscdn.net/thumbnails/images/prd_img/20250120/4730479/detail_4730479_17375132842706_big.jpg?w=1200,https://image.msscdn.net/thumbnails/images/prd_img/20250120/4730479/detail_4730479_17375132849901_big.jpg?w=1200,https://image.msscdn.net/thumbnails/images/prd_img/20250120/4730479/detail_4730479_17375132859444_big.jpg?w=1200,longsl_0205,35,150회 이상 (최근 1개월),없음,없음,없음,없음,없음,없음,없음,없음
https://www.musinsa.com/products/4557736,MINI SUN LS TEE IVORY,없음,없음,"52,000원",선데이후르츠마켓,https://image.musinsa.com/mfile_s01/_brand/free_medium/sundayfruitmarket.png?20220714154754,상의,긴소매 티셔츠,https://image.msscdn.net/thumbnails/images/goods_img/20241025/4557736/4557736_17299139148963_big.jpg?w=1200,https://image.msscdn.net/thumbnails/images/prd_img/20241025/4557736/detail_4557736_17299139221699_big.jpg?w=1200,https://image.msscdn.net/thumbnails/images/prd_img/20241025/4557736/detail_4557736_17299139230518_big.jpg?w=1200,https://image.msscdn.net/thumbnails/images/prd_img/20241025/4557736/detail_4557736_17299139745879_big.jpg?w=1200,longsl_0206,348,750회 이상 (최근 1개월),없음,후기 25개,4.8,한달후기 왕감사합니다뽈롱뽈롱왕감사합니다뽈롱뽈롱,탄탄하게 몸을 잡아주면서 워머기능도 있어서 좋아요 안에 레이어드 하기에 아쥬 구우웃,한달후기 신츅성좋고 면 촉감이 좋아서 잘입게되요 그리고 팔이 엄청 깁니다,소매가 길고 부드러워요. 여기 저기 이너템으로 좋을 것 같아요.,한달후기 휘뚜루마뚜루 잘입고 있어요 여기저기 잘 어울려요
https://www.musinsa.com/products/4723231,IM STRIPE SLEEVE TEE(PINK),"64,000원",20%,"51,200원",러브이즈트루,https://image.musinsa.com/mfile_s01/_brand/free_medium/luvistrue.png?20201208110338,상의,긴소매 티셔츠,https://image.msscdn.net/thumbnails/images/goods_img/20250115/4723231/4723231_17369335890500_big.jpg?w=1200,https://image.msscdn.net/thumbnails/images/prd_img/20250115/4723231/detail_4723231_17370163503396_big.jpg?w=1200,https://image.msscdn.net/thumbnails/images/prd_img/20250115/4723231/detail_4723231_17370163513859_big.jpg?w=1200,https://image.msscdn.net/thumbnails/images/prd_img/20250115/4723231/detail_4723231_17370163534206_big.jpg?w=1200,longsl_0207,116,450회 이상 (최근 1개월),없음,없음,없음,없음,없음,없음,없음,없음
https://www.musinsa.com/products/4411908,Rose Frill Long Sleeve (Melange Grey),"68,000원",25%,"51,000원",시눈,https://image.musinsa.com/mfile_s01/_brand/free_medium/sinoon.png?20240223131702,상의,긴소매 티셔츠,https://image.msscdn.net/thumbnails/images/goods_img/20240905/4411908/4411908_17355273370171_big.jpg?w=1200,https://image.msscdn.net/thumbnails/images/prd_img/20240905/4411908/detail_4411908_17355273444255_big.jpg?w=1200,https://image.msscdn.net/thumbnails/images/prd_img/20240905/4411908/detail_4411908_17355273451549_big.jpg?w=1200,https://image.msscdn.net/thumbnails/images/prd_img/20240905/4411908/detail_4411908_17355273458692_big.jpg?w=1200,longsl_0208,946,1천 회 이상 (최근 1개월),없음,후기 7개,4.4,디자인이 특이해서 맘에 들어요!! 조금 까슬한데 이너입으면 괜찮아요,디자인도 귀엽고 면도 괜찮아요 44반 사이즈인데 사이즈도 잘 맞아요 근데 디자이너 브랜드치고 마감이 좀 아쉬웠어요 가위 들고와서 실 많이 잘랐네요,한달후기 엄청 쫀쫀해요! 프릴 넘 귀엽꾸.. 디테일 아주 구우웃,한달후기 디자인이 예쁘지만 사이즈가 딱 맞아서 안에 더 입고 입기에는 힘듭니다. 한 사이즈 큰거를 살 껄 조금 후회가 됩니다.,평범한 티네요 어깨선이 각진느낌이고 아주 얇지않아요
https://www.musinsa.com/products/4423689,인시전 아이덴티티 롱 슬리브 [멜란지 그레이],"72,000원",30%,"50,400원",밀로 아카이브,https://image.musinsa.com/mfile_s01/_brand/free_medium/millo.png?20230302173640,상의,긴소매 티셔츠,https://image.msscdn.net/thumbnails/images/prd_img/20240910/4423689/detail_4423689_17261576445670_big.jpg?w=1200,https://image.msscdn.net/thumbnails/images/prd_img/20240910/4423689/detail_4423689_17261576455262_big.jpg?w=1200,없음,https://image.msscdn.net/thumbnails/images/goods_img/20240910/4423689/4423689_17261576312188_big.jpg?w=1200,longsl_0209,760,3.3천 회 이상 (최근 1개월),없음,후기 18개,4.9,짙은회색이고 아래쪽 엠블럼?프린팅이 포인트되서 예뻐요 사이즈는 한사이즈 크게 살걸그랬습니다 살짝쿵 타이트하네요ㅠ,"단품, 이너로 사용하기 너무 좋았습니다. 무채색 룩 좋아하시면 구매하지 않을 이유가 없습니다. 사계절 내내 사용할만한 이너를 찾으신다면 추천합니다.","이너로 입기 좋은 롱 슬리브를 찾다가 발견한 옷이에요. 배송은 조금 늦은 감이 있었지만 그래도 배송 상태도 훌륭했고, 냄새도 나지 않았습니다🙂  단품으로 입어도 괜찮고 이너로 입기도 좋았습니다. 든든한 롱 슬리브 필요하셨던 분들에게 적극 추천합니다",이너로 활용할려고 구매햤는데 색감이 너무 이뻐요,한달후기 생각했던 핏과 재질 디테일 다좋네요 믿고입는 밀로아카이브입니다. 앞으로도 자주이용할게요
https://www.musinsa.com/products/4326199,Mini logo long sleeves BLACK,"63,000원",20%,"50,400원",미세키서울,https://image.musinsa.com/mfile_s01/_brand/free_medium/misekiseoul.png?20230707140259,상의,긴소매 티셔츠,https://image.msscdn.net/thumbnails/images/goods_img/20240813/4326199/4326199_17253299780685_big.jpg?w=1200,https://image.msscdn.net/thumbnails/images/prd_img/20240813/4326199/detail_4326199_17253299843213_big.jpg?w=1200,없음,https://image.msscdn.net/thumbnails/images/prd_img/20240813/4326199/detail_4326199_17253299850468_big.jpg?w=1200,longsl_0210,695,1.1천 회 이상 (최근 1개월),없음,후기 7개,4.3,로고만 보고 사서 몰랐는데 허리 잡히는 핏이라 너무 이뻣어요!,한달후기 핏은 좋은데 신축성이 없어서 가슴이 너무 답답하고 입기가 좀 힘들어요..,한달후기 사실 예뻐요 근데 진짜 예쁘기만 합니다... 스판은 전혀 없고 옷에 저를 구겨서 맞췄구요 긴팔이라 따뜻하긴 하더라고요!! 사실 어깨도 좀 작아요... 히히... 근데 예뻐서... 좀 귀찮기도 해서 그냥 입기로 했습니다! 뼈대 얇고 마른 사람 아니면 이 사이즈는 비추드려요!,한달후기 사이즈 잘 보고 구매하세요... 어깨가 정말.... 꽉 껴서 한 번도 못 입고 옷장에 넣어뒀어요... 윈터같이 체구 작고 깡말라 아닌 이상 못 입을 것 같아요...,깡말라가 아니면 핏이 좀 내복핏일것 같아요 옷은 이뻐요
https://www.musinsa.com/products/4258986,93 그래픽 트랙 롱슬리브_오트베이지,"59,000원",15%,"50,150원",1993스튜디오,https://image.musinsa.com/mfile_s01/_brand/free_medium/1993studio.png?20210127142340,상의,긴소매 티셔츠,없음,없음,없음,https://image.msscdn.net/thumbnails/images/goods_img/20240718/4258986/4258986_17246337470536_big.jpg?w=1200,longsl_0211,"4,361",3.9천 회 이상 (최근 1개월),없음,후기 49개,4.8,한달후기 디자인도 너무 예쁘고 편하게 입고 다닐 수 있는 제품이에요 봄이나 가을에 입으면 좋은 제품입니다 색상은 이미지와 같습니다,걍 개이쁜듯. 색감 이쁘고 본인 어깨 넓은편인데 m사이즈면 170대 남성분들은 충분하다. 완전이쁨 진짜 개추를 벅벅,1993스튜디오 롱슬리브는 항상 만족스러워요..! 시보리도 짱짱해서 입기 좋고 트랙 디테일이 예쁩니다 ㅎㅎ 오트베이지와 브라운 조합 가을 무드에 찰떡이에요 !!,"완전 실물깡패,, 너무 예뻐요 트랙 라인 예쁘고 시보리 짱짱해요! 이런 빈티지스타일 유행이라 도전 해보고 싶었는데 사길 잘했어요!! 완내스...🤍",얇은 편이고 약간 흐릿한 색감이 정말 예쁜 것 같아서 만족합니다
https://www.musinsa.com/products/4327536,Eyelet Tie Long Sleeve [Black],"55,000원",10%,"49,500원",로제프란츠,https://image.msscdn.net/mfile_s01/_brand/free_medium/rosefrantz.png?1726714962255,상의,긴소매 티셔츠,https://image.msscdn.net/thumbnails/images/goods_img/20240813/4327536/4327536_17235409618323_big.jpg?w=1200,없음,없음,https://image.msscdn.net/thumbnails/images/prd_img/20240813/4327536/detail_4327536_17235409626503_big.jpg?w=1200,longsl_0212,"3,959",3.9천 회 이상 (최근 1개월),없음,후기 21개,4.9,지금 입기 딱 좋은 간절기 옷이에요💕포인트 줘서 입기 좋아용,이뻐욤!! 어깨넓은편이라 원숄더로 코디하기도 좋고 오프숄더로 다 내려서 코디하기도 좋아요!,한달후기 재질 두께감이 꽤나 있는 편이구 디테일이 넘 이뽀요,완전 취향.... 목 끈 길이도 적절하고 팔 기장도 짧지 않고 청바지랑 입어도 치마랑 입어도 예뻐요 트임도 원하는 크기로 할 수 있어서 굿굿 살 더 빼고 입으면 더 이쁠 것 같네요 근데 가격은 비쌈,끈 없이 입어도 예쁘고 끈 착용하면 좀 더 여성스럽고 화려한 느낌이에요 여행갈 때 입으려고 샀는데 가격대비 만족합니다
https://www.musinsa.com/products/4423200,REGULAR MOCK NECK TEE _ GRAY,"58,000원",15%,"49,300원",프리즘웍스,https://image.msscdn.net/mfile_s01/_brand/free_medium/frizmworks.png?20200608153142,상의,긴소매 티셔츠,https://image.msscdn.net/thumbnails/images/goods_img/20240910/4423200/4423200_17267070974717_big.jpg?w=1200,https://image.msscdn.net/thumbnails/images/prd_img/20240910/4423200/detail_4423200_17267071069667_big.jpg?w=1200,https://image.msscdn.net/thumbnails/images/prd_img/20240910/4423200/detail_4423200_17267071085680_big.jpg?w=1200,https://image.msscdn.net/thumbnails/images/prd_img/20240910/4423200/detail_4423200_17267071116917_big.jpg?w=1200,longsl_0213,191,1.4천 회 이상 (최근 1개월),없음,후기 14개,없음,한달후기 잘 입구 있어요. 만듦새도 좋구 무난해서  손이 잘 가요. 추천합니다!,목 시보리 짱짱하고 품 어느정도 낙낙..두께는 그리 두껍지도 얇지도 않음,넥라인 쫀쫀하고 좋네요..그리 두꺼운건 모르겠네요..,한달후기 너무너무 좋습니다~ 이쁘고 사이즈 딱이고 재질 좋고,세계최고의아이템으로 등극함과 동시에 아이템
https://www.musinsa.com/products/4718252,Leeve tee,없음,없음,"49,000원",오도어,https://image.musinsa.com/mfile_s01/_brand/free_medium/odor.png?20231129142335,상의,긴소매 티셔츠,https://image.msscdn.net/thumbnails/images/prd_img/20250114/4718252/detail_4718252_17376020247494_big.jpg?w=1200,https://image.msscdn.net/thumbnails/images/prd_img/20250114/4718252/detail_4718252_17376020256831_big.jpg?w=1200,없음,https://image.msscdn.net/thumbnails/images/goods_img/20250114/4718252/4718252_17376020170017_big.jpg?w=1200,longsl_0214,420,3.8천 회 이상 (최근 1개월),없음,후기 5개,없음,오도어 박음질이 잘안보여서 속상쓰 그래도 이뻐요,이쁘다 !!! 색도 생각한 것보다 이쁘고 상세사이즈 보고 작을 줄 알았는데 딱 좋아요 신축성 좋고 몸도 잘 잡아줌 ㅠㅠ 다른색도 사러갑니다,쫀쫀하고 좋아요 너무 파져있지도 않고 잘 입을 것 같아요!,쫀쫀하고 좋아요 너무 파져있지도 않고 잘 입을 것 같아요!,쫀쫀해서 몸매 다잡아주고 질도좋아요 색깔별류 사길 잘한거 같아요 ㅎㅎ
https://www.musinsa.com/products/4631231,22 오프숄더 티셔츠 (White),없음,없음,"49,000원",비나제이,https://image.msscdn.net/mfile_s01/_brand/free_medium/vinaj.png?20200608153142,상의,긴소매 티셔츠,https://image.msscdn.net/thumbnails/images/prd_img/20241122/4631231/detail_4631231_17322099891647_big.jpg?w=1200,https://image.msscdn.net/thumbnails/images/prd_img/20241122/4631231/detail_4631231_17322099900570_big.jpg?w=1200,없음,https://image.msscdn.net/thumbnails/images/goods_img/20241122/4631231/4631231_17322099814642_big.jpg?w=1200,longsl_0215,679,3.7천 회 이상 (최근 1개월),없음,후기 3개,없음,어깨 넓으신 분이 더 잘 입을 것 같음 저는 어좁이라 먼가 애매~ 하네야,후기가없어서 고민하다 샀는데 맘에들어요!! 팔은 넉넉한데 몸은 예쁘게 촥 붙어서 좋아요 밑단 굴림도 개굿 ㅎㅎ,덩치도 안 커 보이고 엄청 여리 여리 하고 옷도 너무 예뻐요 저만 알고 싶어요 정말 🙄,없음,없음
https://www.musinsa.com/products/4457087,Black lover one shoulder long sleeve,없음,없음,"49,000원",일리오,https://image.musinsa.com/mfile_s01/_brand/free_medium/illio.png?20240315153926,상의,긴소매 티셔츠,https://image.msscdn.net/thumbnails/images/goods_img/20240924/4457087/4457087_17272505641699_big.jpg?w=1200,https://image.msscdn.net/thumbnails/images/prd_img/20240924/4457087/detail_4457087_17272640759719_big.jpg?w=1200,https://image.msscdn.net/thumbnails/images/prd_img/20240924/4457087/detail_4457087_17272640746773_big.jpg?w=1200,https://image.msscdn.net/thumbnails/images/prd_img/20240924/4457087/detail_4457087_17272640711413_big.jpg?w=1200,longsl_0216,"2,144",5.5천 회 이상 (최근 1개월),없음,후기 33개,없음,일단 핏은 딱 사진에 나온 모습 그대로의 핏이고 색깔은 엄청 진한 색깔은 아니였어요! 재질은 두껍지 않은 적당한 두께감이였어요~~,카리나가 입었다길래 샀는데 저도 카리나 될수 있나요,착붙핏 좋아하는데 생각보다 널널핏이라 조금 아쉴뻔했는데 먼가먼가 이게 더 잘어울려요 무드랑 프린팅이 아쥬 이쁘구요 어깨 넓은데 옾셜더 잘되구여 넘이쁘고 일리오 이런거 더 주세요 반팔도 사야겟음ㅠ,옷 핏 기가 막히네요... 너무 예뻐요 일리오 옷 처음인데 다른 디자인도 사려고요......,날이 좀 더 풀리면 입으려구요 ! 아직은 입기 좀 춥더라구요 ㅠㅠ
https://www.musinsa.com/products/4286441,TAG LONGSLEEVE - BURGUNDY,없음,없음,"49,000원",브라운브레스,https://image.msscdn.net/mfile_s01/_brand/free_medium/brownbreath.png?20200608153142,상의,긴소매 티셔츠,https://image.msscdn.net/thumbnails/images/prd_img/20240731/4286441/detail_4286441_17231915011176_big.jpg?w=1200,https://image.msscdn.net/thumbnails/images/prd_img/20240731/4286441/detail_4286441_17231915026847_big.jpg?w=1200,없음,https://image.msscdn.net/thumbnails/images/goods_img/20240731/4286441/4286441_17234435775591_big.jpg?w=1200,longsl_0217,"3,062",3.7천 회 이상 (최근 1개월),없음,후기 69개,4.9,24.10.23,24.09.21,와인색이랑 핑크색이 잘 어울립니다 무난하고 예뻐요,엄청 클줄알았는데 생각보다 안커요!! 로고가 핑크라 포인트주기 딱좋음😻,버건디 색깔이 너무 이뻐요 핏도 너무 이뻐서 만족합니다
https://www.musinsa.com/products/4370736,2PACK 퓨어코튼 유넥 긴팔 티셔츠,"78,000원",37%,"49,000원",미나브,https://image.musinsa.com/mfile_s01/_brand/free_medium/minav.png?20210305135632,상의,긴소매 티셔츠,https://image.msscdn.net/thumbnails/images/goods_img/20240826/4370736/4370736_17276769723607_big.jpg?w=1200,https://image.msscdn.net/thumbnails/images/prd_img/20240826/4370736/detail_4370736_17276769769135_big.jpg?w=1200,https://image.msscdn.net/thumbnails/images/prd_img/20240826/4370736/detail_4370736_17276769777534_big.jpg?w=1200,https://image.msscdn.net/thumbnails/images/prd_img/20240826/4370736/detail_4370736_17276769792143_big.jpg?w=1200,longsl_0218,"1,079",2.5천 회 이상 (최근 1개월),없음,후기 117개,4.9,깔끔하고 이뻐요ㅎㅎ 겨울엔 이너로 입으면 딱 좋아요,170cm / 68kg 입니다. 옷 예쁘네요. 잘입겠습니다,좋아요. 여름에 미나브 유넥 정말 맘에들게입어서 가을겨울 시즌 맞아 긴팔로 구매했는데 역시나 맘에듭니다. 잘입을게요!!☺️,목이 시원하게 파인 유넥이라 좋네요 답답하지않게 뚫렸어요 부드럽고 가디건에 이너로 입어도 먼지가 잘 붙지않아서 좋아요,#유넥
https://www.musinsa.com/products/4501916,SYMBOL B QUICK DRY LONGSLEEVE [BLACK],없음,없음,"49,000원",본투윈,https://image.musinsa.com/mfile_s01/_brand/free_medium/borntowin.png?20231218160612,스포츠/레저,상의,https://image.msscdn.net/thumbnails/images/goods_img/20241010/4501916/4501916_17286267823941_big.jpg?w=1200,https://image.msscdn.net/thumbnails/images/prd_img/20241010/4501916/detail_4501916_17286267830757_big.jpg?w=1200,https://image.msscdn.net/thumbnails/images/prd_img/20241010/4501916/detail_4501916_17286267832953_big.jpg?w=1200,https://image.msscdn.net/thumbnails/images/prd_img/20241010/4501916/detail_4501916_17286267835619_big.jpg?w=1200,longsl_0219,597,2.3천 회 이상 (최근 1개월),없음,후기 21개,없음,한달후기 운동 필수템 가볍고 땀나도 티 잘 안남 (이거 젤 중요),이뻐요 운동할때두 입구 평소에두 입구 아므때나입기 조아여,디자인도 깔끔하면서 허리라인도 이쁘게 커버되는거 같고 무엇보다 디자인이 너~~~무!!! 이뻐요,얇아서 운동할때 좋은거같아요 땀도 잘마르고 좋아요,팔도길도 허리도잘록해보여서 좋아요 땀흡수가 빠릅니다
https://www.musinsa.com/products/4683960,TCM garden long sleeve (white/ivory),"54,000원",10%,"48,600원",더콜디스트모먼트,https://image.musinsa.com/mfile_s01/_brand/free_medium/thecoldestmoment.png?20200710145248,상의,긴소매 티셔츠,https://image.msscdn.net/thumbnails/images/goods_img/20241230/4683960/4683960_17370368690503_big.jpg?w=1200,https://image.msscdn.net/thumbnails/images/prd_img/20241230/4683960/detail_4683960_17370368740985_big.jpg?w=1200,https://image.msscdn.net/thumbnails/images/prd_img/20241230/4683960/detail_4683960_17370368786608_big.jpg?w=1200,https://image.msscdn.net/thumbnails/images/prd_img/20241230/4683960/detail_4683960_17370368801796_big.jpg?w=1200,longsl_0220,"1,223",8.8천 회 이상 (최근 1개월),없음,후기 1개,없음,편하게 잘 입을것 같아용 ㅎㅎ 디자인도 너무 예뻐요!! 최고,없음,없음,없음,없음
https://www.musinsa.com/products/4647998,크랙 로고 와플 티셔츠,"54,000원",10%,"48,600원",미학,https://image.msscdn.net/mfile_s01/_brand/free_medium/mihak1.png?1736820164839,스포츠/레저,상의,https://image.msscdn.net/thumbnails/images/goods_img/20241203/4647998/4647998_17332104264276_big.jpg?w=1200,https://image.msscdn.net/thumbnails/images/prd_img/20241203/4647998/detail_4647998_17332140972703_big.jpg?w=1200,https://image.msscdn.net/thumbnails/images/prd_img/20241203/4647998/detail_4647998_17332140966033_big.jpg?w=1200,https://image.msscdn.net/thumbnails/images/prd_img/20241203/4647998/detail_4647998_17332141262099_big.jpg?w=1200,longsl_0221,39,400회 이상 (최근 1개월),없음,후기 2개,4.5,"핏 좋고, 색감 좋고, 감성 좋아요~ 운동복으로도 일상복으로도 굿",모델분 스펙보고 2사이즈가 클까 고민했지만 2사이즈 그렇게크지않고 좋습니다,없음,없음,없음
https://www.musinsa.com/products/4421710,스터드 라인 후드 [black],"54,000원",10%,"48,500원",시스에이,https://image.musinsa.com/mfile_s01/_brand/free_medium/sisa.png?20240702105738,상의,긴소매 티셔츠,https://image.msscdn.net/thumbnails/images/prd_img/20240909/4421710/detail_4421710_17258738241005_big.jpg?w=1200,https://image.msscdn.net/thumbnails/images/prd_img/20240909/4421710/detail_4421710_17258739536250_big.jpg?w=1200,없음,https://image.msscdn.net/thumbnails/images/goods_img/20240909/4421710/4421710_17258738310989_big.jpg?w=1200,longsl_0222,"3,965",9.9천 회 이상 (최근 1개월),없음,후기 31개,4.9,재질이 넘 두껍지도 얇지도 않고 핏도 타이트하지 않아서 안에 입기 좋아요,한달후기 지금 입기에는 춥지만 봄 가을에 데일리로 입기 너무 좋아요 핏이 진짜 미쳤습니다!!!!!,한달후기 옷 디테일이 엄청 이뻐요! 몸매도 딱 잡아주고 마음에 들어요,#스트릿,길이가 생각보다 짧긴한데 이너로 입기 좋아요 신축성 되게 좋아서 팔뚝살 보완은 안 됨!! 근데 예뿜이^^😁
https://www.musinsa.com/products/4332345,"BASIC LONG T-SHIRT, NAVY",없음,없음,"48,000원",오헤시오,https://image.musinsa.com/mfile_s01/_brand/free_medium/oheshio.png?20230825130502,상의,긴소매 티셔츠,https://image.msscdn.net/thumbnails/images/goods_img/20240814/4332345/4332345_17252436423430_big.jpg?w=1200,https://image.msscdn.net/thumbnails/images/prd_img/20240814/4332345/detail_4332345_17247424006223_big.jpg?w=1200,https://image.msscdn.net/thumbnails/images/prd_img/20240814/4332345/detail_4332345_17247424045354_big.jpg?w=1200,https://image.msscdn.net/thumbnails/images/prd_img/20240814/4332345/detail_4332345_17252479941461_big.jpg?w=1200,longsl_0223,212,100회 이상 (최근 1개월),없음,후기 3개,없음,생각했던거 보다 파란색이네요 재질도 막 부드럽진 않아요 잘입을게요,엄청 얇아요! 잘 비치는 소재고 생각보다 푸르스름한 느낌이 강합니다,엄청 얇아요! 잘 비치는 소재고 생각보다 푸르스름한 느낌이 강합니다,없음,없음
https://www.musinsa.com/products/4678311,3/4 G COMFORT TEE (WHITE),없음,없음,"48,000원",글로니,https://image.musinsa.com/mfile_s01/_brand/free_medium/glowny.png?20230428133317,상의,긴소매 티셔츠,https://image.msscdn.net/thumbnails/images/goods_img/20241223/4678311/4678311_17349304195598_big.jpg?w=1200,https://image.msscdn.net/thumbnails/images/prd_img/20241223/4678311/detail_4678311_17349304275039_big.jpg?w=1200,https://image.msscdn.net/thumbnails/images/prd_img/20241223/4678311/detail_4678311_17349304299792_big.jpg?w=1200,https://image.msscdn.net/thumbnails/images/prd_img/20241223/4678311/detail_4678311_17349304285623_big.jpg?w=1200,longsl_0224,184,2천 회 이상 (최근 1개월),없음,후기 1개,없음,무난하개 입기 좋아요. 딱 기본티. 한 사이즈 작게 주문해도 될 것 같아요.,없음,없음,없음,없음
https://www.musinsa.com/products/4296082,vtg Rock star Long sleeves (beige),"68,000원",30%,"47,600원",노운,https://image.msscdn.net/mfile_s01/_brand/free_medium/noun.png?20200608153142,상의,긴소매 티셔츠,https://image.msscdn.net/thumbnails/images/goods_img/20240805/4296082/4296082_17234731820416_big.jpg?w=1200,없음,없음,https://image.msscdn.net/thumbnails/images/prd_img/20240805/4296082/detail_4296082_17235274426692_big.jpg?w=1200,longsl_0225,419,1천 회 이상 (최근 1개월),없음,후기 3개,4.7,한달후기 너무예쁘고 진짜 항상들ᆞ그다녀요 너무 많이 입어서 좋아요,한달후기 앞에 그래픽이랑 핏이 휘뚜루마뚜루 편하게입기에좋아요!,색감 너무 좋고 핏도 좋네요 아주 잘 입을꺼같습니다,없음,없음
https://www.musinsa.com/products/4697832,SAY BLUR LS TEE_WHITE(IK2FSMT552A),"59,000원",20%,"47,200원",이스트쿤스트,https://image.musinsa.com/mfile_s01/_brand/free_medium/istkunst.png?20230821172118,상의,긴소매 티셔츠,https://image.msscdn.net/thumbnails/images/goods_img/20250103/4697832/4697832_17373493563330_big.jpg?w=1200,https://image.msscdn.net/thumbnails/images/prd_img/20250103/4697832/detail_4697832_17373493574962_big.jpg?w=1200,https://image.msscdn.net/thumbnails/images/prd_img/20250103/4697832/detail_4697832_17373493577573_big.jpg?w=1200,https://image.msscdn.net/thumbnails/images/prd_img/20250103/4697832/detail_4697832_17373493584124_big.jpg?w=1200,longsl_0226,383,1천 회 이상 (최근 1개월),없음,없음,없음,없음,없음,없음,없음,없음
https://www.musinsa.com/products/4697835,SAY BLUR LS TEE_PINK(IK2FSMT552A),"59,000원",20%,"47,200원",이스트쿤스트,https://image.musinsa.com/mfile_s01/_brand/free_medium/istkunst.png?20230821172118,상의,긴소매 티셔츠,https://image.msscdn.net/thumbnails/images/goods_img/20250103/4697835/4697835_17373493801029_big.jpg?w=1200,https://image.msscdn.net/thumbnails/images/prd_img/20250103/4697835/detail_4697835_17373493813111_big.jpg?w=1200,https://image.msscdn.net/thumbnails/images/prd_img/20250103/4697835/detail_4697835_17373493816211_big.jpg?w=1200,https://image.msscdn.net/thumbnails/images/prd_img/20250103/4697835/detail_4697835_17373493822829_big.jpg?w=1200,longsl_0227,329,800회 이상 (최근 1개월),없음,없음,없음,없음,없음,없음,없음,없음
https://www.musinsa.com/products/4316349,프레임 플라워 롱슬리브 - 다이드 그린,"59,000원",20%,"47,200원",이스트서비스샵,https://image.musinsa.com/mfile_s01/_brand/free_medium/eastserviceshop.png?20240129113457,상의,긴소매 티셔츠,https://image.msscdn.net/thumbnails/images/goods_img/20240809/4316349/4316349_17242883716205_big.jpg?w=1200,https://image.msscdn.net/thumbnails/images/prd_img/20240809/4316349/detail_4316349_17242883727645_big.jpg?w=1200,https://image.msscdn.net/thumbnails/images/prd_img/20240809/4316349/detail_4316349_17242883732600_big.jpg?w=1200,https://image.msscdn.net/thumbnails/images/prd_img/20240809/4316349/detail_4316349_17242883738734_big.jpg?w=1200,longsl_0228,70,150회 이상 (최근 1개월),없음,후기 2개,없음,한달후기 다른 프린팅이지만 회색티 너무 맘에 들어서 이것도 구입. 회색템보단 빳빳하나 핏이 좋음,부드러워서 좋습니다. 핏도 잘 잡아줘서 좋습니다.,없음,없음,없음
https://www.musinsa.com/products/4587436,Vintage Washed Long Sleeve Hanley Neck 5color,"59,000원",20%,"47,000원",유앤엘씨,https://image.musinsa.com/mfile_s01/_brand/free_medium/ulc.png?20230919172436,상의,긴소매 티셔츠,https://image.msscdn.net/thumbnails/images/goods_img/20241105/4587436/4587436_17307719210499_big.jpg?w=1200,https://image.msscdn.net/thumbnails/images/prd_img/20241105/4587436/detail_4587436_17307719278937_big.jpg?w=1200,https://image.msscdn.net/thumbnails/images/prd_img/20241105/4587436/detail_4587436_17307719320433_big.jpg?w=1200,https://image.msscdn.net/thumbnails/images/prd_img/20241105/4587436/detail_4587436_17307719449630_big.jpg?w=1200,longsl_0229,953,8.8천 회 이상 (최근 1개월),없음,후기 27개,4.9,롱슬리브 티셔츠로 최고입니다 재질 색감 둘다 훌륭합니다,핏이 완전 오버핏도 아니고 적당한 박시해서 엄청 예뻐요,기장도 잘맞고 워싱도이쁘네요 너무편해서 자주입을거같네요,"운동을 해서 상체가 두께감이 있어서 사이즈가 걱정됐는데, 생각보다 작지 않아서 좋았습니다 얇지도 두껍지도 않은 두께감입니다잉",한달후기 핏이 예쁘게 떨어지고 편하게 입고 다니기 좋아서 마음에 들어요! 카키색이 느낌 있어서 딱 좋습니다!
https://www.musinsa.com/products/4584227,Drowning 루즈핏 레글런 롱슬리브 베이지,없음,없음,"47,000원",매고렌 서울,https://image.msscdn.net/mfile_s01/_brand/free_medium/magorenseoul.png?20240730122325,상의,긴소매 티셔츠,https://image.msscdn.net/thumbnails/images/goods_img/20241104/4584227/4584227_17321678991389_big.jpg?w=1200,https://image.msscdn.net/thumbnails/images/prd_img/20241104/4584227/detail_4584227_17314754334948_big.jpg?w=1200,https://image.msscdn.net/thumbnails/images/prd_img/20241104/4584227/detail_4584227_17314754342140_big.jpg?w=1200,https://image.msscdn.net/thumbnails/images/prd_img/20241104/4584227/detail_4584227_17321678901187_big.jpg?w=1200,longsl_0230,"1,466",7.1천 회 이상 (최근 1개월),없음,후기 38개,4.8,"체험단 매고렌 서울 drowning 루즈핏 레글런 롱슬리브 베이지 체험단 후기입니다:)  1. 소재 옷 받자마자 가장 놀랬던 부분이에요! 일반적인 롱슬리브보다 훨씬 더 후들후들거리는 소재였어요! 지금같은 겨울에 단독으로 입기에는 얇은 소재이지만 봄, 가을에 단독으로 입기 너무 좋은 두께의 소재라고 생각했어요 ㅎㅎ 2. 핏 후들후들한 소재 덕분에 몸애 과하게 핏하게 붙지 않아서 여리여리한 핏을 만들어줘요 ㅎㅎ 게다가 나그랑 디자인이어서 어깨라인을 조금 더 직각처럼 보이게 해주는거 같아요! 3. 색감 상세페이지 색상과 거의 똑같아요! 블랙과 베이지의 조합이어서 무난하게 모든 코디에 어울리는 색이에요 ㅎㅎ","체험단 매고렌 서울 롱슬리브 체험단 후기입니다!  우선 제품 받자마자 재질이 너무 좋아서 놀랐어요 엄청 부드럽고 수영복 같은 재질이라 절대 늘어나지 않고 쫀쫀합니다. 오래 입어도 구김이나 보풀이 없을 것 같아 정말 만족스럽네요 🥹💚  핏은 165/50 기준으로 루즈하게 떨어지면서 어깨-팔부분이 블랙이라 정말 날씬해보이고 직각어깨 만들어주는 옷입니다 ⭐️⭐️⭐️ 길이는 골반까지 와서 치마, 와이드진, 스키니진 모두 잘 어울릴 것 같아요!!  루즈하면서 날씬해보이는 롱슬리브가 찾으시는 분들!! 이 매고렌 서울 롱슬리브 정말 추천합니다🩷  실제 색상은 제가 첨부한 2번째 사진과 가장 유사합니다!",너무너무너무 예뻐요 베이지와 블랙의 색조합이 너무 이쁘고 입어보자마자 핏이랑 촉감이 너무 부드러워서 너무 마음에 들었어요 찰랑찰랑한 소재와 허리라인때문에 날씬해보이는 착시효과 ㅎㅎ 다른색도 구매해야겠어요,이번 쇼핑 잘했구나 하고 기쁨을 느낄수 있는 옷 약간 차르르하고 탄탄한데 스판기도 있고 핏이 너무 예뻐서 좋음...블프아니라 원가였어도 납득할만한 퀄 강아지옷될까봐 걱정했는데 괜한 걱정이었음 너무 맘에 들어요,체험단 디자인 일단 이뻐요 그냥 최고에요 춤 추는 사람이라서 디자인을 중요시 여기는데 받자마자 마음에 들었어요 엄청 자주 입을 거 같아요  소재 땀이 나도 잘 마르는 소재고 찰랑찰랑하고 부드러워요 피부에 민감한 사람인데도 잘 입을 수 있었어요  두께 겨울에 입기에는 좀 얇아서 위에 패딩을 입고 입어야 할것같습니다 근데 가을이나 봄에는 입기 좋을 거 같아요  세탁 그냥 세탁기에 넣고 돌렸는데도 늘어나는거 없이 원래 받은 옷 모양 그대로 였어요!  스타일 꿀팁 옷 길이가 저한테는 살짝 길어서 바지나 치마 안에 살짝 넣어 입으면 이뻐요 밑에는 청바지나 카키색 이런게 잘 어울려요  만약 아직 살까말까 고민을 하고 계신다면 꼭 꼭 사셔야해요 안 사시면 후회하실 거예요 너무너무 좋습니다!!!!
https://www.musinsa.com/products/4454983,래글런 롱슬리브 크림 - 크레용 공룡 친구들(Crayon Dino Friends),"67,000원",30%,"46,900원",스플래시코드,https://image.musinsa.com/mfile_s01/_brand/free_medium/splashcode.png?20240821105233,상의,긴소매 티셔츠,https://image.msscdn.net/thumbnails/images/goods_img/20240924/4454983/4454983_17271127874431_big.jpg?w=1200,https://image.msscdn.net/thumbnails/images/prd_img/20240924/4454983/detail_4454983_17271127883511_big.jpg?w=1200,https://image.msscdn.net/thumbnails/images/prd_img/20240924/4454983/detail_4454983_17271127885374_big.jpg?w=1200,https://image.msscdn.net/thumbnails/images/prd_img/20240924/4454983/detail_4454983_17271127891700_big.jpg?w=1200,longsl_0231,"1,749",2.2천 회 이상 (최근 1개월),없음,후기 9개,없음,한달후기 색깔도 이쁘고 가격대비 퀄리티좋아요! 빨래해도 늘러짐이 별로 없어요!,한달후기 이뻐요 너무너무 짱짱 좋아요 번창하세요 짱짱맨,한달후기 귀여우다 넘 귀여워서 나이에 맞지 않게 입는 느낌이 들 정도로 기엽다..,이거 입으면 커엽다는 소리 들을 수 있음 많이 크긴 한데 그런 느낌으로 입고 싶으면 ㄱㅊ,프린팅이 선명하고 이뻐서 귀엽고 편한거ㅛ겉어요
https://www.musinsa.com/products/4734757,스트랩 언발란스 레이어드 롱슬리브 [IVORY],"52,000원",10%,"46,800원",레더리,https://image.musinsa.com/mfile_s01/_brand/free_medium/leathery.png?20220124140405,상의,긴소매 티셔츠,https://image.msscdn.net/thumbnails/images/goods_img/20250121/4734757/4734757_17376132081965_big.jpg?w=1200,https://image.msscdn.net/thumbnails/images/prd_img/20250121/4734757/detail_4734757_17376132212010_big.jpg?w=1200,https://image.msscdn.net/thumbnails/images/prd_img/20250121/4734757/detail_4734757_17376132220448_big.jpg?w=1200,https://image.msscdn.net/thumbnails/images/prd_img/20250121/4734757/detail_4734757_17376132363175_big.jpg?w=1200,longsl_0232,432,2.4천 회 이상 (최근 1개월),없음,후기 2개,없음,얇아서 여름에도 입을 수 있을 것 같아요. 지금은 너무 추워서못입을 것 같긴한데 예뻐보여서 미리 샀습니다ㅎㅎ 실제로도 예뻐요. 색은 약간 노란 아이보리네요. 그리고 부드러워용.,배송 오자마자 마음에 들어서 입고 출근했는데 다들 너무 예쁘다고 해서 너무 신나서 옥상 가서 사진 백만장 찍었어요 ㅎㅎ 사진보다 색감이 실물이 조금 더 화사한 느낌? 핏도 여리여리 완벽합니다,없음,없음,없음
https://www.musinsa.com/products/4730329,네오 고딕 크로스 긴팔 티셔츠_화이트,"52,000원",10%,"46,800원",로맨틱크라운,https://image.msscdn.net/mfile_s01/_brand/free_medium/romanticcrown.png?20240418114459,상의,긴소매 티셔츠,https://image.msscdn.net/thumbnails/images/goods_img/20250120/4730329/4730329_17375125186868_big.jpg?w=1200,https://image.msscdn.net/thumbnails/images/prd_img/20250120/4730329/detail_4730329_17375133916074_big.jpg?w=1200,https://image.msscdn.net/thumbnails/images/prd_img/20250120/4730329/detail_4730329_17375133921411_big.jpg?w=1200,https://image.msscdn.net/thumbnails/images/prd_img/20250120/4730329/detail_4730329_17375133941044_big.jpg?w=1200,longsl_0233,16,없음,없음,없음,없음,없음,없음,없음,없음,없음
https://www.musinsa.com/products/4730446,스크리블 샤이닝 긴팔 티셔츠_화이트,"52,000원",10%,"46,800원",로맨틱크라운,https://image.msscdn.net/mfile_s01/_brand/free_medium/romanticcrown.png?20240418114459,상의,긴소매 티셔츠,https://image.msscdn.net/thumbnails/images/goods_img/20250120/4730446/4730446_17375124961942_big.jpg?w=1200,https://image.msscdn.net/thumbnails/images/prd_img/20250120/4730446/detail_4730446_17375130393263_big.jpg?w=1200,https://image.msscdn.net/thumbnails/images/prd_img/20250120/4730446/detail_4730446_17375130399452_big.jpg?w=1200,https://image.msscdn.net/thumbnails/images/prd_img/20250120/4730446/detail_4730446_17375130418965_big.jpg?w=1200,longsl_0234,7,없음,없음,없음,없음,없음,없음,없음,없음,없음
https://www.musinsa.com/products/4677883,베이직 긴팔티 - 블랙(QQ123LRL11),"49,000원",5%,"46,550원",르꼬끄,https://image.musinsa.com/mfile_s01/_brand/free_medium/lecoq.png?20210917105520,스포츠/레저,상의,https://image.msscdn.net/thumbnails/images/goods_img/20241223/4677883/4677883_17349177067377_big.jpg?w=1200,없음,없음,https://image.msscdn.net/thumbnails/images/prd_img/20241223/4677883/detail_4677883_17349177074442_big.jpg?w=1200,longsl_0235,18,250회 이상 (최근 1개월),없음,후기 1개,없음,앏은 옷이 필요했는데 딱좋네요 편하게 입기 좋아요,없음,없음,없음,없음
https://www.musinsa.com/products/4729104,헨리넥 핑거홀 슬리브 블랙,"58,000원",20%,"46,400원",지플리시,https://image.msscdn.net/mfile_s01/_brand/free_medium/zplish.png?20200608153142,상의,긴소매 티셔츠,없음,없음,없음,https://image.msscdn.net/thumbnails/images/goods_img/20250120/4729104/4729104_17373391651956_big.jpg?w=1200,longsl_0236,112,1.2천 회 이상 (최근 1개월),없음,없음,없음,없음,없음,없음,없음,없음
https://www.musinsa.com/products/4373788,[SET]5종 시그니처 그래픽 시티보이 빅 오버핏 롱 슬리브 긴팔 티셔츠,"65,429원",30%,"45,800원",언탭트 스튜디오,https://image.msscdn.net/mfile_s01/_brand/free_medium/untapped.png?1730708272814,상의,긴소매 티셔츠,https://image.msscdn.net/thumbnails/images/prd_img/20240827/4373788/detail_4373788_17255006160656_big.jpg?w=1200,https://image.msscdn.net/thumbnails/images/prd_img/20240827/4373788/detail_4373788_17255006169620_big.jpg?w=1200,없음,https://image.msscdn.net/thumbnails/images/goods_img/20240827/4373788/4373788_17255006071457_big.jpg?w=1200,longsl_0237,235,450회 이상 (최근 1개월),없음,후기 6개,4.8,한달후기 사이즈 커서 좋아요 원단이 조금 얇은 느낌이 있습니다,한달후기 좋아요 저렴한데 이상하지도 않고 그냥 막 입고 다니기 즇습니다,뒤에 무늬도ㅠ예뿌고 길이도 좋아요 얇긴한데 예뻐서 갠차나요,사이즈도 딱 이쁘고 안에 이너로 입기 좋은거같아요,재구매입니다 너무 이뻐요 재질도 너무맘에들어요
https://www.musinsa.com/products/4446342,Chain-Needlework Stripe Tee (Black),없음,없음,"45,000원",그린버터,https://image.musinsa.com/mfile_s01/_brand/free_medium/greenbutter.png?20221201180939,상의,긴소매 티셔츠,https://image.msscdn.net/thumbnails/images/goods_img/20240919/4446342/4446342_17267462358651_big.jpg?w=1200,https://image.msscdn.net/thumbnails/images/prd_img/20240919/4446342/detail_4446342_17267462453316_big.jpg?w=1200,https://image.msscdn.net/thumbnails/images/prd_img/20240919/4446342/detail_4446342_17267462459290_big.jpg?w=1200,https://image.msscdn.net/thumbnails/images/prd_img/20240919/4446342/detail_4446342_17267462467235_big.jpg?w=1200,longsl_0238,250,800회 이상 (최근 1개월),없음,후기 12개,4.7,그린버터 좋아하는 브랜드라 자주 구매해요 165.52 기준 S 보다 이 사이즈가 핏이 더 맘에 들어요 넥 부분 초록 포인트 너무 귀여워요,165.52 기준 사이즈 여유있게 잘맞아요 다른컬러는 S 구매 했는데 이 사이즈가 더 맘에 드네요 원단 부드럽고 세탁 후에도 괜찮아요,스트라이프 티셔츠는 흔하고 많지만 그린버터 제품은 포인트 컬러감이 예뻐서 사는거 같아요,한달후기 탄탄한소재예요 적당히 슬림해요 덩치가 있으신분들은 어깨부분이 좀 불편하실수도 있을것같아요,블랙 스트라이프에 포인트 그린컬러가 예뻐요! 어떤 옷이랑도 잘 매치해서 입을 수 있을것 같아요~ 상자 열자마자 그린버터향이 굿~ ㅋㅋ
https://www.musinsa.com/products/4298724,시그니처 모크넥 머슬핏 긴팔 티셔츠 (화이트) NSTL03,없음,없음,"45,000원",나인제트,https://image.musinsa.com/mfile_s01/_brand/free_medium/ninez.png?20231228120516,스포츠/레저,상의,https://image.msscdn.net/thumbnails/images/goods_img/20240806/4298724/4298724_17254287925127_big.png?w=1200,https://image.msscdn.net/thumbnails/images/prd_img/20240806/4298724/detail_4298724_17254288111383_big.png?w=1200,https://image.msscdn.net/thumbnails/images/prd_img/20240806/4298724/detail_4298724_17254288132194_big.png?w=1200,https://image.msscdn.net/thumbnails/images/prd_img/20240806/4298724/detail_4298724_17254288176727_big.png?w=1200,longsl_0239,350,1천 회 이상 (최근 1개월),없음,후기 25개,4.8,한달후기 진짜 따뜻하고 핏도 너무 이뻐서 코트랑 입기 너무 좋아요!,한달후기 소재가 부들부들해서 이너로 입었을 때도 따갑지 않고 괜찮아요,가격은 저렴한데 생각보다 옷이 쫀쫀하고 핏도 좋네요 가성비 굿입니다,가격은 저렴한데 생각보다 옷이 쫀쫀하고 핏도 좋네요 가성비 굿입니다,나인제트는 말할 필요가 없죠 핏도 좋아요 다만 오버핏은 아닙니다
https://www.musinsa.com/products/4325275,에일리언 그래픽 오버핏 롱슬리브 티셔츠 블랙,"69,000원",35%,"44,850원",후드후드,https://image.msscdn.net/mfile_s01/_brand/free_medium/hoodhood.png?1730454920852,상의,긴소매 티셔츠,https://image.msscdn.net/thumbnails/images/prd_img/20240813/4325275/detail_4325275_17249816582742_big.jpg?w=1200,https://image.msscdn.net/thumbnails/images/prd_img/20240813/4325275/detail_4325275_17252386139592_big.jpg?w=1200,없음,https://image.msscdn.net/thumbnails/images/goods_img/20240813/4325275/4325275_17244056354605_big.jpg?w=1200,longsl_0240,"2,826",2.5천 회 이상 (최근 1개월),없음,후기 79개,4.8,정말 귀여운 외계인… 볼 수록 중독되는 맛.. 진차 귀여워서 손이 자주감 ㅜㅜ 가을에 입기 딱 !! 좋음 !! 오버핏으로 입어야 더 귀여운 거 같아용 참고하세요 •_<,디자인이 너무 귀여워서 샀어요! 근데 제 키엔 기장이 좀 짧아서 아쉽지만 날이 추워지면 잘 입을 거 같습니다. 살짝 가오리 핏이 나올 수도 있어요 참고하세요! 외계인 넘 귀여버…,유니크하고 귀여운것이 편하게입기 좋은것같아요 오빠한테 배송보냈어요,유니크하고 귀여운것이 편하게입기 좋은것같아요 오빠한테 배송보냈어요,한달후기 무난하게 입는데 포인트 주고 싶을때 입어요 외계인 좋아하시면 좋아하실거 같아요 잘 입고 있습니다
https://www.musinsa.com/products/4697603,RUGBY STRIPE T-SHIRT [BROWN],"49,000원",10%,"44,100원",꼬모니노즈,https://image.msscdn.net/mfile_s01/_brand/free_medium/comoninoz.png?20200608153142,상의,긴소매 티셔츠,https://image.msscdn.net/thumbnails/images/goods_img/20250103/4697603/4697603_17373371052240_big.jpg?w=1200,없음,없음,https://image.msscdn.net/thumbnails/images/prd_img/20250103/4697603/detail_4697603_17373371066121_big.jpg?w=1200,longsl_0241,160,1천 회 이상 (최근 1개월),없음,없음,없음,없음,없음,없음,없음,없음
https://www.musinsa.com/products/4723676,TCM colling long sleeve (sky blue),"49,000원",10%,"44,100원",더콜디스트모먼트,https://image.musinsa.com/mfile_s01/_brand/free_medium/thecoldestmoment.png?20200710145248,상의,긴소매 티셔츠,https://image.msscdn.net/thumbnails/images/goods_img/20250116/4723676/4723676_17387153309107_big.jpg?w=1200,https://image.msscdn.net/thumbnails/images/prd_img/20250116/4723676/detail_4723676_17387153423549_big.jpg?w=1200,https://image.msscdn.net/thumbnails/images/prd_img/20250116/4723676/detail_4723676_17387153430739_big.jpg?w=1200,https://image.msscdn.net/thumbnails/images/prd_img/20250116/4723676/detail_4723676_17387153445459_big.jpg?w=1200,longsl_0242,220,850회 이상 (최근 1개월),없음,없음,없음,없음,없음,없음,없음,없음
https://www.musinsa.com/products/4697604,RUGBY STRIPE T-SHIRT [KHAKI],"49,000원",10%,"44,100원",꼬모니노즈,https://image.msscdn.net/mfile_s01/_brand/free_medium/comoninoz.png?20200608153142,상의,긴소매 티셔츠,https://image.msscdn.net/thumbnails/images/goods_img/20250103/4697604/4697604_17373371002205_big.jpg?w=1200,없음,없음,https://image.msscdn.net/thumbnails/images/prd_img/20250103/4697604/detail_4697604_17373371014311_big.jpg?w=1200,longsl_0243,55,450회 이상 (최근 1개월),없음,없음,없음,없음,없음,없음,없음,없음
https://www.musinsa.com/products/4734039,PATTERN CROP TEE [CAMO],"49,000원",10%,"44,100원",스웨이드,https://image.musinsa.com/mfile_s01/_brand/free_medium/suade.png?20230804121342,상의,긴소매 티셔츠,https://image.msscdn.net/thumbnails/images/prd_img/20250121/4734039/detail_4734039_17376346881703_big.jpg?w=1200,https://image.msscdn.net/thumbnails/images/prd_img/20250121/4734039/detail_4734039_17376346890279_big.jpg?w=1200,없음,https://image.msscdn.net/thumbnails/images/goods_img/20250121/4734039/4734039_17376346825437_big.jpg?w=1200,longsl_0244,227,850회 이상 (최근 1개월),없음,없음,없음,없음,없음,없음,없음,없음
https://www.musinsa.com/products/4417354,컷 아웃 브이넥 컬러블락 롱슬리브 티_네이비,"49,000원",10%,"44,100원",파르티멘토 우먼,https://image.musinsa.com/mfile_s01/_brand/free_medium/partimentowomen.png?20230616145319,상의,긴소매 티셔츠,https://image.msscdn.net/thumbnails/images/prd_img/20240906/4417354/detail_4417354_17257793301103_big.jpg?w=1200,https://image.msscdn.net/thumbnails/images/prd_img/20240906/4417354/detail_4417354_17257793310253_big.jpg?w=1200,없음,https://image.msscdn.net/thumbnails/images/goods_img/20240906/4417354/4417354_17257793226927_big.jpg?w=1200,longsl_0245,338,800회 이상 (최근 1개월),없음,후기 3개,없음,예뻐요 무난하게 입을 수 있는 디자인인데 등 때문에 안에 레이스 이너 받혀입으려고 합니다,한달후기 소재가 잘 늘어나는 편한 재질이라 입었을 때 정말 편해요,생각보다 딱 붙어서 핏 예쁩니당 딱 맞게 입는 게 예쁜 것 같아요,없음,없음
https://www.musinsa.com/products/4673039,DOODLE GLOBE LONG SLV TEE light heather gray,"49,000원",10%,"44,100원",엘엠씨,https://image.musinsa.com/mfile_s01/_brand/free_medium/lmc.png?20220610163914,상의,긴소매 티셔츠,https://image.msscdn.net/thumbnails/images/goods_img/20241219/4673039/4673039_17378043464927_big.jpg?w=1200,https://image.msscdn.net/thumbnails/images/prd_img/20241219/4673039/detail_4673039_17385722000754_big.jpg?w=1200,https://image.msscdn.net/thumbnails/images/prd_img/20241219/4673039/detail_4673039_17385722010801_big.jpg?w=1200,https://image.msscdn.net/thumbnails/images/prd_img/20241219/4673039/detail_4673039_17385722041723_big.jpg?w=1200,longsl_0246,22,없음,없음,없음,없음,없음,없음,없음,없음,없음
https://www.musinsa.com/products/4277495,GT102 하트본 긴팔 티셔츠 (WHITE),"49,000원",10%,"44,100원",글랙,https://image.musinsa.com/mfile_s01/_brand/free_medium/glack.png?20240219180617,상의,긴소매 티셔츠,https://image.msscdn.net/thumbnails/images/goods_img/20240726/4277495/4277495_17219810828558_big.jpg?w=1200,https://image.msscdn.net/thumbnails/images/prd_img/20240726/4277495/detail_4277495_17219810902934_big.jpg?w=1200,https://image.msscdn.net/thumbnails/images/prd_img/20240726/4277495/detail_4277495_17219810997764_big.jpg?w=1200,https://image.msscdn.net/thumbnails/images/prd_img/20240726/4277495/detail_4277495_17219811283692_big.jpg?w=1200,longsl_0247,"2,254",1.4천 회 이상 (최근 1개월),없음,후기 110개,4.8,24.10.20,버뮤다 팬츠랑 잘어울려요!,그냥 바지에 티만 입어도 꾸민것 같은 느낌이에요,프린팅이 살짝 까진느낌이고 옷 재질도 살짝 천이라기보다 미끌미끌한 원단?같은느낌이라 시원해서 활용도가 높을거같아요 저는m사긴했는데 루즈한느낌은 적어서 루즈핏으러 입고싶으신분은 l로 사셔야할꺼같아요 단품으로 입어도 좋구 스트릿한 무드여서 맘에 들어요!!,#스트릿 #프린팅 #레트로
https://www.musinsa.com/products/4473179,(Renew Ver.) 오버핏 긴팔티셔츠 ( 5Color ),"26,200원",20%,"20,900원",브렌슨,https://image.musinsa.com/mfile_s01/_brand/free_medium/brenson.png?20240319111511,상의,긴소매 티셔츠,https://image.msscdn.net/thumbnails/images/goods_img/20240927/4473179/4473179_17274259389696_big.jpg?w=1200,https://image.msscdn.net/thumbnails/images/prd_img/20240927/4473179/detail_4473179_17274259456058_big.jpg?w=1200,https://image.msscdn.net/thumbnails/images/prd_img/20240927/4473179/detail_4473179_17274259488344_big.jpg?w=1200,https://image.msscdn.net/thumbnails/images/prd_img/20240927/4473179/detail_4473179_17274259630348_big.jpg?w=1200,longsl_0248,345,2천 회 이상 (최근 1개월),없음,후기 37개,4.8,한달후기 정말간편하게입을수있고옷자체가무난해서좋아요,길이감 너무 적당하고 재질도 빤빤해요 잘 입겠습니다,길이감 너무 적당하고 재질도 빤빤해요 잘 입겠습니다,한달후기 운동할때 입으려고 이미 하나 샀는데 좋아서 하나 더 샀어요,이너로 입기도 좋고 그냥 입어도 좋고 담에도 사겠습니딘
https://www.musinsa.com/products/4315313,헤비 루즈핏 롱슬리브,"72,000원",42%,"42,000원",제이엘브,https://image.musinsa.com/mfile_s01/_brand/free_medium/jeleve.png?20231016182911,스포츠/레저,상의,https://image.msscdn.net/thumbnails/images/prd_img/20240809/4315313/detail_4315313_17231893723823_big.jpg?w=1200,https://image.msscdn.net/thumbnails/images/prd_img/20240809/4315313/detail_4315313_17364901709846_big.jpg?w=1200,없음,https://image.msscdn.net/thumbnails/images/goods_img/20240809/4315313/4315313_17231893654048_big.jpg?w=1200,longsl_0249,"1,212",2.8천 회 이상 (최근 1개월),1.7천 개 이상,후기 280개,4.8,"체험단 📍사이즈 정사이즈로 가시면 이름처럼 소매기장과 총 기장이 조금 긴 세미 오버핏으로 이쁘게 떨어집니다. 어깨라인도 넉넉해서 몸이 더 커보이는 효과도 있었어요💪🏻  📍착용감 우선, 착용감이 정말 좋았습니다. 보들보들하고 적당히 두께감이 잡혀 탄탄부들한 느낌의 착용감이며 따로 니플패치를 사용 안하더라도 문제없었어요☺️  📍총평 이전에도 제이엘브 롱 슬리브는 깔별로 구매하여 평상시에 잘 입고다녀서 만족감이 높았지만 이번 버전은 탄탄하다! 라는게 느껴지는 롱슬리브라 만족감이 높았고 다른 색깔도 탐나네요","한달후기 헤비 루즈핏 롱슬리브는 탄탄한 소재감과 넉넉한 핏으로 편안하게 착용할 수 있는 아이템입니다. 여유로운 실루엣이 스타일리시하면서도 체형을 자연스럽게 커버해줘요. 레이어드나 단독 착용 모두 가능하며, 계절에 구애받지 않고 활용하기 좋아 데일리로 추천합니다.","제이엘브헤비 루즈핏 롱슬리브 화이트 후기  이 제품은 정말 만족스러웠습니다! 첫째로, 루즈핏이라서 굉장히 편안하고 체형 커버에도 좋아요. 너무 크거나 부해 보이지 않고 적당히 여유로운 핏이라서 데일리로 입기 딱입니다.  소재는 이름처럼 두께감이 있어서 한층 더 고급스러운 느낌을 줍니다. 너무 얇지 않아서 가을, 겨울에 이너로도 활용하기 좋을 것 같아요. 특히, 세탁 후에도 변형이 거의 없고, 내구성이 뛰어난 점이 마음에 들었습니다.  화이트 색상은 깨끗하고 깔끔한 느낌으로 어디에나 잘 어울려 다양한 스타일링이 가능했습니다. 청바지, 슬랙스 등과 매치하기에도 무난하고, 심플하면서도 세련된 느낌을 줘서 자주 손이 가네요.  총평: 디자인, 소재, 핏 모두 만족스러웠습니다. 편안하면서도 멋스러운 스타일을 원하시는 분들께 강력 추천합니다!",제이엘브 제품이면 믿고 삽니다 체형보완은 물론이고 퀄리티도 너무 좋아요 적당히 두툼해서 좋네요,"체험단 추석 전에 받아서 날씨 때문에 계속 못입다가 요즘 날씨가 많이 시원해져서 입어보고 리뷰남깁니다 ! 일단 소재가 되게 부들부들해서 너무 좋구요, 목 시보리 부분도 잘 안늘어날 것 같은 느낌입니다. 옷 두께는 보통 정도라서 적당한 두께입니다 ! 핏은 역시 운동하시는 분들을 위한 오버핏으로 크게 제작된 제품이라 덩치 크신 분들은 강력 추천드리고, 일반 분들은 사이즈 표 확인하시고 한 사이즈 작게 가시는 게 이쁘게 잘 맞을 것 같습니다 ! 사진처럼 반바지에 오버핏으로 입으면 편한 느낌으로 이쁘게 입을 수 있어서 좋구요, 산책할 때나 운동할 때 입으면 정말 멋스럽게 입을 수 있습니다 ! 덩치 커보이는 효과는 덤이라서 더욱 추천 드립니다 !!"
https://www.musinsa.com/products/4315231,시그니처 헤비메쉬 머슬핏 긴팔 티셔츠 NSTL02,없음,없음,"42,000원",나인제트,https://image.musinsa.com/mfile_s01/_brand/free_medium/ninez.png?20231228120516,스포츠/레저,상의,https://image.msscdn.net/thumbnails/images/prd_img/20240809/4315231/detail_4315231_17248353884686_big.png?w=1200,https://image.msscdn.net/thumbnails/images/prd_img/20240809/4315231/detail_4315231_17248353895849_big.png?w=1200,없음,https://image.msscdn.net/thumbnails/images/goods_img/20240809/4315231/4315231_17248353794914_big.png?w=1200,longsl_0250,524,2천 회 이상 (최근 1개월),없음,후기 55개,4.9,"체험단 상세설명대로 탄탄하고 세탁후 잘마르고 먼지 잘 안붙는 재질이에요 안감도 메쉬로 땀 안차고 겨쪽에 데오드란트 테잎 진짜 붙어있어서 신기. 땀많은 남성분들을 위한 신박한 아이템이네요 핏은요... 머슬핏.....ㅎㅎ이지만 m사이즈 여자가 입기에도 좋아요! 운좋게 득템했지만 글쓴이한테는 너무나도 작은ㅠ 평소 넉넉히 입는 아내가 입어봤더니 162기준 기장, 팔소매는 길지만 팔은 한두번 접고 통바지 안에 넣어입으니 요새 많이입는 루즈핏 티샤쓰 같아요.ㅎ 기본 검정이라 자주 손이 갈것같다네요 제가 못입어 아쉽지만 구매의사 충분합니다 좋은제품 감사드립니다!","체험단 ■ 품명 : 시그니처 헤비메쉬 머슬핏 긴팔 티셔츠 ■ 모델 : 상동, 블랙 ■ 업체 : 나인제트 ■ 가격 : 무신사 참조 ■ 사용 리뷰 - 머슬핏은 처음인데 오버핏으로 아주 편안합니다. 옷의 원단이 좋고 질감이 고급 스럽고 좋아요. 그리고 가을, 겨울에 입기 딱 좋은 두께감 입니다. 특별한 그래픽 없이 무지로 이쁘게 디자인된 것 같습니다. 디자이너분 감각에 칭찬을 보냅니다. - 댄디룩이나 트레이닝복에도 잘어울리고 일상에서는 편안하게 청바지나 슬랙스 등 어떠한 하의에도 잘 어울릴 디자인이며 캐쥬얼룩, 시티룩에도 부족함이 없을 것 같습니다. - 이번 가을에는 헤비매시 티로 코디를 하면서 자주 입을 것 같네요. 다양한 색상과 디자인이 더욱 많으면 좋을것 같아요. - 나인제트 샵은 즐겨찾기 했구요. 다음에 또 새로운 디자인이 나오면 좋겠어요. 앞으로도 충분히 구매할 의향, 의사가 있습니다",이 옷 짱이에요 손 많이 가고 세탁해도 줄지 않고 핏이 이뻐요,블랙 (BK) · M 구매,마침 가을도 되고 긴팔티가 필요하고 운동도 하고 있고 딱 눈에 보였고 좋습니다 목만 좀 쪼이고 나머지 피부분이 이쁘네용 굿
https://www.musinsa.com/products/4426798,Wool tencel round Tee (Ivory),없음,없음,"42,000원",노우드,https://image.musinsa.com/mfile_s01/_brand/free_medium/noeud.png?20230428133419,상의,긴소매 티셔츠,https://image.msscdn.net/thumbnails/images/goods_img/20240910/4426798/4426798_17259514181251_big.jpg?w=1200,https://image.msscdn.net/thumbnails/images/prd_img/20240910/4426798/detail_4426798_17259514257190_big.jpg?w=1200,https://image.msscdn.net/thumbnails/images/prd_img/20240910/4426798/detail_4426798_17259514267337_big.jpg?w=1200,https://image.msscdn.net/thumbnails/images/prd_img/20240910/4426798/detail_4426798_17259514275591_big.jpg?w=1200,longsl_0251,89,400회 이상 (최근 1개월),없음,후기 7개,4.9,보드랍구 마감도 괜찮았어요. 팔뚝살이 좀 있는데 너무 타이트하지 않아서 부각되는 것도 덜해요. 전체적으로 완전히 핏하지 않아서 너무 좋습니다. 허리라인은 살짝 들어가있어요,차르르한 게 입었을 때 핏이 정말 잘 살고 착용감이 너무 좋아요. 아이보리 샀는데 다른 색도 구매 하려고 해요.,너무 부드럽고 몸에 착 감기고 좋아요. 무엇보다 구입후 관리법 문자를 보내주셨는데 많은 옷 사보면서 처음 받아보네요ㅎㅎ 노우드 너무 기분좋게 기억될거 같아요 새해 복 많이 받으세요 사장님!,짱짱한게 이뻐요! 완전 흰색은 아니고 아이보리끼가 있어요 이너로 잘 입을 것 같네요,사이즈도 진짜 딱 적당하고 텐셀이 완전 쫀쫀 부들부들합니다 기장도 딱좋고 깔별로 쟁이고픈 이너예요 라운도 적당합니다
https://www.musinsa.com/products/4243340,풋볼 져지 롱슬리브_화이트,"59,000원",29%,"41,900원",어반디타입,https://image.musinsa.com/mfile_s01/_brand/free_medium/urbandtype.png?20210520133349,상의,긴소매 티셔츠,https://image.msscdn.net/thumbnails/images/goods_img/20240710/4243340/4243340_17350176695156_big.jpg?w=1200,https://image.msscdn.net/thumbnails/images/prd_img/20240710/4243340/detail_4243340_17253408032815_big.jpg?w=1200,https://image.msscdn.net/thumbnails/images/prd_img/20240710/4243340/detail_4243340_17253408163774_big.jpg?w=1200,https://image.msscdn.net/thumbnails/images/prd_img/20240710/4243340/detail_4243340_17253408222471_big.jpg?w=1200,longsl_0252,"15,884",7.9천 회 이상 (최근 1개월),3.6천 개 이상,후기 510개,4.8,사람을 너무너무 기엽게 만들어줘요!! 완전 스포티함 그 자체이고 영하고 캐주얼한 느낌이랄까! 추천합니다!!,"일단 로고 포인트 너무 이뻐요..🤭🩵 요즘 가을이라 롱슬리브 빠져서 올해 첫 롱슬리브 구매였는데 대만족입니다 ! ! 스포티한 느낌 나는 라인이랑, 믿고 입는 흰검 조합..🖤🤍 데일리하고 꾸안꾸하게 입기 최고인 것 같아요 ㅜㅁㅠ",일단 소매가 너무 짱짱해서 좋았고 생각보다 오버핏으로 입을 수 있어요,"체험단 🏷️ 소재 탄탄하고 목 늘어짐 없고 , 세탁 한 번 했는데도 실밥 풀림이나 늘어남 전혀 없이 탄탄해요 !  🏷️ 핏 박시하게 편하게 입기 너무 좋고 일상생활 할 때 휘뚤마뚤 그냥 쉽게 툭툭 입어도 힙하고 캐주얼해요 🖤 한 마디로 어디든 쉽게 코디 가능하지만 꾸안꾸 느낌이 난다 ! 이거에요 ✨  🏷️ 사이즈 173cm / 55kg 인데 너무 아빠 옷 처럼 커보이는게 아니라 이쁘게 박시해요 ! 저보다 키가 작으신 분들은 한 사이즈 작은 거 추천드려요 ! 저랑 키나 스펙이 같은 분들은 M사이즈 딱 좋아요 !  🏷️ 디자인 디자인은 그림이나 레터링이 심플하게 들어가있어서 과하지 않고 캐주얼하게 입기 좋고 , 흰색 긴팔에 검정색으로 포인트 색이 들어가서 더 깔끔해보이면서 힙한 느낌이 나요 !",목이 좀 답답하긴 한데 편하고 이뻐여 모델분 코디랑 똑같이 샀는데 너무 귀야워여 ㅎㅎ
https://www.musinsa.com/products/4243327,풋볼 져지 롱슬리브_네이비,"59,000원",29%,"41,900원",어반디타입,https://image.musinsa.com/mfile_s01/_brand/free_medium/urbandtype.png?20210520133349,상의,긴소매 티셔츠,https://image.msscdn.net/thumbnails/images/prd_img/20240710/4243327/detail_4243327_17253411693673_big.jpg?w=1200,https://image.msscdn.net/thumbnails/images/prd_img/20240710/4243327/detail_4243327_17253411703880_big.jpg?w=1200,없음,https://image.msscdn.net/thumbnails/images/goods_img/20240710/4243327/4243327_17253411834745_big.jpg?w=1200,longsl_0253,"6,268",1.4만 회 이상 (최근 1개월),1.7천 개 이상,후기 210개,4.9,너무 예쁘고용.. 진짜 너무 예쁘네용.. 입으니까 진짜 귀엽고.. 예뻐요.. 너무 맘에 들어요.. 진짜로..,여성 사이즈로 평소에 M입는데 제품사이즈보니까 S가 맞는거같아서 구매했더니 딱 예뻐요 넥라인이 좁다는 후기가 많던데 다른 옷들에 비해 조금 좁은거지 저여서 불편한 정도는 아니네용,길이나 넉넉한 정도도 적당하고 편해서 휘뚜루마뚜루~,마음에 들어요 제가 사고 할인해서 그건 좀 슬퍼요…,깔별로 3개주문 검정이 젤 예뻣어요 간절기에 최고
https://www.musinsa.com/products/4243333,풋볼 져지 롱슬리브_옐로우,"59,000원",29%,"41,900원",어반디타입,https://image.musinsa.com/mfile_s01/_brand/free_medium/urbandtype.png?20210520133349,상의,긴소매 티셔츠,https://image.msscdn.net/thumbnails/images/prd_img/20240710/4243333/detail_4243333_17256014329521_big.jpg?w=1200,https://image.msscdn.net/thumbnails/images/prd_img/20240710/4243333/detail_4243333_17256014338225_big.jpg?w=1200,없음,https://image.msscdn.net/thumbnails/images/goods_img/20240710/4243333/4243333_17256014247885_big.jpg?w=1200,longsl_0254,"3,209",3.2천 회 이상 (최근 1개월),없음,후기 111개,4.8,사이즈 업해서 주문했는데 골키퍼같고 좋습니다,77한테도 널널한 핏이라 넘 좋구... 목이랑 소매 시보리 적당히 짱짱해서 좋구.... 길이도 딱 엉덩이 가려줘서 좋구.... 깔별로 준비 살 완료...굳,편하고 이뻐서 노란색에 이어 하늘색도 추가 구매했습니다.,색은 화면에서 보는것과 같습니다 면이라서 촉감도 부드럽고 S사이즈 구입했더니 너-무 오버핏은 아니여서 잘 입을 수 있을 것 같아요,색감이 되게 화사해요. 파스텔톤 어울리는사람에게 추천하고싶어요!!
https://www.musinsa.com/products/4298311,릴렉스드 CR 스쿱 넥 긴소매 티셔츠 [카키 그레이],"23,900원",16%,"20,190원",무신사 스탠다드,https://image.msscdn.net/mfile_s01/_brand/free_medium/musinsastandard.png?20200608153142,상의,긴소매 티셔츠,https://image.msscdn.net/thumbnails/images/goods_img/20240806/4298311/4298311_17276744435581_big.jpg?w=1200,https://image.msscdn.net/thumbnails/images/prd_img/20240806/4298311/detail_4298311_17276744502207_big.jpg?w=1200,https://image.msscdn.net/thumbnails/images/prd_img/20240806/4298311/detail_4298311_17276744516717_big.jpg?w=1200,https://image.msscdn.net/thumbnails/images/prd_img/20240806/4298311/detail_4298311_17276744545179_big.jpg?w=1200,longsl_0255,113,600회 이상 (최근 1개월),없음,후기 12개,4.8,조금 더 넥라인이 넓었으면 좋겠지만 이 정도도 부담스럽지 않아서 좋아요 자주 입을 것 같습니다,한달후기 촉감 좋고 가벼워서 잘 때도 입으려고 몇개 더 사고 싶음,한달후기 오묘한 색상으로 여기저기 잘 입고 있어요. 질감도 좋아요.,"사이즈 및 재품 재질이 상당히 좋음, 이너웨어로 활용 좋음",착 떨어지는 힘없는 롱슬리브 찾았는데 딱이라서 좋아요~!
https://www.musinsa.com/products/4668893,NEW 에어리핏 슬림핏 롱슬리브,없음,없음,"41,000원",안다르,https://image.msscdn.net/mfile_s01/_brand/free_medium/andar.png?1736757438349,스포츠/레저,상의,https://image.msscdn.net/thumbnails/images/goods_img/20241217/4668893/4668893_17343938759909_big.jpg?w=1200,https://image.msscdn.net/thumbnails/images/prd_img/20241217/4668893/detail_4668893_17343938768439_big.jpg?w=1200,https://image.msscdn.net/thumbnails/images/prd_img/20241217/4668893/detail_4668893_17343938771094_big.jpg?w=1200,https://image.msscdn.net/thumbnails/images/prd_img/20241217/4668893/detail_4668893_17343938775215_big.jpg?w=1200,longsl_0256,20,350회 이상 (최근 1개월),없음,없음,없음,없음,없음,없음,없음,없음
https://www.musinsa.com/products/4499959,레터링 레이스 롱슬리브(멜란지 그레이),"52,800원",23%,"40,800원",오오엠엘,https://image.musinsa.com/mfile_s01/_brand/free_medium/oel.png?20211101140607,상의,긴소매 티셔츠,https://image.msscdn.net/thumbnails/images/goods_img/20241009/4499959/4499959_17292369204097_big.png?w=1200,https://image.msscdn.net/thumbnails/images/prd_img/20241009/4499959/detail_4499959_17292349789578_big.png?w=1200,없음,https://image.msscdn.net/thumbnails/images/prd_img/20241009/4499959/detail_4499959_17292349806183_big.png?w=1200,longsl_0257,219,1천 회 이상 (최근 1개월),없음,후기 1개,없음,무난한데 레이스랑 레터링 포인트 덕분에 꾸안꾸로 입기 좋을 것 같아요 신축성이 있어서 제 체형에도 너무 달라붙지 않고 자연스럽게 붙는 핏입니다!,없음,없음,없음,없음
https://www.musinsa.com/products/4744444,프라클리 레이어드 배색 티셔츠 블랙,"58,000원",31%,"39,900원",칙스,https://image.msscdn.net/mfile_s01/_brand/free_medium/chicks.png?1733982020725,상의,긴소매 티셔츠,https://image.msscdn.net/thumbnails/images/goods_img/20250124/4744444/4744444_17377037847322_big.jpg?w=1200,https://image.msscdn.net/thumbnails/images/prd_img/20250124/4744444/detail_4744444_17377037857368_big.jpg?w=1200,https://image.msscdn.net/thumbnails/images/prd_img/20250124/4744444/detail_4744444_17377037860682_big.jpg?w=1200,https://image.msscdn.net/thumbnails/images/prd_img/20250124/4744444/detail_4744444_17377037865574_big.jpg?w=1200,longsl_0258,300,1.6천 회 이상 (최근 1개월),없음,없음,없음,없음,없음,없음,없음,없음
https://www.musinsa.com/products/4768556,그런지 트럭 긴팔 티셔츠 CHARCOAL (MP1TU051-075),없음,없음,"39,900원",벙커버스터,https://image.msscdn.net/mfile_s01/_brand/free_medium/bunkerbuster.png?20200608153142,상의,긴소매 티셔츠,https://image.msscdn.net/thumbnails/images/goods_img/20250207/4768556/4768556_17389122766362_big.jpg?w=1200,https://image.msscdn.net/thumbnails/images/prd_img/20250207/4768556/detail_4768556_17389122984558_big.jpg?w=1200,https://image.msscdn.net/thumbnails/images/prd_img/20250207/4768556/detail_4768556_17389122998087_big.jpg?w=1200,https://image.msscdn.net/thumbnails/images/prd_img/20250207/4768556/detail_4768556_17389123008894_big.jpg?w=1200,longsl_0259,2,없음,없음,없음,없음,없음,없음,없음,없음,없음
https://www.musinsa.com/products/4463041,[지꾸 X PLACE]망사 하이넥 레이어드 롱슬리브 긴팔 티셔츠,"49,000원",20%,"39,200원",플레이스 스튜디오,https://image.musinsa.com/mfile_s01/_brand/free_medium/placestudio.png?20240221141901,상의,긴소매 티셔츠,https://image.msscdn.net/thumbnails/images/goods_img/20240925/4463041/4463041_17288652210207_big.jpg?w=1200,https://image.msscdn.net/thumbnails/images/prd_img/20240925/4463041/detail_4463041_17288652360925_big.jpg?w=1200,없음,https://image.msscdn.net/thumbnails/images/prd_img/20240925/4463041/detail_4463041_17288652370125_big.jpg?w=1200,longsl_0260,"3,035",2.2천 회 이상 (최근 1개월),없음,후기 9개,4.4,생각보다 더더 얇지만 생각보다 더더 이쁨 사실 시키고 색깔 교환할까고민했는데 맘에들어요 이거입고놀러가겠습니다,비칠 것은 예상했는데 많이 비치는 편이라 신경써야할 것 같아요 몸에 착 붙는 느낌이라 좋은데 그만큼 배에 힘주고 다녀야합니당 ㅋㅋ 레이어드 된 것처럼 망사가 위에 붙어있는 것도 마음에 들고 옷은 예뻐요!,"옷 디자인 자체는 예뻐요 소재는 찰랑찰랑한 재질이고, 다만 딱 달라붙어서 팔뚝살이 살짝 도드라져보일 수 있음 처음에 다른 상품으로 잘못 와서 교환했는데 교환된 옷 보니까 목 끝부분? 어깨선 시작하는 부분?이 이상해요.. 근데 여기서 또 교환 처리하면 시간 더 오래 걸리니까 그냥 입어요 … 두번째 사진처럼 한 쪽이 무슨 잘리다 만듯한 그런게 있네요 ..;","한달후기 너무 예뻐용,, 그래픽도 촌스럽지 않고 망사 부분도 하늘하늘 거리는 느낌이 넘 좋아요 ㅠㅠ 저렴한 느낌 없구요, 몸선도 예쁘게 살려주는 핏입니당",한달후기 살짝 부해보이긴 하는데 가격대비 괜찮았습니다 👍🏻
https://www.musinsa.com/products/4340445,WXT027 사이드 컷아웃 셔링 원숄더 롱슬리브 (WHITE),"49,000원",20%,"39,200원",엑스톤즈 우먼,https://image.musinsa.com/mfile_s01/_brand/free_medium/xtonzwoman.png?20240509135640,상의,긴소매 티셔츠,https://image.msscdn.net/thumbnails/images/prd_img/20240819/4340445/detail_4340445_17290604753394_big.jpg?w=1200,https://image.msscdn.net/thumbnails/images/prd_img/20240819/4340445/detail_4340445_17252678040393_big.jpg?w=1200,없음,https://image.msscdn.net/thumbnails/images/goods_img/20240819/4340445/4340445_17316321479341_big.jpg?w=1200,longsl_0261,"1,757",6.4천 회 이상 (최근 1개월),없음,후기 12개,4.9,제키 몸무게에는 2사이즈가 편하게 맞아요 부들부들 편하네요,부들부들 하고 편하네요 가디건 이너웨어로 구매했는데 여기저가 잘 어울리네요 2사이즈 편하게 맞아요,한달후기 그냥 막 입기 좋은 무난한 티셔츠입니다! 근데 원숄더라기보단 그냥 보트넥 정도인 것 같아요,한달후기 절 과대평가하여 크게 샀지만 생각보다 널널합니다 여러분을 과소평가하세요,한달후기 사이즈 하나만 작게 살 걸 여전히 후회 중이지마 그래도 예쁨
https://www.musinsa.com/products/4311923,VINTAGE EARTH GRAPHIC LS TEE GREY,"49,000원",20%,"39,200원",아메스 월드와이드,https://image.msscdn.net/mfile_s01/_brand/free_medium/amesworldwide.png?1730455523530,상의,긴소매 티셔츠,https://image.msscdn.net/thumbnails/images/goods_img/20240808/4311923/4311923_17235263120449_big.jpg?w=1200,https://image.msscdn.net/thumbnails/images/prd_img/20240808/4311923/detail_4311923_17236009705714_big.jpg?w=1200,https://image.msscdn.net/thumbnails/images/prd_img/20240808/4311923/detail_4311923_17236009717813_big.jpg?w=1200,https://image.msscdn.net/thumbnails/images/prd_img/20240808/4311923/detail_4311923_17236009763779_big.jpg?w=1200,longsl_0262,890,650회 이상 (최근 1개월),없음,후기 34개,4.9,생각보다 길이가 길었고 휘뚜루마뚜루 잘 입을 것 같아요!,한달후기 요즘 제일 많이 입는 이너티.. 사이즈가 쪼금 아쉽지만 디자인이 귀엽고 손이 많이감다,귀여워요 근데 생각보다 사이즈 작게나온듯 싶네염,한달후기 키 손민수했는데 대만족입니다 핏도 널널하니 좋고 면도 부들부들하고 최곱니당,한달후기 너무 얇지도 두껍지도 않고 딱 좋아용 ㅎㅎ 올해 가을이 길었어서 교복처럼 잘 입고 다녔습니당 ~.~
https://www.musinsa.com/products/4318523,PRDA BIG PATCH RAGLAN LONG SLEEVE GRAY,"59,000원",34%,"39,000원",프렌다,https://image.musinsa.com/mfile_s01/_brand/free_medium/prendafromplant.png?20210820120132,상의,긴소매 티셔츠,없음,없음,없음,https://image.msscdn.net/thumbnails/images/goods_img/20240812/4318523/4318523_17242865831378_big.jpg?w=1200,longsl_0263,"13,432",4.7천 회 이상 (최근 1개월),1.2천 개 이상,후기 161개,4.7,색감도 너무 이쁘고 좋은데 어깨핏이 안 이쁜거 같아요ㅜ 애매해요 그리고 가슴 엄청 큰 편도 아닌데 너무 부해보이고 가슴 크신분들은 비추요 ㅠㅠ,한달후기 목 답답하고 핏 이승흐고 뚱뚱해보여오 그리고 택 너무 간지러우ㅏ요,데일리룩으로 편안하게 입을수 있는 걸로 골랐어요~~ 딱 좋네요 ㅎㅎㅎ,배송은 기대안했는데 엄청 빨리 와서 놀랬어요 ㅎㅎ 노란색 색감이 다했어요 모양이랑 색깔은 이뻐요 근데 하나 아쉬운 건 팔 폭이 밑으로 내려갈수록 엄청 좁아져요. 이건 생각지 못해서 당황했어요. 팔이 전체적으로 많이 좁아요 팔뚝 부자는 부각돼서 못 입을 수도 있어요..! 팔 짧으신 체형도 아마 접어 입어야 돼요 개인적으론 일자 핏으로 살짝만 낙낙하게 떨어졌음 더 애정 했을텐데 ㅠㅠ,배송은 기대안했는데 엄청 빨리 와서 놀랬어요 ㅎㅎ 노란색 색감이 다했어요 모양이랑 색깔은 이뻐요 근데 하나 아쉬운 건 팔 폭이 밑으로 내려갈수록 엄청 좁아져요. 이건 생각지 못해서 당황했어요. 팔이 전체적으로 많이 좁아요 팔뚝 부자는 부각돼서 못 입을 수도 있어요..! 팔 짧으신 체형도 아마 접어 입어야 돼요 개인적으론 일자 핏으로 살짝만 낙낙하게 떨어졌음 더 애정 했을텐데 ㅠㅠ
https://www.musinsa.com/products/4318524,PRDA BIG PATCH RAGLAN LONG SLEEVE MUSTARD,"59,000원",34%,"39,000원",프렌다,https://image.musinsa.com/mfile_s01/_brand/free_medium/prendafromplant.png?20210820120132,상의,긴소매 티셔츠,없음,없음,없음,https://image.msscdn.net/thumbnails/images/goods_img/20240812/4318524/4318524_17242865941723_big.jpg?w=1200,longsl_0264,937,1천 회 이상 (최근 1개월),없음,후기 12개,4.9,색도 맘에들고 어깨가 포인트로 귀여워요 생각보다 사이즈가 널널해요!!!!,핏되는느낌 있습니다 색감도 탁하기보단 좀 밝은 것 같아요,한달후기 색감이 너무 귀엽고 예뻐용 화면이랑 똑같아요 굿,체험단 우선 저는 브라운색이랑 머스타드색 둘 다 가지고 있습니당! 색상 고민되시는 분들을 위해 적어보자면 브라운은 가을 느낌 낭낭하고 아무 하의를 매치해도 찰떡같이 잘 어울려요! 반면에 머스타드는 하의 매치가 조금 고민되긴 하지만 톤에 잘 맞춰 골라입으면 꾸안꾸 느낌 제대로 낼 수 있습니다! 티셔츠에 단순히 프린팅이 되어 있는 게 아니라 입체적인 느낌으로 박음질 되어있어서 심심하지 않구요 색 조합도 너무 잘 어울려요♡ 저렴한 재질 느낌이 아니라 오래입을 수 있을 듯해요! 박시한 느낌의 롱슬리브가 아니라서 남성분들은 입기 어려울 것 같구요 여리여리한 체형을 가진 분들이 입었을때 진가를 발휘하는 옷인듯 합니당,"체험단 프렌다 체험단후기입니다. 빅패치 라그란 롱슬리브는 3가지 컬러로 🩶그레이,🤍화이트,💛머스타드가 있더라구요. 제가 선택한건 노랑노랑하니 은은한 머스타드컬러인데 라그란 소매부분은 🩶챠콜컬러로 이쁘더라구요. 면 100프로라 감촉도 좋고 부드러워요. 앞면에 커다란 프렌다 이니셜로고가 🩷연한핑크로 패치작업되어있어서 포인트되고 좋습니다. 총장56.5의 세미크롭기장이라 너무 짧지않아서 맘에들구요~ 가슴단면 49로 free사이즈입니다. 데님이나 트레이닝 카고팬츠,스커트 등 여기저기 잘어울리고 소매기장이 짧지않고 여유있어서 팔도 가늘고 길어보이고 좋아요. 다른컬러도 주문해야겠어요~~ 이쁩니다~💕"
https://www.musinsa.com/products/4378766,BOAT NECK RIBBED T-SHIRT - IVORY,없음,없음,"39,000원",노티아,https://image.musinsa.com/mfile_s01/_brand/free_medium/notia.png?20230509104226,상의,긴소매 티셔츠,https://image.msscdn.net/thumbnails/images/goods_img/20240828/4378766/4378766_17248236394684_big.jpg?w=1200,https://image.msscdn.net/thumbnails/images/prd_img/20240828/4378766/detail_4378766_17248236464838_big.jpg?w=1200,https://image.msscdn.net/thumbnails/images/prd_img/20240828/4378766/detail_4378766_17248236478605_big.jpg?w=1200,https://image.msscdn.net/thumbnails/images/prd_img/20240828/4378766/detail_4378766_17248236488579_big.jpg?w=1200,longsl_0265,40,없음,없음,후기 5개,없음,쫀쫀한 재질이에요 모델 사진에서 팔 걷은줄 알앗는데 원래 저 깋이네용,패딩 안에 입으려고 샀는데 핏이 너무 예뻐요 단독으로 입어도 될듯합니다~!~!,한달후기 지금까지 사본 이너티중에 핏이랑 질이 제일 좋아용 다른색상도 구매했어요,핏 너무 예쁘고 재질도 좋아요!! 기본티로 최고입니다,많고많은이너티중에고민했는데걍여리여리핏짱짱
https://www.musinsa.com/products/4467500,블랙 캣 스티치 세미크롭 긴팔티셔츠 블랙,없음,없음,"39,000원",드마크,https://image.msscdn.net/mfile_s01/_brand/free_medium/demarc.png?20200608153142,상의,긴소매 티셔츠,https://image.msscdn.net/thumbnails/images/goods_img/20240926/4467500/4467500_17278425921232_big.jpg?w=1200,https://image.msscdn.net/thumbnails/images/prd_img/20240926/4467500/detail_4467500_17278425985617_big.jpg?w=1200,https://image.msscdn.net/thumbnails/images/prd_img/20240926/4467500/detail_4467500_17273345222419_big.jpg?w=1200,https://image.msscdn.net/thumbnails/images/prd_img/20240926/4467500/detail_4467500_17273345316067_big.jpg?w=1200,longsl_0266,18,1.5천 회 이상 (최근 1개월),없음,후기 1개,없음,제품그대로 입었을때 실현이 됩니다~ 소매길이나 크롭기장 스티치포인트에서 주는 느낌이 모델분이 보여주는 분위기를 저희도 낼수있게 해줘요,없음,없음,없음,없음
https://www.musinsa.com/products/4227347,우먼즈 투 톤 리브드 슬림 긴소매 티셔츠 [다크 그레이],"26,900원",30%,"18,790원",무신사 스탠다드 우먼,https://image.msscdn.net/mfile_s01/_brand/free_medium/musinsastandardwoman.png?1733278192535,상의,긴소매 티셔츠,https://image.msscdn.net/thumbnails/images/goods_img/20240702/4227347/4227347_17285312312665_big.jpg?w=1200,https://image.msscdn.net/thumbnails/images/prd_img/20240702/4227347/detail_4227347_17285312386212_big.jpg?w=1200,없음,https://image.msscdn.net/thumbnails/images/prd_img/20240702/4227347/detail_4227347_17285312398093_big.jpg?w=1200,longsl_0267,294,1.4천 회 이상 (최근 1개월),없음,후기 29개,4.7,바스트가 있으신분들은 m부터 시작하셔야할거에요. 신축성 거의없는 소재여서 탄탄하고 쇠맛나는 옷입니다. 건조기 돌릴거 생각해서 M사이즈 살걸 하는 아쉬움은 미래의 저를 위한 메모,한달후기 색상도 그대로고 휘뚜루마뚜루 활용하기 좋아요,"투톤이라 세련돼 보여요 재질도 튼튼해보이고 보풀이나 변형도 없을 것 같은데 바깥쪽의 팔과 몸통 연결된 부분, 소매 부분의 박음질이 금방 풀어질 것 같은 느낌이에요",재질이 탄탄해서 몸매를 잘 잡아줍니다 깔끔하면서 힙한 느낌이에요!!,소재가 탄탄합니다 쫙땡기는 느낌 도톰하네요 따숩습니다.
https://www.musinsa.com/products/4383533,[무료반품][문가영 착용]DOUBLE LAYERED LONG SLEEVE TOP_BLACK,"48,000원",20%,"38,400원",닉앤니콜,https://image.musinsa.com/mfile_s01/_brand/free_medium/nicknicole.png?20230717122249,상의,긴소매 티셔츠,https://image.msscdn.net/thumbnails/images/prd_img/20240829/4383533/detail_4383533_17252581106780_big.jpg?w=1200,https://image.msscdn.net/thumbnails/images/prd_img/20240829/4383533/detail_4383533_17252581116566_big.jpg?w=1200,없음,https://image.msscdn.net/thumbnails/images/goods_img/20240829/4383533/4383533_17252580980314_big.jpg?w=1200,longsl_0268,"1,724",5.9천 회 이상 (최근 1개월),없음,후기 30개,4.7,기본티는 심심하고 레이어드티 찾다가 구매했는데 일단 쫀쫀하고 재질도 넘 좋아요 완전 오래 입을 수 있을거같음!!!! 다른 컬러도 사야겠어요...,원단 생각보다 진짜 짱짱해서 세탁해도 문제 없을거 같아요! 그리고 레이어드가 전체적으로 있어서 하나만 입어도 포인트룩됩니다 체형도 잘 잡아줘서 강추입미다👏🏻,레이어드 디테일 보고 바로 구매했는데 와 진짜 원단이 너무 좋아요 촉촉하구 부드럽지만 잘 늘어나는 원단도 아니고 생각 그 이상이에요 레이어드 티 타브랜드에서 3개 구매했는데 보통 축 쳐지거나 늘어나는데 절대 그렇지 않아요 . . 바디 라인도 예부게 잘 잡아줘서 너무 만족합니다 심지어 소매와 밑단만 나와있는 레이어드가 아니구 전체 안감으로 내부가 하나도 안 비추고 가성비 턉.,"진짜 레이어드 옷에 완전 빠졌는데 바로 이런 신상이 나오다니요ㅕ,,, 바로 구매해버리기,, 따로 2겹을 입지 않아도 붙어 있는 레이어드형 옷으로 편하면서도 트렌디하게 입을 수 있어서 좋아요 또 부드럽긴 을매나 부드럽게요? 이 옷을 입으면 촉감이 좋아서 계속 만지게 되는..ㅋㅋ 개인적으로 소매 기장이 길어서 더 맘에 듭니당 과하지 않으면서 포인트 되는 로고도 굿",레이어드 포인트가 맘에 들어서 구매했어요 부드럽게 몸에 착 감기듯이 입어져서 맨살에 입어도 부드러워요 소매도 적당히 길어서 좋아요 구매할땐 몰랐는데 받아보니까 밑단에 닉앤니콜 로고로 포인트가 하나 더 있네요 깨알 포인트입니다 ㅋㅋ 하나만 입어도 두겹이 덧대어져 있어서 스타일링 한 것 처럼 멋스러워요
https://www.musinsa.com/products/4440473,[무료반품]DOUBLE LAYERED LONG SLEEVE TOP_BLUE,"48,000원",20%,"38,400원",닉앤니콜,https://image.musinsa.com/mfile_s01/_brand/free_medium/nicknicole.png?20230717122249,상의,긴소매 티셔츠,https://image.msscdn.net/thumbnails/images/prd_img/20240913/4440473/detail_4440473_17262062076451_big.jpg?w=1200,없음,없음,https://image.msscdn.net/thumbnails/images/goods_img/20240913/4440473/4440473_17280213110584_big.jpg?w=1200,longsl_0269,255,850회 이상 (최근 1개월),없음,후기 2개,4.5,진짜 너무 예뻐요 레이어드 포인트도 딱이구 검정바비랑 입으니까 넘 잘어울려요,한 번 세탁하니까 파란색 부분만 줄어들었어요;;; ㅠㅠ 너무 딱 달라붙음,없음,없음,없음
https://www.musinsa.com/products/4440495,[무료반품]DOUBLE LAYERED LONG SLEEVE TOP_CHARCOAL,"48,000원",20%,"38,400원",닉앤니콜,https://image.musinsa.com/mfile_s01/_brand/free_medium/nicknicole.png?20230717122249,상의,긴소매 티셔츠,https://image.msscdn.net/thumbnails/images/prd_img/20240913/4440495/detail_4440495_17262063898455_big.jpg?w=1200,https://image.msscdn.net/thumbnails/images/prd_img/20240913/4440495/detail_4440495_17262063908593_big.jpg?w=1200,없음,https://image.msscdn.net/thumbnails/images/goods_img/20240913/4440495/4440495_17262063834788_big.jpg?w=1200,longsl_0270,469,1.2천 회 이상 (최근 1개월),없음,후기 7개,4.7,한달후기 레이어드 티 ㄹㅇ 너무 편해요 추워질때 레이어드티에다가 자켓 하나 입으면 딱임!!,가을에 입기 좋은 컬러 + 레이어드 티라 추천해요! 촉감이 부드러워서 너무 좋고 어떤 착장에도 어울려요 가을 분위기 제대로임,저한테는 옷이 아주 약간 헐렁했어요. 그래도 레이어드 제품이라 하나만 입어도 신경 쓴 것 같고요! 밑에 검정색 롱바지랑 입으면 기깔나요. 하지만 색이 내복 입은 것 같기도 해서 약간 아쉽네요. 용돈 모아서 빨간색 사도록 하겠습니다:),한달후기 딸아이주려고 구매했는데 진짜 너무 이쁘고 고급스러워료,글씨는 몇번입르면 떨어질거같아서 .. 그부분ㅇㅣ 아쉬워요
https://www.musinsa.com/products/4706651,스포티 하트 롱 슬리브-아이보리,"44,000원",13%,"38,280원",비터셀즈,https://image.musinsa.com/mfile_s01/_brand/free_medium/bittercells.png?20220204123329,상의,긴소매 티셔츠,https://image.msscdn.net/thumbnails/images/goods_img/20250109/4706651/4706651_17369358591475_big.jpg?w=1200,https://image.msscdn.net/thumbnails/images/prd_img/20250109/4706651/detail_4706651_17369358671944_big.jpg?w=1200,없음,https://image.msscdn.net/thumbnails/images/prd_img/20250109/4706651/detail_4706651_17369358680299_big.jpg?w=1200,longsl_0271,234,2.1천 회 이상 (최근 1개월),없음,없음,없음,없음,없음,없음,없음,없음
https://www.musinsa.com/products/4638249,WAVE NECK LOGO TEE-PINK,없음,없음,"38,000원",벨리아르,https://image.musinsa.com/mfile_s01/_brand/free_medium/bellialeu.png?20230706164440,상의,긴소매 티셔츠,https://image.msscdn.net/thumbnails/images/goods_img/20241126/4638249/4638249_17326240932111_big.jpg?w=1200,https://image.msscdn.net/thumbnails/images/prd_img/20241126/4638249/detail_4638249_17326240996775_big.jpg?w=1200,https://image.msscdn.net/thumbnails/images/prd_img/20241126/4638249/detail_4638249_17326241164413_big.jpg?w=1200,https://image.msscdn.net/thumbnails/images/prd_img/20241126/4638249/detail_4638249_17326241207448_big.jpg?w=1200,longsl_0272,272,1.2천 회 이상 (최근 1개월),없음,후기 2개,없음,한달후기 얇은 기모라 나름 따뜻하고 쫀쫀해서 몸에 잘 감겨요,후기가 없어서 걱정했는데 디자인도 이쁘고 두께감 있고 쫀쫀해서 몸을 잘 잡아줘요 아더컬러도 주문합니다,없음,없음,없음
https://www.musinsa.com/products/4346486,스퀘어넥 타이 스카프 티셔츠 [IVORY],"42,000원",10%,"37,800원",레더리,https://image.musinsa.com/mfile_s01/_brand/free_medium/leathery.png?20220124140405,상의,긴소매 티셔츠,https://image.msscdn.net/thumbnails/images/goods_img/20240820/4346486/4346486_17243780278197_big.jpg?w=1200,https://image.msscdn.net/thumbnails/images/prd_img/20240820/4346486/detail_4346486_17243780379312_big.jpg?w=1200,https://image.msscdn.net/thumbnails/images/prd_img/20240820/4346486/detail_4346486_17243780387985_big.jpg?w=1200,https://image.msscdn.net/thumbnails/images/prd_img/20240820/4346486/detail_4346486_17243780406026_big.jpg?w=1200,longsl_0273,"4,091",4.7천 회 이상 (최근 1개월),없음,후기 53개,4.9,"제 기준 옷이 완전히 딱 붙진 않고 좀 여유가 있네요 쫀쫀한 재질이고요 탄성도 좋은편입니다 색상은 화면과 좀 차이가 있네요 화면상으론 베이지에 브라운으로 보였는데 실제론 카키톤의 베이지,카키톤의 브라운이네요 이너로 입으면 포인트되고 좋을듯싶어요","색감이 되게 오묘해요! 아이보리에 조금 회색과 웜한 느낌이 들어갔는데 오히려 차분하면서 힙해보이고.. 매력적으로 보여지는 느낌입니다.  넥라인이 넓은 편이라 입으실때 끈 정리는 필수입니다! 다만 목이 시원하게 트여있어 저의 짧은 목이 커버 가능했습니다. 그리고 스카프가 긴 편이라 수직으로 길게 내려와 끊어주는 느낌이라 허전한 느낌없이 페미닌하게 입기 좋았습니다.  재질 자체도 너무 얇거나 두꺼운 느낌없이 입고 벗기 편한 소재였고 늘어짐이 심한 소재같지도 않습니다! 평소 피부가 많이 예민한 편이라 얼마 못입고 버리는 옷이 많은데, 이 제품은 까끌거리는 느낌없이 부드러워서 너무 좋았어요!",레더리는 상의랑 하의 가방까지 못하는 게 없는 거 같아오! 요즘 저의 최애 브랜드입니다! 가격이 저렴함에도 불구하고 재질이 너무 좋아요!,실제로는 그린섞인 색인데 오묘해서 더 맘에들었습니다:) 어깨랑 뱃살이 있는편인데 제 단점을 커버해주네요 스카프에는 주름디테일이 있습니다! 스카프는 따로 코디 해줄수도 있을거 같고 요 상의 가을에 계속 손이갈거같네용~~🖤,아이보리 착용했습니다! 여리여리해 보이는 느낌이여서 맘에 들어요! 실제로는 아이보리에 그린 섞인 색인데 흔하지 않은 느낌이라 더 좋네요 ㅎㅎ
https://www.musinsa.com/products/4371083,ODSD 피그먼트 데미지 롱 슬리브 - DUSTY PINK,"58,000원",37%,"36,800원",오드스튜디오,https://image.msscdn.net/mfile_s01/_brand/free_medium/oddstudio.png?1732780510434,상의,긴소매 티셔츠,https://image.msscdn.net/thumbnails/images/prd_img/20240826/4371083/detail_4371083_17260273802776_big.jpg?w=1200,https://image.msscdn.net/thumbnails/images/prd_img/20240826/4371083/detail_4371083_17249633936368_big.jpg?w=1200,없음,https://image.msscdn.net/thumbnails/images/goods_img/20240826/4371083/4371083_17315688388903_big.jpg?w=1200,longsl_0274,951,1.7천 회 이상 (최근 1개월),없음,후기 7개,없음,한달후기 슬리브 색이 예뻐요. 쫑쫑해서 잘 입고 다니고 있습니다,"한달후기 빠른배송, 이쁜디자인 모두 마음에 들어요 재구매 하려고 합니다.",배송도 빠르고 제품도 기대했던 것 처럼 너무 괜찮고 좋네요. 마음에 들어서 이후에 추가 구매하려고 합니다.,한달후기 자주 입어도 전혀 해지지 않아서 좋아요!! 디자인도 안지겨워요,똑같은 디자인 반팔도 샀는데 긴팔도 색도 예쁘고 넉넉하니 좋아요!
https://www.musinsa.com/products/4441616,우먼즈 세미크롭 블루 나그랑 TREE 긴팔티,없음,없음,"36,800원",쏘비,https://image.musinsa.com/mfile_s01/_brand/free_medium/comieu.png?20240104160321,상의,긴소매 티셔츠,없음,없음,없음,https://image.msscdn.net/thumbnails/images/goods_img/20240916/4441616/4441616_17270064346534_big.png?w=1200,longsl_0275,634,1.1천 회 이상 (최근 1개월),없음,후기 5개,4.8,색도 잘 빠졌고 길이도 적당하고 핏도 미쳣ㅇ어요 가성비 템으로 추천👍,색상 배색이 이뻐서 구매했는데 중앙에 진브라운이 아니라 진그레이네요 그부분이 조금 아쉽지만 진그레이도 이뻐요,한달후기 편하고 귀여워서 휘뚜루마뚜루 자주 손이 가는 옷이에요,후리하게 입고다닐때도 꾸미고 다닐때도 다 입고다니는데 너무 힙하고 이쁩니도 일주일에 한번은 꼭 입고다니는 그런 애착옷이 되었다..,옷 너무 예버요 갈색이 아니라 회색쪽에 가까운 거 같아ㅕ
https://www.musinsa.com/products/4697529,Sha Layered Long Sleeve [Pink],"52,000원",30%,"36,400원",로제프란츠,https://image.msscdn.net/mfile_s01/_brand/free_medium/rosefrantz.png?1726714962255,상의,긴소매 티셔츠,https://image.msscdn.net/thumbnails/images/goods_img/20250103/4697529/4697529_17358870621178_big.jpg?w=1200,https://image.msscdn.net/thumbnails/images/prd_img/20250103/4697529/detail_4697529_17358870629853_big.jpg?w=1200,없음,https://image.msscdn.net/thumbnails/images/prd_img/20250103/4697529/detail_4697529_17358870632437_big.jpg?w=1200,longsl_0276,193,1.5천 회 이상 (최근 1개월),없음,후기 2개,4.5,크롭을 좋아하는데 길이가 조금 애매해서 아쉬워요. 디자인은 이쁩니다. 색상도 이쁘긴한데 덜 맑아서 아쉬워요. 모델 피팅 색상과 가장 유사합니다. 상세컷과는 전혀 다름.,색깔이 너무 마음에 들어요! 배송이 느렸지만 마음에 들어요!,없음,없음,없음
https://www.musinsa.com/products/4227353,우먼즈 버티컬 시어 보트 넥 긴소매 티셔츠 [블랙],"21,900원",20%,"17,490원",무신사 스탠다드 우먼,https://image.msscdn.net/mfile_s01/_brand/free_medium/musinsastandardwoman.png?1733278192535,상의,긴소매 티셔츠,https://image.msscdn.net/thumbnails/images/goods_img/20240702/4227353/4227353_17295843067503_big.jpg?w=1200,https://image.msscdn.net/thumbnails/images/prd_img/20240702/4227353/detail_4227353_17295843132989_big.jpg?w=1200,없음,https://image.msscdn.net/thumbnails/images/prd_img/20240702/4227353/detail_4227353_17295843142713_big.jpg?w=1200,longsl_0277,800,4.8천 회 이상 (최근 1개월),없음,후기 25개,4.7,좀 핏하구요 넉넉하게 사셔도 될 듯 해요 ㅎㅎ 이쁘고 레이어드 템으로 좋아용 그리고 조금 비침이 잇어요,빠른 배송에 감사합니다 너무 좋아서 다른색도 구매하려구요,예뻐요 맘에들어 다른색도 구매하려구요 빠른 배송에 감사합니다,원단이 부드럽고 좋습니다 . 가격대비 최고네요 날씬해보이고 핏이 여성스럽고 이뻐요,한달후기 저처럼 어깨가 좁으신 분에게는 목부분이 넓을 수 있습니다... 생각보다 훨씬 안에가 비쳐요
https://www.musinsa.com/products/4331943,V Drape Long Sleeve - 3COL,"48,000원",25%,"36,000원",비바셔스,https://image.musinsa.com/mfile_s01/_brand/free_medium/vivacious.png?20240503161902,상의,긴소매 티셔츠,https://image.msscdn.net/thumbnails/images/goods_img/20240814/4331943/4331943_17252629572101_big.jpg?w=1200,https://image.msscdn.net/thumbnails/images/prd_img/20240814/4331943/detail_4331943_17253375627292_big.jpg?w=1200,https://image.msscdn.net/thumbnails/images/prd_img/20240814/4331943/detail_4331943_17252605598843_big.jpg?w=1200,https://image.msscdn.net/thumbnails/images/prd_img/20240814/4331943/detail_4331943_17252605559826_big.jpg?w=1200,longsl_0278,369,350회 이상 (최근 1개월),없음,후기 3개,없음,여성스럽고 핏감이 예뻐요. 셔링이 잡혀 더 마음에 들어요,핏감이 좋아서 슬림해보이네요. 블랙인데 연한 느낌이에요,평소에 s입지만 일부러 넉넉하게 입으려고 m시켰는데 m시키길 질한것 같아요 적당히 달라붙고 주름에 예쁘게 잡혀서 너무 예뻐요,없음,없음
https://www.musinsa.com/products/4315621,Scramble Logo LS Ts_Black,"49,000원",27%,"36,000원",엘리오티,https://image.musinsa.com/mfile_s01/_brand/free_medium/ellioti.png?20220913170550,상의,긴소매 티셔츠,https://image.msscdn.net/thumbnails/images/goods_img/20240809/4315621/4315621_17231902487752_big.jpg?w=1200,https://image.msscdn.net/thumbnails/images/prd_img/20240809/4315621/detail_4315621_17231902534915_big.jpg?w=1200,없음,https://image.msscdn.net/thumbnails/images/prd_img/20240809/4315621/detail_4315621_17231902547301_big.jpg?w=1200,longsl_0279,772,300회 이상 (최근 1개월),없음,후기 11개,4.9,생각보다 옷이 탄탄하고 무난하게 입기에 좋아요,162에 48 기준 넉넉?하게 잘 맞아요 딱 휘뚤마뚤 입을 수 있음!!,"한달후기 핏 좋아요..!! 이너티로도, 그냥 아우터 없이도 잘 입고 다닐 거 같아용",한달후기 생각보다 탄탄하고 붙는 핏이라 불편하지만 기본템 느낌으로 나쁘지 않아요!,재질도 좋고 핏도 엄청 이쁩니다!! 스판기가 없어 어깨가 조금 있는 사람은 딱 맞을거 같아요
https://www.musinsa.com/products/4681305,심플 셔링 사선 기모 폴라티 (다크 그레이),없음,없음,"35,800원",쿨키튼,https://image.msscdn.net/mfile_s01/_brand/free_medium/koolkitten.png?20240709114643,상의,긴소매 티셔츠,https://image.msscdn.net/thumbnails/images/goods_img/20241226/4681305/4681305_17369275415340_big.jpg?w=1200,https://image.msscdn.net/thumbnails/images/prd_img/20241226/4681305/detail_4681305_17369275423770_big.jpg?w=1200,없음,https://image.msscdn.net/thumbnails/images/prd_img/20241226/4681305/detail_4681305_17369275424968_big.jpg?w=1200,longsl_0280,7,없음,없음,없음,없음,없음,없음,없음,없음,없음
https://www.musinsa.com/products/4369895,리버스 헨리넥 롱슬리브_그레이,"55,000원",35%,"35,750원",바스틱,https://image.msscdn.net/mfile_s01/_brand/free_medium/vastic.png?20200608153142,상의,긴소매 티셔츠,https://image.msscdn.net/thumbnails/images/goods_img/20240826/4369895/4369895_17254339796612_big.jpg?w=1200,https://image.msscdn.net/thumbnails/images/prd_img/20240826/4369895/detail_4369895_17253524449285_big.jpg?w=1200,https://image.msscdn.net/thumbnails/images/prd_img/20240826/4369895/detail_4369895_17253524491531_big.jpg?w=1200,https://image.msscdn.net/thumbnails/images/prd_img/20240826/4369895/detail_4369895_17253524510571_big.jpg?w=1200,longsl_0281,167,1.2천 회 이상 (최근 1개월),없음,후기 6개,없음,너무좋아요 다른 색상도 구매하고싶어요! 재입고해주세요.,한달후기 너무이쁩니다 살짝 오버한게 이뻐요 얇은편이고 편해요,재질이 앏아서 추운 날씨에는 단품보다 이너로 입는게 나을 것 같습니다. 저보다는 마른사람들이 더 체형보완도 되고 잘어울릴거같아요,옷이 특이해서 코디만 잘하면 스타일 확실히 챙길 수 있습니다. (마르신 분들이 특히 이쁠거 같네요),역봉제선 절개 디테일이 맘에 듭니다 근데 옷은 흐샅ㆍ
https://www.musinsa.com/products/4310321,코튼라이크 크롭 롱슬리브,"42,000원",,,몰든,https://image.musinsa.com/mfile_s01/_brand/free_medium/malden.png?20210805142711,스포츠/레저,상의,https://image.msscdn.net/thumbnails/images/prd_img/20240808/4310321/detail_4310321_17255131795871_big.jpg?w=1200,없음,없음,https://image.msscdn.net/thumbnails/images/goods_img/20240808/4310321/4310321_17255131686538_big.jpg?w=1200,longsl_0282,59,,없음,후기 2개,없음,소재도 좋고 디자인도 예뻐요! 크롭인데 디자인 과하지않아 무난하게 잘 입어질것 같아요!,좀 작긴한데 ㅎㅎ좋아요 빨리왔어요 같이 시킨것도 잘맞네요,없음,없음,없음
https://www.musinsa.com/products/4683955,TCM starfish mini logo long sleeve (sky blue),"39,000원",10%,"35,100원",더콜디스트모먼트,https://image.musinsa.com/mfile_s01/_brand/free_medium/thecoldestmoment.png?20200710145248,상의,긴소매 티셔츠,https://image.msscdn.net/thumbnails/images/goods_img/20241230/4683955/4683955_17370369462273_big.jpg?w=1200,https://image.msscdn.net/thumbnails/images/prd_img/20241230/4683955/detail_4683955_17370369545460_big.jpg?w=1200,https://image.msscdn.net/thumbnails/images/prd_img/20241230/4683955/detail_4683955_17370369553874_big.jpg?w=1200,https://image.msscdn.net/thumbnails/images/prd_img/20241230/4683955/detail_4683955_17370369571600_big.jpg?w=1200,longsl_0283,640,7.3천 회 이상 (최근 1개월),없음,후기 6개,없음,M이랑 L 중 고민 했는데 m도 충분히 낙낙하고 예뻐요!! 무엇보다 색감이 .. 색감이 …! 기절입니다!!! Ss다 보니 좀 많이 얇지만 간절기에도 충분히 입을 수 있어요!,이 브랜드 옷은 질이 좋아요. 컬러도 화사해서 마음에 들어요.,싸게 구매했는데 색도 화면상으로 봤던거랑 똑같고 재질도 맘에 들어여 근데 개인적 취향으론 소매가 생각보다 짧아서 L샀으면 더 좋았을듯,색도 너무 예쁘고아무곳에나 편하게 입기 좋아요ㅎㅎ,무난하게 입기 좋아요 봄에 입기 딱 좋겠어요 다들 구매하세요
https://www.musinsa.com/products/4429619,Symbol Slim Long Sleeve T-Shirts (White),"39,000원",10%,"35,100원",38컴온커먼,https://image.musinsa.com/mfile_s01/_brand/free_medium/38comeoncommon.png?20210524110009,상의,긴소매 티셔츠,https://image.msscdn.net/thumbnails/images/goods_img/20240911/4429619/4429619_17261044964419_big.jpg?w=1200,https://image.msscdn.net/thumbnails/images/prd_img/20240911/4429619/detail_4429619_17261045194398_big.jpg?w=1200,https://image.msscdn.net/thumbnails/images/prd_img/20240911/4429619/detail_4429619_17261045204168_big.jpg?w=1200,https://image.msscdn.net/thumbnails/images/prd_img/20240911/4429619/detail_4429619_17261045215208_big.jpg?w=1200,longsl_0284,47,200회 이상 (최근 1개월),없음,후기 1개,없음,제가 원하던 핏에 재질이에요 포인트 로고까지 진짜 넘 이뻐요 잘입을게요!,없음,없음,없음,없음
https://www.musinsa.com/products/4336541,루즈핏 스트라이프 롱슬리브 (BLACK/CHARCOAL GREY),"42,000원",17%,"34,900원",엑스컨테이너,https://image.musinsa.com/mfile_s01/_brand/free_medium/excontainer.png?20240320150032,상의,긴소매 티셔츠,https://image.msscdn.net/thumbnails/images/goods_img/20240816/4336541/4336541_17243741210701_big.jpg?w=1200,https://image.msscdn.net/thumbnails/images/prd_img/20240816/4336541/detail_4336541_17243741283385_big.jpg?w=1200,https://image.msscdn.net/thumbnails/images/prd_img/20240816/4336541/detail_4336541_17243741293470_big.jpg?w=1200,https://image.msscdn.net/thumbnails/images/prd_img/20240816/4336541/detail_4336541_17243741301986_big.jpg?w=1200,longsl_0285,"5,916",2만 회 이상 (최근 1개월),2.4천 개 이상,후기 387개,4.9,탄탄해서 안에 이너로 받쳐 입기 좋은 것 같아요 꿋 👍,한달후기 겨울아우터 이너로 잘 사용중입니다. 컬러도 무난해서 어디든 어울려요.,루즈핏이라 캐주얼한 느낌에 입기 좋아요. 컬러도 무난해서 점퍼나 패딩 이너로 입기 좋습니다.,옷 이쁘고 좋습니다. 고민하는 분들 구매 추천드려요.,우선 옷이 굉장히 부드럽고 편안해서 자주 입습니다
https://www.musinsa.com/products/4336540,루즈핏 스트라이프 롱슬리브 (IVORY/NAVY),"42,000원",17%,"34,900원",엑스컨테이너,https://image.musinsa.com/mfile_s01/_brand/free_medium/excontainer.png?20240320150032,상의,긴소매 티셔츠,https://image.msscdn.net/thumbnails/images/goods_img/20240816/4336540/4336540_17243741522138_big.jpg?w=1200,https://image.msscdn.net/thumbnails/images/prd_img/20240816/4336540/detail_4336540_17243741633745_big.jpg?w=1200,https://image.msscdn.net/thumbnails/images/prd_img/20240816/4336540/detail_4336540_17243741602921_big.jpg?w=1200,https://image.msscdn.net/thumbnails/images/prd_img/20240816/4336540/detail_4336540_17243741612768_big.jpg?w=1200,longsl_0286,346,3.1천 회 이상 (최근 1개월),없음,후기 6개,없음,일본 여행갈때 입었는데 소재도 부드럽고 편했어요~,가격대비 품질이 아주 훌륭합니다자주 입을 거 같애요,손목시보리에 반해서 구매했습니다. 생각했던 것만큼 이뻤고 가격도 저렴해서 개이득,배송도 빠르고 다른 색감이 생각보다 이뻐서 잘 입을 것 같아요,옷 입자마자 어께핏이 차는게 느껴져서 좋았고 기장이랑 가슴 사이즈가 딱 적당해서 좋았어요
https://www.musinsa.com/products/4518807,패턴 유넥 롱슬리브 [블랙],없음,없음,"34,900원",바우로 프로덕트,https://image.musinsa.com/mfile_s01/_brand/free_medium/bowlow.png?20240520135539,상의,긴소매 티셔츠,https://image.msscdn.net/thumbnails/images/goods_img/20241015/4518807/4518807_17289685187976_big.jpg?w=1200,https://image.msscdn.net/thumbnails/images/prd_img/20241015/4518807/detail_4518807_17289685256654_big.jpg?w=1200,https://image.msscdn.net/thumbnails/images/prd_img/20241015/4518807/detail_4518807_17289685265072_big.jpg?w=1200,https://image.msscdn.net/thumbnails/images/prd_img/20241015/4518807/detail_4518807_17289685292907_big.jpg?w=1200,longsl_0287,245,1.6천 회 이상 (최근 1개월),없음,후기 15개,4.9,디자인도 좋고 사이즈도 좋은디 제몸좀 더만들면 더 이쁠것같아요,사진이랑 같네요 입어보고 만족합니다 재주문 의사 ok,핏도 예쁘고 소재도 부드러워 좋습니다 길이감도 적당하고 자주 입을것 같네요,바우로 프로덕트 좋은 브랜드에 좋은 옷인거 같습니다 만족합니다!,"질감, 핏 미쳤어요 윗가슴 라인 너무 이쁘게 보이고 특히 팔 기장이 너무 맘에들어요 ❤️ 좋은 옷 감사합니다"
https://www.musinsa.com/products/4705411,피프티 보트넥 롱 슬리브 [블랙],"43,500원",20%,"34,800원",헬레네파리스,https://image.musinsa.com/mfile_s01/_brand/free_medium/heleneparis.png?20240503161520,상의,긴소매 티셔츠,없음,없음,없음,https://image.msscdn.net/thumbnails/images/goods_img/20250108/4705411/4705411_17376972443598_big.jpg?w=1200,longsl_0288,162,600회 이상 (최근 1개월),없음,없음,없음,없음,없음,없음,없음,없음
https://www.musinsa.com/products/4311938,RIBBON GRAPHIC LS TEE BLACK,"43,000원",20%,"34,400원",아메스 월드와이드,https://image.msscdn.net/mfile_s01/_brand/free_medium/amesworldwide.png?1730455523530,상의,긴소매 티셔츠,https://image.msscdn.net/thumbnails/images/prd_img/20240808/4311938/detail_4311938_17235996224168_big.jpg?w=1200,https://image.msscdn.net/thumbnails/images/prd_img/20240808/4311938/detail_4311938_17235996236727_big.jpg?w=1200,없음,https://image.msscdn.net/thumbnails/images/goods_img/20240808/4311938/4311938_17235996050958_big.jpg?w=1200,longsl_0289,"5,833",1만 회 이상 (최근 1개월),없음,후기 142개,4.8,길이도 적당하고 프린팅도 예뻐요! 앞으로 자주 입고 다닐 예정🥰,허리 부분이 일자가 아니라 곡선으로 되어있어서 포인트로 너무 예뻐요! 디자인도 독특하고 심플해서 어느 옷이나 잘 어울립니다~ 키가 큰 분들은 기장이 짧다고 느껴질 수 있지만 160 초중반 분들은 딱 예쁘게 입을 수 있을 것 같아요 옷 재질도 너무 좋고 탄탄해요 추천합니다,"한달후기 리본 그림이 생각보다 너무 예쁘고, 허리 부분이 일자가 아니라서 좋아요 어느 옷에 입어도 심플한데 독특한 느낌도 있어서 손이 자주 갑니다 아쉬운 점은 아메스 프리 사이즈가 조금 작게 나온 편인지 170 이상인 여자 분들은 앉았을 때나 손 들때 약간 신경쓰일 정도로 기장이 짧았어요 160대 분들이라면 딱 맞게 예쁠 것 같습니다!",길이가 애매해보여서 걱정했는데 넘 이뻐요ㅠㅠ 초가을에 입기 좋구 제질도 좋아여 ㅎㅎ 그리고 날씬해보여용 사진이 좀 짜리몽땅하게 나왔는데 저정돈 아니구여 ㅋ 바지 치마 모두 잘어을랴요,무늬는 너무 귀엽고 예쁜데용 재질도 금방 늘어날 것 같지 않고 좋아요!
https://www.musinsa.com/products/4525263,쮸리 오버핏 롱 슬리브(화이트멜란지),"43,000원",20%,"34,400원",아던트소울,https://image.musinsa.com/mfile_s01/_brand/free_medium/ardentsoul.png?20220817173158,스포츠/레저,상의,없음,없음,없음,https://image.msscdn.net/thumbnails/images/goods_img/20241016/4525263/4525263_17290651569691_big.jpg?w=1200,longsl_0290,43,150회 이상 (최근 1개월),없음,후기 3개,없음,한달후기 아주 넉넉하게 입고싶을 때 딱입니다 소재는 얇은편,옷 재질도 좋고 오버핏이라서 여유도 있어서 데일리로 입기 좋아요,품 매우 넉넉 소매는 좀 과하게 길지만 전반적으로 가격대비 좋음,없음,없음
https://www.musinsa.com/products/4501705,Halter Sleeveless Set T-shirt White,"38,000원",10%,"34,200원",렌세,https://image.musinsa.com/mfile_s01/_brand/free_medium/rense.png?20240509135300,상의,긴소매 티셔츠,https://image.msscdn.net/thumbnails/images/goods_img/20241010/4501705/4501705_17292286306479_big.jpg?w=1200,https://image.msscdn.net/thumbnails/images/prd_img/20241010/4501705/detail_4501705_17292286370953_big.jpg?w=1200,https://image.msscdn.net/thumbnails/images/prd_img/20241010/4501705/detail_4501705_17292286377140_big.jpg?w=1200,https://image.msscdn.net/thumbnails/images/prd_img/20241010/4501705/detail_4501705_17292286388912_big.jpg?w=1200,longsl_0291,"1,193",4.6천 회 이상 (최근 1개월),없음,후기 16개,4.6,한달후기 셋트상품이라서 각각 따로도 입을수 있어 활용하기 좋았어요~,한달후기 티랑 같이 세트로 된건데 뷔스티에만 받은걸 지금알았는데 배송받은지도 몇달뒤에 너무늦게알아서..그냥입습니다 😂 그래도 레이어드해서 잘 입고있습니다..,데일리로입기 너무 좋아요!! 소재도 탄탄하고 핏도 여유있어 굳굳!! 슬리브 단독으로도 다른 제품이랑 레이어드해서 입을 수 있어 좋고 슬리브 넥 끈부분이 길게 내려와서 포인트되는것도 좋음 ㅎㅎ,우와 정말 예쁘다! まじで綺麗です可愛いです넥라인이 특히 맘에 들고 나시랑 세트인데 이 가격이라니! 安すぎ！,바스트가 있어서 가슴 부분이 제가 원하는 핏이 안 나오지만 그냥 살을 빼서 입겠습니다 왜냐하면 귀엽거든요
https://www.musinsa.com/products/4334570,핑크 ESCF 로고 콜라주 프린트 롱슬리브 블랙,"65,000원",48%,"33,900원",이스케이프프롬,https://image.musinsa.com/mfile_s01/_brand/free_medium/escapefrom.png?20240220140258,상의,긴소매 티셔츠,https://image.msscdn.net/thumbnails/images/prd_img/20240816/4334570/detail_4334570_17237390352402_big.jpg?w=1200,https://image.msscdn.net/thumbnails/images/prd_img/20240816/4334570/detail_4334570_17237390355098_big.jpg?w=1200,없음,https://image.msscdn.net/thumbnails/images/goods_img/20240816/4334570/4334570_17237390343205_big.jpg?w=1200,longsl_0292,568,2.7천 회 이상 (최근 1개월),없음,후기 5개,4.2,귀엽긴한디 재질이 너무 ㅂㄹ임.. 졸12라 까슬거림 세일 안하면 ㄹㅇ 굳이? 딴거삼,"한달후기 진짜 너무너무 잘 입고 있는 옷입니다! 블랙에 핑크 포인트가 너무 예쁘고, 치마, 바지, 슬랙스, 츄리닝까지 다 잘 어울립니다 ^^.",옷두께 길이 다 맘에듭니다!흰색인데 속이 안비쳐요,미듐도 맞았을거같긴한데 더 넉넉하게 입으려고 라지샀어요 휘뚜루마뚜루 잘 입을게여,생각보다 사이즈가 컸어요 (163기준) 목 부분이 탄탄한 느낌은 없어서 세탁 조심해야할거 같습니당
https://www.musinsa.com/products/4370984,오드 시그니처 컷오프 슬림 롱 슬리브 - BLACK,"56,000원",40%,"33,800원",오드스튜디오,https://image.msscdn.net/mfile_s01/_brand/free_medium/oddstudio.png?1732780510434,상의,긴소매 티셔츠,https://image.msscdn.net/thumbnails/images/goods_img/20240826/4370984/4370984_17316460975612_big.jpg?w=1200,https://image.msscdn.net/thumbnails/images/prd_img/20240826/4370984/detail_4370984_17249754278409_big.jpg?w=1200,https://image.msscdn.net/thumbnails/images/prd_img/20240826/4370984/detail_4370984_17249754235397_big.jpg?w=1200,https://image.msscdn.net/thumbnails/images/prd_img/20240826/4370984/detail_4370984_17261956306172_big.jpg?w=1200,longsl_0293,540,1.1천 회 이상 (최근 1개월),없음,없음,없음,없음,없음,없음,없음,없음
https://www.musinsa.com/products/4380015,셔링 하프 레이어드 티셔츠 [KHAKI] / WBD3L01518,"43,000원",23%,"33,000원",제너럴아이디어,https://image.musinsa.com/mfile_s01/_brand/free_medium/generalideastandard.png?20240418113747,상의,긴소매 티셔츠,https://image.msscdn.net/thumbnails/images/goods_img/20240828/4380015/4380015_17248388105622_big.jpg?w=1200,https://image.msscdn.net/thumbnails/images/prd_img/20240828/4380015/detail_4380015_17248274609813_big.jpg?w=1200,https://image.msscdn.net/thumbnails/images/prd_img/20240828/4380015/detail_4380015_17248274612328_big.jpg?w=1200,https://image.msscdn.net/thumbnails/images/prd_img/20240828/4380015/detail_4380015_17248388258331_big.jpg?w=1200,longsl_0294,106,150회 이상 (최근 1개월),없음,후기 4개,없음,이뻐요~ 레이어드포인트로 입기에 좋고 색도 지금 가을에 딱 좋은 무드! 여리여리되보이는 핏이랑 셔링부분도 너무 맘에 들어요~ 은근 따뜻해서 올겨울 이너로도 잘 입을듯요!,한달후기 디테일도 이쁘고 레이어드도 마음에 들어요 이거만 입어도 이쁨,진짜 이쁨ㅠㅠ 색깔 조합이 왕 맘에 듬 옆에 있는 셔링으로 날씬해 보일수 있음,귀염느낌! 요즘 스타일스럽게 레이어드되어있어 입기 좋고 셔링부분의 디테일이 맘에 들어요~ 살짝 슬림이라 핏되는 느낌이라 부담스럽긴한데 이너로 입기 좋을거같아요!,없음
https://www.musinsa.com/products/4766437,리듬 스트라이프 긴팔티셔츠 블루 KMLT6850,"50,000원",34%,"32,900원",에즈카톤,https://image.musinsa.com/mfile_s01/_brand/free_medium/ezkaton.png?20230919172205,상의,긴소매 티셔츠,https://image.msscdn.net/thumbnails/images/goods_img/20250207/4766437/4766437_17388870055614_big.jpg?w=1200,https://image.msscdn.net/thumbnails/images/prd_img/20250207/4766437/detail_4766437_17388879662917_big.jpg?w=1200,https://image.msscdn.net/thumbnails/images/prd_img/20250207/4766437/detail_4766437_17388879669763_big.jpg?w=1200,https://image.msscdn.net/thumbnails/images/prd_img/20250207/4766437/detail_4766437_17388879682591_big.jpg?w=1200,longsl_0295,17,150회 이상 (최근 1개월),없음,없음,없음,없음,없음,없음,없음,없음
https://www.musinsa.com/products/4346475,슬림핏 스트라이프 탑 [CREAM],"41,000원",20%,"32,800원",레더리,https://image.musinsa.com/mfile_s01/_brand/free_medium/leathery.png?20220124140405,상의,긴소매 티셔츠,https://image.msscdn.net/thumbnails/images/goods_img/20240820/4346475/4346475_17243778262786_big.jpg?w=1200,https://image.msscdn.net/thumbnails/images/prd_img/20240820/4346475/detail_4346475_17243778416684_big.jpg?w=1200,https://image.msscdn.net/thumbnails/images/prd_img/20240820/4346475/detail_4346475_17243778431114_big.jpg?w=1200,https://image.msscdn.net/thumbnails/images/prd_img/20240820/4346475/detail_4346475_17243778476133_big.jpg?w=1200,longsl_0296,"2,885",7.1천 회 이상 (최근 1개월),없음,후기 84개,4.8,"진짜 넘예,,🥹 입고 벗을때 좀 타이트한면이있는데 진짜 그건 모르겠고 너무이쁘고 핏 너무이븜요 회색도 사고싶어요 진짜로🤩🖤  마감도 정말 깔꼬롬한거같고 로고도 진짜 딱 심플해서이쁨요 단추도 정말 내스타일",한달후기 살면서 팔뚝에 살 있다고는 생각해본적도없는데 고민해보게 되는 옷ㅋㅋ 예쁘긴 엄청 예뻐요!! 근데 얼굴 커도 넣기가 힘든듯…,한달후기 딱붙음..입고벗기 살짝 불편쓰 예쁘긴한데 딱붙는옷이 제체형엔 그닥이네요 머리커보여서 슬픈 짐승이여,상체는 나름 날씬한 편인데도 엄청 타이트하네요 44사이즈 분들이 잘 입으실 것 같아요 옷은 예뻐요,예뻐요~옷이 생각보다 튼튼해서 오래 입을 수 있을 것 같아요~
https://www.musinsa.com/products/4509409,에어리즈 우먼 러닝 롱슬리브,"41,000원",20%,"32,800원",몰든,https://image.musinsa.com/mfile_s01/_brand/free_medium/malden.png?20210805142711,스포츠/레저,상의,https://image.msscdn.net/thumbnails/images/goods_img/20241011/4509409/4509409_17286329273673_big.jpg?w=1200,https://image.msscdn.net/thumbnails/images/prd_img/20241011/4509409/detail_4509409_17286329338337_big.jpg?w=1200,https://image.msscdn.net/thumbnails/images/prd_img/20241011/4509409/detail_4509409_17286329387793_big.jpg?w=1200,https://image.msscdn.net/thumbnails/images/prd_img/20241011/4509409/detail_4509409_17286329440755_big.jpg?w=1200,longsl_0297,34,,없음,없음,없음,없음,없음,없음,없음,없음
https://www.musinsa.com/products/4327239,텐셀 코튼 와플 헨리넥 티셔츠 [BLACK],"36,000원",10%,"32,400원",드로우핏,https://image.msscdn.net/mfile_s01/_brand/free_medium/drawfit.png?20200608153142,상의,긴소매 티셔츠,https://image.msscdn.net/thumbnails/images/prd_img/20240813/4327239/detail_4327239_17243781034459_big.jpg?w=1200,https://image.msscdn.net/thumbnails/images/prd_img/20240813/4327239/detail_4327239_17243781043495_big.jpg?w=1200,없음,https://image.msscdn.net/thumbnails/images/goods_img/20240813/4327239/4327239_17243780923128_big.jpg?w=1200,longsl_0298,"1,743",5.4천 회 이상 (최근 1개월),1.1천 개 이상,후기 218개,4.8,#엔도어 #데일리룩 #미니멀,좋습니다 핏 딱 좋은데 팔이 너무길어요 수선해야될정도입니다,제가 걸어놓은 옷은 입고 난 뒤의 모습이라 처량하게 보일지 몰라도 스팀다리미로 한번 빠르게 정리해주고 입으면 옷 예쁩니다.,한달후기 핏이 이쁘고 멋스럽게 잘 떨어짐 그리고 재질이 좋음,와플 조직감이 마음에 듦. 적당히 박시한 핏으로 이쁘게 떨어지는 핏입니다. 어깨 좁거나 넓거나 상관없이 이쁨.
https://www.musinsa.com/products/4744144,노팅힐 페미닌 원숄더 롱 슬리브 멜란지,"45,000원",30%,"31,500원",칙스,https://image.msscdn.net/mfile_s01/_brand/free_medium/chicks.png?1733982020725,상의,긴소매 티셔츠,https://image.msscdn.net/thumbnails/images/goods_img/20250124/4744144/4744144_17377003555611_big.jpg?w=1200,https://image.msscdn.net/thumbnails/images/prd_img/20250124/4744144/detail_4744144_17377003563528_big.jpg?w=1200,https://image.msscdn.net/thumbnails/images/prd_img/20250124/4744144/detail_4744144_17377003565865_big.jpg?w=1200,https://image.msscdn.net/thumbnails/images/prd_img/20250124/4744144/detail_4744144_17377003571224_big.jpg?w=1200,longsl_0299,433,2.7천 회 이상 (최근 1개월),없음,없음,없음,없음,없음,없음,없음,없음
https://www.musinsa.com/products/4751582,레이어드 롱슬리브 (블랙),"98,000원",15%,"83,300원",주앙옴므,https://image.musinsa.com/mfile_s01/_brand/free_medium/juanhomme.png?20240912111401,상의,긴소매 티셔츠,없음,없음,없음,https://image.msscdn.net/thumbnails/images/goods_img/20250203/4751582/4751582_17389162199290_big.jpg?w=1200,longsl_0300,30,200회 이상 (최근 1개월),없음,없음,없음,없음,없음,없음,없음,없음
https://www.musinsa.com/products/4699576,헤비 코튼 헨리넥 니트 (4COLOR),"87,000원",10%,"78,300원",파브레가,https://image.musinsa.com/mfile_s01/_brand/free_medium/fabregat.png?20220303174256,상의,긴소매 티셔츠,https://image.msscdn.net/thumbnails/images/goods_img/20250106/4699576/4699576_17386670259444_big.jpg?w=1200,https://image.msscdn.net/thumbnails/images/prd_img/20250106/4699576/detail_4699576_17386669524883_big.jpg?w=1200,https://image.msscdn.net/thumbnails/images/prd_img/20250106/4699576/detail_4699576_17386669561627_big.jpg?w=1200,https://image.msscdn.net/thumbnails/images/prd_img/20250106/4699576/detail_4699576_17386669642287_big.jpg?w=1200,longsl_0301,250,3.2천 회 이상 (최근 1개월),없음,후기 4개,없음,두께가 있는 헨리넥을 찾던 도중 발견했습니다-! 색감도 이쁘고 좋아요! 팔이 좀 길긴 하지만 괜찮아요! 모델님 셔츠레이어드를 따라 했지만 따라가지 못하네요 ㅠ 옷은 넘 이뻐영!,얇은 니트가 아니고 두께감이 있는 코튼재질의 니트에요 데릭님과 함께 콜라보한 브이넥니트 정도 두께감? 이라고 생각하시면 됩니다,여리여리한 느낌이 아닌 탄탄한 느낌의 헨리넥을 찾고 있었는데 파브레가에서 찾았네요 두께감 있고 여유로운핏이 너무 마음에 들어요 셔츠 레이어드하면 너무 좋을것같아요,여리여리한 느낌이 아닌 탄탄한 느낌의 헨리넥을 찾고 있었는데 파브레가에서 찾았네요 두께감 있고 여유로운핏이 너무 마음에 들어요 셔츠 레이어드하면 너무 좋을것같아요,없음
https://www.musinsa.com/products/4348635,TCM mini logo stripe long sleeve (pink/red),"54,000원",10%,"48,600원",더콜디스트모먼트,https://image.musinsa.com/mfile_s01/_brand/free_medium/thecoldestmoment.png?20200710145248,상의,긴소매 티셔츠,https://image.msscdn.net/thumbnails/images/goods_img/20240820/4348635/4348635_17254110112634_big.jpg?w=1200,https://image.msscdn.net/thumbnails/images/prd_img/20240820/4348635/detail_4348635_17254110185097_big.jpg?w=1200,https://image.msscdn.net/thumbnails/images/prd_img/20240820/4348635/detail_4348635_17254110194724_big.jpg?w=1200,https://image.msscdn.net/thumbnails/images/prd_img/20240820/4348635/detail_4348635_17254110216549_big.jpg?w=1200,longsl_0302,"8,267",1.6만 회 이상 (최근 1개월),1.2천 개 이상,후기 200개,4.8,긔야워요 저거 불가사리택배오는거 아쥬 귀얍ㅈ스으디너,믿고사는 슬리브 맛집ㅠㅜ 재질도 그렇고 색도 귀여움,옷이 너무 탄탄해요. 어떻게 이렇게 만들어요? 그들은 신인가?,이 옷 입은 내가 너무 귀여워요 ㅋ 두살은 더 어려진듯 푸핫,귀얍습니다….🥰 꼭 흑청이랑 같이 입으십시오… 카와이ㅎㅐ여
https://www.musinsa.com/products/4348641,TCM mini logo stripe long sleeve (sky blue/charcoal),"54,000원",10%,"48,600원",더콜디스트모먼트,https://image.musinsa.com/mfile_s01/_brand/free_medium/thecoldestmoment.png?20200710145248,상의,긴소매 티셔츠,https://image.msscdn.net/thumbnails/images/goods_img/20240820/4348641/4348641_17254109815864_big.jpg?w=1200,https://image.msscdn.net/thumbnails/images/prd_img/20240820/4348641/detail_4348641_17254109891946_big.jpg?w=1200,https://image.msscdn.net/thumbnails/images/prd_img/20240820/4348641/detail_4348641_17254109902414_big.jpg?w=1200,https://image.msscdn.net/thumbnails/images/prd_img/20240820/4348641/detail_4348641_17254109923775_big.jpg?w=1200,longsl_0303,"11,421",2만 회 이상 (최근 1개월),1.8천 개 이상,후기 278개,4.8,예쁘고 귀여움 근데 사이즈가 많이커요,휘뚤마뚤입기 좋은 슬리브예요 생각보다 짱짱해서 좋았고요 핏도 좋았습니다 어깨라인 핏만 좀 아쉬웠고 나머지 다 만족해요 스트라이프패턴이 특히 예뻐요,한달후기 정가에 구매하긴 아까워서 할인해서 3만원 초반대일 때 구매했어요. 스트라이프 하나만 보고 산 거라 질은 기대 안 했는데 생각보다 좋았어요. 목부분도 짱짱하고 슬리브인데 너무 얇지 않아서 만족했습니다. 평소 크게 입는 거 좋아하는데도 가슴단면보니 크게 나온 거 같아서 M샀더니 딱 만족할 핏 나와서 좋아요,세상에서 가장 귀여운 옷이에요 빨아도 변형없이 잘 유지돼용 시험기간에 입으면 딱@@@@좋아요 휘뚤마뚤 추리닝이랑 같이 입어서 손이 자주갑니다! 전 오랫동안 고민하고 질렀는데 후회 절대 안해요… 올해 최고의 소비. 정말귀여움,귀여운 맛으로 한 번 사봤는데 이 티셔츠 보고 있으면 어지러워요 ㅋㅋ ㅠ 봄 가을에 이쁘게 입을 수 있을 것 같아요 ! 더콜디는 롱슬리브 맛집이에요 오래 입을 수 있을 만큼 탄탄한 !!!
https://www.musinsa.com/products/4730912,리브드 헨리넥 티셔츠 [BLACK],"44,000원",20%,"35,200원",드로우핏,https://image.msscdn.net/mfile_s01/_brand/free_medium/drawfit.png?20200608153142,상의,긴소매 티셔츠,https://image.msscdn.net/thumbnails/images/goods_img/20250120/4730912/4730912_17374390856578_big.jpg?w=1200,https://image.msscdn.net/thumbnails/images/prd_img/20250120/4730912/detail_4730912_17374390956275_big.jpg?w=1200,https://image.msscdn.net/thumbnails/images/prd_img/20250120/4730912/detail_4730912_17374390965730_big.jpg?w=1200,https://image.msscdn.net/thumbnails/images/prd_img/20250120/4730912/detail_4730912_17374390999464_big.jpg?w=1200,longsl_0304,527,4.5천 회 이상 (최근 1개월),없음,후기 9개,4.4,소화하기 쉽지는 않은 옷같아요 세로 줄무늬에 붙는핏이라 실루엣이 잘보여서 마른분들은 고민좀 해봐야 할거같네요,소화하기 쉽지는 않은 옷같아요 세로 줄무늬에 붙는핏이라 실루엣이 잘보여서 마른분들은 고민좀 해봐야 할거같네요,생각보다 두툼하고 이너로 입기에 딱일 것 같습니다,얇으면서 맨살에 입어도 불편하지않아서 좋네요. 그레이 사려다가 블랙 샀는데 잘산거같네요. 이너용으로 연출하면 예쁘게 입을거같아요.,기본템으로 추천드려요 블랙룩좋아하시면 편하게 입기좋아요
https://www.musinsa.com/products/4366073,460G 컷 헤비 피그먼트 롱 슬리브-워시드 블랙-,"71,700원",40%,"43,000원",소버먼트,https://image.musinsa.com/mfile_s01/_brand/free_medium/sovermentwithlomort.png?20201105164327,상의,긴소매 티셔츠,없음,없음,없음,https://image.msscdn.net/thumbnails/images/goods_img/20240823/4366073/4366073_17250158703927_big.jpg?w=1200,longsl_0305,"1,463",7.5천 회 이상 (최근 1개월),1.7천 개 이상,후기 302개,4.9,"소버먼트 특유의 느낌. 딱 생각했던 재질, 핏, 색감입니다. 만족합니다^^",핏도좋고 건조기돌려서 살짝줄여입으면 오버하게 떨어져요,저같은 큰 사이즈를 원하는 분께는 딱인 옷이라는 생각이들어요. 그리고 등 윗부분에 가로줄이 있어서 덜밋밋해서 의외로 좋아요. 단점이라면 천이 생각보다 팔랑팔랑?거린다는거 뿐이에요.,배송도 빠르고 탄탄하니 마음에 듭니다 역시 소버먼트입니다,소버먼트옷은 항상좋습니다 늘어나지도않고 이뻐요
https://www.musinsa.com/products/4515584,패턴 머슬 헨리넥 니트티 [차콜],없음,없음,"39,900원",바우로 프로덕트,https://image.musinsa.com/mfile_s01/_brand/free_medium/bowlow.png?20240520135539,상의,긴소매 티셔츠,https://image.msscdn.net/thumbnails/images/prd_img/20241014/4515584/detail_4515584_17288957058455_big.jpg?w=1200,https://image.msscdn.net/thumbnails/images/prd_img/20241014/4515584/detail_4515584_17288957032348_big.jpg?w=1200,없음,https://image.msscdn.net/thumbnails/images/goods_img/20241014/4515584/4515584_17288956936284_big.jpg?w=1200,longsl_0306,636,8.1천 회 이상 (최근 1개월),없음,후기 32개,4.6,얇은 소재이고 핏은 나쁘지 않았습니다. 배송 좋았어요,적당히 핏한 소재로 잘 나왔습니다. 딱 제가 원하는 그런 느낌의 소재에요 잘 입도록 할게요!!,약간 내복같은 디자인이라 조금 그러네요..ㅋㅋ 그래도 입어야죠,살짝 얇긴한데 이너로 입기에 찰떡입니다. 잘입을게요,핏이랑 컬러가 좋고 부드러워요 근데 생각보다 더 얇네요
https://www.musinsa.com/products/4308203,VLAD 피그먼트 슬래쉬 롱슬리브 티셔츠_차콜,"45,900원",36%,"29,600원",디미트리블랙,https://image.musinsa.com/mfile_s01/_brand/free_medium/dimitriblack.png?20210325153706,상의,긴소매 티셔츠,https://image.msscdn.net/thumbnails/images/goods_img/20240808/4308203/4308203_17240583743289_big.jpg?w=1200,https://image.msscdn.net/thumbnails/images/prd_img/20240808/4308203/detail_4308203_17240492823264_big.jpg?w=1200,https://image.msscdn.net/thumbnails/images/prd_img/20240808/4308203/detail_4308203_17240492814651_big.jpg?w=1200,https://image.msscdn.net/thumbnails/images/prd_img/20240808/4308203/detail_4308203_17236032065361_big.jpg?w=1200,longsl_0307,"8,384",1.1천 회 이상 (최근 1개월),2.8천 개 이상,후기 408개,4.9,남성 · 181cm · 75kg,체구가 작은데 옷 자체가 탄탄해서 핏이 안 망가져서 말라보이지 않아서 좋아요 170이상 아니면 여성분들은 s하면 적당히 오버핏 되서 예쁠거 같아요,후기보고 구매했는데 역시 실패는 없어요! 재질도 좋고 워싱이 기가 막히네요ㅋㅋ 여자분들은 S하면 품이나 기장 딱 맞을거 같아요 팔길이 긴 편인데도 소매는 약간 남아요,사이즈도 잘 맞고 이쁩니다 ㅎ 간절기때 입기 딱 좋은거같아요 !,개인적으로 요즘 피그먼트에 빠져서 슬슬 가을 오는것 같아서 긴팔 구매하려고 알아보다가 디미트리블랙 롱슬리브 티서츠 핏이 예뻐보여서 구매했습니다. 살짝 오버핏이고 기장도 만족합니다!
https://www.musinsa.com/products/4457093,Black leopard cross necklace top,없음,없음,"49,000원",일리오,https://image.musinsa.com/mfile_s01/_brand/free_medium/illio.png?20240315153926,상의,긴소매 티셔츠,https://image.msscdn.net/thumbnails/images/goods_img/20240924/4457093/4457093_17272505741967_big.jpg?w=1200,https://image.msscdn.net/thumbnails/images/prd_img/20240924/4457093/detail_4457093_17272642775118_big.jpg?w=1200,https://image.msscdn.net/thumbnails/images/prd_img/20240924/4457093/detail_4457093_17272642788322_big.jpg?w=1200,https://image.msscdn.net/thumbnails/images/prd_img/20240924/4457093/detail_4457093_17272642762155_big.jpg?w=1200,longsl_0308,"3,479",1.5만 회 이상 (최근 1개월),없음,후기 81개,4.9,3개 남았다길래 후다닥 결제했는데 재질 너무 쫜쫜하구 목걸이 처럼 돼있는 디테일 미쳐벌여요 어깨도 넓은편인데 딱 맞아서 너무 행복해요 흑흑 굿소비,한달후기 화이트보단 블랙이 더 예쁜 거 같아용 좀 헐렁했지만 디자인이 예뻐요!! 체인이랑 호피가 포인뚜예용,넘 이뻐요! 무신사 덕분에 기분좋은 쇼핑성공 히희,목도 적당히 파여있고 소매도 적당히 길어서 여리여리한핏 쌉가능입니다 그리고 이 옷에 포인트 체인으로 목걸이까지 하면 너무 예뻐요,목도 적당히 파여있고 소매도 적당히 길어서 여리여리한핏 쌉가능입니다 그리고 이 옷에 포인트 체인으로 목걸이까지 하면 너무 예뻐요
https://www.musinsa.com/products/4762401,PTR 워밍업 하이넥 피스테 오렌지(UQ121SWT21),"129,000원",5%,"122,550원",엄브로,https://image.msscdn.net/mfile_s01/_brand/free_medium/umbro.png?20200608153142,상의,긴소매 티셔츠,https://image.msscdn.net/thumbnails/images/goods_img/20250206/4762401/4762401_17388177409730_big.jpg?w=1200,https://image.msscdn.net/thumbnails/images/prd_img/20250206/4762401/detail_4762401_17388091545902_big.jpg?w=1200,https://image.msscdn.net/thumbnails/images/prd_img/20250206/4762401/detail_4762401_17388091549365_big.jpg?w=1200,https://image.msscdn.net/thumbnails/images/prd_img/20250206/4762401/detail_4762401_17388091553376_big.jpg?w=1200,longsl_0309,1,없음,없음,없음,없음,없음,없음,없음,없음,없음
https://www.musinsa.com/products/4265170,Plan L/S Tee Black,없음,없음,"65,000원",테켓,https://image.msscdn.net/mfile_s01/_brand/free_medium/teket.png?20240722134232,상의,긴소매 티셔츠,없음,없음,없음,https://image.msscdn.net/thumbnails/images/goods_img/20240722/4265170/4265170_17237780102807_big.jpg?w=1200,longsl_0310,"3,243",1.4만 회 이상 (최근 1개월),없음,후기 138개,4.9,재질도 괜찮고 길이도 적당해서 편하게 입기 좋은 거 같아요,예쁜 롱슬리브 하나 얻었네요 ~ 핏도 좋구 대충 입을 때 좋음,휘뚜루마뚜루 딱이에요 앞에 로고가 밋밋하지않아서 더 맘에들어요,추리닝에도 고냥 바지에도 다 잘어울리고 테켓은 그냥 테켓이죠 더 말할 것도 없어요!!!,예약 배송이래서 기다릴라고 시켰는데 하루만에 옴 👍🏻👍🏻 이뻐요
https://www.musinsa.com/products/4734738,슬림핏 버튼 레이어드 롱슬리브 [BLACK],"48,000원",10%,"43,200원",레더리,https://image.musinsa.com/mfile_s01/_brand/free_medium/leathery.png?20220124140405,상의,긴소매 티셔츠,https://image.msscdn.net/thumbnails/images/goods_img/20250121/4734738/4734738_17376123092011_big.jpg?w=1200,https://image.msscdn.net/thumbnails/images/prd_img/20250121/4734738/detail_4734738_17376123178791_big.jpg?w=1200,없음,https://image.msscdn.net/thumbnails/images/prd_img/20250121/4734738/detail_4734738_17376123187100_big.jpg?w=1200,longsl_0311,703,5.3천 회 이상 (최근 1개월),없음,후기 1개,없음,이쁘고 입기편해요 파인부분도 이쁘구요 여리여리해보이고 전체적으로 맘에쏙듭니다! 여기브랜드 옷자체가 다 이쁜거같아여 성공!,없음,없음,없음,없음
https://www.musinsa.com/products/4339000,Honda Motorcycle Piping Jersey Blue,"89,000원",30%,"62,300원",혼다 모터사이클,https://image.musinsa.com/mfile_s01/_brand/free_medium/hondaxphyps.png?20240208185624,상의,긴소매 티셔츠,https://image.msscdn.net/thumbnails/images/goods_img/20240816/4339000/4339000_17238011660839_big.jpg?w=1200,https://image.msscdn.net/thumbnails/images/prd_img/20240816/4339000/detail_4339000_17238011667795_big.jpg?w=1200,https://image.msscdn.net/thumbnails/images/prd_img/20240816/4339000/detail_4339000_17238011670532_big.jpg?w=1200,https://image.msscdn.net/thumbnails/images/prd_img/20240816/4339000/detail_4339000_17238011675659_big.jpg?w=1200,longsl_0312,704,2.3천 회 이상 (최근 1개월),없음,후기 12개,4.8,한달후기 너무나 잘 입고 있습니다. 튼튼하고 안감이 있어서 따뜻하고 세탁시에도 변함이 없네요. 혼다 최고,사이즈 원단 다 맘에 들아여!! 오버핏으러 싹싹이에여!,한달후기 아 너무 잘샀어요~ 세일때 사길 잘했어요 교복처럼 입을거없으면 거의 맨날 입는것같아요 데일리로 입기 좋고 입으면 꾸안꾸됩니다,몸이 조금 커보이지만 좋은가격 좋은 품질입니다,실물이 훨씬 이쁘네요. 색감도 상당히 만족스럽습니다. 약간은 얇은감이 있지만 나풀거려서 더 좋습니다.
https://www.musinsa.com/products/4686823,PROTOTYPE HENLEY NECK WAFFLE KNIT (BLACK),없음,없음,"119,000원",이티씨이,https://image.msscdn.net/mfile_s01/_brand/free_medium/etce.png?1733464500665,상의,긴소매 티셔츠,https://image.msscdn.net/thumbnails/images/goods_img/20241231/4686823/4686823_17356305351835_big.jpg?w=1200,https://image.msscdn.net/thumbnails/images/prd_img/20241231/4686823/detail_4686823_17356305442027_big.jpg?w=1200,https://image.msscdn.net/thumbnails/images/prd_img/20241231/4686823/detail_4686823_17356305447819_big.jpg?w=1200,https://image.msscdn.net/thumbnails/images/prd_img/20241231/4686823/detail_4686823_17356305471971_big.jpg?w=1200,longsl_0313,526,9.6천 회 이상 (최근 1개월),없음,후기 9개,4.9,역시 인기 믾은 이유가 있네용 품도 넉넉하니 이쁩니당,옷 너무 이쁘고 뒤에 해골자수가 너무 매력적이네요,퀄리티 좋습니다. 후면 그래픽이 프린팅인 줄 알고 샀었는데 자수여서 놀랐습니다,자수 디테일과 핏 그리고 제질까지 너무 좋아서 강추요!,옷 사고 싶었는데 재입고 되어 바로 질러버렸으.. 매우만족
https://www.musinsa.com/products/4720492,무브먼트 풋볼 져지_블랙,"62,000원",10%,"55,800원",로맨틱크라운,https://image.msscdn.net/mfile_s01/_brand/free_medium/romanticcrown.png?20240418114459,스포츠/레저,상의,https://image.msscdn.net/thumbnails/images/goods_img/20250115/4720492/4720492_17370956626091_big.jpg?w=1200,https://image.msscdn.net/thumbnails/images/prd_img/20250115/4720492/detail_4720492_17370958223674_big.jpg?w=1200,https://image.msscdn.net/thumbnails/images/prd_img/20250115/4720492/detail_4720492_17370960079885_big.jpg?w=1200,https://image.msscdn.net/thumbnails/images/prd_img/20250115/4720492/detail_4720492_17370998012031_big.jpg?w=1200,longsl_0314,99,850회 이상 (최근 1개월),없음,없음,없음,없음,없음,없음,없음,없음
https://www.musinsa.com/products/4412816,[프리미엄 CP30] 세미오버핏 긴팔티 (화이트),"38,500원",35%,"24,900원",리우아,https://image.musinsa.com/mfile_s01/_brand/free_medium/riooa.png?20220701144101,상의,긴소매 티셔츠,없음,없음,없음,https://image.msscdn.net/thumbnails/images/goods_img/20240905/4412816/4412816_17255340039696_big.jpg?w=1200,longsl_0315,526,1.3천 회 이상 (최근 1개월),없음,후기 120개,4.9,한달후기 원단은 엄청 부드럽고 탄탄해요. 근데 좀 얇아서 요즘 날씨에 단품으로 입기에는 별로고 이너로 입으면 좋을거 같아요. 다음에는 좀더 두꺼운걸로 사야겠어요,원단은 엄청 부드럽고 탄탄해요. 근데 좀 얇아서 요즘 날씨에 단품으로 입기에는 별로고 이너로 입으면 좋을거 같아요.,사이즈 재질 값어치 이상하고 팔길이 기본보다 조금 길어서 더 좋네요,"사이즈,재질 뭐하나 빠짐없이 맘에듭니다 팔이 조금 긴편인데 딱 좋게 나왔어요",리우아를 알고나서 기본 티들은 항상 여기서 구매합니다
https://www.musinsa.com/products/4697828,FOREVER HOMIES LAYERED LS TEE_NAVY(IK2FSMT550A),"59,000원",20%,"47,200원",이스트쿤스트,https://image.musinsa.com/mfile_s01/_brand/free_medium/istkunst.png?20230821172118,상의,긴소매 티셔츠,https://image.msscdn.net/thumbnails/images/goods_img/20250103/4697828/4697828_17373492949759_big.jpg?w=1200,https://image.msscdn.net/thumbnails/images/prd_img/20250103/4697828/detail_4697828_17373492961157_big.jpg?w=1200,https://image.msscdn.net/thumbnails/images/prd_img/20250103/4697828/detail_4697828_17373492963851_big.jpg?w=1200,https://image.msscdn.net/thumbnails/images/prd_img/20250103/4697828/detail_4697828_17373492973147_big.jpg?w=1200,longsl_0316,706,3.8천 회 이상 (최근 1개월),없음,후기 1개,없음,친구가 귀엽다고 해줬습니다. 봄에 주구장창 입을 예정,없음,없음,없음,없음
https://www.musinsa.com/products/4424134,티로 긴팔 자카드 저지 - 블랙 / IX1336,"69,000원",30%,"47,990원",아디다스,https://image.musinsa.com/mfile_s01/_brand/free_medium/adidas.png?20240220140057,상의,긴소매 티셔츠,https://image.msscdn.net/thumbnails/images/goods_img/20240910/4424134/4424134_17261270271840_big.jpg?w=1200,https://image.msscdn.net/thumbnails/images/prd_img/20240910/4424134/detail_4424134_17261270377076_big.jpg?w=1200,https://image.msscdn.net/thumbnails/images/prd_img/20240910/4424134/detail_4424134_17261270387867_big.jpg?w=1200,https://image.msscdn.net/thumbnails/images/prd_img/20240910/4424134/detail_4424134_17261270408648_big.jpg?w=1200,longsl_0317,813,3.5천 회 이상 (최근 1개월),없음,후기 25개,4.9,아디다스 저지가 운동할때 가볍고 편해서 애용합니당 ㅎㅎ 브이넥 좋아요,총 기장이 짧아 제일 큰 사이즈 했는데 잘 맞습니다 다망 소매가 길어서 접어입어야겠네요 어깨 상견이시거나 등빨 있으신 분에게 강추,18375 2XL 오버로 편하게 잘 맞네요 다만 마감이 좀 아쉬워요 실밥 넘 많아서 제거하는데 살짝 귀찮았네요,한달후기 진짜 잘입고 다님 사이즈는 만족인데 핏하게 입고 싶은 분은 한사이즈 작은거 사도 괜찮아 보여요,얇고 후들후들 해요. 편하게 입을수 있을거 같아요.
https://www.musinsa.com/products/4722494,3S 레귤러 긴팔 티 - 블랙 / JC5774,"55,000원",15%,"46,990원",아디다스,https://image.musinsa.com/mfile_s01/_brand/free_medium/adidas.png?20240220140057,상의,긴소매 티셔츠,https://image.msscdn.net/thumbnails/images/goods_img/20250115/4722494/4722494_17370143152377_big.jpg?w=1200,https://image.msscdn.net/thumbnails/images/prd_img/20250115/4722494/detail_4722494_17370143203413_big.jpg?w=1200,https://image.msscdn.net/thumbnails/images/prd_img/20250115/4722494/detail_4722494_17370143211935_big.jpg?w=1200,https://image.msscdn.net/thumbnails/images/prd_img/20250115/4722494/detail_4722494_17370143242582_big.jpg?w=1200,longsl_0318,"1,530",1.4만 회 이상 (최근 1개월),없음,후기 12개,4.8,165기준 XL 엉덩이 반 정도 덮습니다 품도 적당히 넉넉하고 근데 팔이 긴편도 아닌데 짧습니다..,질도 좋고 가격도 싸게 잘 샀어요! 무신사가 쿠폰 먹이면 제일 싸요,라지도 그렇게 오버하지않고 정핏에 가까워요 그리고 제키에도 소매가 길지않고 짧게 느껴지네요 160초중반 이상이신분들은 무조건 XL하세요,"완전 기본!! 하지만 산뜻하고, 날씬해보이고,군살가려줘요!",사이즈도 나쁘지않고 예뻐요 마음에 들어서 자주입고 다닐거 같아요
https://www.musinsa.com/products/4704474,아가일 펀칭 롱슬리브_GREY,"69,000원",35%,"44,850원",더블유엠씨,https://image.musinsa.com/mfile_s01/_brand/free_medium/wellmadecom.png?20240213171026,상의,긴소매 티셔츠,https://image.msscdn.net/thumbnails/images/prd_img/20250108/4704474/detail_4704474_17376171499785_big.jpg?w=1200,https://image.msscdn.net/thumbnails/images/prd_img/20250108/4704474/detail_4704474_17376171506310_big.jpg?w=1200,없음,https://image.msscdn.net/thumbnails/images/goods_img/20250108/4704474/4704474_17376171636214_big.jpg?w=1200,longsl_0319,38,550회 이상 (최근 1개월),없음,없음,없음,없음,없음,없음,없음,없음
https://www.musinsa.com/products/4348596,TCM shine long sleeve (white/ivory),"49,000원",10%,"44,100원",더콜디스트모먼트,https://image.musinsa.com/mfile_s01/_brand/free_medium/thecoldestmoment.png?20200710145248,상의,긴소매 티셔츠,https://image.msscdn.net/thumbnails/images/goods_img/20240820/4348596/4348596_17241394582142_big.jpg?w=1200,https://image.msscdn.net/thumbnails/images/prd_img/20240820/4348596/detail_4348596_17241394660651_big.jpg?w=1200,https://image.msscdn.net/thumbnails/images/prd_img/20240820/4348596/detail_4348596_17241394669457_big.jpg?w=1200,https://image.msscdn.net/thumbnails/images/prd_img/20240820/4348596/detail_4348596_17241394685517_big.jpg?w=1200,longsl_0320,"5,150",4.9천 회 이상 (최근 1개월),없음,후기 41개,4.8,아 진짜 캐이뻐요 핏도 좋고.... 포인트 너무 귀엽고 질도 좋아요 tcm이 너무좋다고말해 tcm이너무좋다,한달후기 완전 이뿌고 손에 잘 잡히는 것 같아요 더콜디 많이 애용하는데 다음에도 사야갰어요,한달후기 그래픽이 마음에 들어서 샀는데 옷 사이즈도 좋아요 소매가 좀 많이 길긴하지만 접어서 입는중..,디자인이 유니크해서 마음에 들고 편하게 입을 수 있어서 좋은 것 같아요,생각보다 너무 예뻤어요!! 재질도 좋고 자주 입을 것 같아요
https://www.musinsa.com/products/4603193,레이어 터틀넥 핑거홀 슬리브스 (그레이),없음,없음,"43,000원",베르드누아,https://image.musinsa.com/mfile_s01/_brand/free_medium/berdenoir.png?20230811134940,상의,긴소매 티셔츠,없음,없음,없음,https://image.msscdn.net/thumbnails/images/goods_img/20241111/4603193/4603193_17312982003574_big.jpg?w=1200,longsl_0321,"1,264",9.9천 회 이상 (최근 1개월),없음,후기 66개,4.9,"후기가 별로 없어서 도움이 될까 싶어 제품 받자마자 입어보고 바로 후기 작성해 봅니다.^^  우선 두께감은 일반 면 티 같은 느낌이 아니라 찰랑찰랑거리는 기능성 소재에 가깝습니다. 입었을 때 핏감은 얇고 찰랑거리는 소재감이라 루즈한 핏으로 떨어지는데, 제3의 눈이 생겨서 사실 단품으로 활용하기에는 모델처럼 이쁘게 마르신 분들 아니면 쉽지 않을 것 같습니다.  저는 이너용으로 구매했는데, 카라나 브이넥 가디건보다는 라운드넥인 가디건, 맨투맨이나 후드티 등과 잘 어울리는 것 같습니다. 밑단이 여유 있게 나와서 자켓이랑 입었을 때는 밑단이 떠서 지저분해 보이는 것 같아서 넣입해서 입어야 할 것 같습니다. 겨울 지나도 봄 가을에도 충분히 잘 활용할 것 같고, 보온성도 적당히 챙겨서 따뜻할 것 같네요.  사이즈는 170/72 기준으로 M 구매했는데 딱 좋습니다. 저랑 스펙 비슷하신 분들이나 평균 체형이라면 M으로 가시면 될 것 같습니다.  아쉬운 점으로는 처음 받았을 때 창고 냄새? 같은 특징적인 냄새가 있었고, 엄지손가락 들어가는 핑거홀이 제 손에는 살짝 끼는 느낌이 있었고 쉽게 늘어날 것 같다는 생각이 들었으나 이건 어쩔 수 없는 것 같습니다.  감성있는 터틀넥 이너 가성비로 찾으시는 분들께는 강력 추천드립니니다. 궁금하신 점 있으시면 댓글 남겨주세요!  도움 되셨다면 <좋아요> 한 번씩만 부탁드립니다🙏🏻","후기가 별로 없어서 도움이 될까 싶어 제품 받자마자 입어보고 바로 후기 작성해 봅니다.^^  우선 두께감은 일반 면 티 같은 느낌이 아니라 찰랑찰랑거리는 기능성 소재에 가깝습니다. 입었을 때 핏감은 얇고 찰랑거리는 소재감이라 루즈한 핏으로 떨어지는데, 제3의 눈이 생겨서 사실 단품으로 활용하기에는 모델처럼 이쁘게 마르신 분들 아니면 쉽지 않을 것 같습니다.  저는 이너용으로 구매했는데, 카라나 브이넥 가디건보다는 라운드넥인 가디건, 맨투맨이나 후드티 등과 잘 어울리는 것 같습니다. 밑단이 여유 있게 나와서 자켓이랑 입었을 때는 밑단이 떠서 지저분해 보이는 것 같아서 넣입해서 입어야 할 것 같습니다. 겨울 지나도 봄 가을에도 충분히 잘 활용할 것 같고, 보온성도 적당히 챙겨서 따뜻할 것 같네요.  사이즈는 170/72 기준으로 M 구매했는데 딱 좋습니다. 저랑 스펙 비슷하신 분들이나 평균 체형이라면 M으로 가시면 될 것 같습니다.  아쉬운 점으로는 처음 받았을 때 창고 냄새? 같은 특징적인 냄새가 있었고, 엄지손가락 들어가는 핑거홀이 제 손에는 살짝 끼는 느낌이 있었고 쉽게 늘어날 것 같다는 생각이 들었으나 이건 어쩔 수 없는 것 같습니다.  감성있는 터틀넥 이너 가성비로 찾으시는 분들께는 강력 추천드립니니다. 궁금하신 점 있으시면 댓글 남겨주세요!  도움 되셨다면 <좋아요> 한 번씩만 부탁드립니다🙏🏻",이너로 입었는데 따뜻하고 너무 좋네요 재질도 부드럽습니다,재질 너무 부드럽고 흐물거리는 핏이 너무 이뻐요,어느옷이든 이너로 입기에 괜찮고 핑거홀 디테일도 좋아요
https://www.musinsa.com/products/4573809,골지 더블 레이어드 홀터넥 슬림 롱 슬리브리스 긴소매 티셔츠 [블랙],"34,000원",20%,"27,200원",플레이스 스튜디오,https://image.musinsa.com/mfile_s01/_brand/free_medium/placestudio.png?20240221141901,상의,긴소매 티셔츠,https://image.msscdn.net/thumbnails/images/goods_img/20241030/4573809/4573809_17320617968662_big.jpg?w=1200,https://image.msscdn.net/thumbnails/images/prd_img/20241030/4573809/detail_4573809_17320618041565_big.jpg?w=1200,https://image.msscdn.net/thumbnails/images/prd_img/20241030/4573809/detail_4573809_17306847557136_big.jpg?w=1200,https://image.msscdn.net/thumbnails/images/prd_img/20241030/4573809/detail_4573809_17306847564841_big.jpg?w=1200,longsl_0322,"2,234",1.5만 회 이상 (최근 1개월),없음,후기 34개,4.7,한달후기 기본템인데 디테일이있어 좋아요! 이쁘고 깔끔합니당,날씬해보이고 이뻐요 노출이 별루 없어서 좋어요 ㅎㅎ,작을까봐 걱정했는데 생각보다 널널하고 핏이 딱이에요 예뻐서 만족합니당,널널해서 좋아요 생각보다 목이 답답한 느낌이 없지않아 있지만 좋아요,리뷰에 어깨 라인 핏이 안예쁘다고 해서 걱정했는데 예뻤어요!
https://www.musinsa.com/products/4730922,리브드 라운드넥 티셔츠 [BLACK],"42,000원",10%,"37,800원",드로우핏,https://image.msscdn.net/mfile_s01/_brand/free_medium/drawfit.png?20200608153142,상의,긴소매 티셔츠,https://image.msscdn.net/thumbnails/images/goods_img/20250120/4730922/4730922_17374392330325_big.jpg?w=1200,https://image.msscdn.net/thumbnails/images/prd_img/20250120/4730922/detail_4730922_17374392475984_big.jpg?w=1200,https://image.msscdn.net/thumbnails/images/prd_img/20250120/4730922/detail_4730922_17374392484263_big.jpg?w=1200,https://image.msscdn.net/thumbnails/images/prd_img/20250120/4730922/detail_4730922_17374392511269_big.jpg?w=1200,longsl_0323,336,1.5천 회 이상 (최근 1개월),없음,후기 6개,없음,생각보다 착 달라붙어 너무 예뻐요!!! 약간 섹쿠시 한 미 떠서 너무너무 예쁩니다,생각보다 착 달라붙어 너무 예뻐요!!! 약간 섹크시 한 느낌 떠서 너무너무 예쁩니다,이너로 입기 너무 좋고 세로 스트라이프라 길어보여요,내 체형에 XL딱이네요ㅎㅎ 질도 좋아요 강추합니다ㅎ,기본티가 심심할때 입기 좋은 티셔츠에요 좀 여유있는 느낌이네요
https://www.musinsa.com/products/4500008,레터링 루즈핏 롱슬리브(블랙),"48,900원",51%,"23,900원",오오엠엘,https://image.musinsa.com/mfile_s01/_brand/free_medium/oel.png?20211101140607,상의,긴소매 티셔츠,https://image.msscdn.net/thumbnails/images/goods_img/20241009/4500008/4500008_17292371526471_big.png?w=1200,https://image.msscdn.net/thumbnails/images/prd_img/20241009/4500008/detail_4500008_17296590273169_big.jpg?w=1200,없음,https://image.msscdn.net/thumbnails/images/prd_img/20241009/4500008/detail_4500008_17296590302637_big.jpg?w=1200,longsl_0324,709,5.2천 회 이상 (최근 1개월),없음,후기 4개,없음,한달후기 유행하는 힙한 슬림핏 롱슬리브 중 질이 가격대비 제일 괜찮은 것 같아요 쫀쫀합니다 목부분이 넓게 파여있어서 어깨 드러내는 스타일링도 가능해요,"가성비가 좋은데 세일가격이 진짜 부담없어서 구입했고, 원단이 정말 부드럽고 쫀쫀한 느낌? 이라 입었을때 너무 좋아요! 그리고 어깨가 넓은 편인데 어깨 전혀 안작고 오히려 여리여리헌 느낌이 조금 풍겨요(워낙에 건장한 체격) 소매가 길어서 또 너무 좋네요!!",이 브랜드에서는 옷 처음 사보는데 완전 호감됐어여 가격이 넘 저렴해서 전혀 기대 없이 시킨건데 마감이 아주 깔끔하고 원단 퀄도 훌륭하네요! 세탁 한 뒤의 사진인데 변형이 아예 없어요👍🏻 팔뚝살 부자라 모델처럼 여리핏으로 입으려면 당연히 L이지~ 했는데 생각보다 많이 커서 만약 재구매 한다면 M으로 할 것 같아욤,넘 만족합니다 날씬해 보이고 입었을때 감촉이 부드럽고 좋아요 역시 원단 좋습니다 잘입을께요~~,없음
https://www.musinsa.com/products/4670845,LACE FRAME T-SHIRT #BEIGE,없음,없음,"71,000원",달링유어배드,https://image.musinsa.com/mfile_s01/_brand/free_medium/darlingyouarebad.png?20221124092338,상의,긴소매 티셔츠,https://image.msscdn.net/thumbnails/images/goods_img/20241217/4670845/4670845_17344366452014_big.jpg?w=1200,https://image.msscdn.net/thumbnails/images/prd_img/20241217/4670845/detail_4670845_17344366571815_big.jpg?w=1200,https://image.msscdn.net/thumbnails/images/prd_img/20241217/4670845/detail_4670845_17344366579297_big.jpg?w=1200,https://image.msscdn.net/thumbnails/images/prd_img/20241217/4670845/detail_4670845_17344366596014_big.jpg?w=1200,longsl_0325,197,1.2천 회 이상 (최근 1개월),없음,후기 4개,없음,핑크베이지보다 회핑크베이지 차분한 느낌이 더 들어요 이번 시리즈 중에 실물 젤 ㄱㅊ,디자인 너무 마음에 들어요 특히 레이스가 달린 부분이 좋아요 색감은 베이지에 살짝 핑크가 섞인 색?이에요,요즘 옷들 가격만 높게 책정하고 막상 가격값 하는 옷은 찾기가 힘든데 얘는 가격값을 하는 옷이라 너무 감격스러웠습니다… 아직 안 빨아봐서 확실하지는 않지만 옷감 질이 좋은 거 같아욥 그리구 심하게 붙지 않고 적당하게 핏돼서 부담스럽거나 부해보이지 않는 게 마음에 들었슴다! 잘 입을 거 같아요 ㅠ.ㅜ,질두좋공 너무이뻐영 꼭다시 구매하고싶은 브랜드!너무 좋아영.,없음
https://www.musinsa.com/products/4501834,Frill Layered Long Sleeve Melange Gray,"43,000원",20%,"34,400원",렌세,https://image.musinsa.com/mfile_s01/_brand/free_medium/rense.png?20240509135300,상의,긴소매 티셔츠,https://image.msscdn.net/thumbnails/images/goods_img/20241010/4501834/4501834_17292288034641_big.jpg?w=1200,https://image.msscdn.net/thumbnails/images/prd_img/20241010/4501834/detail_4501834_17292288098814_big.jpg?w=1200,https://image.msscdn.net/thumbnails/images/prd_img/20241010/4501834/detail_4501834_17292288105053_big.jpg?w=1200,https://image.msscdn.net/thumbnails/images/prd_img/20241010/4501834/detail_4501834_17292288117549_big.jpg?w=1200,longsl_0326,"7,718",3만 회 이상 (최근 1개월),1.3천 개 이상,후기 227개,4.8,"포인트가 돼서 좀 특별하게 입을 수 있을것 같어요..! 호피에도 잘 어울리다니,,~",체험단 첨엔 너무 크다는 생각을 해서 나한테 잘 어울릴까라는 생각을 했 어요. 근데 엄마가 마음에 든다며 입어보신다고 하셔서 입으셨답니다. 이리저리 요리조리 벗었다입었다 반복하시더니 사진처럼 입으셨네요 ^^일단 많이 파져서 안에 뭘 입지않고서는 저는 못입겠더라구요. 나시나 목티나 뭐 이런걸 입어야할듯 합니다.레깅스를 입어서 스커트 입은것처럼 연출 할수있을것 같고 청바지에 입어도 잘 어울릴것 같습니다.아직 예쁘게 코디해서 입는걸 연구해봐겠지만 활용도가 높은 옷인건 분명합니다.엄마거 입든 제가입든 아무튼 예쁘게 잘입어보겠습니다,너무 귀여워요 레이어드하면 그냥 스타일있어보이고 막 그럼!,질 좋고 레이어드 맛도리입니다 이친구 모델착용컷처럼 치마에 흰색 뽀글이아우터랑도 잘 어울리고 루즈한 바지랑도 너무 잘 어울릴 것 같아서 구매한건데 사길 잘 했어요! 넉넉해서 안에 목폴라나 이너 입고 지금 계절에도 레이어드 겸 티로 입음 딱일것 같습니다! 여름 빼고 다 활용가능!!,한달후기 이쁘고 기여워융. 약간 헐렁헐렁한 옷깃 배송이 빨라요.
https://www.musinsa.com/products/4730935,스트라이프 티셔츠 [CHARCOAL],"37,000원",10%,"33,300원",드로우핏,https://image.msscdn.net/mfile_s01/_brand/free_medium/drawfit.png?20200608153142,상의,긴소매 티셔츠,https://image.msscdn.net/thumbnails/images/goods_img/20250120/4730935/4730935_17374400925400_big.jpg?w=1200,https://image.msscdn.net/thumbnails/images/prd_img/20250120/4730935/detail_4730935_17374401672069_big.jpg?w=1200,https://image.msscdn.net/thumbnails/images/prd_img/20250120/4730935/detail_4730935_17374401682271_big.jpg?w=1200,https://image.msscdn.net/thumbnails/images/prd_img/20250120/4730935/detail_4730935_17375311656470_big.jpg?w=1200,longsl_0327,266,1천 회 이상 (최근 1개월),없음,후기 1개,없음,스트라이프가 과하지 않고 은은하게 들어가서 감성있고 예뻐요,없음,없음,없음,없음
https://www.musinsa.com/products/4497258,레이스 터틀넥 티셔츠 ( 아이보리 ),"84,000원",25%,"63,000원",지지지,https://image.msscdn.net/mfile_s01/_brand/free_medium/zeezeezee.png?1730456311891,상의,긴소매 티셔츠,https://image.msscdn.net/thumbnails/images/goods_img/20241008/4497258/4497258_17283654543063_big.jpg?w=1200,https://image.msscdn.net/thumbnails/images/prd_img/20241008/4497258/detail_4497258_17283654674473_big.jpg?w=1200,https://image.msscdn.net/thumbnails/images/prd_img/20241008/4497258/detail_4497258_17283654599798_big.jpg?w=1200,https://image.msscdn.net/thumbnails/images/prd_img/20241008/4497258/detail_4497258_17283654635499_big.jpg?w=1200,longsl_0328,103,250회 이상 (최근 1개월),없음,없음,없음,없음,없음,없음,없음,없음
https://www.musinsa.com/products/4709007,[Mmlg] MCA STRIPE LSV-T (GREEN),없음,없음,"59,000원",엠엠엘지,https://image.msscdn.net/mfile_s01/_brand/free_medium/mmlg.png?20200608153142,상의,긴소매 티셔츠,https://image.msscdn.net/thumbnails/images/goods_img/20250109/4709007/4709007_17369238213109_big.jpg?w=1200,https://image.msscdn.net/thumbnails/images/prd_img/20250109/4709007/detail_4709007_17368382768241_big.jpg?w=1200,https://image.msscdn.net/thumbnails/images/prd_img/20250109/4709007/detail_4709007_17368382775589_big.jpg?w=1200,https://image.msscdn.net/thumbnails/images/prd_img/20250109/4709007/detail_4709007_17368382803122_big.jpg?w=1200,longsl_0329,37,400회 이상 (최근 1개월),없음,없음,없음,없음,없음,없음,없음,없음
https://www.musinsa.com/products/4332474,로코코 오너먼트 티 (화이트),"69,000원",15%,"58,650원",허그유어스킨,https://image.musinsa.com/mfile_s01/_brand/free_medium/hugyourskin.png?20240820134344,상의,긴소매 티셔츠,https://image.msscdn.net/thumbnails/images/prd_img/20240814/4332474/detail_4332474_17307035575643_big.jpg?w=1200,https://image.msscdn.net/thumbnails/images/prd_img/20240814/4332474/detail_4332474_17307035584570_big.jpg?w=1200,없음,https://image.msscdn.net/thumbnails/images/goods_img/20240814/4332474/4332474_17262036595621_big.jpg?w=1200,longsl_0330,"2,530",5.1천 회 이상 (최근 1개월),없음,후기 14개,4.7,핏이 정말 예쁘게 떨어져요.. 특히 직각어깨이신 분들 정말 잘 어울리실 것 같은데 실은 조금 잘 끊어지는 것 같아요 프린팅도 이쁘고 재질은 약간 수영복 느낌인데 원단이 고급진 느낌이 나요,"체험단 🩶쇠맛 트렌드에 딱 맞는 로코코 오너먼트 티🩶 만족도 ⭐️⭐️⭐️⭐️⭐️  ⚡️디자인 이 티셔츠의 제일 매력적인 점이 바로 디자인이라고 생각하는데, 요즘 유행하는 쇠맛재질로 딱입니다! 그렇다고 너무 과하지 않아 부담 없고, 일상 생활에서도 가볍게 여기저기 매치할 수 있는 정도의 큐티쇠맛입니다🩵  ⚡️재질 보이는 것과 다르게 좀 특이한 재질입니다! 약간 수영복 같으면서도 끼지는 않고 얇지 않은 원단이에요. 재질이 후들미끌해서 그런지 주름이 잘 안생기는 편인 것 같고, 주름이 생겨도 금방 펴집니다. 목부분은 오히려 늘어나지 않도록 신축성없이 빠듯하게 처리되어 있습니다.  ⚡️핏 원사이즈이지만 너무 작거나 너무 크게 느껴지지 않았구요, 딱 적당한 피팅감이었습니다. 손등을 살짝 덮는 소매길이이고, 총기장은 배꼽정도의 길이라 지나치게 짧지 않아 좋습니다. 어깨도 체구에 비해 넓은 편인데, 끼지 않고 딱 예쁘게 맞더라구요.  다른 색상도 소장하고 싶은 옷입니다!🤩 고민하고 있는 분들이 있다면, 어서 try try 해보세요 :)",한달후기 비싼데 예뻐요 재질이 약간 수영복? 같은 느낌인데 아주 좋습니다,한달후기 소재가 특이한 재질이다 보니깐 입고 벗기 불편한거 빼곤 다 좋은것 같아요,면이 부드럽고 좋은데 처음 입을 때 뚜둑 소리가 나더니 나중에 보니 뒷 부분 박음질이 뜯어졌더라구요 다들 너무 늘려서 입지 마시고 꼭 화장 전에 착용하세요
https://www.musinsa.com/products/4516935,Tie & Shirring Long Sleeve [Pink],"65,000원",10%,"58,500원",로제프란츠,https://image.msscdn.net/mfile_s01/_brand/free_medium/rosefrantz.png?1726714962255,상의,긴소매 티셔츠,https://image.msscdn.net/thumbnails/images/prd_img/20241015/4516935/detail_4516935_17289505156726_big.jpg?w=1200,없음,없음,https://image.msscdn.net/thumbnails/images/goods_img/20241015/4516935/4516935_17289505148046_big.jpg?w=1200,longsl_0331,913,1.8천 회 이상 (최근 1개월),없음,후기 4개,4.8,사진에 색감이 잘 안담기는데 밝은 핑크색이에요 셔링있어서 예뻐요,화사해보이고 안통통해보여서 좋아요 자주 입을것같아요,좋아요 부들부들하고..그런데 끈이 너무 말려있어요 ㅠ 당겨서 박음질한듯,스판끼가 있어서 착용감이 부드럽고 편해서 좋습니다,없음
https://www.musinsa.com/products/4366003,OUR DAILY LONG SLEEVE TEE (PIGMENT CHARCOAL),"65,000원",10%,"58,500원",더트,https://image.musinsa.com/mfile_s01/_brand/free_medium/durt.png?20230613131049,상의,긴소매 티셔츠,https://image.msscdn.net/thumbnails/images/goods_img/20240823/4366003/4366003_17249440105868_big.jpg?w=1200,없음,없음,https://image.msscdn.net/thumbnails/images/prd_img/20240823/4366003/detail_4366003_17249440183784_big.jpg?w=1200,longsl_0332,960,1.3천 회 이상 (최근 1개월),없음,후기 35개,4.9,체험단 키162 차콜색 스몰사이즈 후기입니다 제 기준 미디움보다 스몰이 딱 적당히 박시한 느낌이라서 좋았어요! 길이는 엉덩이를 다 덮을 정도는 아니고 절반?정도 덮어요 어깨선 잘맞고 좋은데 딱 하나 아쉬운 점! 팔이 너무 깁니당.. 제가 팔이 짧은 편이라고는 생각 안 했는데 진짜 길더라구요ㅜ 평소엔 무조건 한 번 접고 다녀요 그리고 평범한 슬리브티와 달리 소매에 시보리? 같은게 있어서 좋았어요 소재는 부드럽고 탄탄합니다! 촤르륵 예쁘게 흘러내려서 예뻐요 휘뚜루마뚜루에 제 격인 옷입니다요 추천합니다!,체험단 편하고 예쁜 긴팔티를 주신 더트에 정말 감사합니다!! 약간 검은 차콜 느낌이면서 그렇게 두껍지도 않아서 정말 편하게 자주 입고 다녔어요! 이건 진짜 거짓말이 아니라 저번주 7일 중 3일을 입고다닌거같아요ㅎㅎ 그만큼 너무 편하고 예쁩니다 [두께] 두께가 그렇게 두껍지 않은 긴팔티입니다! 딱 가을하고 봄에 입고다니기 좋을거같아요 팔부분 소매에도 시보리가 잡혀있어서 팔이 펄럭거리지 않았던게 좋았어요! [디자인] 색은 화면하고 똑같은데 차콜느낌이 더 강한거 같아요! 바지는 정말 아무거나 다 잘 어울리는 것 같습니당  정말 간편하고 무난하게 어디에나 잘어울립니다! 가볍고 편안해서 계속 손이가는 옷입니다!,체험단 수령하고 2번 착용한 뒤 세탁까지 한 뒤에 적는 후기입니다.  원단 소재 아주 좋아요. 입었을때 적당히 탄탄하면서도 부드러워서 좋었습니다. 색이 얼룩덜룩 하지 않은 피그먼트 티 처음 입어보는데 좋았어요. 가끔 너무 흐들흐들한 티셔츠 입으면 목이 금방 늘어날 것 같아서 불안한데 이 티셔츠는 그런 게 없어요. 마음 편하게 입고 있습니다. 핏도 늘어지지 않고 예쁘게 떨어지는 티셔츠 핏입니다. 오버핏으로 입고 싶었는데 딱 좋아요. 다만 세탁은 주의사항 따라서 신경써야할 것 같아요. 손세칵할 시간이 안 되어서 약한 온도에 건조기 돌렸는데 좀 줄었어요. 애초에 크게 구매해서 괜찮지만 되도록 (적어도) 첫 세탁은 손세탁 자연건조를 해줘야 오래갈 것 같아요. 그래도 만족합니다! 잘입겠습니다~,"체험단 평소에 가장 입고 다니기 좋은 색상인 차콜 색상의 티를 찾다가 특이한 패턴이 있어서 신청했어요. 배송은 포장지로 도착했고 옷은 문제 없이 깔끔하게 도착했어요. 마감에도 문제는 없었습니다  우선 제품은 상품상세정보에 있는 내용이나 사진과 거의 똑같다고 보시면 됩니다. 처음 봤을 때 가운데 있는 프린팅이 너무 튀지 않으면서 포인트가 되어주어서 너무 마음에 들었어요. 두께가 얇은 편인 옷이라 날씨에 따라 단품으로 입기도, 레이어드로 입기도 좋고 차분한 차콜 색상이라 어디에 매치해도 어울려요.  사이즈는 제 기준 딱 스탠다드한 느낌으로, 불편하지 않으면서 몸에 딱 맞았어요. 세탁 후에 옷의 변형은 없었고 까끌거리지 않아서 좋았습니다.  웬만한 옷과 다 어울릴 거라 생각하는데, 저는 데님이랑 함께 입어봤어요. 차콜 큭유의 안정감이 프린팅 로고와 더해지니까 캐주얼하면서도 세련되어 보였어요.  전체적으로 아쉬움이 느껴지지 않는 제품이어서 만족하면서 입고 있어요. 다른 분들의 구매에도 도움이 되었으면 좋겠습니다",체험단 더트 제품 요번에 처음 입어보는데 프린팅 미쳤네요 진짜 힙하게 잘 빠졌습니다 옷 색도 피그먼트라 올검으로 입으면 진짜 맛있어요 요새 낮에는 덥고 밤에는 추운데 낮에 이거 한장 입고 다니면 덥지도 춥지도 않아서 너무 좋습니다 밤에 조끼 하나 입어주면 안에 프린팅 보이면서 포인트로 너무 좋습니다 사이즈는 제 스팩이시면 라지 사이즈 딱 좋습니다 제가 원하는 핏 나와요 나중에 겨울에는 안에 이너로 입어도 너무 좋을거 같습니다 옷 제질도 좋고 시보리도 괜찮은거 같습니다 단독으로 입을 롱슬리브 찾으시는 분들 포인트 롱슬리브로 너무 좋은거 같습니다 고민하지 마시고 구매하세요
https://www.musinsa.com/products/4375696,남녀공용 2PACK 릴렉스핏 모노그램 로고 긴팔 티셔츠 J400464 BEH,"99,000원",42%,"57,390원",캘빈클라인 진,https://image.musinsa.com/mfile_s01/_brand/free_medium/calvinkleinjeans.png?20220926172503,상의,긴소매 티셔츠,https://image.msscdn.net/thumbnails/images/goods_img/20240827/4375696/4375696_17254990731373_big.jpg?w=1200,https://image.msscdn.net/thumbnails/images/prd_img/20240827/4375696/detail_4375696_17254990771573_big.jpg?w=1200,없음,https://image.msscdn.net/thumbnails/images/prd_img/20240827/4375696/detail_4375696_17254990800598_big.jpg?w=1200,longsl_0333,"1,039",2.4천 회 이상 (최근 1개월),없음,후기 30개,4.8,배송도 너무 빠르고 옷도 이뻐여 지금같은 날씨에 입기 좋아용,배송이 빨라요 물건이 좋아요 이쁘고 핏이 잘나오네요…,재질은 괜찮다 근데 66인 나한테도 오버스럽다 어깨가 딱 떨어지는 핏이아니라 당황,한달후기 너무 두껍지 않고 부드러운 면 재질이라 편하게 잘 입고 다닙니다,한달후기 편하게 입고 있어요. 싼값에 잘사서 너무 좋았습니다.
https://www.musinsa.com/products/4384130,Rig bustier t-shirt_2piece (pale khaki),"62,000원",10%,"55,800원",리엘,https://image.msscdn.net/mfile_s01/_brand/free_medium/rel.png?1739152679273,상의,긴소매 티셔츠,https://image.msscdn.net/thumbnails/images/goods_img/20240829/4384130/4384130_17288882766370_big.jpg?w=1200,https://image.msscdn.net/thumbnails/images/prd_img/20240829/4384130/detail_4384130_17288882855828_big.jpg?w=1200,https://image.msscdn.net/thumbnails/images/prd_img/20240829/4384130/detail_4384130_17288882865901_big.jpg?w=1200,https://image.msscdn.net/thumbnails/images/prd_img/20240829/4384130/detail_4384130_17255272014493_big.jpg?w=1200,longsl_0334,319,1.3천 회 이상 (최근 1개월),없음,후기 11개,4.6,한달후기 세일도 하고 이뻐서 구매했어요 세탁하고 한번 입었는데 레이어드했던 블랙 베스트에 먼지가 엄청 붙었어요 그냥 보면 전혀 티 안니는데 먼지 엄청 나는 소재에요ㅠ 또 입기 겁나네요 넘 이쁘긴 한데,배송도 생각보다 빠르고 옷도 제법 도톰하니 너무이뻐요 레이어드로 포인트 굿,배송도 생각보다 빠르고 옷도 제법 도톰하니 너무이뻐요 레이어드로 포인트 굿,생각한것보다 더 예뻐요 여성여성해보이네요 팔도 날씬해보여요 연핑크나 피치같은 여성스런 색상 나오면 좋겠어요,라인도 예쁘게잡아주고 탄탄하고 너무 예뻐요 구입하고 할인을많이해서 좀 아쉽지만 그래도 빨리사서 날 따뜻할때 예쁘게입어서 만족합니다
https://www.musinsa.com/products/4324758,MOTORCYCLE BLUE BOY BIG BIG L/S TEE_WHITE(NG2EFUT554A),"69,000원",20%,"55,200원",나이스고스트클럽,https://image.msscdn.net/mfile_s01/_brand/free_medium/niceghostclub.png?1730455267007,상의,긴소매 티셔츠,https://image.msscdn.net/thumbnails/images/goods_img/20240813/4324758/4324758_17237785035653_big.jpg?w=1200,https://image.msscdn.net/thumbnails/images/prd_img/20240813/4324758/detail_4324758_17237785046471_big.jpg?w=1200,https://image.msscdn.net/thumbnails/images/prd_img/20240813/4324758/detail_4324758_17237785048460_big.jpg?w=1200,https://image.msscdn.net/thumbnails/images/prd_img/20240813/4324758/detail_4324758_17237945439760_big.jpg?w=1200,longsl_0335,"4,902",6.9천 회 이상 (최근 1개월),없음,후기 115개,4.8,한달후기 아래에 뭘 입던 다 잘 어울리고 뽀인뚜가 뽝!!! 돼서 넘 맘에 들었어요>< 낮엔 날씨가 따뜻해서 요즘엔 잠깐 나갈 때 잘 입고 있습니다! 더 추워지기 전에 어서 사셔서 다덜 bbong 뽑으세욥☆,한달후기 프린팅이 힙하고 귀여워요 엄청 크고 핏도 예뻐요!,그래픽이 마음에 들어요! 사이즈는 2사이즈 다운하시는 게 좋을 것 같아요.. 다른 브랜드 XL정도 되는 것 같네요,진짜 크고 길고 완전 귀여워용 마음에 드는데 제 건 왜 머리카락이 잘려있는지 모르겠어요.... 다른 후기에서는 안그렇던데...,9월 13일에 샀고 9월 28일에 왔어요 15일이나 걸렸지만 예정 배송일이 10월 10일이었기 때문에 이정도면 빨리 왔다고 생각해요 완전 오버핏이라 여성분들은 무조건 s해야 될 거 같고요 소매가 손 다 덮고도 남는데 끝에 시보리 처리가 되어있어서 귀여워요 오버핏 즐겨입으시면 추천드립니다
https://www.musinsa.com/products/4505289,여성 배니시 에너지 긴팔 1388643-001,"69,000원",20%,"55,200원",언더아머,https://image.musinsa.com/mfile_s01/_brand/free_medium/underarmour.png?20210111133314,스포츠/레저,상의,https://image.msscdn.net/thumbnails/images/goods_img/20241010/4505289/4505289_17285526734726_big.jpg?w=1200,https://image.msscdn.net/thumbnails/images/prd_img/20241010/4505289/detail_4505289_17288028525658_big.jpg?w=1200,https://image.msscdn.net/thumbnails/images/prd_img/20241010/4505289/detail_4505289_17288028572048_big.jpg?w=1200,https://image.msscdn.net/thumbnails/images/prd_img/20241010/4505289/detail_4505289_17288028613344_big.jpg?w=1200,longsl_0336,22,400회 이상 (최근 1개월),없음,후기 1개,없음,팔이 긴편인데 팔길이도 적당하게 손등 절반정도 덮고 너무 달라붙지 않아서 여리여리 예뻐요💕💕 땀이 잘 마르는 소재이고 라운드 넥 라인이랑 옷 쉐입이 예뻐서 대만족입니다아🐰 얇아서 이너로 입기도 좋고 비침 없어서 단독으로 입기도 좋아보여요!!,없음,없음,없음,없음
https://www.musinsa.com/products/4536926,FLORAL PRINTED LONG SLEEVE TEE (cream),"58,000원",5%,"55,100원",레이크,https://image.musinsa.com/mfile_s01/_brand/free_medium/leic.png?20230310173502,상의,긴소매 티셔츠,https://image.msscdn.net/thumbnails/images/goods_img/20241020/4536926/4536926_17294088468936_big.jpg?w=1200,https://image.msscdn.net/thumbnails/images/prd_img/20241020/4536926/detail_4536926_17294088517956_big.jpg?w=1200,없음,https://image.msscdn.net/thumbnails/images/prd_img/20241020/4536926/detail_4536926_17294088584786_big.jpg?w=1200,longsl_0337,"6,562",2만 회 이상 (최근 1개월),없음,후기 28개,4.8,코디에 사랑스러움 한 스푼 추가하고 싶으신 분들 추천해요 !  이런 의류는 잘못 입으면 내복 같은데 .. 레이크 제품은 여유있는 핏이고 소매 네임 택 덕분에 내복에서 벗어났습니다  소매도 길이감이 있어서 이너로 입고 레이어드하기 너무 좋아요 (짱 귀여움..),딱 달라붙을 줄 알았는데 적당히 편한 핏이라 너무 좋아요 짱 예뿜,한달후기 여기저기 레이어드하기 진짜 좋습니다 한달내내 주구장창 입었는데 늘어나지도 않고 넘 좋아요,생각보다 꽃패턴이 잘보이고 이미지샷이 보들한 느낌이라면 실제는 더 텍스쳐감이 잘 보여요 근데 디테일있어보여서 좋음!! 핏도 딱 모델핏 나옵니당,가격대가 있어서 고민했지만 넘 갖고싶어서 샀고 옷도 만족스러워요
https://www.musinsa.com/products/4737923,STAR LOGO SLIM L/S TEE_WHITE(NG2FSUT553A),"59,000원",10%,"53,100원",나이스고스트클럽,https://image.msscdn.net/mfile_s01/_brand/free_medium/niceghostclub.png?1730455267007,상의,긴소매 티셔츠,https://image.msscdn.net/thumbnails/images/goods_img/20250122/4737923/4737923_17375343398394_big.jpg?w=1200,https://image.msscdn.net/thumbnails/images/prd_img/20250122/4737923/detail_4737923_17375343405366_big.jpg?w=1200,https://image.msscdn.net/thumbnails/images/prd_img/20250122/4737923/detail_4737923_17375343406945_big.jpg?w=1200,https://image.msscdn.net/thumbnails/images/prd_img/20250122/4737923/detail_4737923_17385471425419_big.jpg?w=1200,longsl_0338,169,250회 이상 (최근 1개월),없음,없음,없음,없음,없음,없음,없음,없음
https://www.musinsa.com/products/4673048,FLYING CATS LONG SLV TEE brown,"59,000원",10%,"53,100원",엘엠씨,https://image.musinsa.com/mfile_s01/_brand/free_medium/lmc.png?20220610163914,상의,긴소매 티셔츠,https://image.msscdn.net/thumbnails/images/goods_img/20241219/4673048/4673048_17378042579305_big.jpg?w=1200,https://image.msscdn.net/thumbnails/images/prd_img/20241219/4673048/detail_4673048_17385720066926_big.jpg?w=1200,https://image.msscdn.net/thumbnails/images/prd_img/20241219/4673048/detail_4673048_17385720081897_big.jpg?w=1200,https://image.msscdn.net/thumbnails/images/prd_img/20241219/4673048/detail_4673048_17385720158056_big.jpg?w=1200,longsl_0339,25,100회 이상 (최근 1개월),없음,없음,없음,없음,없음,없음,없음,없음
https://www.musinsa.com/products/4673046,FLYING PUPPY LONG SLV TEE white,"59,000원",10%,"53,100원",엘엠씨,https://image.musinsa.com/mfile_s01/_brand/free_medium/lmc.png?20220610163914,상의,긴소매 티셔츠,https://image.msscdn.net/thumbnails/images/prd_img/20241219/4673046/detail_4673046_17385720534277_big.jpg?w=1200,https://image.msscdn.net/thumbnails/images/prd_img/20241219/4673046/detail_4673046_17385720545158_big.jpg?w=1200,없음,https://image.msscdn.net/thumbnails/images/goods_img/20241219/4673046/4673046_17378042774975_big.jpg?w=1200,longsl_0340,13,없음,없음,없음,없음,없음,없음,없음,없음,없음
https://www.musinsa.com/products/4423571,홀터넥 레이어드 슬림핏 스판 롱슬리브 긴팔 랩 티셔츠,"33,000원",20%,"26,400원",플레이스 스튜디오,https://image.musinsa.com/mfile_s01/_brand/free_medium/placestudio.png?20240221141901,상의,긴소매 티셔츠,https://image.msscdn.net/thumbnails/images/goods_img/20240910/4423571/4423571_17294714744028_big.jpg?w=1200,https://image.msscdn.net/thumbnails/images/prd_img/20240910/4423571/detail_4423571_17294714790040_big.jpg?w=1200,https://image.msscdn.net/thumbnails/images/prd_img/20240910/4423571/detail_4423571_17294714798289_big.jpg?w=1200,https://image.msscdn.net/thumbnails/images/prd_img/20240910/4423571/detail_4423571_17294714806379_big.jpg?w=1200,longsl_0341,"7,059",4만 회 이상 (최근 1개월),없음,후기 32개,4.4,한달후기 긴말안함 세 번 정도 입었는데 보풀좀 보시라고요,예쁜데 와 진짜 작아요.. 프리사이즈인데 이렇게 꽉끼는거 오랜만이에요,"생각보다 팔 부분이 널널하네요. 저는 좀 더 딱 붙는 느낌일 즐 알았는데,,ㅎ 그래도 전체적으로 보드랍고 편하게 입기 좋습니다.",색은 사진이랑 비슷하고 디자인도 너무 예쁜데 문제는 프리사이즈치고 많이 작습니다 몸에 비해 상체가 좀 더 마른편인데도 이건 정말 작게 나왔나봐요 재질은 신축성이 좋은 재질이라기보단 부드럽고 탄탄한 재질에 가까워요 보풀 잘 안날 것 같은 느낌 무튼 초반에 좀 참고 입으면서 늘려야할 것 같아요ㅋㅋㅠ,생각보다 얇지 않고 적당히 도톰하고 부드러워요! 겉에 레이어드가 붙어있고 엉키지 않게 되어있어서 편하고 좋아요!
https://www.musinsa.com/products/4357231,THERMAL CAMO LONG SLEEVE [CAMO],"75,000원",30%,"52,500원",스웨이드,https://image.musinsa.com/mfile_s01/_brand/free_medium/suade.png?20230804121342,상의,긴소매 티셔츠,https://image.msscdn.net/thumbnails/images/prd_img/20240822/4357231/detail_4357231_17242980230534_big.jpg?w=1200,https://image.msscdn.net/thumbnails/images/prd_img/20240822/4357231/detail_4357231_17242980242052_big.jpg?w=1200,없음,https://image.msscdn.net/thumbnails/images/goods_img/20240822/4357231/4357231_17242980112123_big.jpg?w=1200,longsl_0342,"1,438",5.6천 회 이상 (최근 1개월),없음,후기 28개,4.8,목 부분이 좁아서 거꾸로 입은 줄 알았지만 예뻐서 괜찮아요 카모 치고는 데일리로 입기 좋은 고런… 6만원이라고 생각하면 살짝 비싼감이 있지않아 없습니다,재질도 와플니트같은 재질이라 맘에들고 핏감이랑 디자인 맘에듭니다 ㅎㅎ,운돈할때 입으려고 샀는데 너무 이뻐요! 사길 잘한거같아요!,완전 맘에 들어요… 핏도 딱 예쁘고 부담스럽지 않은 카모입니다!,원단이 좋아요 길이감적당합니다 핏이좋습니다 깔끔합니다 원단 가볍습니다 색감좋아요 물빠짐 좋아요
https://www.musinsa.com/products/4514993,리브드 헨리넥 머슬 롱슬리브 니트티 [블랙],없음,없음,"49,900원",바우로 프로덕트,https://image.musinsa.com/mfile_s01/_brand/free_medium/bowlow.png?20240520135539,상의,긴소매 티셔츠,https://image.msscdn.net/thumbnails/images/prd_img/20241014/4514993/detail_4514993_17288922186835_big.jpg?w=1200,https://image.msscdn.net/thumbnails/images/prd_img/20241014/4514993/detail_4514993_17288922194474_big.jpg?w=1200,없음,https://image.msscdn.net/thumbnails/images/goods_img/20241014/4514993/4514993_17288922121412_big.jpg?w=1200,longsl_0343,736,3.9천 회 이상 (최근 1개월),없음,후기 24개,4.6,쫀쫀한 재질이고 그래서 그런지 세탁 한번에 사이즈가 하나정도 줄어든 느낌이에요,아주 깔꼼하니 잘 입고 있습니다 근데 빨았더니 약간 수축있어요,한달후기 이너로 활용하기 좋은 기본템입니다. 많이들 사서 입어보셔요,한달후기 너무 좋습니다 딱 맞아서 편하게 입을수있습니다,한번입고 세탁기로 세탁하니까 엄청 줄어드네요
https://www.musinsa.com/products/4412838,[프리미엄 CP30] 세미오버핏 긴팔티 (블랙),"38,500원",35%,"24,900원",리우아,https://image.musinsa.com/mfile_s01/_brand/free_medium/riooa.png?20220701144101,상의,긴소매 티셔츠,없음,없음,없음,https://image.msscdn.net/thumbnails/images/goods_img/20240905/4412838/4412838_17255346175751_big.jpg?w=1200,longsl_0344,126,550회 이상 (최근 1개월),없음,후기 74개,4.9,편안하고 좋습니다 기본티는 리우아만한게없어요,한달후기 재질 좋고 두께 좋고 핏 좋고 하나도 빠지는게 없습니다,2년전부터 구매해서 잘입고있던 기본 티입니다 세탁은 뭐 100회 이상 했던거같고 여태 잘입고있지만 이제는 보풀이나 그런게 조금 눈에 보이기 시작해서 재구매했어요 그냥 할인할때 몇장씩 쟁여놓을까 합니다 적극 추천드려요!,2년전부터 구매해서 잘입고있던 기본 티입니다 세탁은 뭐 100회 이상 했던거같고 여태 잘입고있지만 이제는 보풀이나 그런게 조금 눈에 보이기 시작해서 재구매했어요 그냥 할인할때 몇장씩 쟁여놓을까 합니다 적극 추천드려요!,면 느낌 좋고 기본 이너 긴팔티로 잘 입고 있습니다 추천이요
https://www.musinsa.com/products/4333278,COLORED CRAYON CAT LONG SLEEVE WHITE MELANGE,"55,000원",10%,"49,500원",론론,https://image.musinsa.com/mfile_s01/_brand/free_medium/ronron.png?20220615154955,상의,긴소매 티셔츠,https://image.msscdn.net/thumbnails/images/goods_img/20240815/4333278/4333278_17254382478093_big.jpg?w=1200,https://image.msscdn.net/thumbnails/images/prd_img/20240815/4333278/detail_4333278_17254382574109_big.jpg?w=1200,https://image.msscdn.net/thumbnails/images/prd_img/20240815/4333278/detail_4333278_17254382581413_big.jpg?w=1200,https://image.msscdn.net/thumbnails/images/prd_img/20240815/4333278/detail_4333278_17254382604301_big.jpg?w=1200,longsl_0345,266,650회 이상 (최근 1개월),없음,없음,없음,없음,없음,없음,없음,없음
https://www.musinsa.com/products/4432390,Black House (Pigment),없음,없음,"49,000원",디파이클럽로버스,https://image.musinsa.com/mfile_s01/_brand/free_medium/robbers.png?20240523134744,상의,긴소매 티셔츠,https://image.msscdn.net/thumbnails/images/goods_img/20240911/4432390/4432390_17260397740232_big.jpg?w=1200,없음,없음,https://image.msscdn.net/thumbnails/images/prd_img/20240911/4432390/detail_4432390_17261356459421_big.jpg?w=1200,longsl_0346,147,100회 이상 (최근 1개월),없음,후기 3개,없음,한달후기 디파이 나그랑티? 보다는 얇아요 그냥 가볍게 입구 다니려구요,기존 나그랑 티셔츠보단 얇은 재질이라 겉옷 안에 입기 좋아요!!,#아식스 #디파이클럽로버스 #차콜,없음,없음
https://www.musinsa.com/products/4421711,스터드 라인 후드 [ivory],"54,000원",10%,"48,500원",시스에이,https://image.musinsa.com/mfile_s01/_brand/free_medium/sisa.png?20240702105738,상의,긴소매 티셔츠,https://image.msscdn.net/thumbnails/images/prd_img/20240909/4421711/detail_4421711_17258732237234_big.jpg?w=1200,없음,없음,https://image.msscdn.net/thumbnails/images/goods_img/20240909/4421711/4421711_17258730985288_big.jpg?w=1200,longsl_0347,"2,139",3천 회 이상 (최근 1개월),없음,후기 19개,4.7,아주 마음에 듳어욭 ㅌ다듳 구매파세용 이뻐욭ㅇ헤헤,한달후기 이 옷 되게 묘한 매력이 있어요 힙하면서도 청순한데 시크한 느낌 ..?? 암튼 휘뚤마뚤입기도 좋고 최곱니당,핏 착 감겨 넘이쁘고 심플해서 자주 손갈거같아요 재질두 부드럽고 좋아요,딱맞고 너무 이뻐요~ 날씨 좀 따뜻해지면 자주 입을것같아요!,가격대비는 좀 비싼 것 같음 배송은 빨랏고 얇은 이너티
https://www.musinsa.com/products/4631151,백로고 오버핏 롱 슬리브 [화이트],없음,없음,"48,000원",디서먼트,https://image.msscdn.net/mfile_s01/_brand/free_medium/discernment.png?1729664412695,상의,긴소매 티셔츠,https://image.msscdn.net/thumbnails/images/goods_img/20241121/4631151/4631151_17322528845859_big.jpg?w=1200,https://image.msscdn.net/thumbnails/images/prd_img/20241121/4631151/detail_4631151_17322528965358_big.jpg?w=1200,https://image.msscdn.net/thumbnails/images/prd_img/20241121/4631151/detail_4631151_17322528972843_big.jpg?w=1200,https://image.msscdn.net/thumbnails/images/prd_img/20241121/4631151/detail_4631151_17322528989082_big.jpg?w=1200,longsl_0348,15,100회 이상 (최근 1개월),없음,없음,없음,없음,없음,없음,없음,없음
https://www.musinsa.com/products/4375695,남녀공용 2PACK 릴렉스핏 모노그램 로고 긴팔 티셔츠 J400464 YAF,"99,000원",52%,"47,230원",캘빈클라인 진,https://image.musinsa.com/mfile_s01/_brand/free_medium/calvinkleinjeans.png?20220926172503,상의,긴소매 티셔츠,https://image.msscdn.net/thumbnails/images/goods_img/20240827/4375695/4375695_17285348455715_big.jpg?w=1200,https://image.msscdn.net/thumbnails/images/prd_img/20240827/4375695/detail_4375695_17285348141215_big.jpg?w=1200,https://image.msscdn.net/thumbnails/images/prd_img/20240827/4375695/detail_4375695_17254991871898_big.jpg?w=1200,https://image.msscdn.net/thumbnails/images/prd_img/20240827/4375695/detail_4375695_17254991906878_big.jpg?w=1200,longsl_0349,317,1천 회 이상 (최근 1개월),없음,후기 28개,4.8,체험단 남녀공용 2팩 릴렉스핏 모노그램 로고 긴팔 티_화이트  안녕하세요 165cm / 55kg 20대 중반 여자입니다. 평소에 베이직한 스타일을 좋아해서 캘빈클라인진을 자주 애용하는데요. 이번에 캘빈클라인진에서 릴렉스핏 모노그램 로고 긴팔 티셔츠 체험단에 당첨돼서 입어본 후기 남깁니다.  평소 몸이 예민해서 까슬까슬한 티셔츠는 절대 못입는데 이 티셔츠는 부드럽고 몸에 착 감겨 좋았어요! 안정적인 라운드넥이여서 휘뚜루 마뚜루 입을 거 같아요.  사실 지금까지는 긴팔은 크게 중요한가?싶어서 조금 저렴한 긴팔만 입다가 이렇게 브랜드 제품은 처음 입어보는데 정말 편하고 대충입어도 예쁘게 보여서 편하네요 그리고 체형보정도 좀 되는 거 같아서 자신감도 생기는 거 같습니다.  정말 신기한 점이 언뜻 보기에는 평범한 흰색 긴팔티인데 입어보면 실루엣과 촉감이 저가랑은 다르고 로고가 심플하게 있어서 어떤 바지를 입어도 꾸안꾸 느낌을 주기 좋네요 정말 만족스럽습니다.  이번에 입어본 긴팔이 너무 만족스러워서 캘빈클라인진의 다른 제품도 기대가 갑니다 :) 마지막으로 저에게 체험단 기회를 주신 캘빈클라인진과 무신사에게 감사의 말씀을 드리며 체험단 후기를 마치겠습니다.!,"체험단 📦 패키지는 없다고 생각하시면 됩니다.  👕여성분들은 S사이즈도 큽니다. 일자핏이라 너무 어벙하지 않아 좋습니다만, 오버핏 안 좋아하시는 분들은 XS 시키셔도 넉넉히 편안하게 입으실 것 같아요.ㅎㅎ 55사이즈까지 XS~S 추천하고 66부터 S~M 가세요. 툭 떨어지는 티셔츠라서 남자분들이 입었을 때 더 예쁠 것 같은 핏감입니다~ 그래서 어머니아버지 드렸어요ㅋㅋ 커플티 좋아하시네요  🪡소재가 좋습니다. 살짝 코팅된 거처럼 부들부들 후들후들한 재질이 몸에 닿는 느낌 굿. 이너로 받쳐 입기 좋을 듯합니다.  단, 처음 꺼냈을 때 냄새가 심합니다. 세탁 필수이고, 오염 체크하세요. 교환은 빠르고 친절하셨습니다","체험단 체험단 리뷰  신체 175cm 71kg  사이즈 오버핏으로 나온거같아요 보통 L, XL 입는데 M사이즈도 넉넉하게 맞아요 사이즈 말고 실측표 보고 구매 하거나 한사이즈 다운이 맞을거같아요!  소재 제가 실켓 티셔츠 처럼 되게 부드러워요 입으면 감기는 느낌이에요 탄탄해보이고 원단이 딱 만져보고 옷 잘모르는 저도 좋은 원단인게 느껴지더라고요  색감 완전 화이트는 아니고 화이트에 아이보이 한두방울 섞인 느낌이에요 저는 오히려 쨍한 화이트가 아니라 더 맘에 들었어요 여기저기 매치해서 입기 좋은거 같더라고요  코디 사진보시면 알겠지만 구매 고민중이신분들 여러가지 옷에 어울리는거 보여 드리려고 여러가지 코디에 찍어봤는데 정말 단품으로 입을수도있고 이너로 입을수있고 어디에나 잘어울리는거같아요 사진처럼 레이어드에도 어울리고 정말 이정도면 만능템이에요  총평 비침적고 소재 좋고 핏도 너무 맘에 들어요 무엇보다 어디에나 어울리는 옷 그냥 코디 뚝딱 입니다 그리고 ck 잖아요 그냥 저렴한 흰색티 보다 돈 조금 더 주고 구매하시면 재질 코디 ck감성 까지 다 챙길수있어요!  저는 개인적으로는 이너말고 원탑으로입는게 티셔츠에 장점이 다 묻어나는거같아서 제일 맘에 들어요 핏 디자인 색감 전체적으로 다 맘에들었어요🙌🙌","체험단 소재 : 도톰한 100% BCL 면 소재의 옷으로 촉감이 매우 부들부들하여 입을 때 마다 기분 좋게 입을 수 있는 옷입니다. 줄어듬 걱정도 없을 것 같네요.  사이즈 : 남녀공용 제품으로 사이즈가 조금 크게 나온 것 같습니다. 저는 S사이즈를 선택했는데 남녀공용 제품이라 그런지 소매도 길고 전체적으로 오버핏으로 생각하시면 될 것 같습니다.  디자인 : 왼쪽 가슴에 디자인된 모노그램 로고가 포인트인 옷으로 단독으로 입어도 깔끔하게 입을 수 있고 겨울철 후드티나 맨투맨, 니트 안에 이너로 입어도 너무 좋을 것 같습니다. 개인적으로 큼지막한 로고는 부담스러워 하는 편인데, 스몰로고라서 더 마음에 들고 예쁘다고 생각합니다",살까 말까 고민하다가 세일 하길래 샀어요! 봄에 잘 입고 다닐거 같아여
https://www.musinsa.com/products/4295963,에센셜 울텐셀 레이어드 티셔츠_5COLORS,"59,000원",20%,"47,200원",시티브리즈 우먼,https://image.msscdn.net/mfile_s01/_brand/free_medium/citybreeze.png?1730707402990,상의,긴소매 티셔츠,https://image.msscdn.net/thumbnails/images/prd_img/20240805/4295963/detail_4295963_17376881186997_big.jpg?w=1200,https://image.msscdn.net/thumbnails/images/prd_img/20240805/4295963/detail_4295963_17240358991876_big.jpg?w=1200,없음,https://image.msscdn.net/thumbnails/images/goods_img/20240805/4295963/4295963_17376881082397_big.jpg?w=1200,longsl_0350,"12,249",1.2만 회 이상 (최근 1개월),2.4천 개 이상,후기 459개,4.7,한달후기 우선 힘이 없습니다! 그래서인지 목도 금방 후즐근해졌어요ㅠㅠ 제 스타일은 아닌걸로..!,가을 여자가되..2,"체험단 시티브리즈 에센셜 울텐셀 레이어드 티셔츠 아이보리 색으로 받아봤어요 처음 느낀 점은 엄청엄청 부드럽다 입니다 소재가 너무 부드러워서 계속 입고싶고 만지고 싶어요 두께는 얇은 편입니다 아이보리색은 약간 비침이 있는데 엄청 신경쓰일 정도는 아니었어요 아이보리색이라 쌩화이트가 아니라 살짝 노리끼리하고 따뜻한 색감입니다 오히려 얇고 조금 비쳐서 더 여리여리해보여서 좋았어요 옷이 너무 예뻐요 계절감은 겨울만 아니면 봄여름(너무 덥지 않은) 가을 전부 입을 수 있는 옷이에요 가장 추천하는 계절은 봄,가을입니다 지금쯤 사시면 너무 예쁘고 편하게 휘뚜루마뚜루 입으실 수 있을듯 합니다 옷이 너무 예쁘고 부드럽고 귀여워요 데일리로도 잘 입고 사실 집에서도 잘 입을 수 있을 것 같아요","체험단 좋은 기회로 시티브리즈 우먼의 에센셜 울텐셀 레이어드 티셔츠 체험단으로 선정되어 남기는 후기입니다!  📍색감, 재질 색감은 상품 이미지와 동일한 그레이와 연그레이? 색상입니다. 배색부분이 연한 하늘색같아 보이기도해서 예쁜 것 같아요! 재질은 엄청 보들보들해서 피부 예민하신분도 입으실 수 있을 것 같아요  📍사이즈 프리사이즈인데도 품과 팔 사이즈가 넉넉해요! 기장도 적절해서 이너로도, 단독으로 입어도 예쁩니다👍  📍디테일 먼저 배색 포인트가 눈에 가장 띄었습니다! 요즘 이런 레이어드 포인트가 들어간 상의가 유행하는 것 같은데 적절한 색으로 잘 어우러져 무난하게 입을 수 있습니다! 그리고 갈비뼈부분에 시티브리즈라고 자수가 놓여있는데 이 부분도 포인트 역할을 톡톡히 하는 것 같아요  📍디자인, 마감 무난한 디자인으로 출근룩이나 데일리룩 여러방면으로 활용이 가능할 것 같아요 가을에는 단독으로 입어주고 겨울에는 이너로 활용해주면 아주 좋을 것 같네요! 마감도 아주 잘되어있어서 실오라기 하나 없었습니다  📍총평 스판이 좋은 재질이라 편하게 입을 수 있고 여러가지 포인트로 심심하지않아 아주 예뻐요! 추천드립니다😋",옷은 예쁜데 티셔츠가 아니라 내복 느낌 나요... 단독으로는 못입을 것 같고 안에 가볍게 입기 좋은 이너인 것 같아요
https://www.musinsa.com/products/4456169,Y.E.S Mock Neck L/S White,"59,000원",20%,"47,200원",예스아이씨,https://image.msscdn.net/mfile_s01/_brand/free_medium/yeseyesee.png?20200608153142,상의,긴소매 티셔츠,https://image.msscdn.net/thumbnails/images/goods_img/20240924/4456169/4456169_17276766979031_big.jpg?w=1200,https://image.msscdn.net/thumbnails/images/prd_img/20240924/4456169/detail_4456169_17276767037412_big.jpg?w=1200,https://image.msscdn.net/thumbnails/images/prd_img/20240924/4456169/detail_4456169_17276767074151_big.jpg?w=1200,https://image.msscdn.net/thumbnails/images/prd_img/20240924/4456169/detail_4456169_17276767189678_big.jpg?w=1200,longsl_0351,106,400회 이상 (최근 1개월),없음,후기 1개,없음,사이즈도 적당하고 이쁘네요 잘 입을 것 같습니다,없음,없음,없음,없음
https://www.musinsa.com/products/4734753,스트랩 언발란스 레이어드 롱슬리브 [BLACK],"52,000원",10%,"46,800원",레더리,https://image.musinsa.com/mfile_s01/_brand/free_medium/leathery.png?20220124140405,상의,긴소매 티셔츠,https://image.msscdn.net/thumbnails/images/goods_img/20250121/4734753/4734753_17376130183798_big.jpg?w=1200,https://image.msscdn.net/thumbnails/images/prd_img/20250121/4734753/detail_4734753_17376130727094_big.jpg?w=1200,https://image.msscdn.net/thumbnails/images/prd_img/20250121/4734753/detail_4734753_17376130736436_big.jpg?w=1200,https://image.msscdn.net/thumbnails/images/prd_img/20250121/4734753/detail_4734753_17376130787745_big.jpg?w=1200,longsl_0352,358,2.9천 회 이상 (최근 1개월),없음,후기 2개,없음,여리여리한 핏이고 날씬해보여요! 어떤 옷에도 잘 어울립니당,가방 구매하면서 홀린듯 같이 구매했어요! 모델 사진이 너무 제 추구미네요. 소재 느낌이 엄청 좋고 옆구리 리본도 포인트 돼서 좋아요,없음,없음,없음
https://www.musinsa.com/products/4516942,Eyelet Belt Long Sleeve [Beige],"52,000원",10%,"46,800원",로제프란츠,https://image.msscdn.net/mfile_s01/_brand/free_medium/rosefrantz.png?1726714962255,상의,긴소매 티셔츠,https://image.msscdn.net/thumbnails/images/goods_img/20241015/4516942/4516942_17289505527587_big.jpg?w=1200,없음,없음,https://image.msscdn.net/thumbnails/images/prd_img/20241015/4516942/detail_4516942_17289505536059_big.jpg?w=1200,longsl_0353,382,1.1천 회 이상 (최근 1개월),없음,후기 1개,없음,생각보다 짧은데 질 좋고 예뻐요 벨트부분 고정이 안돼서 가끔씩 확인해줘야해요,없음,없음,없음,없음
https://www.musinsa.com/products/4329168,[5589] 루즈핏 롱 슬리브 (베이지),"54,000원",20%,"43,200원",밀리언코르,https://image.musinsa.com/mfile_s01/_brand/free_medium/millioncor.png?20230905103642,상의,긴소매 티셔츠,https://image.msscdn.net/thumbnails/images/goods_img/20240814/4329168/4329168_17242246925901_big.jpg?w=1200,https://image.msscdn.net/thumbnails/images/prd_img/20240814/4329168/detail_4329168_17242246991293_big.jpg?w=1200,https://image.msscdn.net/thumbnails/images/prd_img/20240814/4329168/detail_4329168_17242247001153_big.jpg?w=1200,https://image.msscdn.net/thumbnails/images/prd_img/20240814/4329168/detail_4329168_17242247010541_big.jpg?w=1200,longsl_0354,79,없음,없음,후기 2개,없음,한달후기 젠더리스 하면서 빈티지한게 아주 만족스럽고 너무 편하네요,배송도 빠르고 빈티지한 느낌이 아주 마음이 드네요,없음,없음,없음
https://www.musinsa.com/products/4365989,460G 컷 헤비 피그먼트 롱 슬리브-내츄럴 아이보리-,"71,700원",40%,"43,000원",소버먼트,https://image.musinsa.com/mfile_s01/_brand/free_medium/sovermentwithlomort.png?20201105164327,상의,긴소매 티셔츠,없음,없음,없음,https://image.msscdn.net/thumbnails/images/goods_img/20240823/4365989/4365989_17250158420327_big.jpg?w=1200,longsl_0355,608,4천 회 이상 (최근 1개월),없음,후기 156개,4.9,옷 자체만 놓고보면 짱짱하고 좋은데 4만원 받을가격은 아니고 쿠폰먹여서 한 2만원?정도면 구매 추천드려요 레이어드용으로는 좋은듯 그리고 아이보리가 아니라 완전 화이트라서 아쉬워요,고중량 특유의 갑갑함 없고 질기고 튼튼. 넉넉한 핏으로 착용감또한 편함. 유의할점은 팔에 쌓이는 스트릿한 핏. 클래식하게 입을 분들은 조심. 롱슬리브랍시고 항상 나풀나풀하게 만드는곳만 많아서 만족감 느껴본적이 적은데 이 제품 아주 좋음,고중량 특유의 갑갑함 없고 질기고 튼튼. 넉넉한 핏으로 착용감또한 편함. 유의할점은 팔에 쌓이는 스트릿한 핏. 클래식하게 입을 분들은 조심. 롱슬리브랍시고 항상 나풀나풀하게 만드는곳만 많아서 만족감 느껴본적이 적은데 이 제품 아주 좋음,사이즈 생각보다 커요 한사이즈 다운 필수요 재질 좋어요,소버먼트 한 번 맛보면 진짜 못 빠져나간다 조심해야한다
https://www.musinsa.com/products/4305460,스퀘어 넥 립드 탑_브라운,"52,000원",20%,"41,600원",로맨틱크라운,https://image.msscdn.net/mfile_s01/_brand/free_medium/romanticcrown.png?20240418114459,상의,긴소매 티셔츠,https://image.msscdn.net/thumbnails/images/prd_img/20240807/4305460/detail_4305460_17252560729729_big.jpg?w=1200,https://image.msscdn.net/thumbnails/images/prd_img/20240807/4305460/detail_4305460_17252560810792_big.jpg?w=1200,없음,https://image.msscdn.net/thumbnails/images/goods_img/20240807/4305460/4305460_17351775209219_big.jpg?w=1200,longsl_0356,"1,356",750회 이상 (최근 1개월),없음,후기 4개,3.5,한달후기 s로 사세요 보통 여성분이라묜..! 버클이 너무 질 풀려요,사이즈 조절할 걸.. 너무 널널해서 벨크로? 가 자꾸 끊겨요 ㅜ,핏이 살짝 하늘해서 사진처럼 딱 잡혀있지않습니다. 배부분도 묘하게 어정쩡해서 아쉬워요 그래도 옷이 부드럽고 스퀘어넥이 매력이라서 만족합니다,여리여리하고 예쁩니다. 제 체구가 많이 작아서 약간 헐렁하긴한데 입을만 합니다.,없음
https://www.musinsa.com/products/4672839,FN OG LONG SLV TEE brown,"49,000원",20%,"39,200원",엘엠씨,https://image.musinsa.com/mfile_s01/_brand/free_medium/lmc.png?20220610163914,상의,긴소매 티셔츠,https://image.msscdn.net/thumbnails/images/prd_img/20241219/4672839/detail_4672839_17357805267020_big.jpg?w=1200,https://image.msscdn.net/thumbnails/images/prd_img/20241219/4672839/detail_4672839_17357805279531_big.jpg?w=1200,없음,https://image.msscdn.net/thumbnails/images/goods_img/20241219/4672839/4672839_17357805187065_big.jpg?w=1200,longsl_0357,258,2.2천 회 이상 (최근 1개월),없음,후기 4개,4.5,생각보다 정핏이어서 당황햇지만 뭐 그럭저럭 할인해서 산거 생각하면 괜찮슴니다,휘뚜루 마뚜루 입기 좋은 데일리 아이템입니다 잘입구 있어요.,가끔씩 기본스러운 롱슬리브 사고싶을때 엘엠씨에서 자주사요 낙낙하니 좋아요,꺄오 너무 예뻐요 근데 조금 더 넉넉하게 입고싶으면 엠사도 괜찮앗을것 같애요 하지만 에스도 넉넉해서 ㄱㅊ긴해요 색도 넘 예쁘고 크기도 ㄱㅊ고 넘 예뻐여,없음
https://www.musinsa.com/products/4746905,FF SLEEVELESS LAYERED L/S TEE(GREY),"49,000원",20%,"39,200원",해비즘,https://image.musinsa.com/mfile_s01/_brand/free_medium/havism.png?20210209155418,상의,긴소매 티셔츠,https://image.msscdn.net/thumbnails/images/goods_img/20250130/4746905/4746905_17385675471232_big.jpg?w=1200,https://image.msscdn.net/thumbnails/images/prd_img/20250130/4746905/detail_4746905_17385675539502_big.jpg?w=1200,https://image.msscdn.net/thumbnails/images/prd_img/20250130/4746905/detail_4746905_17385675546178_big.jpg?w=1200,https://image.msscdn.net/thumbnails/images/prd_img/20250130/4746905/detail_4746905_17385675559718_big.jpg?w=1200,longsl_0358,27,100회 이상 (최근 1개월),없음,없음,없음,없음,없음,없음,없음,없음
https://www.musinsa.com/products/4416232,소프트 슬럽 롱슬리브 티셔츠 (T32E7TTO51SWT1C1G),"52,000원",30%,"36,400원",타미진스,https://image.msscdn.net/mfile_s01/_brand/free_medium/tommyjeans.png?20200608153142,상의,긴소매 티셔츠,https://image.msscdn.net/thumbnails/images/goods_img/20240906/4416232/4416232_17274067230421_big.jpg?w=1200,없음,없음,https://image.msscdn.net/thumbnails/images/prd_img/20240906/4416232/detail_4416232_17274067260324_big.jpg?w=1200,longsl_0359,385,2.8천 회 이상 (최근 1개월),없음,후기 2개,없음,싸게 잘 샀어요 핏도 괜찮고 잘 받았습니다 이뻐요,옷감이 약간 루즈핏 흐늘거려요 편한 착용감입니다,없음,없음,없음
https://www.musinsa.com/products/4343051,플로니 슬림 티셔츠 [CHARCOAL],"45,000원",20%,"36,000원",델리센트,https://image.musinsa.com/mfile_s01/_brand/free_medium/deliccent.png?20220621162521,상의,긴소매 티셔츠,https://image.msscdn.net/thumbnails/images/goods_img/20240819/4343051/4343051_17255228580903_big.jpg?w=1200,없음,없음,https://image.msscdn.net/thumbnails/images/prd_img/20240819/4343051/detail_4343051_17255228590641_big.jpg?w=1200,longsl_0360,963,3.7천 회 이상 (최근 1개월),없음,후기 4개,없음,너무 달라붙고 얇고 이런 옷은 부담스러워서 잘 안입게 되는데 얘는 핏이 예쁘게 잡혀서 계속 손이 가네용 무엇보다 질이 너무 좋아서 늘어나지두 않구 탄탄해요!,한달후기 딱 달라붙어서 몸매 보정두 잘 해주고 신축성도 좋아서 입고 벗기 편해요!,너무 이뻐요!! 핏도 이쁘고 길이도 적당해서 자주 입을 것 같아요!!,한달후기 총장 안 보고 삿엇는데 생각보다 많이 안 짧구 딱 좋아염 근데뮨가 어깨선이 애매한? 위치에 잇는 느낌 소매 손등까지 쭈욱해야 핏이 예뻐염 건조기 돌렷는데 별루 안 줄어들음 디자인은 넘넘예뿜,없음
https://www.musinsa.com/products/4519093,코튼 보트넥 니트티 [차콜],없음,없음,"34,900원",바우로 프로덕트,https://image.musinsa.com/mfile_s01/_brand/free_medium/bowlow.png?20240520135539,상의,긴소매 티셔츠,https://image.msscdn.net/thumbnails/images/goods_img/20241015/4519093/4519093_17289706842821_big.jpg?w=1200,https://image.msscdn.net/thumbnails/images/prd_img/20241015/4519093/detail_4519093_17289706955606_big.jpg?w=1200,https://image.msscdn.net/thumbnails/images/prd_img/20241015/4519093/detail_4519093_17289706966572_big.jpg?w=1200,https://image.msscdn.net/thumbnails/images/prd_img/20241015/4519093/detail_4519093_17289706993437_big.jpg?w=1200,longsl_0361,27,200회 이상 (최근 1개월),없음,후기 2개,없음,잘 입고있습니다. 옷의 신축성은 거의 없고 팔부분이 타이트합니다.,디자인 너무 예쁘네요 재질도 마음에 들고 다른색도 구매 예정입니다.,없음,없음,없음
https://www.musinsa.com/products/4327695,Type Logo L/S Tee - White,"49,000원",30%,"34,300원",로어즈,https://image.musinsa.com/mfile_s01/_brand/free_medium/lores.png?20240911110401,상의,긴소매 티셔츠,https://image.msscdn.net/thumbnails/images/prd_img/20240813/4327695/detail_4327695_17260375636958_big.jpg?w=1200,https://image.msscdn.net/thumbnails/images/prd_img/20240813/4327695/detail_4327695_17260375639384_big.jpg?w=1200,없음,https://image.msscdn.net/thumbnails/images/goods_img/20240813/4327695/4327695_17260375628970_big.jpg?w=1200,longsl_0362,48,없음,없음,후기 1개,없음,옷이 짱짱하고 핏도 좋아서 여러벌 구입했어요 반팔도 사려고요,없음,없음,없음,없음
https://www.musinsa.com/products/4592364,쿨링 ROKA 로카 긴팔 티셔츠,"16,500원",40%,"9,900원",밀리브로,https://image.msscdn.net/mfile_s01/_brand/free_medium/milibro.png?1730858958061,상의,긴소매 티셔츠,없음,없음,없음,https://image.msscdn.net/thumbnails/images/goods_img/20241106/4592364/4592364_17310548114829_big.jpg?w=1200,longsl_0363,126,2.3천 회 이상 (최근 1개월),없음,후기 21개,없음,여자친구 주려고 하나 샀는데 여자친구도 넘 조아하고 사이즈도 적당해용 그렇게 크진 않아요 ㅡ,운동할 때 입기 좋아요. 핏도 딱 근육이 잘 드러나게 맞아서 추천해요 ㅡ,생각보다 훨씬 이쁘네요! 반팔로는 이미 두개 있었는데 긴팔 버전도 하나 굉장히 저렴하게 장만해서 기분 좋습니다,운동할때 입으려고 샀어요 통풍잘되고 가벼워서 잘 마를거 같아요,운동할때 입으려고 샀어요 통풍잘되고 가벼워서 잘 마를거 같아요
https://www.musinsa.com/products/4346480,슬림핏 스트라이프 탑 [GREY],"41,000원",20%,"32,800원",레더리,https://image.musinsa.com/mfile_s01/_brand/free_medium/leathery.png?20220124140405,상의,긴소매 티셔츠,https://image.msscdn.net/thumbnails/images/goods_img/20240820/4346480/4346480_17243778682551_big.jpg?w=1200,https://image.msscdn.net/thumbnails/images/prd_img/20240820/4346480/detail_4346480_17243778833630_big.jpg?w=1200,https://image.msscdn.net/thumbnails/images/prd_img/20240820/4346480/detail_4346480_17243778805133_big.jpg?w=1200,https://image.msscdn.net/thumbnails/images/prd_img/20240820/4346480/detail_4346480_17243778874171_big.jpg?w=1200,longsl_0364,"22,855",4만 회 이상 (최근 1개월),2.3천 개 이상,후기 303개,4.7,전체적으로 사이즈가 약간 딱 핏이에여 살찌면 못입음 ㅠㅋㅋ ㅠㅠ 평소 55-66입는 분들은 비추 드립니다 솔직후기 남겨요 많이끼고 불편하다고 느끼실거에요 전 맞긴한데 막 편하게 입는듯한 느낌은 없었어요 저한테도 약간 딱맞다란게 더 맞음 개말라분들은 그냥 입으시면됩니다 저한텐 근데 작다거나 봤을때 이상하진 않고 예뻐서 그냥 확정함,패턴이랑 색감이 예뻐서 구매했는데.. 스판기가 하나도 없어서 좀 불편해요ㅠ 단독으로 입긴 힘들거 같고 자켓 안에 받쳐서 입어야겠어요,#레더리 #힙한코디 #스트릿패션 편하지만 힙하게 입기 좋은 룩👀,예뻐요ㅜㅜ 근데 살이쪘나... 낑겨요.... 그리고 9웡 말 기준으로 너무 더워요,모델핏 나오려면 44사쥬 되야되 솔직히 모델 마네킹 같음 암튼 그냥 입는거야 이뿌니까 기분 좋으니까
https://www.musinsa.com/products/4499976,레터링 레이스 롱슬리브(블랙),"52,800원",40%,"31,900원",오오엠엘,https://image.musinsa.com/mfile_s01/_brand/free_medium/oel.png?20211101140607,상의,긴소매 티셔츠,https://image.msscdn.net/thumbnails/images/goods_img/20241009/4499976/4499976_17292369564774_big.png?w=1200,https://image.msscdn.net/thumbnails/images/prd_img/20241009/4499976/detail_4499976_17296581730980_big.jpg?w=1200,없음,https://image.msscdn.net/thumbnails/images/prd_img/20241009/4499976/detail_4499976_17296581766894_big.jpg?w=1200,longsl_0365,293,1.1천 회 이상 (최근 1개월),없음,후기 6개,4.8,한달후기 가격 저렴하게 잘 구매했는데 예쁘고 편해서 자주 입고 있어요,한달후기 편하고 예뻐서 자주 입고 있어요 넥라인이 예쁩니다,부드럽고 날씬보임 코디된바지랑 같이구입 할인받아 싸게구입,진짜 몸매 날씬해 보여요 라인이 잘빠져서 좋아요 고급스러운 질감에 스타일 만족합니다 ~^^,손목이랑 목부분 레이스가 너무너무 예쁘고 많이 달라 붙지 않아서 좋아요
https://www.musinsa.com/products/4744146,노팅힐 페미닌 원숄더 롱 슬리브 블랙,"45,000원",30%,"31,500원",칙스,https://image.msscdn.net/mfile_s01/_brand/free_medium/chicks.png?1733982020725,상의,긴소매 티셔츠,https://image.msscdn.net/thumbnails/images/goods_img/20250124/4744146/4744146_17377003675277_big.jpg?w=1200,https://image.msscdn.net/thumbnails/images/prd_img/20250124/4744146/detail_4744146_17377003684669_big.jpg?w=1200,https://image.msscdn.net/thumbnails/images/prd_img/20250124/4744146/detail_4744146_17377003687296_big.jpg?w=1200,https://image.msscdn.net/thumbnails/images/prd_img/20250124/4744146/detail_4744146_17377003692616_big.jpg?w=1200,longsl_0366,"1,381",1만 회 이상 (최근 1개월),없음,없음,없음,없음,없음,없음,없음,없음
https://www.musinsa.com/products/4296948,W LLF UNIFORM L/S TEE(BLACK),"52,000원",40%,"31,200원",해비즘,https://image.musinsa.com/mfile_s01/_brand/free_medium/havism.png?20210209155418,상의,긴소매 티셔츠,https://image.msscdn.net/thumbnails/images/prd_img/20240805/4296948/detail_4296948_17238953037567_big.jpg?w=1200,https://image.msscdn.net/thumbnails/images/prd_img/20240805/4296948/detail_4296948_17238953047696_big.jpg?w=1200,없음,https://image.msscdn.net/thumbnails/images/goods_img/20240805/4296948/4296948_17238952969694_big.jpg?w=1200,longsl_0367,"1,935",8천 회 이상 (최근 1개월),없음,후기 37개,4.8,사진이랑 같은데 제가 통통해서 그런지 사이즈가 타이트하네요,생각보다 작긴 한데 스판이 있어서 편해요 옆에 줄이 있어서 팔뚝 부각이 안돼서 좋아요,한달후기 이 옷 진짜 존예에요 심지어 팔뚝살이랑 뱃살 커버됨 돈만 많으면 색깔별로 다 사고 싶어요,세트로 구입했는데 같이입으니까 예쁘네요 운동할때 입기좋아여,핏이 아주예뻐요 레이스포인트가 맘에들어서 구입했어여~
https://www.musinsa.com/products/4740722,하트넥 셔링 롱슬리브 티 [CHARCOAL] / WBE1L01506,없음,없음,"35,000원",제너럴아이디어,https://image.musinsa.com/mfile_s01/_brand/free_medium/generalideastandard.png?20240418113747,상의,긴소매 티셔츠,https://image.msscdn.net/thumbnails/images/goods_img/20250123/4740722/4740722_17376215563590_big.jpg?w=1200,https://image.msscdn.net/thumbnails/images/prd_img/20250123/4740722/detail_4740722_17376215653515_big.jpg?w=1200,https://image.msscdn.net/thumbnails/images/prd_img/20250123/4740722/detail_4740722_17376215660421_big.jpg?w=1200,https://image.msscdn.net/thumbnails/images/prd_img/20250123/4740722/detail_4740722_17376158405475_big.jpg?w=1200,longsl_0368,28,100회 이상 (최근 1개월),없음,없음,없음,없음,없음,없음,없음,없음
https://www.musinsa.com/products/4614053,폴리 레이온 터틀넥티셔츠 AQ4CTA66,"39,900원",25%,"29,930원",랩,https://image.msscdn.net/mfile_s01/_brand/free_medium/lap.png?20200608153142,상의,긴소매 티셔츠,https://image.msscdn.net/thumbnails/images/goods_img/20241114/4614053/4614053_17315507406359_big.jpg?w=1200,https://image.msscdn.net/thumbnails/images/prd_img/20241114/4614053/detail_4614053_17315507416185_big.jpg?w=1200,https://image.msscdn.net/thumbnails/images/prd_img/20241114/4614053/detail_4614053_17315507418566_big.jpg?w=1200,https://image.msscdn.net/thumbnails/images/prd_img/20241114/4614053/detail_4614053_17315622589525_big.jpg?w=1200,longsl_0369,9,100회 이상 (최근 1개월),없음,없음,없음,없음,없음,없음,없음,없음
https://www.musinsa.com/products/4336536,오버핏 스트라이프 롱슬리브 티셔츠 (BLACK),"39,000원",23%,"29,900원",엑스컨테이너,https://image.musinsa.com/mfile_s01/_brand/free_medium/excontainer.png?20240320150032,상의,긴소매 티셔츠,https://image.msscdn.net/thumbnails/images/goods_img/20240816/4336536/4336536_17242855269889_big.jpg?w=1200,https://image.msscdn.net/thumbnails/images/prd_img/20240816/4336536/detail_4336536_17243748230080_big.jpg?w=1200,https://image.msscdn.net/thumbnails/images/prd_img/20240816/4336536/detail_4336536_17243748170081_big.jpg?w=1200,https://image.msscdn.net/thumbnails/images/prd_img/20240816/4336536/detail_4336536_17243748196727_big.jpg?w=1200,longsl_0370,"1,150",1.9천 회 이상 (최근 1개월),없음,후기 103개,4.8,"단독으로 입기보다는 맨투맨이나 후드티 안쪽에 레이어드해 입으려고 구매했어요. 아주 얇은 재질은 아니고, 적당해요! 살짝 오버핏이에요. 심심한 옷에 같이 입기 좋아요.",역시 너무 이쁘고 이너로 입기 괜찮은티임,사진보다 실제가 훠얼씬 예쁘네요 부드랍고 좋아요,딱 생각했던 핏으로 잘맞습니다 예뻐요 잘입을듯 생각대로 두껍진 않슴다,좀 얇은편이고 딱 생각했던 느낌 색감 그대롭니다 예뻐영
https://www.musinsa.com/products/4725762,남성) 변형 와플 슬릿넥 긴팔티_PHF2TS1510,"59,900원",50%,"29,900원",폴햄,https://image.msscdn.net/mfile_s01/_brand/free_medium/polham.png?20200608153142,상의,긴소매 티셔츠,https://image.msscdn.net/thumbnails/images/goods_img/20250116/4725762/4725762_17370150985738_big.jpg?w=1200,https://image.msscdn.net/thumbnails/images/prd_img/20250116/4725762/detail_4725762_17370150993108_big.jpg?w=1200,https://image.msscdn.net/thumbnails/images/prd_img/20250116/4725762/detail_4725762_17370150995759_big.jpg?w=1200,https://image.msscdn.net/thumbnails/images/prd_img/20250116/4725762/detail_4725762_17370150997373_big.jpg?w=1200,longsl_0371,1,,없음,없음,없음,없음,없음,없음,없음,없음
https://www.musinsa.com/products/4358417,WASHED LONG SLEEVE [PIGMENT BLACK],"59,000원",50%,"29,500원",스웨이드,https://image.musinsa.com/mfile_s01/_brand/free_medium/suade.png?20230804121342,상의,긴소매 티셔츠,https://image.msscdn.net/thumbnails/images/goods_img/20240822/4358417/4358417_17243078634948_big.jpg?w=1200,https://image.msscdn.net/thumbnails/images/prd_img/20240822/4358417/detail_4358417_17243078706115_big.jpg?w=1200,https://image.msscdn.net/thumbnails/images/prd_img/20240822/4358417/detail_4358417_17243078723100_big.jpg?w=1200,https://image.msscdn.net/thumbnails/images/prd_img/20240822/4358417/detail_4358417_17243078766119_big.jpg?w=1200,longsl_0372,86,400회 이상 (최근 1개월),없음,후기 1개,없음,이쁘고 편하네요 마음에 듭니다 원했던 사이즈입니다,없음,없음,없음,없음
https://www.musinsa.com/products/4457993,아이보리 웨이브 절개 긴팔 티셔츠,"49,000원",40%,"29,400원",앤디아더,https://image.musinsa.com/mfile_s01/_brand/free_medium/andtheother.png?20230419170156,상의,긴소매 티셔츠,https://image.msscdn.net/thumbnails/images/goods_img/20240924/4457993/4457993_17271766584119_big.jpg?w=1200,https://image.msscdn.net/thumbnails/images/prd_img/20240924/4457993/detail_4457993_17271766665790_big.jpg?w=1200,https://image.msscdn.net/thumbnails/images/prd_img/20240924/4457993/detail_4457993_17271766674608_big.jpg?w=1200,https://image.msscdn.net/thumbnails/images/prd_img/20240924/4457993/detail_4457993_17271766692423_big.jpg?w=1200,longsl_0373,189,1천 회 이상 (최근 1개월),없음,후기 3개,4.7,키작은 저에게 잘맞요 재질은 별룬데 그냥 입어요,크롭디자인이 다리가 길어보여서 좋고 핏이 날씬해보여요!,와 이거 진짜 이뻐요! 니트재질이라 부해보일줄 알았는데 오히려 날씬해보이고 크롭기장이 맘에드네요,없음,없음
https://www.musinsa.com/products/4342167,베이직 긴팔 티셔츠 024910 [19color],없음,없음,"12,800원",지오다노,https://image.musinsa.com/mfile_s01/_brand/free_medium/giordano.png?20201008161709,상의,긴소매 티셔츠,https://image.msscdn.net/thumbnails/images/goods_img/20240819/4342167/4342167_17241298656590_big.jpg?w=1200,https://image.msscdn.net/thumbnails/images/prd_img/20240819/4342167/detail_4342167_17241299672535_big.jpg?w=1200,https://image.msscdn.net/thumbnails/images/prd_img/20240819/4342167/detail_4342167_17241298918562_big.jpg?w=1200,https://image.msscdn.net/thumbnails/images/prd_img/20240819/4342167/detail_4342167_17368366485699_big.jpg?w=1200,longsl_0374,243,500회 이상 (최근 1개월),없음,후기 137개,4.9,일단 배송이 진짜 빨라서 좋아요 그리고 옷이 생각보다 얇아서 초여름까지 입을수 있을거 같아요 흰색은 비침이 좀 있었는데 그레이는 비침이 없어서 단독으로 입을수도 있을것 같고 레이어드 해서 입어도 예쁠것 같아요 그리고 오버핏 원하는 분들은 한 사이즈 크게 사시는게 좋을것 같아요 정사이즈 사니까 딱 맞아요 그래도 이 가격에 퀄리티는 좋네요,일단 배송이 진짜 빨라서 좋아요 그리고 옷이 생각보다 얇아서 초여름까지 입을수 있을거 같아요 흰색은 비침이 좀 있었는데 그레이는 비침이 없어서 단독으로 입을수도 있을것 같고 레이어드 해서 입어도 예쁠것 같아요 그리고 오버핏 원하는 분들은 한 사이즈 크게 사시는게 좋을것 같아요 정사이즈 사니까 딱 맞아요 그래도 이 가격에 퀄리티는 좋네요,일단 배송이 진짜 빨라서 좋아요 그리고 옷이 생각보다 얇아서 초여름까지 입을수 있을거 같아요 흰색은 비침이 좀 있었는데 검정색은 비침이 없어서 단독으로 입을수도 있을것 같고 레이어드 해서 입어도 예쁠것 같아요 그리고 오버핏 원하는 분들은 한 사이즈 크게 사시는게 좋을것 같아요 정사이즈 사니까 딱 맞아요 그래도 이 가격에 퀄리티는 좋네요,일단 배송이 진짜 빨라서 좋아요 그리고 옷이 생각보다 얇아서 초여름까지 입을수 있을거 같아요 흰색은 비침이 좀 있었는데 검정색은 비침이 없어서 단독으로 입을수도 있을것 같고 레이어드 해서 입어도 예쁠것 같아요 그리고 오버핏 원하는 분들은 한 사이즈 크게 사시는게 좋을것 같아요 정사이즈 사니까 딱 맞아요 그래도 이 가격에 퀄리티는 좋네요,일단 배송이 진짜 빨라서 좋아요 그리고 옷이 생각보다 얇아서 흰색은 비침이 좀 있네요 그래서 레이어드나 이너로만 입는게 좋을것 같아요 그리고 오버핏 원하는 분들은 한 사이즈 크게 사시는게 좋을것 같아요 정사이즈 사니까 딱 맞아요 그래도 이 가격에 퀄리티는 좋네요
https://www.musinsa.com/products/4501622,Back Point Boat Neck Sleeve Melange Gray,"32,000원",20%,"25,600원",렌세,https://image.musinsa.com/mfile_s01/_brand/free_medium/rense.png?20240509135300,상의,긴소매 티셔츠,https://image.msscdn.net/thumbnails/images/goods_img/20241010/4501622/4501622_17312982536703_big.jpg?w=1200,https://image.msscdn.net/thumbnails/images/prd_img/20241010/4501622/detail_4501622_17292285866817_big.jpg?w=1200,https://image.msscdn.net/thumbnails/images/prd_img/20241010/4501622/detail_4501622_17292285873293_big.jpg?w=1200,https://image.msscdn.net/thumbnails/images/prd_img/20241010/4501622/detail_4501622_17292285884405_big.jpg?w=1200,longsl_0375,"2,217",6.1천 회 이상 (최근 1개월),없음,후기 18개,4.8,기본티로 넘 좋을거 같아요 핏도 날씬해보이고 자주 손이 갈듯한 느낌!! 근데…… 우측 팔 끝부분에 무슨 이염자국이 있어요 이염자국도 오래되서 굳은 거 같아요 상품검수 제대로 안하신거 같아요 기분 안좋은데 또 언제 교환하고 기다리고 할지 귀찮아서 세탁하고 입으려구요,한달후기 활용도 너무 좋고 앞뒤로 입을 수 있어서 더 좋음! 여기저기 휘뚤마뚤최고 ㅎㅎ,선물용으로 구매했는데 가격대비 마감이 괜찮다고 좋아합니다.,한달후기 세일할때 잘 샀어용 질 좋은 거 같아용 가성비 굳굳,한달후기 짇짜잘입고잇음 밋밋하지않고 포인트되서좋음
https://www.musinsa.com/products/4227348,우먼즈 투 톤 리브드 슬림 긴소매 티셔츠 [토프],"26,900원",20%,"21,490원",무신사 스탠다드 우먼,https://image.msscdn.net/mfile_s01/_brand/free_medium/musinsastandardwoman.png?1733278192535,상의,긴소매 티셔츠,https://image.msscdn.net/thumbnails/images/prd_img/20240702/4227348/detail_4227348_17285312791028_big.jpg?w=1200,https://image.msscdn.net/thumbnails/images/prd_img/20240702/4227348/detail_4227348_17285312802965_big.jpg?w=1200,없음,https://image.msscdn.net/thumbnails/images/goods_img/20240702/4227348/4227348_17285312727361_big.jpg?w=1200,longsl_0376,206,600회 이상 (최근 1개월),없음,후기 12개,4.7,두가지 색상샀어요 길이 길지않아 더 좋네요 좋습니다.,한달후기 보풀걱정할 필요 없는 소재라 좋고 타이트해서 밑에 h라인 스커트 입으면 잘 어울리는 거 같아요,평소 s나 m입는데 이거는 스판이 거의 없어서 l해야 될 거 같아요 근데 잘 없는 소재라 매장에서 입어보고 샀습니당,티 넘 갠찮아요 근데 좀 타이트한 편이라 L사이즈삼 보통 S나M입는데 스타일리쉬하고 힙함,힙하고 예뻐요 그 롱스커트랑 입으면 찰떡임 사보니까 다른 색도 사고싶음 ...
https://www.musinsa.com/products/4739541,남성) 쿨에어 코튼 그래픽 긴팔티_MSF2TS1011,"39,900원",25%,"29,900원",탑텐,https://image.msscdn.net/mfile_s01/_brand/free_medium/topten.png?20200608153142,상의,긴소매 티셔츠,https://image.msscdn.net/thumbnails/images/goods_img/20250123/4739541/4739541_17376090154863_big.jpg?w=1200,https://image.msscdn.net/thumbnails/images/prd_img/20250123/4739541/detail_4739541_17376090161707_big.jpg?w=1200,https://image.msscdn.net/thumbnails/images/prd_img/20250123/4739541/detail_4739541_17376090163721_big.jpg?w=1200,https://image.msscdn.net/thumbnails/images/prd_img/20250123/4739541/detail_4739541_17376090167289_big.jpg?w=1200,longsl_0377,2,150회 이상 (최근 1개월),없음,없음,없음,없음,없음,없음,없음,없음
https://www.musinsa.com/products/4518249,골지 그래픽 긴소매 티셔츠 화이트,"39,900원",50%,"19,900원",에잇세컨즈,https://image.musinsa.com/mfile_s01/_brand/free_medium/8seconds.png?20230113172937,상의,긴소매 티셔츠,없음,없음,없음,https://image.msscdn.net/thumbnails/images/goods_img/20241015/4518249/4518249_17289615484037_big.jpg?w=1200,longsl_0378,63,500회 이상 (최근 1개월),없음,후기 1개,없음,한달후기 상체에 살집이 많은데 이건 아래쪽도 트여있고 어깨라인도 보이는 옷이라 엄청 마르게보여서 잘입고다닙니다!,없음,없음,없음,없음
https://www.musinsa.com/products/4576700,[2PACK] 헤비 루즈핏 롱슬리브,"144,000원",49%,"74,000원",제이엘브,https://image.musinsa.com/mfile_s01/_brand/free_medium/jeleve.png?20231016182911,스포츠/레저,상의,https://image.msscdn.net/thumbnails/images/prd_img/20241031/4576700/detail_4576700_17303488716617_big.jpg?w=1200,https://image.msscdn.net/thumbnails/images/prd_img/20241031/4576700/detail_4576700_17303488727225_big.jpg?w=1200,없음,https://image.msscdn.net/thumbnails/images/goods_img/20241031/4576700/4576700_17303488611634_big.jpg?w=1200,longsl_0379,434,5.4천 회 이상 (최근 1개월),없음,후기 81개,4.9,생각보다 사이즈가 크긴한데 루즈핏으로 괜찮은 것 같아요,한달후기 생각보다 옷테가 커서 신기했어요 재질은 맘에 듭니다,헤비라고는 하지만 좀 얇은 거 같고 면재질이 아닌거 같아요.,자주 이용하는 브랜드로 저렴하게 득했어요. 두께감 착용감 만족합니다. 175기준 기장은 정사이즈는 1 오버핏은 2 추천드립니다,소재가 튼튼하고 여유로운 사이즈 마음에 듭니다.
https://www.musinsa.com/products/4326403,[힛탠다드] 터틀 넥 긴소매 티셔츠 [블랙],"23,900원",36%,"15,390원",무신사 스탠다드,https://image.msscdn.net/mfile_s01/_brand/free_medium/musinsastandard.png?20200608153142,상의,긴소매 티셔츠,https://image.msscdn.net/thumbnails/images/prd_img/20240813/4326403/detail_4326403_17260412845065_big.jpg?w=1200,https://image.msscdn.net/thumbnails/images/prd_img/20240813/4326403/detail_4326403_17259552188497_big.jpg?w=1200,없음,https://image.msscdn.net/thumbnails/images/goods_img/20240813/4326403/4326403_17259552121241_big.jpg?w=1200,longsl_0380,814,5.3천 회 이상 (최근 1개월),1.9천 개 이상,후기 273개,4.9,단품으론 조금그런데 니트나 가디건이너로 좋네요 덕분에 고기남자룩을 완성시켰습니다,제가 목이 살짝 긴편?인것 같은데 그래서 그런지 일반티보다 더 잘 어울리네요 마감 재질 핏 다 완벽해요 근데 따뜻한지는 잘 모르겠어요,부드럽고 편안하네요. 약간은 여유있는 사이즈라 세미오버핏 느낌입니다. 목은 까끌거리는거 없이 좋아요. 소매기장이나 몸통기장 딱 좋습니다. 일밤 면티에 비해 따뜻한 느낌도 나구요.,한달후기 가성비 높고 청바지랑 잘 어울려요 목이 긴 편이라 겨울에 추웠는데 이거 덕분에 올해는 따뜻할 것 같습니다,옷 엄청 예뻐요 겨울에도 따뜻할 것 같아요 이너로 입기에도 좋고 코트랑 입으면 엄청 잘 어울려요
https://www.musinsa.com/products/4719672,[30% 적립금]클래식 핏 스트라이프 저지 럭비 셔츠-블랙,없음,없음,"299,000원",폴로 랄프 로렌,https://image.musinsa.com/mfile_s01/_brand/free_medium/poloralphlauren.png?20220906134140,상의,긴소매 티셔츠,https://image.msscdn.net/thumbnails/images/goods_img/20250114/4719672/4719672_17385723217581_big.jpg?w=1200,https://image.msscdn.net/thumbnails/images/prd_img/20250114/4719672/detail_4719672_17385723267504_big.jpg?w=1200,https://image.msscdn.net/thumbnails/images/prd_img/20250114/4719672/detail_4719672_17385723276410_big.jpg?w=1200,https://image.msscdn.net/thumbnails/images/prd_img/20250114/4719672/detail_4719672_17385723360991_big.jpg?w=1200,longsl_0381,7,200회 이상 (최근 1개월),없음,없음,없음,없음,없음,없음,없음,없음
https://www.musinsa.com/products/4501837,Frill Layered Long Sleeve Black,"43,000원",20%,"34,400원",렌세,https://image.musinsa.com/mfile_s01/_brand/free_medium/rense.png?20240509135300,상의,긴소매 티셔츠,https://image.msscdn.net/thumbnails/images/goods_img/20241010/4501837/4501837_17292288250639_big.jpg?w=1200,https://image.msscdn.net/thumbnails/images/prd_img/20241010/4501837/detail_4501837_17292288327458_big.jpg?w=1200,https://image.msscdn.net/thumbnails/images/prd_img/20241010/4501837/detail_4501837_17292288333567_big.jpg?w=1200,https://image.msscdn.net/thumbnails/images/prd_img/20241010/4501837/detail_4501837_17292288345727_big.jpg?w=1200,longsl_0382,"15,297",9만 회 이상 (최근 1개월),2.4천 개 이상,후기 266개,4.8,나시랑 레이어드해서 입으니깐 너무 이뻤어요 여행가서 잘 입구 다녔습니다 ㅎㅎ,먼지도 잘 붙고 전체적으로 옷이 커서 부해보이는 재질이라 아쉬웠습니다,"입으면 아주 상큼발랄해지는 옷이랄까¿ 레이어드 해서 입으려고 샀는데 딱 맞아 떨어지는 길이에요 엉덩이 다 덮어서 왠만한 맨투맨,후드에 입으면 프릴이 보여서 귀욥네요 ㅎㅎ 하의는 와이드 보다는 핏 되는 부츠컷이 더 잘 어울려요 목은 많이 파여서 머플러나 나시랑 입으면 좋아요 만족스!",체험단 블랙이랑 그레이 고민하다가 무난한건 블랙이지 않을까 하고 블랙색상했어요  아무래도 날씨가 너무 추워져서 단독으로 입기는 힘들고 아우터랑 코디해서 빈티지하고 여성스러운 느낌으로 연출했어요 저는 키가 좀 큰 편이라 160이하이시거나 체격이 외소하신 분들은 모델코디 처럼 원피스 느낌나게 연출해서 앙고라같은 아우터랑 코디해도 예쁠 거 같아요 옷 아랫부분이 두단으로 되어있어서 도톰한 느낌으로 연출돼서 너무 후리한 느낌도 아니고 여성스러운 느낌이나 펑키한 느낌으로도 연출하기 좋을 거 같아요!̤̻  만약에 꼭 하나만 사야한다!̤̻ 한다면 블랙색상은 약간 시크하고 여성스러운 느낌이 더 많이 있는 거 같고 그레이는 좀더 빈티지한 느낌이 있어서 참고해서 구매하시면 좋을 거 같아요!̤̻ (저는 빈티지가 좋아서 그레이 추천 ..ㅎ)  저처럼 아우터나 위에 도톰한 니트같은 것으로 코디해서 예쁘게 입기도 좋고 참고해서 예쁜 코디 구매하세용,팔 길이가 좀 길고 목이 엄청 파여 있긴 하지만 느낌 주고 싶을 때 좋아요
https://www.musinsa.com/products/4329700,자이언트핏 럭비 저지 롱 슬리브,"89,000원",15%,"75,600원",에이치덱스,https://image.musinsa.com/mfile_s01/_brand/free_medium/hadex.png?20220929173733,스포츠/레저,상의,https://image.msscdn.net/thumbnails/images/goods_img/20240814/4329700/4329700_17316483308611_big.jpg?w=1200,https://image.msscdn.net/thumbnails/images/prd_img/20240814/4329700/detail_4329700_17316483010011_big.jpg?w=1200,https://image.msscdn.net/thumbnails/images/prd_img/20240814/4329700/detail_4329700_17271638669984_big.jpg?w=1200,https://image.msscdn.net/thumbnails/images/prd_img/20240814/4329700/detail_4329700_17272253952494_big.jpg?w=1200,longsl_0383,"4,098",2만 회 이상 (최근 1개월),2.8천 개 이상,후기 422개,4.9,핏에 만족 원단에 만족 이핏으로 제발 다른 디자인 계속 출시되면 좋겠습니다,원단도 부드럽고 편안하게 입기 좋아요!,생각보다 큽니다. 크다고 해서 작게샀는데 큽니다 음 제 생각엔 180이상 되시는 분만 사는게 좋을거 같아요! 그래듀 옷 이뻐요! 재구매 의사있습니다,헬짱애인이 사달래서 사줬는데 큼직해거 좋아해요,재질 좋고 세탁 건조에도 변화 없구 핏도 예쁘구 아주 좋아요
https://www.musinsa.com/products/4265181,Plan L/S Tee White,없음,없음,"65,000원",테켓,https://image.msscdn.net/mfile_s01/_brand/free_medium/teket.png?20240722134232,상의,긴소매 티셔츠,없음,없음,없음,https://image.msscdn.net/thumbnails/images/goods_img/20240722/4265181/4265181_17237777850674_big.jpg?w=1200,longsl_0384,"5,351",1.8만 회 이상 (최근 1개월),1.5천 개 이상,후기 229개,4.8,전부터 사고싶엇는데 그레이랑 고민하다 결국 삼 •• 재질도 부들부들하고 걍 그래픽이 전나 예쁨 핏도 너무 커서 안예쁜핏 아니고 딱 적당한 오버핏 !!,"테켓…👍🏻 핏 진심 예뻐요 M 사이즈지만 너무 클까봐 걱정했는데 160 기준 엉덩이까지 덮는 적당한 오버핏입니당 패키지도 예뻐서 왠지 선물 받은 기분ㅎㅎ 어깨선이 내려오면 부해보이기도 해서 롱슬리브는 구매하기 전에 리뷰를 많이 찾아보고 사는데 테켓은 오직,,디자인만 보고 구매했고 핏까지 완벽합니다 ^^7",S사이즈 만들어주세요ㅠ 통이 너무 커서 뚱뚱해보여요,테켓 무신사에 입점 했길래 여자친구랑 커플템으로 쿠폰 맥여서 싸게 구입 잘 해씀니당 옷 이쁘요,검은색 사고 너무 만족해서 흰색도 샀는데 흰색이 더 이쁨 걍 맨날입고나님
https://www.musinsa.com/products/4662764,Stripe Star L/S Blue,"71,000원",10%,"63,900원",배드블루,https://image.musinsa.com/mfile_s01/_brand/free_medium/badblue.png?20221214173326,상의,긴소매 티셔츠,https://image.msscdn.net/thumbnails/images/goods_img/20241212/4662764/4662764_17339838209099_big.jpg?w=1200,https://image.msscdn.net/thumbnails/images/prd_img/20241212/4662764/detail_4662764_17339838289169_big.jpg?w=1200,https://image.msscdn.net/thumbnails/images/prd_img/20241212/4662764/detail_4662764_17339838300643_big.jpg?w=1200,https://image.msscdn.net/thumbnails/images/prd_img/20241212/4662764/detail_4662764_17339838365488_big.jpg?w=1200,longsl_0385,"1,280",3.8천 회 이상 (최근 1개월),없음,후기 3개,없음,목 꽤 탄탄하고 소매도 넉넉하고 기장도 넘 짧지 않고 딱 적당해요,너어무 맘에 들어요 좀 비싼 듯해서 고민하다가 이거보다 맘에 드는 스트라이프가 없어서 그냥 샀는데 목도 꽤 탄탄하고 소매도 넉넉하고 기장도 넘 짧지 않고 딱 적당해요,완전이뻐요 ㅋㅋ흔하지않아서 다들 이쁘다고 그러네요,없음,없음
https://www.musinsa.com/products/4355521,헨리넥 롱 슬리브 티셔츠 (멜란지 그레이),"69,000원",10%,"62,100원",주앙옴므,https://image.musinsa.com/mfile_s01/_brand/free_medium/juanhomme.png?20240912111401,상의,긴소매 티셔츠,https://image.msscdn.net/thumbnails/images/prd_img/20240821/4355521/detail_4355521_17248295284630_big.jpg?w=1200,https://image.msscdn.net/thumbnails/images/prd_img/20240821/4355521/detail_4355521_17248295319826_big.jpg?w=1200,없음,https://image.msscdn.net/thumbnails/images/goods_img/20240821/4355521/4355521_17249806811391_big.jpg?w=1200,longsl_0386,"2,423",1만 회 이상 (최근 1개월),1.1천 개 이상,후기 230개,4.9,뭔가 여리여리한핏이 안나와요 머슬핏도 아니고 이너로는 이쁜고같아요,"약간 긴가민가하면서 샀는데 실물이 훨씬 낫네요 너무 맘에 들어서 조만간 블랙색상도 살 것 같아요 주앙옹므 반팔티, 롱슬리브도 있어서 옷 괜찮네 생각한 브랜드인데 헨리넥도 미쳤다...",나오는 헨리넥 스타일 중에 젤 무난하고 핏도 좋아보여서 구매했는데 대만족입니다! 부들부들하고 소재라 좋아요!,헨리넥 레이어드 코디가 예뻐보여 블랙과 레이어드하려고 구매했습니다. 3버튼으로 기본이라 입기 편합니다. 다만 단추가 조금 저렴해보여서 아쉽습니디.,사이즈도 좋고 색도 좋아요 이쁜데 단추가 오자마자 바로 떨어졌어요 신경써주세요 세탁소에 맡기려고요
https://www.musinsa.com/products/4298658,시그니처 모크넥 머슬핏 긴팔 티셔츠 (블랙) NSTL03,없음,없음,"45,000원",나인제트,https://image.musinsa.com/mfile_s01/_brand/free_medium/ninez.png?20231228120516,스포츠/레저,상의,https://image.msscdn.net/thumbnails/images/goods_img/20240806/4298658/4298658_17254281815086_big.png?w=1200,https://image.msscdn.net/thumbnails/images/prd_img/20240806/4298658/detail_4298658_17254282117044_big.png?w=1200,https://image.msscdn.net/thumbnails/images/prd_img/20240806/4298658/detail_4298658_17254282128642_big.png?w=1200,https://image.msscdn.net/thumbnails/images/prd_img/20240806/4298658/detail_4298658_17254282172907_big.png?w=1200,longsl_0387,"1,567",4.8천 회 이상 (최근 1개월),1.5천 개 이상,후기 126개,4.8,한달후기 예쁘고 부드럽습니다 기본템으로 좋고 진짜 자주 입어요,항상 나인제트꺼는 잘 입는거 같아요 니트 같으면서 스판 있는 재질이 마음에 들었습니다,이너용으로 입을려고 샀고 나중에 재구매 생각 있어요 다른 반폴라보다 쫀쫀한 느낌 있습니다,한달후기 선물해줬는데 괜찮아요 핏은 175/65인 사람한테 적당해요!,단벌 또는 이너로 입어도 손색없는 제품입니다. 색상별로 구비하고 싶네요!
https://www.musinsa.com/products/4324432,M TN WINDPROOF UNDER LQ3TU70M,없음,없음,"198,000원",마크앤로나,https://image.musinsa.com/mfile_s01/_brand/free_medium/markandlona.png?20210430143455,스포츠/레저,상의,https://image.msscdn.net/thumbnails/images/goods_img/20240813/4324432/4324432_17243216180147_big.jpg?w=1200,https://image.msscdn.net/thumbnails/images/prd_img/20240813/4324432/detail_4324432_17243216137934_big.jpg?w=1200,https://image.msscdn.net/thumbnails/images/prd_img/20240813/4324432/detail_4324432_17243216147877_big.jpg?w=1200,https://image.msscdn.net/thumbnails/images/prd_img/20240813/4324432/detail_4324432_17243216154407_big.jpg?w=1200,longsl_0388,3,100회 이상 (최근 1개월),없음,없음,없음,없음,없음,없음,없음,없음
https://www.musinsa.com/products/4756962,Good Girl Collar Tee Black,"98,000원",5%,"93,100원",스컬프터,https://image.musinsa.com/mfile_s01/_brand/free_medium/sculptor.png?20240126133440,상의,긴소매 티셔츠,https://image.msscdn.net/thumbnails/images/goods_img/20250204/4756962/4756962_17389220980753_big.jpg?w=1200,https://image.msscdn.net/thumbnails/images/prd_img/20250204/4756962/detail_4756962_17389220988379_big.jpg?w=1200,https://image.msscdn.net/thumbnails/images/prd_img/20250204/4756962/detail_4756962_17389220990107_big.jpg?w=1200,https://image.msscdn.net/thumbnails/images/prd_img/20250204/4756962/detail_4756962_17389220994073_big.jpg?w=1200,longsl_0389,41,200회 이상 (최근 1개월),없음,없음,없음,없음,없음,없음,없음,없음
https://www.musinsa.com/products/4618705,[토트넘] NO.7 마킹 우븐 롱슬리브_네이비,없음,없음,"179,000원",풋볼스탠다드,https://image.musinsa.com/mfile_s01/_brand/free_medium/footballstandard.png?20231026162512,상의,긴소매 티셔츠,https://image.msscdn.net/thumbnails/images/goods_img/20241115/4618705/4618705_17316569069248_big.jpg?w=1200,https://image.msscdn.net/thumbnails/images/prd_img/20241115/4618705/detail_4618705_17316569077065_big.jpg?w=1200,https://image.msscdn.net/thumbnails/images/prd_img/20241115/4618705/detail_4618705_17316569078702_big.jpg?w=1200,https://image.msscdn.net/thumbnails/images/prd_img/20241115/4618705/detail_4618705_17316569083716_big.jpg?w=1200,longsl_0390,31,350회 이상 (최근 1개월),없음,후기 2개,없음,95는 조금 작은 느낌이 있고 100이 딱 맞는 것 같아요! 실제로 보면 색감이 너무 이뻐요!!,95는 조금 작은 느낌이 있고 100이 딱 맞는 것 같아요! 실제로 보면 색감이 너무 이뻐요!!,없음,없음,없음
https://www.musinsa.com/products/4373346,시티보이 유니버스 레터링 빅 오버핏 롱슬리브 트임 긴팔 티셔츠 6COLOR,"37,000원",46%,"19,900원",언탭트 스튜디오,https://image.msscdn.net/mfile_s01/_brand/free_medium/untapped.png?1730708272814,상의,긴소매 티셔츠,https://image.msscdn.net/thumbnails/images/prd_img/20240827/4373346/detail_4373346_17252524622109_big.jpg?w=1200,https://image.msscdn.net/thumbnails/images/prd_img/20240827/4373346/detail_4373346_17252524632407_big.jpg?w=1200,없음,https://image.msscdn.net/thumbnails/images/goods_img/20240827/4373346/4373346_17252524456440_big.jpg?w=1200,longsl_0391,137,700회 이상 (최근 1개월),없음,후기 7개,4.9,한달후기 겨울 레이어드 이너용으로 입기 좋은데 세탁 몇번 했다고 보풀이 일어나네요,한달후기 실물로 받아보니 생각보다 더 괜찮았어요 할인해서 구입했는데 만족합니다,95 입는 아이한테는 너무 커서 105 입는 아빠가 입고 다닙니다.,다른 95보다는 많이 큰것 같아요 다른 브랜드 100~105인듯 합니다,면이 부드럽고 톡톡해서 가을에 단품으로 입어도 괜찮은거 같아요 팔이 길지만 접어도 흐늘거리며 풀리지 않아 좋아요
https://www.musinsa.com/products/4546771,더매스 212 자이언트핏 럭비 저지 롱슬리브 (Black),"94,000원",20%,"75,600원",에이치덱스,https://image.musinsa.com/mfile_s01/_brand/free_medium/hadex.png?20220929173733,스포츠/레저,상의,https://image.msscdn.net/thumbnails/images/goods_img/20241023/4546771/4546771_17312859864250_big.jpg?w=1200,없음,없음,https://image.msscdn.net/thumbnails/images/prd_img/20241023/4546771/detail_4546771_17312859871439_big.jpg?w=1200,longsl_0392,592,8.8천 회 이상 (최근 1개월),없음,후기 67개,4.9,아주 맘에 들어요. 사이즈 정말 여유있게 나왔어요. 웜업할 때도 좋아요,커플 선물로 사게 되었는데 맘에들어하고 편하게 입기 좋습니다!,잠옷으로도 좋고 운동할때도 좋은 그런 옷입니다,선물용으로 구매했습니다 마음에 들어하네요 좋습니다,배송 빠르고 사진과 같은 디자인에 너무 좋아요 맘에 듬
https://www.musinsa.com/products/4613728,DUSTY STRIPE LONG SLEEVE (BLACK&BROWN),"53,000원",10%,"47,700원",발루트,https://image.musinsa.com/mfile_s01/_brand/free_medium/ballute.png?20210324141318,상의,긴소매 티셔츠,없음,없음,없음,https://image.msscdn.net/thumbnails/images/goods_img/20241114/4613728/4613728_17315479477557_big.jpg?w=1200,longsl_0393,"1,677",8.7천 회 이상 (최근 1개월),없음,후기 77개,4.9,원단도 부드럽고 색감이나 디자인도 맘에 듭니다 굿굿,어느정도 체형은 드러나지만 촤르르 떨어지는 실루엣이 너무 좋아요. 재질도 부드럽고 탄탄해서 변형없이 오래 입을 수 있겠네요. 잘 입을게요!,정말 손 자주가는 겨울 이너입니다!! 패딩이너로 포인트주기 너무 좋고 얇기도 적당해서 올겨울 계속 잘 입고있어요 완전추천..,이너로 너무 좋고 두깨감도 적당하고 색감이 지금 입기 너무좋네여,생각보다 크지만 그래도 완전 이쁘고 재질도 좋아서 자주 입을거 같아요!
https://www.musinsa.com/products/4723644,TCM stable long sleeve (grey),"49,000원",10%,"44,100원",더콜디스트모먼트,https://image.musinsa.com/mfile_s01/_brand/free_medium/thecoldestmoment.png?20200710145248,상의,긴소매 티셔츠,https://image.msscdn.net/thumbnails/images/goods_img/20250116/4723644/4723644_17387153753363_big.jpg?w=1200,https://image.msscdn.net/thumbnails/images/prd_img/20250116/4723644/detail_4723644_17387153825334_big.jpg?w=1200,https://image.msscdn.net/thumbnails/images/prd_img/20250116/4723644/detail_4723644_17387153832381_big.jpg?w=1200,https://image.msscdn.net/thumbnails/images/prd_img/20250116/4723644/detail_4723644_17387153849395_big.jpg?w=1200,longsl_0394,270,850회 이상 (최근 1개월),없음,없음,없음,없음,없음,없음,없음,없음
https://www.musinsa.com/products/4494456,모먼트 헨리넥 롱슬리브 (블랙),없음,없음,"44,000원",오엑스 스튜디오,https://image.msscdn.net/mfile_s01/_brand/free_medium/oxstudios.png?20200608153142,상의,긴소매 티셔츠,https://image.msscdn.net/thumbnails/images/goods_img/20241007/4494456/4494456_17283122907000_big.jpg?w=1200,https://image.msscdn.net/thumbnails/images/prd_img/20241007/4494456/detail_4494456_17283123112129_big.jpg?w=1200,https://image.msscdn.net/thumbnails/images/prd_img/20241007/4494456/detail_4494456_17283123119591_big.jpg?w=1200,https://image.msscdn.net/thumbnails/images/prd_img/20241007/4494456/detail_4494456_17283123169633_big.jpg?w=1200,longsl_0395,"1,089",7천 회 이상 (최근 1개월),없음,후기 90개,4.9,사진 보시면 아시겠지만 레알 핏 좋습니다.. 저는 좀 길게 입어서 큰사이즈 갔는데 정핏 입으시면 정핏도 이쁠듯요 다른색도 구매 예정입니다,깔끔하고 이쁩니다 깔별로 매수해버림 이뻐요 굿,"이너와 단품이 모두 가능한 헨리넥을 찾고 있던 중 발견한 제품입니다! 입었을 때 체형 보완도 가능하고 넣입, 빼입 둘 다 가능해서 너무 만족스럽습니다 ㅎㅎ 이미 그레이, 블랙 구매 완료했고 화이트도 추매 예정입니다. 기본 헨리넥을 찾고 있다면 이 제품 추천드립니다!","이너와 단품이 모두 가능한 헨리넥을 찾고 있던 중 발견한 제품입니다! 입었을 때 체형 보완도 가능하고 넣입, 빼입 둘 다 가능해서 너무 만족스럽습니다 ㅎㅎ 이미 그레이, 블랙 구매 완료했고 화이트도 추매 예정입니다. 기본 헨리넥을 찾고 있다면 이 제품 추천드립니다!",첫 헨리넥인데 평이 좋아 구매했고 결과는 대만족이었습니다 옷이 너무 이뻐서 매일 입을듯요
https://www.musinsa.com/products/4477162,Guildo Elbow Patch (0BI) ASJU2431388-0BI,없음,없음,"138,000원",세인트제임스,https://image.musinsa.com/mfile_s01/_brand/free_medium/saintjames.png?20210804103320,상의,긴소매 티셔츠,https://image.msscdn.net/thumbnails/images/goods_img/20240930/4477162/4477162_17276793076725_big.jpg?w=1200,https://image.msscdn.net/thumbnails/images/prd_img/20240930/4477162/detail_4477162_17276793084085_big.jpg?w=1200,https://image.msscdn.net/thumbnails/images/prd_img/20240930/4477162/detail_4477162_17276793086576_big.jpg?w=1200,https://image.msscdn.net/thumbnails/images/prd_img/20240930/4477162/detail_4477162_17276793095080_big.jpg?w=1200,longsl_0396,41,200회 이상 (최근 1개월),없음,후기 2개,없음,배송 빠르게 잘 받았습니다. 사이즈가 딱 맞네욯ㅎ 합리적인 가격에 잘 구매한 것 같아 좋네요ㅎㅎ,면이 톡톡하고 색감이 사진 그대로라 좋았어요 세탁하면 기장이 꽤 줄어든다길래 일부러 한사이즈 크게사서 세탁기 건조기 돌렸더니 딱맞게 줄어들었어요ㅋㅋ,없음,없음,없음
https://www.musinsa.com/products/4754400,[데이식스 착용]HBL 프리미어 우븐 피스테 블랙(UQ121CWT23),없음,없음,"129,000원",엄브로,https://image.msscdn.net/mfile_s01/_brand/free_medium/umbro.png?20200608153142,상의,긴소매 티셔츠,https://image.msscdn.net/thumbnails/images/goods_img/20250204/4754400/4754400_17386376590008_big.jpg?w=1200,https://image.msscdn.net/thumbnails/images/prd_img/20250204/4754400/detail_4754400_17386363502107_big.jpg?w=1200,https://image.msscdn.net/thumbnails/images/prd_img/20250204/4754400/detail_4754400_17386363505392_big.jpg?w=1200,https://image.msscdn.net/thumbnails/images/prd_img/20250204/4754400/detail_4754400_17386363512937_big.jpg?w=1200,longsl_0397,145,1.8천 회 이상 (최근 1개월),없음,없음,없음,없음,없음,없음,없음,없음
https://www.musinsa.com/products/4758643,Minquiers 18 (0OU) ASJM2514326-0OU,없음,없음,"128,000원",세인트제임스,https://image.musinsa.com/mfile_s01/_brand/free_medium/saintjames.png?20210804103320,상의,긴소매 티셔츠,https://image.msscdn.net/thumbnails/images/goods_img/20250205/4758643/4758643_17387171011397_big.jpg?w=1200,https://image.msscdn.net/thumbnails/images/prd_img/20250205/4758643/detail_4758643_17387171020636_big.jpg?w=1200,https://image.msscdn.net/thumbnails/images/prd_img/20250205/4758643/detail_4758643_17387171022818_big.jpg?w=1200,https://image.msscdn.net/thumbnails/images/prd_img/20250205/4758643/detail_4758643_17387171028143_big.jpg?w=1200,longsl_0398,6,없음,없음,없음,없음,없음,없음,없음,없음,없음
https://www.musinsa.com/products/4573789,골지 더블 레이어드 홀터넥 슬림 롱 슬리브리스 긴소매 티셔츠 [그레이],"34,000원",20%,"27,200원",플레이스 스튜디오,https://image.musinsa.com/mfile_s01/_brand/free_medium/placestudio.png?20240221141901,상의,긴소매 티셔츠,https://image.msscdn.net/thumbnails/images/goods_img/20241030/4573789/4573789_17306847254764_big.jpg?w=1200,https://image.msscdn.net/thumbnails/images/prd_img/20241030/4573789/detail_4573789_17306847299853_big.jpg?w=1200,없음,https://image.msscdn.net/thumbnails/images/prd_img/20241030/4573789/detail_4573789_17306847308126_big.jpg?w=1200,longsl_0399,"13,439",10만 회 이상 (최근 1개월),1.1천 개 이상,후기 31개,4.6,니트가 생각보다 촘촘하게 짜여있어서 부드럽고 공기도 안들어와요 따뜻해요 오프숄더까진 아니고 보트넥 느낌이라 머플러 두르고 겨울에 입기 딱입니다,총 기장이랑 팔이 길고 슬림해보여서 좋아용 가성비 굿,옷이 너무 얇지 않아서 겨울 내내 잘 입을 것 같아요! 팔이 손등을 넉넉하게 덮는 정도라 딱 예뻐요,어깨 올려도 오프숄더로 입어도 예쁘고 내장 된 나시 끈 묶으면 승모근 커버도 되고 날씬해보여서 조음 친구가 살 빠졌냐 함 나 3키로 쪘는데,디자인 약간 특이해요 좀 얇아서 봄가을에 입어야 할 거 같아요~
https://www.musinsa.com/products/4349548,심볼 로고 풋볼 저지,"98,000원",41%,"58,000원",제이엘브,https://image.musinsa.com/mfile_s01/_brand/free_medium/jeleve.png?20231016182911,스포츠/레저,상의,https://image.msscdn.net/thumbnails/images/prd_img/20240820/4349548/detail_4349548_17368189896537_big.jpg?w=1200,https://image.msscdn.net/thumbnails/images/prd_img/20240820/4349548/detail_4349548_17242015114313_big.jpg?w=1200,없음,https://image.msscdn.net/thumbnails/images/goods_img/20240820/4349548/4349548_17242015035083_big.jpg?w=1200,longsl_0400,"8,591",1.8만 회 이상 (최근 1개월),1.8만 개 이상,"후기 2,628개",4.9,운동갈때나. 마실나갈때 입기좋네요 제질도좋고 나이스,#심볼자수풋볼저지,패션은 역시 게이엘브❤️ 진짜 재질이 너무 좋아요.. 핏도 이쁘고 흰색 고만중입니다!,한달후기 5번정도 세탁했는데 원단에 변화가 없네요 운동할때 입고 하는데 멋있네요 득템 한거 같네요 앞으로도 잘 입으께요,이벤트 할때 매우 저렴하게 구매 했는데 너무 마음에 들어요 운동 할때 입으려구요!! 핏이 아주 넉넉하고 팔길이도 딱 좋습니다!! 저는 175 72 이구요 사이즈는 2 입니다
